{"ptt_id": "end56", "post_url": "https://www.ptt.cc/bbs/Gossiping/M.1564188759.A.019.html", "post_type": "\u554f\u5366", "post_title": "\u6709\u6bd4\u8a31\u6167\u6b23\u66f4\u516c\u4e3b\u7684\u5973\u6b4c\u624b\u55ce\uff1f", "post_time": "2019-07-27 08:52:37", "post_score": 18, "post_pushes": [{"type": 0, "id": "smalltwo", "content": ": ?\u6700\u516c\u4e3b???????\u6700\u8001\u7684\u516c\u4e3b\u5427"}, {"type": 0, "id": "ODFans", "content": ": \u8ab0?"}, {"type": 1, "id": "g10", "content": ": \u5979\u662f\u8ab0?"}, {"type": 1, "id": "vkw0450", "content": ": \u5c0f\u5200\u5f62\u72c0"}, {"type": 0, "id": "wolfjack", "content": ": \u6211\u53cd\u5c0d"}, {"type": 1, "id": "deep5566", "content": ": \u904e\u671f\u4e86"}, {"type": 1, "id": "xu33", "content": ": \u6211\u89ba\u5f97Evonne\u8ddf\u4ed6\u6709\u5f97\u6bd4"}, {"type": 0, "id": "yalishy", "content": ": \u5f8c\u4f86\u6709\u8f49\u578b\u671f\u554a"}, {"type": 0, "id": "suhs", "content": ": \u6a13\u4e0a\u4ee5\u70ba\u6211\u4e0d\u5920\u8001\u55ce\u807d\u4e0d\u61c2\u55ce"}, {"type": -1, "id": "FZ5566", "content": ": \u8001\u963f\u59e8"}, {"type": 1, "id": "bkm1", "content": ": \u4ed6\u51fa\u9053\u6642\u5e74\u7d00\u5df2\u7d93\u4e0d\u5c0f\u4e86 \u7d50\u679c\u9084\u662f\u4fdd\u6301\u90a3\u9ebc"}, {"type": 0, "id": "bkm1", "content": ": \u597d \u5929\u751f\u9e97\u8cea \u6211\u8001\u5a46\u88ab\u53eb\u7a31\u53f0\u5357\u8a31\u6167\u6b23 \u5f88\u8cbc"}, {"type": 0, "id": "bkm1", "content": ": \u5207"}, {"type": 0, "id": "smalltwo", "content": ": \u662f\u8aaa\u4f60\u8001\u5a46\u5e74\u7d00\u4e5f\u4e0d\u5c0f??"}, {"type": 1, "id": "superbigbig", "content": ": \u8b9a"}, {"type": 1, "id": "scum5566", "content": ": \u7576\u5e74\u5bb3\u6211\u5c3b\u597d\u5e7e\u69cd"}, {"type": 1, "id": "RedDracula", "content": ": \u5979\u59b9\u59b9\u66f4\u512a"}, {"type": 1, "id": "meimeisheep", "content": ": \u5feb50\u6b72\u4e86\u5427"}, {"type": 1, "id": "bakalang", "content": ": \u8acb\u554f4\u5531\u611b\u8981\u5766\u8569\u8569\u90a3\u500b\u55ce\uff1f"}, {"type": 0, "id": "dan5120", "content": ": \u4ed6\u59b9\u5916\u666f\u4e3b\u6301\u7684\u6642\u5019\u798f\u5229\u7d66\u5f88\u5927"}, {"type": 0, "id": "jweoif", "content": ": \u6709\u4eba\u8a8d\u8b58\u55ce"}, {"type": 0, "id": "andy89202033", "content": ": \u5979\u59b9\u66f4\u5e74\u8f15\u5976\u66f4\u5927"}, {"type": 1, "id": "sky912745", "content": ": \u5979\u8cc7\u8cea\u771f\u7684\u4e0d\u932f\u554a0.0"}, {"type": 0, "id": "coffee112", "content": ": \u5979\u59b9\u611f\u89ba\u5c31\u4e0d\u592a\u5c0d"}, {"type": 1, "id": "Number87", "content": ": \u611b\u8981\u5f48\u86cb\u86cb\u662f\u856d\u701f"}, {"type": 1, "id": "seems", "content": ": \u99ac\u81c9\u701f\u701f"}, {"type": 1, "id": "ogi", "content": ": \u4ed6\u771f\u7684\u6f02\u4eae"}, {"type": 1, "id": "taikonkimo", "content": ": \u662f\u771f\u7684\u6f02\u4eae"}, {"type": 1, "id": "system303179", "content": ": Evonne\u4e0d\u5c31\u8a31\u6167\u6b23\uff1f"}, {"type": 1, "id": "len53", "content": ": \u5f88\u6b63\u6c92\u95dc\u4fc2"}, {"type": 1, "id": "mabedead", "content": ": \u6703\u5531\u53c8\u6f02\u4eae\uff0c\u4f46\u96ea\u72fc\u6e56\u9020\u578b\u50cf\u5f35\u742aXD"}, {"type": 1, "id": "vespar", "content": ": \u73fe\u5728\u5c0f\u670b\u53cb\u90fd\u4e0d\u8a8d\u8b58\u5566 \u5979\u7d05\u7684\u6642\u9593\u5f88\u77ed"}, {"type": 0, "id": "caesst85149", "content": ": \u5979\u4f86\u53f0\u7063\u4ee5\u524d\u6c92\u6709\u4e2d\u6587\u540d"}, {"type": 0, "id": "caesst85149", "content": ": \u8a31\u6167\u6b23\u9019\u540d\u5b57\u662f\u5531\u7247\u516c\u53f8\u53d6\u7684"}], "post_ip": "123.193.208.104", "post_content": "\n\n\u5b89\u5b89\u5b89\n\u662f\u9019\u6a23\u5566\n\n\u672c\u5e25\u8a8d\u70ba\u6700\u516c\u4e3b\u7684\u6b4c\u624b \u8a31\u6167\u6b23\n\u76ee\u524d\u6b4c\u58c7\u4e2d\u662f\u6c92\u4eba\u80fd\u8ddf\u5979\u5339\u6575\u7684\u5566\n\n\u6b4c\u8072\u751c\u7f8e\uff0c\u9084\u662f\u9760\u5be6\u529b\u4e0d\u9760\u9304\u97f3\u5ba4\n\u8df3\u82ad\u857e\u821e\uff0c\u6839\u672c\u5c31\u516c\u4e3b\u6280\u80fd\u9084\u6f14\u6232\n\u767d\u88e1\u900f\u7d05\uff0c\u4e0d\u662f\u5316\u599d\u6b7b\u767d\u7f8e \u5929\u751f\u9e97\u8cea\n\n\u6700\u5f8c\n\u96d6\u7136\u7a7f\u8457\u901a\u5e38\u6eff\u4fdd\u5b88\u7684\n\u4f46\u662f\u6b50\u6d3e\u597d\u50cf\u4e0d\u5c0f\n\n\u6240\u4ee5\u6700\u516c\u4e3b\u7684\u6b4c\u624b94\u8a31\u6167\u6b23\n\u8ab0\u540c\u610f\n\u8ab0\u53cd\u5c0d\n\n\n--\n"}