{"ptt_id": "youjouheo", "post_url": "https://www.ptt.cc/bbs/Gossiping/M.1563815417.A.065.html", "post_type": "\u554f\u5366", "post_title": "\u8d70\u79c1\u8eca\u968a\u6df7\u5165\u7e3d\u7d71\u8eca\u968a\uff0c\u5371\u53ca\u5143\u9996\u5b89\u5168", "post_time": "2019-07-23 01:10:15", "post_score": 9, "post_pushes": [{"type": 0, "id": "firemothra", "content": ": \u570b\u5b89\u582a\u6182"}, {"type": 1, "id": "hyuchi0202", "content": ": \u90a3\u4e9b\u9999\u83f8\u662f\u70ba\u4e86\u4fdd\u8b77\u82f1\u7687\u5b89\u5168\u597d\u55ce"}, {"type": 1, "id": "RoundTwo", "content": ": \u81ea~\u5df1~\u4eba~"}, {"type": 0, "id": "OK8066889", "content": ": \u4e0d\u6703\uff0c1450\u4e0d\u662f\u8aaa\u9019\u662f\u5c0f\u82f1\u7051\u7db2\u7684\u64cd\u4f5c\u55ce"}, {"type": 0, "id": "hyuchi0202", "content": ": \u6709\u5371\u96aa\u7684\u6642\u5019\u9ede\u71c3\u98a8\u706b\uff0c\u9ee8\u5de5\u53ef\u4ee5\u6551\u99d5"}, {"type": 0, "id": "ldstar", "content": ": \u7e3d\u7d71\u8aaa\u4e0d\u5b9a\u90fd\u9ed8\u8a31\u4e86   \u6015\u751a\u9ebc\u5462?"}, {"type": 0, "id": "OK8066889", "content": ": \u7e3d\u7d71\u89aa\u81ea\u57cb\u4e0b\u653f\u6cbb\u70b8\u5f48\uff0c\u5c31\u662f\u70ba\u4e86\u63ea\u51fa"}, {"type": -1, "id": "ota978", "content": ":   \u8f38\u771f\u660c  :  \u96d9\u5b50\u661f\u624d\u662f\u570b\u5b89\u554f\u984c\u6bd4\u8f03\u5927"}, {"type": 0, "id": "OK8066889", "content": ": \u76ee\u7121\u6cd5\u7d00\u7684\u9ee8\u570b\u907a\u6bd2!"}, {"type": 0, "id": "Pedro74", "content": ": \u8cb7\u500b\u7159\u800c\u5df2 \u53ea\u662f\u4e0d\u5c0f\u5fc3\u8cb7\u4e869800\u689d\uff5e"}, {"type": 0, "id": "danwhei", "content": ": \u4f60\u4e0d\u77e5\u9053\u90a3\u662f\u8ab0\u7684\u8eca\u55ce"}, {"type": 0, "id": "laihom0808", "content": ": \u90fd\u6709\u5169\u9846\u5b50\u5f48\u4e8b\u4ef6,\u9019\u4e0d\u5f97\u4e0d\u9632"}, {"type": 1, "id": "straxus", "content": ": \u6240\u4ee5\u7e3d\u7d71\u8eca\u968a\u90fd\u4e0d\u7528\u9810\u5148\u7d66\u540d\u55ae\uff1f\u60f3\u6df7\u5165\u5c31"}, {"type": 0, "id": "straxus", "content": ": \u6df7\u5165\uff1f"}, {"type": 0, "id": "ilanese", "content": ": \u516c\u7136\u8d70\u79c1\u9999\u83f8\uff0c\u9019\u8981\u5f88\u591a\u55ae\u4f4d\u914d\u5408\u624d\u884c\u3002"}, {"type": 0, "id": "ilanese", "content": ": \u771f\u56b4\u67e5\u7684\u8a71\uff0c\u4e00\u5806\u4eba\u90fd\u6703\u6709\u4e8b\u7684\u3002"}, {"type": 1, "id": "heyd", "content": ": \u7562\u7adf\u4fdd\u5b89\u5c31\u662f\u4ed6\u5011\u81ea\u5df1\u7ba1\u7684"}, {"type": 1, "id": "adon0313", "content": ": \u53ef\u4ee5\u53eb\u7e3d\u7d71\u8acb\u7db2\u7d05\u958b\u7bb1\u4e00\u842c\u689d\u9999\u83f8\u963f"}, {"type": 1, "id": "Grandslammmm", "content": ": \u9084\u4ee5\u70ba\u96fb\u5f71\u6f14\u5f97\u5920\u626f\u4e86..."}, {"type": 1, "id": "cystal", "content": ": \u73fe\u5728\u4f60\u77e5\u9053\u6709\u591a\u626f\u4e86\u5427 \u5171\u532a\u8981\u65ac\u9996\u8d85\u5bb9\u6613"}, {"type": 0, "id": "cystal", "content": ": \u60f3\u65ac\u5c31\u65ac \u6c92\u4eba\u64cb\u5f97\u4f4f"}, {"type": 1, "id": "Tchachavsky", "content": ": \u570b\u5b89\u5c40\u88ab\u8abf\u67e5\u5c40\u8ddf\u76e3\u90fd\u4e0d\u77e5\u9053\u624d\u626f"}, {"type": 1, "id": "milton1991", "content": ": \u570b\u5bb6\u8d70\u79c1\u5c40\u721b\u6210\u9019\u6a23\uff0c\u96a8\u4fbf\u4e00\u500b\u5167\u90e8\u4eba"}, {"type": 0, "id": "milton1991", "content": ": \u54e1\u662f\u9593\u8adc\u7684\u8a71\uff0c\u8981\u5b89\u6392\u6697\u6bba\u6703\u5f88\u6709\u96e3\u5ea6"}, {"type": 0, "id": "milton1991", "content": ": \u55ce\uff1f"}, {"type": 0, "id": "Tchachavsky", "content": ": \u570b\u5b89\u5c40\u6df7\u5403\u7b49\u6b7b \u88ab\u67e5 \u8ddf\u5230\u5009\u5eab\u9084\u4e0d\u77e5"}, {"type": 0, "id": "Tchachavsky", "content": ": \u570b\u5b89\u5c40 \u771f\u7684\u662f\u8ca0\u8cac\u7dad\u5b89\u55ce \u8822\u5230\u88ab\u67e5"}, {"type": 0, "id": "Tchachavsky", "content": ": \u5b8c\u5168\u6c92\u6709\u8b66\u89ba\u9084\u5e36600\u689d\u56de\u4f86"}, {"type": 0, "id": "Tchachavsky", "content": ": \u570b\u5b89\u5c40\u88ab\u8abf\u67e5\u5c40\u53cd\u8ddf\u76e3\u5c31\u6b7b\u4e86"}, {"type": 0, "id": "milton1991", "content": ": \u570b\u5b89\u5c40\u9019\u9ebc\u653e\u5fc3\uff0c\u5408\u7406\u731c\u6e2c\u884c\u4e4b\u6709\u5e74"}, {"type": 0, "id": "laihom0808", "content": ": \u4e0a\u6230\u5834\u524d\u8981\u62bd\u83f8\u58d3\u58d3\u9a5a"}, {"type": 1, "id": "bibiwei", "content": ": \u6703\uff0c\u771f\u7684\u8981\u6574\u9813"}, {"type": 1, "id": "aaagang", "content": ": \u53c8\u8981\u7de8\u4e00\u4e9b\u5927\u5bb6\u90fd\u4e0d\u4fe1\u7684\u5287\u60c5"}, {"type": -1, "id": "sh981215", "content": ": \u9084\u4ee5\u70ba\u53c8\u662fYT\u4f01\u5283"}, {"type": 0, "id": "gwenwoo", "content": ":  KMT\u7956\u50b3\u5049\u696d"}], "post_ip": "111.71.125.241", "post_content": "\n\n\u65b0\u805e\u5831\u5c0e\u8aaa\uff0c\u570b\u5b89\u5c40\u5b98\u54e1\u5433\u5b97\u61b2\u8d70\u79c1\u9999\u83f8\u7684\u8eca\u968a\u662f\u300c\u6df7\u5165\u300d\u7e3d\u7d71\u8eca\u968a\uff0c\u8a66\u5716\u95d6\u95dc\uff0c\u800c\u88ab\u65e9\u5c31\u7372\u5f97\u6d88\u606f\u3001\u5728\u79ae\u8cd3\u901a\u9053\u88ab\u5b88\u682a\u5f85\u5154\u7684\u8abf\u67e5\u5c40\u8207\u95dc\u52d9\u7f72\u5b98\u54e1\u622a\u7372\u3002\n\n\u5982\u679c\u6df7\u5165\u7684\u8eca\u968a\u662f\u6b66\u88dd\u4eba\u54e1\u6216\u8457\u8ecd\u706b\u70b8\u5f48\uff0c\u90a3\u662f\u5426\u6703\u5371\u53ca\u570b\u5bb6\u5143\u9996\u7684\u5b89\u5168\uff1f\n-----\nSent from JPTT on my iPhone\n\n--\n"}