{"ptt_id": "Taiwannapa1", "post_url": "https://www.ptt.cc/bbs/Gossiping/M.1569658110.A.A69.html", "post_type": "\u65b0\u805e", "post_title": "\u5ddd\u666e\u64ec\u64a4\u9664\u4e2d\u4f01\u5728\u7f8e\u4e0a\u5e02\u8cc7\u683c\uff01\uff01\uff01", "post_time": "2019-09-28 16:08:27", "post_score": 196, "post_pushes": [{"type": 1, "id": "kujoukk", "content": ": \u723d"}, {"type": 1, "id": "pangene", "content": ": \u6211\u5ddd\u5a01\u6b66"}, {"type": 0, "id": "ams9", "content": ": \u7f8e\u570b\u5967\u6b65 \u8f38\u4e0d\u8d77 \u773c\u7d05\u4e2d\u570b"}, {"type": 1, "id": "liudwan", "content": ": \u4e2d\u6216\u6700\u8d0f"}, {"type": 1, "id": "beerduck", "content": ": \u6703\u6015\u5c31\u597d"}, {"type": 1, "id": "konta", "content": ": \u8b9a"}, {"type": 1, "id": "frtwwilo", "content": ": \u67ef\u7cde\u54ed\u54ed"}, {"type": 1, "id": "LITTLEDENNY", "content": ": \u8b9a\u5594"}, {"type": 0, "id": "elainakuo", "content": ": \u9019\u500b\u5c0d\u4e2d\u8cc7\u662f\u56b4\u91cd\u6253\u64ca \u723d"}, {"type": 0, "id": "AntiCompete", "content": ": \u5783\u573e\u6c11\u9032\u9ee8\uff0c\u5e79\uff01"}, {"type": 1, "id": "Cersei", "content": ": \u67ef\u7cde\uff1a\u4e2d\u570b\u662f\u8b66\u5bdf\u4e0d\u6703\u8f38\u7684"}, {"type": 1, "id": "Kikoro", "content": ": \u6c34\u5566"}, {"type": 0, "id": "elainakuo", "content": ": \u95dc\u6c11\u9032\u9ee8\u5c41\u4e8b \u4e94\u6bdb\u4e0d\u8981\u4e82\u63a8\u6587"}, {"type": 1, "id": "gdragon90175", "content": ": \u6c34\u5566"}, {"type": 1, "id": "LaoDa5815566", "content": ": \u4e2d\uff1a\u6211\u5011\u4e5f\u6c7a\u5b9a\u64a4\u9664\u7f8e\u8cc7\u5728\u4e2d\u570b\u4e0a\u5e02"}, {"type": 1, "id": "faint7606", "content": ": \u652f\u90a3\u5d29\u6f70\u4e86"}, {"type": 0, "id": "LaoDa5815566", "content": ": \u8cc7\u683c.....\u7591\uff1f"}, {"type": 1, "id": "GW1014", "content": ": \u7238\u7238\u771f\u7684\u9738\u6c23"}, {"type": 0, "id": "wulaw5566", "content": ": \u6211\u5ddd\u5a01\u6b66"}, {"type": 1, "id": "pisu", "content": ": \u5ddd\u666e\u662f\u53f0\u7063\u7684\u597d\u670b\u53cb"}, {"type": 1, "id": "a3221715", "content": ": 77777777777 \u6211\u5ddd\u5a01\u6b66"}, {"type": 1, "id": "weiprincess", "content": ": \u9001\u7d66\u652f\u90a3\u7684\u570b\u6176\u5927\u79ae"}, {"type": 1, "id": "pete0328", "content": ": \u9019\u62db\u771f\u7684\u72e0"}, {"type": 1, "id": "rscs", "content": ": \u6211\u5ddd\u5a01\u6b66"}, {"type": 1, "id": "steven10923", "content": ": \u63b0\u63b0"}, {"type": 0, "id": "pisu", "content": ": \u4e94\u6bdb\u6bcf\u5929\u88ab\u91d1\u6bdb\u5f37\u59e6\u5c31\u662f\u723d"}, {"type": 0, "id": "a3221715", "content": ": \u9078\u8209\u524d\u5148\u5e79\u6b7b\u4e2d\u570b"}, {"type": 1, "id": "fp737", "content": ": \u9019\u62db\u53b2\u5bb3"}, {"type": 1, "id": "castjane", "content": ": \u53b2\u5bb3"}, {"type": 1, "id": "dryabi", "content": ": \u64a4\u9664\u518d\u4f86\u8b1b\u554a"}, {"type": 0, "id": "KurakiMaki", "content": ": \u4e00\u5806\u81ea\u723d\u7684\uff0c\u5230\u6642\u5ddd\u666e\u53c8\u8aaa\u8ddf\u4e2d\u570b\u5f88\u597d"}, {"type": 0, "id": "KurakiMaki", "content": ": \u7fd2\u8fd1\u5e73\u662f\u6700\u597d\u7684\u670b\u53cb\uff0c\u6253\u81c9\u4e00\u5806\u4eba"}, {"type": 0, "id": "KurakiMaki", "content": ": \u5317\u97d3\u7acb\u5834\u53cd\u53cd\u8986\u8986\uff0c\u9084\u6c92\u88ab\u9a19\u9192\u55ce"}, {"type": 0, "id": "yadogdog", "content": ": \u7f8e\u570b\u963f\u7238 \u53b2\u5bb3"}, {"type": 1, "id": "vivie", "content": ": \u7238\u7238\u592a\u5c4c\u4e86"}, {"type": 1, "id": "tearness", "content": ": \u76f4\u63a5\u6838\u5f48\u70b8\u721b\u4e0a\u6d77\u597d\u55ce"}, {"type": 1, "id": "jackythere", "content": ": \u54c8\u54c8\u54c8"}, {"type": 0, "id": "andytaso", "content": ": \u723d \u652f\u90a3\u6700\u5f8c\u5c31\u662f\u53ea\u5728\u81ea\u5df1\u5728\u5bb6\u73a9\u6c99\u800c\u5df2"}, {"type": 1, "id": "userpeter", "content": ":"}, {"type": 1, "id": "roger1976", "content": ": https://i.imgur.com/3pfTv2C.jpg"}, {"type": 1, "id": "Corbenikc", "content": ": \u6c92\u6709\u5728543\u7684\u5566\u8aaa\u5fb9\u5c31\u64a4"}, {"type": 1, "id": "xingting", "content": ": \u723d\uff5e\uff5e\uff5e\uff5e"}, {"type": 1, "id": "kikikokouuu", "content": ": \u8b9a\u8b9a"}, {"type": 1, "id": "amos30627", "content": ": \u628a\u7f8e\u5143\u65b7\u4e86 \u5c31\u6e96\u5099\u50cf\u5317\u97d3\u4e00\u6a23\u5370\u5047\u9214"}, {"type": 1, "id": "killla", "content": ": \u5ba3\u5e03\u5728\u53f0\u99d0\u8ecd\u3001\u90e8\u7f72\u85a9\u5fb7"}, {"type": 1, "id": "ssnpiggy", "content": ": \u7238\u7238\u53b2\u5bb3"}, {"type": 1, "id": "sw11236", "content": ": \u6c34\u5566\u6253\u5171\u6253\u8d77\u4f86"}, {"type": 0, "id": "xingting", "content": ": \u5341\u4e00\u570b\u6176\u5927\u79ae\u5305\uff0c\u65e5\u65e5\u9001\uff01\u5929\u5929\u73a9\uff01"}, {"type": 0, "id": "andytaso", "content": ": \u7f8e\u5e1d\u4e00\u5b9a\u8981\u767c\u8d77 \"\u5168\u7403\u527f\u5171\""}, {"type": 1, "id": "reaturn", "content": ": \u54c7\u9760\uff0c\u9019\u500b\u4e0d\u53ef\u80fd\u5427"}, {"type": 0, "id": "mkzkcfh", "content": ": \u4e0d\u662f\u64ec\u800c\u5df2\u55ce\uff1f"}, {"type": 1, "id": "OgOl", "content": ": \u63a8"}, {"type": 1, "id": "xingting", "content": ": \u6709\u6c92\u6709\u4e2d\u517170\u9031\u5e74\u570b\u6176\u7279\u7cbe\u5f69\u7684\u5366\u554a"}, {"type": 1, "id": "xingting", "content": ": \u7b49\u8457\u770b\u803f\u723d\u5d29\u6f70\u554a\uff01\uff01\uff01"}, {"type": 1, "id": "elainakuo", "content": ": \u5ddd\u666e\u6839\u672c\u6253\u7b97\u5728\u4ed6\u4efb\u5167\u89e3\u6c7a\u4e2d\u570b"}, {"type": 1, "id": "BURNFISH", "content": ": \u5e0c\u671b\u6210\u771f"}, {"type": 0, "id": "Mei5566", "content": ": \u89ba\u9752\u5c04\u7cbe"}, {"type": 0, "id": "elainakuo", "content": ": \u9019\u500b\u6bd4\u6838\u5f48\u5be6\u5728"}, {"type": 1, "id": "daemonshadow", "content": ": https://imgur.com/yqdq97P.jpg"}, {"type": 1, "id": "daemonshadow", "content": ": https://imgur.com/vGvr5lN.jpg"}, {"type": 1, "id": "daemonshadow", "content": ":     https://imgur.com/5KLNr2R.jpg"}, {"type": 1, "id": "seazure2016", "content": ": \u7b49\u64a4\u4e86\u518d\u8aaa"}, {"type": -1, "id": "eknbz", "content": ": \u5317\u4e03\u8001\u7f8e\uff0c\u9019\u6a23\u6703\u5bb3google, fb, twitter\u88ab"}, {"type": 0, "id": "eknbz", "content": ": \u8d95\u51fa\u53bb\u4e2d\u570b"}, {"type": 0, "id": "KCKCLIN", "content": ": \u55c6\u5ddd\u666e\u4e0d\u6562\u8fa3"}, {"type": 0, "id": "RICEFINCH", "content": ": \u73a9\u5f88\u5927\uff0c\u52d2XD"}, {"type": 1, "id": "LukaDoncic", "content": ": \u54c8\u54c8 \u652f\u90a3"}, {"type": 1, "id": "k3o5l6bj", "content": ": \u7f8e\u570b\u7238\u7238\u8b9a"}, {"type": 1, "id": "atpx", "content": ": \u7b49\u4f60\u5466~"}, {"type": 0, "id": "y1896547", "content": ": \u87d1\u8782\u6e67\u5165XD"}, {"type": 0, "id": "jacktedrule", "content": ": \u88ab\u8d95......."}, {"type": 0, "id": "netio", "content": ": \u64a4\u4e86\u5c31\u7d66\u63a8"}, {"type": 1, "id": "WWWWWWWWWWWV", "content": ": \u7f8e\u570b\u7238"}, {"type": 1, "id": "daemonshadow", "content": ":  https://imgur.com/rBdXmVD.jpg"}, {"type": 1, "id": "daemonshadow", "content": ":    https://imgur.com/FDjPf4R.jpg"}, {"type": 1, "id": "daemonshadow", "content": ": https://i.imgur.com/tN9280q.jpg"}, {"type": 0, "id": "KobeGeorge", "content": ": \u63a8\u5566"}, {"type": 1, "id": "rscs", "content": ": \u8b9a\u8b9a"}, {"type": 1, "id": "Ipadhotwater", "content": ": \u662f\u89ba\u5f97 \u64a4\u570b\u7c4d \u5c0d\u4e2d\u570b\u6703\u6700\u50b7\u5427"}, {"type": 1, "id": "simple8772", "content": ": \u652f\u90a3\u5d29\u6f70\u4e86"}, {"type": 0, "id": "benptt", "content": ": \u7c73\u570b\u518d\u9396\u570b\u554a\uff1f\u5927\u5bb6\u90fd\u8ddf\u4e2d\u570b\u7ad9\u540c\u4e00\u908a\u4e86~"}, {"type": 1, "id": "swgun", "content": ": \u9019\u500b\u771f\u7684\u6bd4\u95dc\u7a05\u6709\u7528"}, {"type": 0, "id": "swgun", "content": ": \u4e0d\u904e\u5f8c\u679c\u6703\u592a\u53ef\u6015 \u7562\u7adf\u5e02\u5834\u5f88\u591a\u7f8e\u570b\u4eba\u6295\u8cc7"}, {"type": 0, "id": "G8AJ", "content": ": 1450\u9ad8\u6f6e\u4e86"}, {"type": 0, "id": "akway", "content": ": \u597d\u5594"}, {"type": -1, "id": "powerfans", "content": ": @eknbz google\u65e9\u5df2\u4e0d\u5728\u4e2d\u570b"}, {"type": 1, "id": "rainsmile", "content": ": \u8b9a\uff0c\u786c\u8d77\u4f86\uff01\uff01\uff01"}, {"type": 0, "id": "redmool", "content": ": \u5ddd\u666e\u771f\u7684\u641e\u4e2d\u570b\u4e0d\u907a\u9918\u529b\u6b38"}, {"type": 1, "id": "kess", "content": ": \u79d1\u7cde\u53c8\u5728\u5403\u5c4e\u88dd\u6b7b\u4e86"}, {"type": 1, "id": "L9C4iO", "content": ": \u723d"}, {"type": 1, "id": "bybe", "content": ": \u723d\u5566"}, {"type": 1, "id": "polotower", "content": ": \u67ef\uff1a\u53c8\u5728\u62ff\u6241\u947d\u6311\u91c1\u4e86"}, {"type": -1, "id": "zebra7", "content": ": \u8d85\u591a\u87d1\u8782\u8981\u628a\u9019\u65b0\u805e\u8ddf\u67ef\u9023\u7d50XDD"}, {"type": 1, "id": "elainakuo", "content": ": \u9084\u6709\u5fb9\u570b\u7c4d \u8ddf\u67e5\u4e2d\u570b\u9ad8\u5b98\u5728\u7f8e\u570b\u7684\u8cc7\u7522"}, {"type": 0, "id": "elainakuo", "content": ":  \u53ef\u4ee5\u73a9"}, {"type": 1, "id": "thibw13ug1", "content": ": \u4e2d\u6216\u8d0f"}, {"type": 0, "id": "zebra7", "content": ": \u5c4e\u6f0f \u52c3\u87d1 \u8089\u68cd \u5168\u90fd\u9ad8\u6f6e\u4e86"}, {"type": 1, "id": "worshipyou", "content": ": \u5ddd\u666e\u6562\u9019\u6a23\u786c\u5e79\uff0c\u6211\u4e5f\u662f\u633a\u4f69\u670d\u7684"}, {"type": 1, "id": "pooznn", "content": ": \u4e00\u5806\u7db2\u8def\u516c\u53f8\u6d17\u6d41\u6c34\u4f5c\u5e33 \u53bb\u7f8e\u570b\u4e0a\u5e02\u9a19\u9322\u7684"}, {"type": 0, "id": "pooznn", "content": ": \u61c9\u8a72\u9001FBI \u597d\u597d\u67e5\u4e00\u4e0b\u5e33"}, {"type": 1, "id": "re340", "content": ": \u652f\u90a3\u67ef\u7c89\u81ea\u5df1\u7af9\u5b50\u7cd5\u6279\u8a55\u7f8e\u570b\u81ea\u5df1\u627f\u64d4\u554a"}, {"type": 0, "id": "whface", "content": ": \u4e0d\u89ba\u5f97\u5ddd\u666e\u771f\u6562\u9019\u9ebc\u505a"}, {"type": 1, "id": "suckpopo", "content": ": \u6e96\u5099\u5168\u9762\u8650\u6bba\u89e3\u653e\u8ecd"}, {"type": 1, "id": "HyperPoro", "content": ": \u4e2d\u570b\u4f01\u696d\u5e02\u503c\u8981\u5d29\u8dcc\u56c9"}, {"type": -1, "id": "yenyen0403", "content": ": \u9084\u6c92\u4e0a\u7684\u4e0d\u7d66\u4e0a\u5c31\u7b97\u4e86\uff0c \u5df2\u7d93\u4e0a\u5e02\u7f8e"}, {"type": 0, "id": "yenyen0403", "content": ": \u570b\u4eba\u53e3\u888b\u7684\u76f4\u63a5\u6b78\u96f6\uff0c\u8166\u888b\u58de\u6389\u4e86\u554a"}, {"type": 1, "id": "Albert666", "content": ": XDDDDDD"}, {"type": 1, "id": "sw0159", "content": ": \u8b9a\u8b9a\u8b9a"}, {"type": 1, "id": "signm", "content": ": \u5ddd\u54e5\u771f\u7684\u7576\u64cd\u76e4\u624b\uff0c\u653e\u7a7a\u4e0d\u624b\u8edf"}, {"type": 1, "id": "chunglee", "content": ": \u723d\u5587\uff0c\u75db\u6253\u652f\u90a3"}, {"type": 1, "id": "DorisQQ", "content": ": \u6211\u5ddd\u5a01\u6b66 \u7e3d\u662f\u6709\u7d55\u62db\u4f86\u5c0d\u4ed8\u4e2d\u5171"}, {"type": 1, "id": "HyperPoro", "content": ": \u4e2d\u570b\u81ea\u5df1\u4e5f\u5c01\u9396\u4e00\u5806\u7f8e\u4f01 \u5ddd\u666e\u525b\u597d\u800c\u5df2"}, {"type": 0, "id": "HyperPoro", "content": ": \u9019\u4e8b\u60c5\u597d\u5e7e\u500b\u6708\u524d \u5c31\u6709\u4eba\u5efa\u8b70\u4e86"}, {"type": 1, "id": "PAPABEAR", "content": ": \u4ee5\u524d\u7f8e\u4e2d\u65e5\u4e0d\u90fd\u62ff\u53f0\u7063\u4e92\u76f8\u4f86\u5f80"}, {"type": 0, "id": "HyperPoro", "content": ": \u5c0f\u725b\u968a\u8001\u95c6\u63d0\u51fa\u7684 \u8981\u8b93\u4e2d\u4f01\u4e0b\u67b6\u7f8e\u80a1"}, {"type": 1, "id": "flypig1999", "content": ": \u7f8e\u570b\u7238\u7238\u8981\u5e79\u6b7b\u652f\u90a3\u8ce4\u755c\u4e86\uff01"}, {"type": 1, "id": "gossipboy060", "content": ": \u7f8e\u570b\u7238\u7238\u597d\u8b9a"}, {"type": 1, "id": "NKTcell", "content": ": \u5ddd\u666e\u52a0\u6cb9\uff01"}, {"type": -1, "id": "s0930194", "content": ": \u7da0\u7cde\u87d1\u8782\u760b\u72c2\u9023\u7d50\u67efP\u6b38"}, {"type": 1, "id": "giggstw", "content": ": \u6211\u5ddd\u5a01\u6b66"}, {"type": 0, "id": "chocopoodle", "content": ": \u9019\u8ddf\u67efp\u4ec0\u9ebc\u95dc\u4fc2\u554a"}, {"type": 1, "id": "seedboxs", "content": ": \u5e79\u6b7b \u525b\u597d\u6700\u8fd1\u4e2d\u570b\u5167\u6182 \u518d\u4f86\u500b\u5916\u60a3XD"}, {"type": 0, "id": "chocopoodle", "content": ": \u516b\u5366\u73fe\u5728\u771f\u7684\u4e00\u6279\u4eba\u4ec0\u9ebc\u65b0\u805e\u90fd\u8981\u9023"}, {"type": 0, "id": "chocopoodle", "content": ": \u7d50\u67efp \u597d\u83ab\u540d\u5176\u5999"}, {"type": 1, "id": "Ipadhotwater", "content": ": \u4e2d\u570b\u4eba\u8981\u6c23\u5230\u79fb\u6c11\u53bb\u7f8e\u570b\u4f4f\u4e86"}, {"type": 1, "id": "airplane0726", "content": ": \u5403\u5c4e\u5566\u7b11\u4f60\u4e0d\u6562"}, {"type": 0, "id": "elainakuo", "content": ": \u9084\u5728\u6545\u610f\u88dd\u7c89\u6253\u67ef \u9019\u5df2\u7d93\u6c92\u6548\u4e86 \u4e94\u6bdb"}, {"type": 1, "id": "markweng", "content": ": \u4e2d\u570b\u65e9\u5c31\u958b\u6230\u4e86 \u7f8e\u570b\u73fe\u5728\u624d\u53cd\u61c9\u554a"}, {"type": 0, "id": "greedypeople", "content": ": \u6211\u5ddd\u5a01\u6b66"}, {"type": 0, "id": "elainakuo", "content": ": \u5728\u5206\u88c2\u53f0\u7063\u5718\u7d50\u7684\u6280\u5006\u5df2\u770b\u7834"}, {"type": 1, "id": "electronicyi", "content": ": \u5e72\u67ef\u7c89\u5c41\u4e8b"}, {"type": -1, "id": "cabybara9120", "content": ": \u67ef\u7cde\uff1a\u4e0d\u8981\u6fc0\u6012"}, {"type": 0, "id": "mury1414", "content": ": \u54c7\u64cd"}, {"type": 1, "id": "RingoCake", "content": ": \u6211\u5ddd\u5a01\u6b66"}, {"type": 1, "id": "nitu2009", "content": ": \u5171\u7522\u9ee8\u5c31\u662f\u5168\u4e16\u754c\u7684\u798d\u5bb3\uff0c\u5141\u8a31\u5b83\u5b58\u5728\u662f"}, {"type": 0, "id": "nitu2009", "content": ": \u4eba\u985e\u7684\u6065\u8fb1\u3002\u4e2d\u5171\u4e0d\u9664\uff0c\u4e16\u754c\u4ec0\u9ebc\u90fd\u5225\u60f3"}, {"type": 0, "id": "st89702", "content": ": \u652f\u90a3\u571f\u8457\u4e94\u6bdb\u5d29\u6f70"}, {"type": 0, "id": "nitu2009", "content": ": \u6539\u8b8a"}, {"type": 1, "id": "bernon", "content": ": \u6709\u4e9b\u4eba\u5f88\u597d\u7b11, \u786c\u8981\u626f\u67ef, \u5230\u5e95\u6709\u591a\u611b"}, {"type": 1, "id": "impact0914", "content": ": \u5feb\u9ede\u5f04\u6b7b\u4e2d\u570b\u963f"}, {"type": 1, "id": "suntw", "content": ": \u62b1\u6301\u4e00\u89aa\u7684\u8819\u8782\u53ca\u67ef\u7cde\u5206\u5206\u5d29\u6f70"}, {"type": 0, "id": "popopal", "content": ": \u6c92\u6cd5\u5708\u9322 \u771f\u7684\u6e96\u5099\u5403\u8349\u8349\u4e86"}, {"type": 1, "id": "hareluya78", "content": ": \u63a8"}, {"type": 1, "id": "dreamerV", "content": ": \u4f86\uff01"}, {"type": 1, "id": "Ipadhotwater", "content": ": \u9019\u6a23\u8001\u5be6\u8aaa\u6703\u52a0\u5feb\u4e2d\u570b\u4eba\u79fb\u6c11\u901f\u5ea6"}, {"type": 0, "id": "Taiwannapa1", "content": ": \u901a\u901a\u7d66\u6211\u63a8\uff08\u6ed1\uff09\u8d77\u4f86\uff01"}, {"type": 0, "id": "elainakuo", "content": ": \u53ef\u4ee5\u52a0\u901f\u4e2d\u570b\u5167\u4e82 \u5171\u7522\u9ee8\u5d29\u76e4"}, {"type": 1, "id": "yzkeroro", "content": ": \u723d\u5587 \u4e2d\u570b\u4e0b\u53bb"}, {"type": 1, "id": "ApAzusa126", "content": ": \u6771\u5433103T\u5f35\u54f2\u6137\u7d66\u6211\u51fa\u4f86"}, {"type": 1, "id": "night957", "content": ": \u8981\u4e16\u754c\u5927\u6230\u4e86 \u91d1\u878d\u6d77\u562f\u518d\u8d77 \u5feb\u9003\u554a\uff5e\u5496"}, {"type": 0, "id": "night957", "content": ": \u9ebb\u9020\u6885\u8d77"}, {"type": 1, "id": "LargeLanPa", "content": ": \u6240\u4ee5\u5df2\u4e0a\u5e02\u7684\u516c\u53f8\u6703\u88ab\u4e0b\u5e02\uff1f\u5e79\u5927\u65b7\u5c64"}, {"type": 0, "id": "LargeLanPa", "content": ": \u5594"}, {"type": 0, "id": "LeMirage2000", "content": ": \u723d\u5566\uff0c\u4e0d\u7d66\u4f60\u62ff\u7f8e\u91d1"}, {"type": 1, "id": "NAKOplau", "content": ": \u8b9a!!\u63a8\u8d77\u4f86"}, {"type": 1, "id": "xiokai", "content": ": \u8b9a\u8b9a"}, {"type": 1, "id": "ks22523", "content": ": \u7f8e\u570b\u8001\u7238\u5c31\u662f\u72c2"}, {"type": 0, "id": "NAKOplau", "content": ": \u4e2d\u5171\u5c31\u662f\u4e16\u754c\u6bd2\u7624"}, {"type": 1, "id": "whitezealman", "content": ": \u8b9a\u8b9a\u8b9a"}, {"type": 0, "id": "acer758219", "content": ": \u4e94\u6bdb\u6e96\u5099\u64b0\u6587\u81ea\u6170\u7dad\u7a69"}, {"type": 1, "id": "Penee", "content": ": \u6230\u8d77\u4f86\uff01\u652f\u755c\u6574\u5929\u558a\u5d1b\u8d77\u4ee5\u70ba\u9760\u81ea\u5df1\u80fd\u5d1b\u8d77\uff1f"}, {"type": 0, "id": "PunkGrass", "content": ": \u771f\u64a4\u4e86\u6211\u5c31\u63a8"}, {"type": 1, "id": "gogoegg", "content": ": \u86b5\u5c41:\u9280\u884c\u7adf\u6562\u5c0d\u8b66\u5bdf\u52d5\u5200\u52d5\u69cd\u7684 \u53cd\u4e86\u554a"}, {"type": 0, "id": "gogoegg", "content": ": \u4e2d\u4f01\u5f9e\u7f8e\u80a1\u64a4\u6389 \u610f\u5473\u8457\u7f8e\u570b\u8981\u5927\u5200\u780d\u4e0b\u53bb"}, {"type": 1, "id": "higameboy", "content": ": \u7c73\u570b\u9022\u4e2d\u5fc5\u53cd \u4e0d\u60f3\u62da\u7d93\u6fdf \u53ea\u641e\u610f\u8b58\u5f62\u614b"}, {"type": 1, "id": "phf5566", "content": ": \u4e0d\u5b88\u627f\u8afe\u4ee4\u4eba\u53ad\u60e1"}, {"type": 0, "id": "phf5566", "content": ": \u7a7a\u53e3\u8aaa\u5927\u8a71"}, {"type": 1, "id": "CCNK", "content": ": \u5929\u9078\u306e\u4eba"}, {"type": 1, "id": "phf5566", "content": ": \u9ad8\u96c4+\u6771\u5433+\u653f\u5927"}, {"type": 0, "id": "phf5566", "content": ": \u6839\u672c\u97d3\u5c0e"}, {"type": 1, "id": "toypoodle007", "content": ": \u64ec\u64ec\u64ec"}, {"type": 0, "id": "peter105096", "content": ": 6666"}, {"type": 1, "id": "oooomygod", "content": ": \u9019\u6703\u4e0d\u6703\u8b93\u4eba\u6c11\u5e63\u958b\u59cb\u6709\u7368\u7279\u5730\u4f4d"}, {"type": 1, "id": "taihsin", "content": ": \u64ec"}, {"type": 1, "id": "zuchang", "content": ": \u4e2d\u570b\u6216\u6210\u6700\u5927\u8d0f\u5bb6"}, {"type": 0, "id": "Ipadhotwater", "content": ": \u4e2d\u570b\u9ad8\u5b98\u8981\u52a0\u901f\u79fb\u6c11\u4e86\u55ce?"}, {"type": 1, "id": "omegajoker", "content": ": \u63a8"}, {"type": 1, "id": "pediatric826", "content": ": \u9084\u597d\u6c92\u6709\u4e2d\u570b\u80a1\u7968"}, {"type": 1, "id": "ryan0714123", "content": ": \u7e3d\u7d71\u5236\u771fD\u723d"}, {"type": 1, "id": "avinlee2001", "content": ": \u652f\u90a3\u6c23\u6c23\u645f"}, {"type": 1, "id": "konner", "content": ": \u6211\u5ddd\u6b77\u53f2\u5b9a\u4f4d\u3002"}, {"type": 1, "id": "observer0117", "content": ": \u5f9e2000\u5e74\u524d\u5f8cchina.com\u5c31\u958b\u59cb\u4e86"}, {"type": 0, "id": "observer0117", "content": ": IPO\u5708\u9322\u7136\u5f8c\u4e00\u5806\u721b\u6389"}, {"type": 1, "id": "kyozwhie", "content": ": \u4e2d\u570b:\u7f8e\u570b\u6015\u4e86"}, {"type": 1, "id": "jims123", "content": ": \u723d\u5566"}, {"type": 1, "id": "NCTUEE800808", "content": ": \u53f0\u5546\u54ed\u6688\u5012\u5728\u5ec1\u6240 o.o"}, {"type": 1, "id": "woods0598", "content": ": \u8b9a"}, {"type": 1, "id": "Tamama56", "content": ": \u723d"}, {"type": 1, "id": "aicassia", "content": ": \u653e\u7a7a\u4e2d\u4f01\u7684\u6642\u5019\u5230\u4e86"}, {"type": 0, "id": "SRNOB", "content": ": \u6253 \u7d66\u6211\u72e0\u72e0\u7684\u6253"}, {"type": 1, "id": "jay3u7218", "content": ": \u5fb7\u653f"}, {"type": 1, "id": "kamitengo", "content": ": \u6700\u60f3\u54ed\u7684\u662f\u83ef\u723e\u8857\u5427\u2026ipo\u9019\u9ebc\u597d\u8cfa"}, {"type": 1, "id": "orgysolitude", "content": ": \u6211\u5ddd\u4ee4\u4eba\u5169\u884c\u71b1\u6dda"}, {"type": 0, "id": "evelyn055", "content": ": \u597d\u8036"}, {"type": 1, "id": "willieSin", "content": ": \u9019\u6709\u9ede\u626f\uff0c\u9812\u5e03\u4e0b\u53bb\u5c31\u662f\u7d93\u6fdf\u9ad4\u5168\u9762\u958b\u6230"}, {"type": 0, "id": "lmf770410", "content": ": \u6211\u5ddd\u5a01\u6b66"}, {"type": 0, "id": "paulsama", "content": ": \u5ddd\u666e\u6c92\u90a3\u500b\u7a2e"}, {"type": 1, "id": "p72910", "content": ": \u53ed\u53ed!!\u723d\u723d\u723d\u723d\u723d\u723d\u723d\u723d\u723d\u723d\u723d\u723d\u723d\u53ed\u53ed!!"}, {"type": 0, "id": "gowaa", "content": ": \u770b\u8d77\u4f86\u662f\u81ea\u723d\u5427  \u4e2d\u5171\u56fd\u9019\u9ebc\u5f37..."}, {"type": 0, "id": "p72910", "content": ": \u53ed\u53ed!!\u67ef\u6587\u54f2:\u5ddd\u666eof course\u6703\u8ce3\u53f0!!\u53ed\u53ed!"}, {"type": 1, "id": "wowo72517", "content": ": \u8b9a\u5566"}, {"type": 1, "id": "josephpu", "content": ": \u4e2d\uff1a\u4f60\u4e0d\u80fd\u518d\u52a0\u95dc\u7a05\u4e86  \u5ddd\u666e\uff1a\u90a3\u73a9\u5225\u7684"}, {"type": 0, "id": "gn01693664", "content": ": \u4e2d\u6216\u6700\u8d0f"}, {"type": 1, "id": "ted01234567", "content": ": \u9023\u8349\u90fd\u4e0d\u7d66\u5403\u60f9 \u5403\u5c4e\u5427\uff01"}, {"type": 1, "id": "Bigcookie2", "content": ": \u4e0d\u53ef\u80fd \u771f\u7684\u505a\u4e86\u518d\u8aaa"}, {"type": 1, "id": "Crazyfire", "content": ": \u6230\u6230\u6230!"}, {"type": 1, "id": "shiwa", "content": ": \u53ea\u80fd\u63a8\u4e86"}, {"type": 0, "id": "verydolungbe", "content": ": \u81f4\u547d\u4e00\u64ca"}, {"type": 1, "id": "dreamer15", "content": ": \u8001\u5927  \u885d\u4e86\u5566"}, {"type": 1, "id": "Cordierite", "content": ": \u4e2d\u570b\u6216\u6210\u6700\u5927\u8d0f\u5bb6"}, {"type": -1, "id": "demitri", "content": ": \u6a19\u984c\u4e0d\u8981\u8aa4\u5c0e \u76f8\u4fe1\u6703\u6709\u963b\u7919"}, {"type": 0, "id": "demitri", "content": ": \u5ddd\u666e\u5c0d\u4e2d\u570b\u5e38\u6703\u8edf\u6389 \u5c31\u770b\u5143\u8001\u9662\u600e\u9ebc\u8aaa"}, {"type": 0, "id": "dragonne", "content": ": \u771f\u505a\u518d\u63a8"}, {"type": 1, "id": "kis28519", "content": ": \u6211\u5ddd\u5a01\u6b66"}, {"type": 1, "id": "garone", "content": ": \u5ddd\u666e\u6839\u672c\u662f\u8981\u5171\u7522\u9ee8\u6b7b\uff01\u4e00\u4e0b\u9b06\u4e00\u4e0b\u7dca\u662f\u8981"}, {"type": 0, "id": "garone", "content": ": \u6eab\u6c34\u716e\u9752\u86d9\uff0c\u6162\u6162\u9396\u7dca\u4e2d\u570b\u7684\u54bd\u5589\uff0c\u7121\u6cd5\u72d7"}, {"type": 0, "id": "garone", "content": ": \u6025\u8df3\u7246\u800c\u5df2\u3002"}, {"type": 1, "id": "carlos159357", "content": ": \u4e0d\u53ef\u80fd\u5566\uff0c\u9019\u7b49\u65bc\u5728\u7f8e\u570b\u7684\u4e2d\u8cc7\u4f01\u696d"}, {"type": 0, "id": "carlos159357", "content": ": \u80a1\u7968\u90fd\u8b8a\u58c1\u7d19\u6b38\uff0c\u591a\u5c11\u6295\u8cc7\u4eba\u9322\u90fd\u5728"}, {"type": 0, "id": "carlos159357", "content": ": \u88e1\u9762\u4e86"}, {"type": 1, "id": "codehard", "content": ": \u4e2d\u570b\u6216\u6210\u6700\u5927\u8d0f\u5bb6"}, {"type": 1, "id": "Nighty7222", "content": ": \u67ef\u7cde:\u9280\u884c\u6bc6\u6253\u8b66\u5bdf\u62c9!"}, {"type": 0, "id": "laechan", "content": ": https://youtu.be/LN3dsxvHkqg"}, {"type": 1, "id": "cck525", "content": ": \u5e79\u561b\u4e0d\u76f4\u63a5\u51cd\u7d50\u4e2d\u5b98\u5728\u7f8e\u8cc7\u7522"}, {"type": 1, "id": "gogoegg", "content": ": \u5c31\u903c\u7f8e\u570b\u4eba \u5f9e\u4e2d\u4f01\u3001\u4e2d\u570b\u628a\u7f8e\u91d1\u62ff\u56de\u4f86"}, {"type": 1, "id": "q12341234", "content": ": \u4e2d\u570b\u505a\u5047\u5e33 \u5df2\u5f88\u591a\u505c\u6b62\u4ea4\u6613\u4e0b\u5e02\u4e86"}, {"type": 0, "id": "gogoegg", "content": ": \u9019\u6a23\u5ddd\u666e\u628a\u4e2d\u570b\u6253\u7206\u6642 \u7f8e\u570b\u4eba\u7684\u640d\u5931\u8f03\u5c0f"}, {"type": 0, "id": "gogoegg", "content": ": \u76f8\u5c0d\u5730 \u5ddd\u666e\u6253\u7206\u4e2d\u570b\u4e2d\u4f01\u7684\u963b\u529b\u4e5f\u8f03\u5c0f"}, {"type": 1, "id": "timppt222", "content": ": \u5feb\u9ede\u628a\u4e2d\u5171\u641e\u6b7b\u597d\u55ce\uff1f"}, {"type": 1, "id": "ffdagger", "content": ": \u652f\u6301\u5ddd\u666e\u6253\u7206\u5171\u532a"}, {"type": 1, "id": "shawncarter", "content": ": \u723d\u5566"}, {"type": 1, "id": "supermmi", "content": ": \u5341\u4e00\u5927\u79ae\u9001\u7d66\u7fd2\u5927, \u4e0d\u5f97\u4e0d\u6536"}, {"type": 1, "id": "zxc1020305", "content": ": \u7b2c\u4e09\u6b21\u4e16\u754c\u5927\u6230\u5f9e\u7d93\u6fdf\u6230\u958b\u6253\uff1f"}, {"type": 1, "id": "qwejoezxc33", "content": ": \u62dc\u8a17\u5feb\u9ede"}, {"type": 1, "id": "sid3", "content": ": \u6bba\u6b7b\u5730\u7403\u764c\u7d30\u80de  \u652f\u90a3"}, {"type": 1, "id": "fujimoto", "content": ": \u5ddd\u5efa\u570b"}, {"type": 1, "id": "kevin1996", "content": ": \u723d"}, {"type": 1, "id": "lairx", "content": ": \u6c92\u4e8b\u6c92\u4e8b"}, {"type": 0, "id": "southernwood", "content": ": GJ"}, {"type": 1, "id": "imdog", "content": ": \u771f\u731b \u4e0d\u77e5\u9053\u5ddd\u666e\u4e0b\u4e00\u5c46\u80fd\u4e0d\u80fd\u9078\u4e0a"}, {"type": 1, "id": "ilovevear", "content": ": \u5a01\uff5e\uff5e\u6b66\uff5e\uff5e\uff5e\uff5e"}, {"type": 1, "id": "southernwood", "content": ": GJ"}, {"type": 1, "id": "TheDragonBug", "content": ": \u9084\u9060\u9060\u4e0d\u5920\u963f \u4e0d\u904e\u9019\u53ea\u662f\u7f8e\u667a\u5eab\u9023\u7e8c"}, {"type": 0, "id": "TheDragonBug", "content": ": \u7d44\u5408\u62f3\u7684\u7b2c\u4e00\u6b65 \u6bba\u62db\u9084\u9060\u6c92\u9732\u51fa"}, {"type": 0, "id": "yugi2567", "content": ": \u64ec"}, {"type": -1, "id": "tlnrs", "content": ": \u8981\u64a4\u5feb\u64a4\uff0c\u4e0d\u8981\u4e4b\u5f8c\u7fd2\u8fd1\u5e73\u53c8\u8b8a\u597d\u670b\u53cb\u3002"}, {"type": 1, "id": "iamsandyliu", "content": ": \u8acb\u5148\u628a\u6eef\u7559\u5728\u5404\u570b\u9b27\u4e8b\u7684\u652f\u90a3\u4eba\uff0c\u9063\u9001"}, {"type": 0, "id": "iamsandyliu", "content": ": \u56de\u53bb\u4ed6\u5011\u6700\u611b\u7684\u7956\u570b"}, {"type": 1, "id": "h22212247888", "content": ": \u5ddd\u666e\u771f\u72c2\u8981\u6253\u81c9\u4e86"}, {"type": 1, "id": "deathsman", "content": ": \u4e2d\u570b\u73a9\u5b8c\u4e86 \u4e94\u6bdb\u7bc0\u54c0"}, {"type": 1, "id": "proque", "content": ": \u6211\u5ddd\u5a01\u6b66"}, {"type": 1, "id": "zxnm1224", "content": ": \u6211\u5ddd\u5a01\u6b66"}, {"type": 1, "id": "andythe30", "content": ": \u4e2d\u570b\u6562\u7981\u6b62\u860b\u679c\u5728\u81ea\u5bb6\u4e0a\u5e02\u561b\uff1f"}, {"type": 1, "id": "Withinout", "content": ": 5\u6bdb\u624d\u6c92\u5dee \u6709\u51b7\u51cd\u8c6c\u5403\u5c31\u597d\u4e86"}, {"type": 1, "id": "mudee", "content": ": \u6211\u5ddd\u5a01\u6b66"}, {"type": 0, "id": "leafland", "content": ": \u54ea\u6b21\u4e0d\u662f\u73a9\u5047\u7684\uff0c\u90fd\u662f\u5634\u5df4\u8aaa\u8aaa\u800c\u5df2"}, {"type": 1, "id": "icedata", "content": ": \u6211\u5ddd\u5a01\u6b66..."}, {"type": 1, "id": "sheepxo", "content": ": \u9019\u5408\u7406"}, {"type": 1, "id": "tkuewaiting", "content": ": \u9019\u62db\u5f88\u53ef\u4ee5"}, {"type": 1, "id": "ChicagoParty", "content": ": \u65e9\u8a72\u7981\u4e86\uff0c\u4e2d\u570b\u4e00\u5806\u516c\u53f8\u8cc7\u672c\u984d\u9020\u5047"}, {"type": 0, "id": "ChicagoParty", "content": ": \uff0c\u5bb3\u6158\u7f8e\u570b\u4eba"}, {"type": 1, "id": "thematic", "content": ": \u4e94\u6bdb\u518d\u4e82\u53eb\u554a"}, {"type": 1, "id": "oilcaptain", "content": ": \u5148\u653e\u6d88\u606f \u5687\u5687\u4ed6XDDDDDD"}, {"type": 1, "id": "wwf80048", "content": ": \u72c2"}, {"type": -1, "id": "soyghcg", "content": ": \u9084\u6c92\u8b49\u5be6\u7684\u6d88\u606f\u5c31\u80fd\u7092\u4f5c \u771f\u9999"}, {"type": 0, "id": "sendes", "content": ": chichichichichi"}, {"type": 0, "id": "bullace", "content": ": \u9019\u6a23\u9ad8\u5b98\u8cc7\u91d1\u600e\u9ebc\u5916\u9003"}, {"type": 1, "id": "Luba", "content": ": \u4e0b\u500b\u76ee\u6a19\u662f\u963f\u91cc\u5df4\u5df4"}, {"type": 1, "id": "astrayred2L", "content": ": \u8981\u662f\u771f\u7684\u6253\u4e0b\u53bb\u4e2d\u5171\u9084\u6709\u547c\u5438\u55ce"}, {"type": 1, "id": "hachilou", "content": ": \u8b9a"}, {"type": 1, "id": "zo789652", "content": ": \u6211\u662f\u652f\u6301\u5566 \u4e0d\u904e\u9019\u6709\u53ef\u80fd\u55ce \u5e79\u4e0b\u53bb\u5c31\u6e96"}, {"type": 0, "id": "zo789652", "content": ": \u5099\u958b\u6230\u4e86\u5427"}, {"type": 1, "id": "TOMYEH1976", "content": ": \u8001\u5171\u53ea\u80fd\u6068\u7684\u7259\u7662\u7662"}, {"type": 1, "id": "joeyben", "content": ": \u723d"}, {"type": 1, "id": "devilsky", "content": ": \u61c9\u8a72\u662f\u4e0d\u592a\u53ef\u80fd.."}, {"type": 0, "id": "edhmjalove", "content": ": \u5feb\u64a4\uff01\uff01"}, {"type": 0, "id": "Asucks", "content": ": \u723d\u6b6a\u4e86\uff0c\u7e7c\u7e8c\u6316\u53f0\u7063\u7246\u8173\u554a!"}, {"type": 1, "id": "atwin0613", "content": ": \u63a8\u63a8"}, {"type": 1, "id": "Naing", "content": ": \u6211\u5ddd\u5a01\u6b66"}, {"type": 1, "id": "kendiv", "content": ": \u9019\u500b\u662f\u5c0d\u61c9\u4e2d\u570b\u653f\u5e9c\u5165\u4e3b\u767e\u5927\u7684\u63aa\u65bd"}, {"type": 1, "id": "luuluu", "content": ": \u4e0d\u6562\u628a$\u8f38\u5f80\u74f7\u5668\u662f\u5408\u7406\u7684\u6182\u616e\u5427"}, {"type": 1, "id": "boboholic", "content": ": \u4e2d\u5171\u81ea\u5df1\u9650\u5236\u5916\u8cc7\u5f88\u56b4 \u9084\u6709\u4ec0\u9ebc\u81c9\u8aaa\u8a71"}, {"type": 1, "id": "garone", "content": ": \u7b11\u6b7b\uff01\u5ddd\u666e\u53ea\u662f\u5634\u4e0a\u6bd4\u8f03\u8edf\uff0c\u4f46\u624b\u6bb5\u4e00\u76f4\u662f"}, {"type": 0, "id": "garone", "content": ": \u5f88\u5f37\u786c\u3002\u8981\u52a0\u7684\u95dc\u7a05\uff0c\u54ea\u6b21\u5c11\u904e\uff1f\u8aaa\u5ddd\u666e\u300c"}, {"type": 0, "id": "garone", "content": ": \u73a9\u5047\u7684\u300d\u4e0d\u77e5\u5f9e\u4f55\u800c\u4f86\uff1f"}, {"type": 1, "id": "c68111c", "content": ": \u9664\u8ce4\u755c\u7d66\u63a8"}, {"type": 1, "id": "jefe", "content": ": \u723d"}, {"type": 1, "id": "tuaotuao", "content": ": \u5171\u7522\u9ee8\u5168\u9762\u63a5\u7ba1\u6c11\u71df\u4f01\u696d\uff0c\u628a\u99ac\u96f2\u548c\u99ac\u5316"}, {"type": 0, "id": "tuaotuao", "content": ": \u9a30\u8e22\u4e0b\u53f0\uff0c\u7f8e\u570b\u5982\u679c\u4e0d\u63d0\u9632\uff0c\u5c31\u662f\u5728\u81ea\u627e"}, {"type": 0, "id": "tuaotuao", "content": ": \u6b7b\u8def\u3002"}, {"type": 1, "id": "jrr661", "content": ": \u6211\u5ddd\u5a01\u6b66"}, {"type": 1, "id": "t112011419", "content": ": \u6211\u5ddd\u5a01\u6b66"}, {"type": 0, "id": "auxiliary11", "content": ": \u4e2d\u570b\u570b\u6c11\u9ee8\u5d29\u6f70"}, {"type": 1, "id": "aaron68032", "content": ": \u679c\u7136\u4f86\u4e86 \u63d0\u9632\u4e2d\u5171\u8981\u6c11\u4f01\u8b8a\u570b\u4f01"}, {"type": 1, "id": "jaweitaihoku", "content": ": \u6211\u5ddd\u5a01\u6b66"}, {"type": 1, "id": "gossipboy060", "content": ": \u6211\u5ddd\u5a01\u6b66"}, {"type": 1, "id": "scorpio5220", "content": ": \u63a8"}, {"type": 1, "id": "fenooxx", "content": ": \u6eab\u99a8"}, {"type": 1, "id": "MW1220", "content": ": \u7f8e\u570b\u4eba\u662f\u8a72\u5c0d\u4e2d\u570b\u6709\u6240\u8b66\u89ba\u4e86"}, {"type": 1, "id": "DarkKinght", "content": ": \u771f\u73a9\u9019\u9ebc\u786c\u6211\u652f\u6301\u62c9,\u4f46\u662f\u505a\u5f97\u5230\u55ce?"}, {"type": 1, "id": "ewjfd", "content": ": \u6211\u5ddd\u5436!!! @[email\u00a0protected]\""}, {"type": 1, "id": "MattOwl", "content": ": \u8b9a"}, {"type": 1, "id": "jjomj666", "content": ": \u53cd\u64ca\u55ce?"}, {"type": 1, "id": "chathamcat", "content": ": \u63a8"}, {"type": 1, "id": "xu3ru8vmp", "content": ": \u8981\u958b\u6230\u4e86"}, {"type": 0, "id": "a37805", "content": ": \u4e2d\u5171\uff1a\u5148\u8cb7\u7f8e\u8c6c\u58d3\u58d3\u9a5a"}, {"type": 0, "id": "blackphantom", "content": ": \u9019\u6a23\u4e0d\u597d\u5427\uff0c\u4e2d\u570b\u4e0d\u662f\u624d\u5927\u91cf\u8cb7\u7f8e\u8c6c"}, {"type": 0, "id": "richard42", "content": ": \u60f3\u4e5f\u77e5\u9053\u662f\u5634\u7832 \u4e0d\u904e\u5687\u5687\u4e5f\u597d"}, {"type": 0, "id": "richard42", "content": ": 10\u6708\u8981\u91cd\u555f\u8ac7\u5224 \u5148\u5687\u552c\u4e00\u4e0b"}, {"type": 1, "id": "chuani1119", "content": ": \u5ddd\u666e\u9019\u62db\u8d85\u72e0"}, {"type": 1, "id": "ilovevear", "content": ": \u6211\u5ddd\u5a01\u6b66\u795e\u660e"}, {"type": 1, "id": "warden", "content": ": \u63a8"}, {"type": 1, "id": "ryankkk", "content": ": \u723d"}, {"type": 0, "id": "streit", "content": ": #\u4e2d\u570b\u6216\u6210\u6700\u5927\u8d0f\u5bb6"}], "post_ip": "114.32.0.94", "post_content": "\n\n\u81ea\u7531\u6642\u5831\nhttps://ec.ltn.com.tw/m/article/breakingnews/2929434\n\n\u3014\u5373\u6642\u65b0\u805e\uff0f\u7d9c\u5408\u5831\u5c0e\u3015\u7f8e\u570b\u8207\u4e2d\u570b\u8cbf\u6613\u6230\u5c40\u52e2\u6025\u5287\u5347\u7d1a\uff0c\u591a\u5bb6\u5a92\u9ad4\u5831\u5c0e\uff0c\u7f8e\u570b\u7e3d\u7d71\u5ddd\u666e\u8003\u616e\u89e3\u9664\u4e2d\u570b\u4f01\u696d\u5728\u7f8e\u570b\u7684\u4e0a\u5e02\u8cc7\u683c\uff0c\u6b64\u9805\u884c\u52d5\u82e5\u6210\u771f\uff0c\u5c07\u6703\u6bd4\u95dc\u7a05\u6230\u5a01\u529b\u66f4\u5f37\u5927\u3002\n\n\u300a\u8def\u900f\u300b\u5831\u5c0e\u5f15\u8ff0\u77e5\u60c5\u4eba\u58eb\u6307\u51fa\uff0c\u5ddd\u666e\u6b63\u5728\u8003\u616e\u5c07\u4e2d\u570b\u4f01\u696d\u5f9e\u7f8e\u570b\u8b49\u5238\u4ea4\u6613\u6240\u64a4\u724c\uff0c\u6b64\u8209\u5c07\u5927\u898f\u6a21\u9650\u5236\u7f8e\u570b\u5c0d\u4e2d\u570b\u6295\u8cc7\u3002\u9019\u662f\u5ddd\u666e\u653f\u5e9c\u5c0d\u4e2d\u570b\u4f01\u696d\u9010\u6f38\u589e\u52a0\u7684\u5b89\u5168\u7591\u616e\u6240\u767c\u60f3\u7684\u3002\n\n\u300a\u5f6d\u535a\u300b\u5831\u5c0e\u63f4\u5f15\u77e5\u60c5\u4eba\u58eb\u8868\u793a\uff0c\u5ddd\u666e\u653f\u5e9c\u5b98\u54e1\u6b63\u5728\u8a0e\u8ad6\u9650\u5236\u7f8e\u570b\u8cc7\u91d1\u6295\u8cc7\u4e2d\u570b\u7684\u65b9\u5f0f\uff0c\u5305\u62ec\u5c07\u4e2d\u570b\u4f01\u696d\u5f9e\u7f8e\u570b\u8b49\u4ea4\u6240\u9664\u540d\uff0c\u4ee5\u53ca\u9650\u5236\u7f8e\u570b\u4eba\u900f\u904e\u7f8e\u570b\u653f\u5e9c\u990a\u8001\u57fa\u91d1\u5c0d\u4e2d\u570b\u6295\u8cc7\u3002\u767d\u5bae\u5c1a\u672a\u5236\u5b9a\u51fa\u5177\u9ad4\u7684\u65b9\u6848\uff0c\u4efb\u4f55\u8a08\u756b\u90fd\u5fc5\u9808\u5f97\u5230\u5ddd\u666e\u7684\u6279\u51c6\uff0c\u4f46\u5ddd\u666e\u5df2\u7d93\u70ba\u9019\u9805\u8a0e\u8ad6\u958b\u4e86\u7da0\u71c8\u3002\n\n\u300aCNBC\u300b\u96a8\u5f8c\u4e5f\u5f15\u8ff0\u77e5\u60c5\u4eba\u58eb\u5831\u5c0e\uff0c\u5ddd\u666e\u653f\u5e9c\u610f\u5728\u963b\u6b62\u7f8e\u570b\u6240\u6709\u5c0d\u4e2d\u570b\u7684\u6295\u8cc7\uff0c\u76ee\u7684\u662f\u4fdd\u8b77\u7f8e\u570b\u6295\u8cc7\u4eba\u514d\u53d7\u4e2d\u570b\u4f01\u696d\u7f3a\u4e4f\u76e3\u7ba1\u5e36\u4f86\u7684\u98a8\u96aa\u3002\u76ee\u524d\u8a0e\u8ad6\u5c1a\u8655\u65bc\u521d\u6b65\u968e\u6bb5\uff0c\u9084\u672a\u505a\u51fa\u4efb\u4f55\u6c7a\u5b9a\uff0c\u4e5f\u6c92\u5236\u5b9a\u5177\u9ad4\u5be6\u65bd\u7684\u6642\u9593\u8868\u3002\n\u5728\u7f8e\u570b\u4e0a\u5e02\u7684\u4e2d\u570b\u4f01\u696d\u61c9\u8072\u66b4\u8dcc\uff0c\u963f\u91cc\u5df4\u5df4\u3001\u767e\u5ea6\u3001\u4eac\u6771\u7b49\u80a1\u50f9\u91cd\u8dcc4%\u81f37%\u3002\n\n\u8a55\uff1a\u6211\u8a8d\u70ba\u524d\u5e7e\u5929\u7684\u806f\u5408\u570b\u662f\u300c\u5168\u9762\u6027\u958b\u6230\u300d\u7684\u865f\u89d2\uff0c\u584a\u9676\u554a\uff5e\uff5e\uff5e\n-----\nSent from JPTT on my iPhone\n\n--\n"}