{"ptt_id": "a94037501", "post_url": "https://www.ptt.cc/bbs/Gossiping/M.1570211932.A.2D5.html", "post_type": "\u554f\u5366", "post_title": "\u6211\u4e0d\u64d4\u6182\u6703\u76f8\u898b\u6068\u665a", "post_time": "2019-10-05 01:58:49", "post_score": 1, "post_pushes": [{"type": 0, "id": "railwaytaiwa", "content": ": \u4e94\u6a13\u88ab\u809b\u5f97\u8d85\u723d"}, {"type": 0, "id": "invidia", "content": ": \u4e00\u76f4\u5f85\u8b66\u5c40\u963f"}, {"type": 0, "id": "a240daniel", "content": ": \u6211\u8aaa\u70ba\u611b\u4f60\u4e0d\u5920\u52c7\u6562"}, {"type": 1, "id": "bboywhite", "content": ": \u84cb"}, {"type": 0, "id": "selfhu", "content": ": \u809bR20\u5e79\u561b"}], "post_ip": "223.140.200.79", "post_content": "\n\u5728\u7b2c\u4e00\u773c \u6211\u5c31\u660e\u767d\n\u80a5\u5b85\u6709\u770b\u5230\u59b9\u5b50\u3109\u8868\u60c5\n\u5c31\u77e5\u9053\u53c8\u8981\u53bb\u8b66\u5bdf\u5c40\u310c\n\u6c92\u6709\u5973\u68ee\u8981\u88e1\u80a5\u5b85\n\u8a72\u600e\u9ebc\u8fa6\n\u6709\u6c92\u6709\u516b\u5366\uff1f\n\n--\n"}