{"ptt_id": "ray90910", "post_url": "https://www.ptt.cc/bbs/Gossiping/M.1564396752.A.3D8.html", "post_type": "\u554f\u5366", "post_title": "\u6e2f\u5973\u5230\u5e95\u662f\u4ec0\u9ebc\u6a23\uff0c\u5927\u5bb6\u90fd\u8aaa\u78b0\u4e0d\u5f97\uff1f", "post_time": "2019-07-29 18:39:03", "post_score": 40, "post_pushes": [{"type": 1, "id": "cpz", "content": ": \u6211\u7167\u5e79"}, {"type": 0, "id": "bicedb", "content": ": \u4e94\u6a13\u90fd\u8ddf\u6e2f\u7532 \u760b\u72c2"}, {"type": 0, "id": "Lenney33", "content": ": \u770b\u770b\u53f0\u5973\u4e0d\u5c31\u77e5\u9053\u4e86"}, {"type": 0, "id": "TWkiller", "content": ": \u6c92\u5427\uff0c\u6700\u5371\u96aa\u662f\u4e0a\u6d77\u59d1\u5a18"}, {"type": 1, "id": "amsmsk", "content": ": \u5c0f\u96f2\u5bf6\u5bf6"}, {"type": -1, "id": "luke11130177", "content": ": \u53f0\u5973pro 2.0"}, {"type": 1, "id": "ronnyvvang", "content": ": \u53f0\u5973\u52a0\u5f37\u7248"}, {"type": 1, "id": "etiennechiu", "content": ": \u52e2\u5229\u3001\u5f37\u52e2\u3001\u62dc\u91d1\uff0c\u6bd4\u53f0\u5973\u7a0b\u5ea6\u66f4\u56b4"}, {"type": -1, "id": "hh800315", "content": ": \u516b\u5366\u662f\u4ed6\u5011\u90fd\u6c92\u63a5\u89f8\u904e\u6e2f\u5973"}, {"type": 0, "id": "etiennechiu", "content": ": \u91cd"}, {"type": 1, "id": "qqqaz9527tw", "content": ": \u4f86\u6211\u5bb6\uff0c\u9084\u80fd\u5e36\u59b3\u5011\u53bb\u8cb7\u4e9b\u597d\u5403\u7684\u54e6"}, {"type": 0, "id": "popy8789", "content": ": \u5176\u5be6\u53f0\u5973\u5df2\u7d93\u8d85\u8d8a\u6e2f\u5973\u7684\u4e0d\u5c11\u5594 \u81f3\u5c11\u4eba\u5bb6"}, {"type": 0, "id": "OrzOGC", "content": ": \u53f0\u5973\u7a76\u6975\u9032\u5316\u7248\u5c31\u662f\u6e2f\u5973"}, {"type": 0, "id": "popy8789", "content": ": \u9084\u6bd4\u8f03\u7368\u7acb\u81ea\u4e3b \u53f0\u5973\u4f38\u624b\u724c"}, {"type": 0, "id": "adgbw8728", "content": ": \u53f0\u5973\u52a0\u5f37\u7248"}, {"type": 1, "id": "nodnod", "content": ": \u770b\u770b\u7ae0\u5c0f\u8559\u5c31\u77e5\u9053\u4e86"}, {"type": 1, "id": "Fino5566", "content": ": \u6e2f\u5973\u7b2c\u4e00 \u53f0\u5973\u53ea\u80fd\u6392\u7b2c\u4e8c"}, {"type": 0, "id": "popy8789", "content": ": \u6562\u8981\u6562\u62ff\u4e0d\u6562\u5206\u64d4 \u53f0\u5973\u65e9\u5c31\u8d85\u8d8a\u6e2f\u5973\u4e86"}, {"type": 1, "id": "ballby", "content": ": \u53f0\u5973<\u4e0a\u6d77\u5973<\u6e2f\u5973"}, {"type": 1, "id": "FollowMe6", "content": ": \u5c0f\u96f2\u5bf6\u5bf6"}, {"type": 1, "id": "etiennechiu", "content": ": \u6e2f\u5973\u8b1b\u8a71\u76f4\u5230\u73bb\u7483\u5fc3\u7684\u53f0\u7537\u6703\u53d7\u4e0d\u4e86\u54e6"}, {"type": 1, "id": "sesame307", "content": ": \u53f0\u7537\u6c92\u78b0\u904e\u8d8a\u5357\u65e5\u672c\u53f0\u7063\u9999\u6e2f \u90fd\u662f\u807d\u4f86"}, {"type": 0, "id": "sesame307", "content": ": \u7684 \u53ef\u64a5"}, {"type": 0, "id": "etiennechiu", "content": ": \u4f60\u80a5\u919c\u53f0\u5973\u9084\u6703\u7a0d\u5fae\u5a49\u8f49\u8b1b\uff0c\u4f46\u6e2f\u5973\u6703"}, {"type": 1, "id": "newstyle", "content": ": \u6e2f\u5973\u4e0d\u4e00\u5b9a\uff0c\u8981\u770bhttp://0rz.tw/VVT48"}, {"type": 0, "id": "etiennechiu", "content": ": \u7576\u9762\u76f4\u63a5\u55c6\u4f60"}, {"type": 1, "id": "sbflight", "content": ": \u4f60\u770b\u770b\u52d5\u4e3b\u64ad\u73fe\u5728\u90a3\u526f\u6a23\u5b50"}, {"type": 1, "id": "ja1295", "content": ": \u6e2f\u5973\u4e0d\u5c0f\u65bc\u53f0\u5973"}, {"type": 1, "id": "tools", "content": ": dont look back in anger, bowie fan?"}, {"type": 0, "id": "aa01081008tw", "content": ": \u53bb\u4ea4\u770b\u770b\u4e0d\u5c31\u77e5\u9053\u4e86..\u56de\u4f86\u5206\u4eab\u554a"}, {"type": 0, "id": "asgardgogo", "content": ": \u6bcd\u8c6c\u6559\u7684\u4f4e\u80fd\u554a \u8655\u7537\u53c8\u6c92\u78b0\u904e\u53ea\u80fd\u62b9"}, {"type": 1, "id": "Taihochuu", "content": ": http://i.imgur.com/PhtxlFo.gif"}, {"type": 0, "id": "coffee112", "content": ": \u6e2f\u5973\u81ea\u5df1\u90fd\u8aaa\u5979\u5011\u6bd4\u8f03\u608d\u4e86\uff0c\u74b0\u5883\u5427"}, {"type": 0, "id": "Taihochuu", "content": ": \u4e0d\u662f\u78b0\u4e0d\u5f97\uff0c\u800c\u662f\u6c92\u6771\u897f\u53ef\u4ee5\u78b0"}, {"type": 1, "id": "PAULJOE", "content": ": \u770b\u53f0\u5973\u66f4\u9032\u5316\u5c31\u77e5\u9053\u4e86\u554a"}, {"type": 1, "id": "etiennechiu", "content": ": \u6e2f\u5973\u5c0f\u65bc\u53f0\u5973\uff0c\u6211\u8aaa\u80f8\u90e8\uff0c\u77e5\u540d\u7684\u8ca7"}, {"type": 0, "id": "etiennechiu", "content": ": \u80f8\u6c11\u65cf=\u6e2f\u5973"}, {"type": 1, "id": "Lenney33", "content": ": \u9019\u53c8\u4e7e\u6bcd\u8c6c\u6559\u5c41\u4e8b?\u667a\u969c\u4e5f\u8981\u6709\u500b\u6975\u9650\u5427"}, {"type": 0, "id": "bysy2322", "content": ": \u5e73"}, {"type": -1, "id": "hyperbrand00", "content": ": \u6e2f\u5973\u5439"}, {"type": 1, "id": "LanceHaHa", "content": ": \u4e0a\u6d77>>>>\u6e2f\u5973>>\u53f0\u5973 \u5927\u6982\u9019\u6a23"}, {"type": 0, "id": "Mei5566", "content": ": \u53f0\u5973\u9032\u5316\u7248"}, {"type": 0, "id": "NSRC", "content": ": \u4e0a\u6b21\u804a\u5230\u4e00\u500b\u6e2f\u5973\uff0c\u804a\u8a31\u4e45\uff0c\u6211\u53ea\u8aaa\uff1a\u6211\u6c92\u9322"}, {"type": 0, "id": "NSRC", "content": ": \u99ac\u4e0a\u88ab\u5c01\u9396\u3000\u5927\u6982\u662f\u9019\u6a23"}, {"type": 1, "id": "chuegou", "content": ": \u5c31\u50cf\u662f\u4f60\u89ba\u5f97\u80b2\u6a02\u8857\u90fd\u662f\u5674"}, {"type": 0, "id": "cocogg", "content": ": \u3113\u3105\u3113"}, {"type": 0, "id": "chuegou", "content": ": \u76f4\u5230\u4f60\u5403\u904e\u4e86\u5357\u967d\u8857 \u61c2\uff1f"}, {"type": 0, "id": "SeTeVen", "content": ": \u4e9e\u6d32\u5973\u7684\u4e0d\u610f\u5916"}, {"type": 1, "id": "jzasd22", "content": ": \u73a9\u5f97\u5230\u5c31\u73a9\uff0c\u5343\u842c\u5225\u60f3\u5a36\u9032\u9580"}, {"type": 1, "id": "kingofturtle", "content": ": \u62dc\u8a17\u4e0d\u8981 \u6211\u524d\u5973\u53cb\u6e2f\u5973 \u904e\u4f86\u4eba\u52f8\u4f60"}, {"type": 0, "id": "kingofturtle", "content": ": \u4e0d\u8981"}, {"type": 1, "id": "jdklas", "content": ": \u6e2f\u5973\u8ddf\u5c0f\u6e2f\u5973 \u9ede\u89e3"}, {"type": -1, "id": "KerKerKerX3", "content": ": \u96e3\u641e\uff1a\u6e2f\u5973>>>\u53f0\u5973"}, {"type": -1, "id": "fransice7", "content": ": \u6e2f\u5973=\u8d85\u7d1a\u8cfd\u4e9e\u4eba\u7248\u53f0\u5973"}, {"type": 1, "id": "kobe30418", "content": ": \u9023KYT\u90a3\u7a2e\u7684\u90fd..."}, {"type": -1, "id": "stratford", "content": ": \u516b\u5366\u662f\u6559\u5f92\u4ec0\u9ebc\u5973\u90fd\u6c92\u78b0\u904e"}, {"type": 1, "id": "HuckleberryF", "content": ": \u8523\u96c5\u6587\u7684\u54ac\u5b57\u53e3\u97f3\u4e00\u9ede\u90fd\u4e0d\u9999\u6e2f"}, {"type": 0, "id": "HuckleberryF", "content": ": https://youtu.be/j7QHIXJqk38"}, {"type": 1, "id": "josLynYa", "content": ": \u6e2f\u5973\u771f\u7684\u4e0d\u884c\uff01\u4ee5\u524d\u5927\u5b78\u793e\u5718\u7684\u6e2f\u5973\u8d85\u96e3"}, {"type": 0, "id": "josLynYa", "content": ": \u641e\uff0c\u516c\u4e3b\u75c5\u53c8\u81ea\u4ee5\u70bazZ"}, {"type": -1, "id": "Neve5566", "content": ": \u4f46\u662f\u6e2f\u5973\u559c\u6b61\u73a9\u4e8b\u5f8c\u8d8a\u60f3\u8d8a\u4e0d\u5c0d\u52c1\u55ce\uff1f"}, {"type": 1, "id": "tsutsutsu", "content": ": \u53f0\u5973\uff1a\u4f60\u727d\u4e0d\u52d5\u4e00\u982d\u66b4\u9f8d"}, {"type": 0, "id": "tsutsutsu", "content": ": \u6e2f\u5973\uff1a\u66b4\u9f8d\u76f4\u63a5\u5403\u6389\u4f60"}, {"type": 1, "id": "protoss666", "content": ": KYT"}, {"type": 0, "id": "awomkjmn", "content": ": \u6211\u5802\u5f1f\u4e4b\u524d\u88ab\u6e2f\u5973\u9a19\u4e8c\u5341\u842c\u6574\u5f62\uff0c\u6574\u5b8c\u4eba"}, {"type": 0, "id": "awomkjmn", "content": ": \u5c31\u5931\u53bb\u806f\u7e6b\u4e86\uff0c\u7d66\u4f60\u53c3\u8003"}, {"type": 1, "id": "honestyer", "content": ": \u6e2f\u5973=\u4e0a\u6d77\u5973 > \u53f0\u5973"}, {"type": 1, "id": "alcpeon911", "content": ": \u53f0\u5973\u4e8c\u8f49\u4e4b\u5f8c\u8b8a\u6e2f\u5973"}, {"type": 1, "id": "burza", "content": ": \u6e2f\u5973\u56de\u5473\u7121\u7aae\uff0c\u8abf\u6559\u7684\u8d85\u807d\u8a71"}, {"type": 0, "id": "GIN1967", "content": ": \u6e2f\u5973\u8d85\u6050\u6016"}, {"type": 0, "id": "QQ101", "content": ": \u53f0\u597310\u500dGY"}, {"type": 1, "id": "LuMya", "content": ": \u6211\u600e\u9047\u5230\u6e2f\u4ed4\u81ea\u5df1\u8aaa\u7684=="}, {"type": 0, "id": "wadeabc", "content": ": https://i.imgur.com/cbDEMzR.jpg"}, {"type": 0, "id": "sg1987", "content": ": \u614b\u5ea6\u975e\u5e38\u5f37\u786c \u9023\u88dd\u90fd\u4e0d\u88dd"}, {"type": 1, "id": "TWkiller", "content": ": \u597d\u5beb\u5be6\u7684\u5716"}, {"type": 1, "id": "Iamidiots", "content": ": \u554f\u6d77\u6069\u5976\u6cb9"}, {"type": 0, "id": "SiaoHan", "content": ": \u8ddf\u53f0\u5973\u6709\u5f97\u62fc \u6bcd\u8c6c"}, {"type": 1, "id": "dbdudsorj", "content": ": \u73fe\u5be6 \u52e2\u5229\u773c\u7684\u6975\u81f4 \u516c\u4e3b\u75c5\u56b4\u91cd"}, {"type": 0, "id": "warluck", "content": ": \u4e4b\u524d\u7528\u9ad8\u50b2\u5206\u5316\u73fe\u5728\u7528\u6e2f\u5973\u5594"}, {"type": 1, "id": "dkramses", "content": ": \u4eba\u7a31\u6b77\u6230\u53f0\u5973"}, {"type": 1, "id": "sweety655633", "content": ": \u81fa\u5973\u5feb\u8fce\u982d\u8d95\u4e0a\u4e86"}, {"type": 1, "id": "Boris945", "content": ": \u53f0\u5973\u65e9\u8d85\u8d8a\u4e86"}, {"type": 0, "id": "gtayu", "content": ": \u5225\u78b0"}, {"type": 1, "id": "wkheinz", "content": ": \u5f88\u73fe\u5be6 \u800c\u4e14\u5916\u8c8c\u5e73\u5747\u503c\u6bd4\u53f0\u5973\u9084\u5dee \u5920\u53ef\u6015"}, {"type": 0, "id": "wkheinz", "content": ": \u4e86\u5427"}, {"type": -1, "id": "AZBTPATONY", "content": ": \u53f0\u5973\u6fc3\u7e2e\u7248"}, {"type": 1, "id": "iapf", "content": ": \u6f02\u4eae \u52e2\u5229\u773c \u5e73\u80f8 \u624b\u8155\u597d"}, {"type": 0, "id": "newstyle", "content": ": \u5148\u6709\u6e2f\u5973\u7684\u7a31\u547c\uff0c\u5f8c\u4f86\u624d\u6709\u53f0\u5973~"}, {"type": 1, "id": "jackXDD", "content": ": \u5c0f\u96f2\u8d85\u9999 \u90fd\u4f86\u5427"}, {"type": 1, "id": "rapnose", "content": ": \u9ad8\u50b2\u8aaa\u4ed6\u4e0d\u80fd\u5931\u53bb\u96d9\u624b\uff0c\u9084\u8dd1\u53bb\u7f8e\u570b\u8ddf\u83ef"}, {"type": 0, "id": "rapnose", "content": ": \u82f1\u96c4\u6c7a\u4e00\u6b7b\u6230\u3002"}, {"type": -1, "id": "longway0906", "content": ": \u6211\u53ea\u80fd\u8aaa  \u771f\u7684\u6bd4\u53f0\u5973\u66f4\u96de\u63b0"}, {"type": 0, "id": "panzer1224", "content": ": \u77ee\u5c0f\u5e73\u80f8\u819a\u8cea\u5dee \u5178\u578b\u4e2d\u570b\u5357\u65b9\u4eba"}, {"type": 1, "id": "bruce2248", "content": ": \u7368\u7acb \u5f37\u52e2\u53c8\u5c08\u60c5 \u89ba\u5f97\u6bd4\u53f0\u5973\u597d"}, {"type": 1, "id": "Allen0315", "content": ":     \u6bd4\u53f0\u5973\u512a"}, {"type": 1, "id": "bruce2248", "content": ": \u6e2f\u5973\u5f88\u6703\u8cfa\u9322 \u53f0\u5973\u4f38\u624b\u724c\u5c45\u591a"}, {"type": 1, "id": "aa874125", "content": ": \u53f0\u5973\u52a0\u5f37\u7248 \u6015\u4e86\u5427"}, {"type": 1, "id": "j900414", "content": ": \u771f\u7684\u53f0\u5973\u52a0\u5f37\u7248\uff0c\u80a5\u5b85\u6211\u4ee5\u524d\u4ea4\u904e\u4e00\u500b"}, {"type": -1, "id": "berserk", "content": ": \u5e79\u904e\u624d\u77e5\u9053\u5c11\u78b0"}, {"type": 0, "id": "sean3345", "content": ": \u9999\u6e2f\u4eba~\u6eff\u73fe\u5be6\u7684 ~"}, {"type": 1, "id": "offstage", "content": ": \u4e0a\u6d77 \u65e5\u672c \u9999\u6e2f \u5317\u5e02"}, {"type": 1, "id": "ViktorGoogle", "content": ": \u4e0d\u53ea\u6709\u9999\u6e2f\u8173\u9084\u6709\u9999\u6e2f\u96de\u63b0"}, {"type": 0, "id": "wutaiching", "content": ": \u6211\u8a8d\u8b58\u56db\u500b\u90fd\u662f\u6b63\u5e38\u4eba\u554a"}, {"type": 0, "id": "littleaoc", "content": ": \u695a\u96d6\u4e09\u6236\uff0c\u4ea1\u79e6\u5fc5\u695a"}], "post_ip": "61.60.221.122", "post_content": "\n\n\u5982\u984c\n\u6700\u8fd1\u6709\u4e00\u9ede\u9999\u6e2f\u4eba\u8981\u4f86\u53f0\u7063\u79fb\u6c11\u7684\u98a8\u5411\n\u5176\u4e2d\u5f88\u591a\u8c6c\u54e5\n\u5c31\u6253\u8457\u8981\u6e2f\u5973\u7684\u4e3b\u610f\n\u4e0d\u904e\u537b\u5f88\u591a\u9109\u6c11\u90fd\u8aaa\u6e2f\u5973\u78b0\u4e0d\u5f97\n\u597d\u50cf\u6e2f\u5973\u5f88\u608d\u53f0\u7537\u5403\u4e0d\u5230\u600e\u6a23\u7684\n\n\u65bc\u662f\u5c31\u597d\u5947\n\u6e2f\u5973\u5230\u5e95\u662f\u4ec0\u9ebc\u6a23\u5b50\n\u70ba\u5565\u63d0\u5230\u6e2f\u5973\u5927\u5bb6\u597d\u50cf\u90fd\u8b66\u6212\u611f\u5c45\u591a\uff1f\n\u6709\u6c92\u6709\u516b\u5366\uff1f\uff1f\n\n-----\nSent from JPTT on my HMD Global Nokia 8.1.\n\n--\n"}