{"ptt_id": "nogoodlaugh", "post_url": "https://www.ptt.cc/bbs/Gossiping/M.1564934177.A.36B.html", "post_type": "\u554f\u5366", "post_title": "\u6709\u5927\u5abd\u628a\u67f4\u72ac\u653e\u4f60\u8eca\u9802\u4f11\u606f\u7684\u516b\u5366\u55ce\uff1f", "post_time": "2019-08-04 23:56:15", "post_score": 11, "post_pushes": [{"type": 0, "id": "ah937609", "content": ": 3\u9580"}, {"type": 1, "id": "kisaku1980", "content": ":  \u9f4a\u958b"}, {"type": 0, "id": "badbadook", "content": ":    \u9084\u883b\u5c4c\u7684"}, {"type": 1, "id": "clark2644", "content": ": \u6a13\u4e3b\u6b63\u59b9"}, {"type": -1, "id": "optima", "content": ": \u8e53\u72d7\u4e0d\u727d\u7e69"}, {"type": 1, "id": "zxc8424", "content": ": ...\u53f0\u7063\u5947\u666f \u54c8\u54c8\u54c8\u54c8\u54c8"}, {"type": 0, "id": "KENGOD0204", "content": ": \u5c31\u6c92\u6c34\u6e96\uff0c\u53cd\u904e\u4f86\u5305\u5305\uff0c\u5c31\u4e0d\u4e00\u6a23"}, {"type": 0, "id": "zxc8424", "content": ": \u4f60\u8981\u662f\u958b\u8c6a\u83ef\u8eca\u5c31\u597d\u73a9\u4e86"}, {"type": 0, "id": "Rockcoach", "content": ": \u5e79\u539f\u4f86\u771f\u7684\u6709\u9019\u7a2e\u4eba\uff01\u96e3\u602a\u4e4b\u524d\u6211\u8eca\u9802"}, {"type": 0, "id": "Rockcoach", "content": ": \u6709\u5169\u689d\u72d7\u5c4e\uff0c\u4e00\u689d\u66ec\u4e7e\u5316\u70ba\u7c89\u788e\uff0c\u53e6\u4e00"}, {"type": 0, "id": "Rockcoach", "content": ": \u689d\u9084\u6efe\u5230\u5f15\u64ce\u84cb\u4e0a\u9762\u88ab\u96e8\u6c96\u9032\u8eca\u5b50\u88e1\uff0c"}, {"type": 0, "id": "Rockcoach", "content": ": \u5e79\u8d85\u81ed"}, {"type": 1, "id": "wcpsgb", "content": ": \u6a13\u4e3b\u4e0d\u662f\u6b63\u59b9\u5c31\u662f\u6709\u6b63\u59b9\u5973\u53cb\u3002"}, {"type": 0, "id": "sesame307", "content": ": \u4e0d\u727d\u7e69\u7684\u771f\u7684\u96de\u63b0"}, {"type": 1, "id": "wcpsgb", "content": ": \u4e0d\u727d\u7e69\u771f\u7684\u5783\u573e"}, {"type": 1, "id": "treeman47", "content": ": \u592a\u5c4c"}, {"type": 1, "id": "LargeLanPa", "content": ": \u5927\u5abd\u4e0d\u610f\u5916"}, {"type": 1, "id": "tprktpps", "content": ": \u5587\u53ed\u6309\u4e0b\u53bb   \u5341\u79d2"}, {"type": 1, "id": "utf84067", "content": ": \u9019\u54ea\u500b\u4e09\u5bf6  \u4e0d\u80fd\u6c42\u511f\u8eca\u6f06\u7684\u8cbb\u7528\u55ce"}, {"type": 1, "id": "Kidmo", "content": ": \u9019\u4e0d\u662f\u5f88\u660e\u986f\u653e\u5728\u9ad8\u8655\u907f\u96e3\u800c\u5df2\u55ce\uff1f"}, {"type": 0, "id": "Kidmo", "content": ": \u4e0d\u9ad8\u8208\u5c31\u53eb\u4ed6\u8ce0\u554a\u3002"}, {"type": 1, "id": "ethan30213", "content": ": \u5409\u4e0b\u53bb"}, {"type": 1, "id": "kpa788691", "content": ": \u4f60\u5230\u5e95\u70ba\u4ec0\u9ebc\u8981\u505c\u8457"}], "post_ip": "182.234.41.51", "post_content": "\n\u5148\u4e0a\u5f71\u7247\n\nhttps://youtu.be/1PurFfO2Nhk\n\n\u4e8b\u60c5\u7d93\u904e\n\n\u5403\u5b8c\u98ef\u958b\u8457\u8eca\u8981\u56de\u5bb6\n\n\u9060\u9060\u7684\u770b\u5230\u6709\u4e00\u500b\u5927\u5abd\u62b1\u8457\u81ea\u5df1\u7684\u67f4\u72ac\n\n\u7136\u5f8c\u6e96\u5099\u8981\u9032\u8eca\u9053\u7b49\u5927\u9580\u958b\u7684\u540c\u6642\n\n\u5927\u5abd\u958b\u59cb\u5f80\u6211\u885d\u904e\u4f86\n\n\u5f8c\u9762\u6709\u4e00\u500b\u963f\u5b24\u8ddf\u4e00\u96bb\u9ed1\u72d7\u8ffd\u8457\u4ed6\u8dd1\n\n\u63a5\u8457\u9ed1\u72d7\u5c31\u649e\u4e0a\u6211\u8eca \u7559\u4e0b\u5c0f\u50b7\u75d5\n\n\u7136\u5f8c\u9ed1\u72d7\u5c31\u88ab\u8d95\u8d70\u4e86\n\n\u5927\u5abd\u6b64\u6642\u7d2f\u4e86 \u76f4\u63a5\u628a\u72d7\u653e\u6211\u8eca\u9802\n\n\u72d7\u72d7\u7d93\u904e\u525b\u525b\u7684\u9a5a\u5687\n\n\u4e00\u76f4\u7528\u722a\u5b50\u6293\u8457\u6211\u7684\u8eca\u9802....\n\n\u53ea\u80fd\u8aaa\u4eca\u5929\u4ec0\u9ebc\u602a\u4e8b\u90fd\u9047\u5230\u4e86\uff01\n\n--\n\nBMW 428i GC\n\n\u53ef\u80fd\u5c31\u662f\u8eca\u592a\u721b\n\n\u5927\u5abd\u624d\u60f3\u8aaa\u653e\u4e00\u4e0b\u6c92\u95dc\u4fc2\u5427\n\u203b \u7de8\u8f2f: nogoodlaugh (101.14.192.85 \u81fa\u7063), 08/04/2019 23:59:16\n"}