{"ptt_id": "the992255", "post_url": "https://www.ptt.cc/bbs/Gossiping/M.1568953933.A.4D9.html", "post_type": "\u554f\u5366", "post_title": "\u70ba\u4ec0\u9ebc\u90fd\u6c92\u6709\u5de8\u5de8\u4fbf\u7576\u5e97", "post_time": "2019-09-20 12:32:11", "post_score": 3, "post_pushes": [{"type": 0, "id": "su4vu6", "content": ": \u600e\u9ebc\u6703\u6709\u4eba\u5403\u7d20 \u5614\u5614\u5614\u5614"}, {"type": 1, "id": "etcoming", "content": ": \u4ec0\u9ebc\u662f\u5de8\u5de8...."}, {"type": 0, "id": "bengowa", "content": ": \u5de8\u5de8\u4e0d\u662f\u90fd\u4e92\u76f8\u9935\u6d28\uff1f"}, {"type": 0, "id": "su4vu6", "content": ": \u4f60\u8aaa\u7684\u90a3\u4e9b \u5065\u8eab\u623f\u6709\u8ce3\u5427"}, {"type": 0, "id": "ltyintw", "content": ": \u6709\u5927\u5927\u4fbf\u7576\u5e97    \u8981\u6211\u63a8\u55ce?"}, {"type": 0, "id": "kingtama", "content": ": \u4fbf\u7576\u4fbf?\u7a7f\u5b8c\u4fbf\u7576\u9694\u5929\u7684\u4fbf?"}, {"type": 1, "id": "LoveMakeLove", "content": ": \u90fd\u8ce3\u96de\u80f8\u8089\u548c\u4e73\u6e05\u86cb\u767d\u80fd\u770b\u55ce\uff1f"}, {"type": 0, "id": "inewnew", "content": ": \u6709\u8ce3\u963f~\u50f9\u683c\u6703\u8b93\u4f60\u60f3\u81ea\u5df1\u505a"}, {"type": 0, "id": "zzff92", "content": ": \u5de8\u5de8\u53ea\u60f3\u5403\u5927\u8089\u68d2"}, {"type": 1, "id": "Daedolon", "content": ": \u8b8a\u6210\u7532\u7532\u4fbf\u7576\u5e97"}, {"type": 0, "id": "kawazakiz2", "content": ": \u6211\u6709\u770b\u904e\uff0c\u90fd\u6e05\u71d9\u4e00\u4efd\u8ce3\u4e0d\u4fbf\u5b9c"}, {"type": 0, "id": "em4", "content": ": \u6c34\u716e\u9910\u554a \u751f\u610f\u9084\u633a\u4e0d\u932f"}, {"type": -1, "id": "GGrunrundela", "content": ": \u5614\u5614\u5614\u5614\u5614\u5614\u5614\u5614\u5614\u5614\u5614\u5614"}, {"type": 0, "id": "roe1986630", "content": ": \uff04\uff04\uff04\uff04\uff04\uff04\uff04\uff04\uff04"}, {"type": -1, "id": "rufugy", "content": ": \u5927\u8089\u68d2  \u600e\u6478\u55ae\u8ce3"}, {"type": 0, "id": "somefatguy", "content": ": \u54ea\u4f86\u6bd4\u8f03\u591a \u5047\u6c11\u8abf\uff1f"}, {"type": 1, "id": "lion1227", "content": ": \u65b0\u838a\u6210\u5409\u601d\u6c57\u5916\u9762\u6709 FD\u5065\u8eab\u98f2\u98df"}, {"type": 0, "id": "hw1", "content": ": \u90a3\u6709\u7532\u7532\u4fbf\u7576\u5e97\u55ce"}, {"type": 1, "id": "imjeffreylee", "content": ": \u6211\u8a18\u5f97\u6709\u554a \u9084\u6709\u4e0a\u904e\u7bc0\u76ee\u4e4b\u985e\u7684"}, {"type": 0, "id": "Ladios", "content": ": \u5641\u5641\u5641\u5641\u5641\u5641"}], "post_ip": "27.242.200.13", "post_content": "\n\u56e0\u70ba\u540c\u4e8b\u5403\u7d20\uff0c\u770b\u4ed6\u4e2d\u5348\u5b9a\u4fbf\u7576\u624d\u767c\u73fe\u539f\u4f86\u53f0\u7063\u9019\u9ebc\u591a\u7d20\u98df\u5e97\n\n\u56e0\u6b64\u7a81\u7136\u60f3\u5230\uff0c\u70ba\u4ec0\u9ebc\u90fd\u6c92\u6709\u5c08\u70ba\u5de8\u5de8\u8a2d\u8a08\u7684\u5de8\u5de8\u5e97\u554a\uff1f\n\n\u53f0\u7063\u5065\u8eab\u4eba\u53e3\u6bd4\u4f8b\u61c9\u8a72\u9060\u6bd4\u7d20\u98df\u4eba\u53e3\u591a\u624d\u5c0d\n\n\u5c0d\u65bc\u4e00\u500b\u4eba\u79df\u5c4b\u7684\u5065\u8eab\u4eba\u4f86\u8aaa\u81ea\u5df1\u716e\u5f88\u8cbb\u6642\uff0ccp\u76f4\u53c8\u4f4e\u3002\u9664\u975e\u662f\u5169\u500b\u5065\u8eab\u7532\u4f4f\u4e00\u8d77\u9019\u6a23\n\n\u800c\u4e14\u79df\u5c4b\u8655\u6709\u6c92\u6709\u708a\u5177\u4e5f\u4e0d\u77e5\u9053\n\n\u5982\u679c\u6709\u5de8\u5de8\u4fbf\u7576\u5e97\uff0c\u8ddf\u8001\u95c6\u8aaa\u8981\u591a\u5c11\u71b1\u91cf\u3001\u591a\u5c11\u86cb\u767d\u8cea\uff0c\u5c31\u76f4\u63a5\u914d\u7d66\u4f60\n\n\n\u5c0d\u65bc\u55ae\u8eab\u5de8\u5de8\u4f86\u8aaa\u4e0d\u662f\u5f88\u65b9\u4fbf\u55ce\uff1f\n\n--\n\u6253\u932f\u5b57\u5566\n\u81ea\u708a\u7684\u5de8\u5de8\u4e5f\u5403\u5f97\u5dee\u4e0d\u591a\u5427\n\u203b \u7de8\u8f2f: the992255 (27.242.200.13 \u81fa\u7063), 09/20/2019 12:35:02\n"}