{"ptt_id": "teramars", "post_url": "https://www.ptt.cc/bbs/Gossiping/M.1568806965.A.092.html", "post_type": "\u65b0\u805e", "post_title": "\u97d3\u9663\u71df\u4f30\u8d0f10\u81f330\u842c\u7968\uff1f\u3000\u570b\u6c11\u9ee8\uff1a\u95dc\u9375\u5728", "post_time": "2019-09-18 19:42:42", "post_score": 17, "post_pushes": [{"type": 0, "id": "AustinRivers", "content": ": \u767e\u842c\u7968\u4e0d\u70ba\u904e"}, {"type": 1, "id": "GaussQQ", "content": ": \u552f\u4e00\u652f\u6301\u5c0f\u82f1"}, {"type": -1, "id": "allenatptt", "content": ": \u5171\u7522\u9ee8\u7532\u8cfd"}, {"type": -1, "id": "knives", "content": ": \u5403\u5c4e"}, {"type": 1, "id": "aza0290", "content": ": https://i.imgur.com/PfiMnSA.jpg"}, {"type": 0, "id": "akuser", "content": ": \u4e00\u4eba\u4e00\u7968\u5b88\u8b77\u6d28\u82f1"}, {"type": 0, "id": "max52001", "content": ": \u97d3\u5c0e\u7a69\u4e86 \u5927\u5bb6\u90fd\u56de\u4f86\u4e86"}, {"type": 1, "id": "kerodo", "content": ": \u95dc\u8ce4\u5728\u65bc89\u842c\u7684\u9ad8\u96c4\u4eba\u597d\u55ce"}, {"type": 1, "id": "podon", "content": ": \u723d\u5566\uff0c\u9019\u65b0\u805e\u5805\u5b9a\u6211\u6295\u97d3\u6559\u8a13\u5e2b\u5085\u8ddf\u767d\u7c89\u4ed4"}, {"type": 1, "id": "MoWilliams", "content": ": \u97d3\u5c0e\u7a69\u4e86"}, {"type": -1, "id": "kevin05233", "content": ": \u8a9e\u7562.. \u54c8\u54c8\u54c8\u54c8\u54c8 \u54b3\u54b3.."}, {"type": 0, "id": "timetolove", "content": ": \u7e7c\u7e8c\u505a\u5922\u563f"}, {"type": -1, "id": "greeneen", "content": ": \u5922\u9084\u6c92\u9192\u963f"}, {"type": 1, "id": "luben", "content": ": \u95dc\u9375\u5728\u65bc\u5343\u842c\u67ef\u7c89"}, {"type": 1, "id": "peterwww", "content": ": \u7368\u7da0\u53bb\u5e74\u5c31\u7d50\u675f\u4e86"}, {"type": 1, "id": "cores", "content": ": \u9019\u9ebc\u6703\u81ea\u6170\u554aXD"}, {"type": 1, "id": "azytjr", "content": ": \u6253\u5012\u8521\u82f1\u6587\u6551\u516b\u5366"}, {"type": 1, "id": "simoner", "content": ": \u4e0d\u662f\u4e09\u5343\u842c\u7968\u55ce\uff1f"}, {"type": 1, "id": "linhsiuwei", "content": ": \u54ea\u6709\u90ed\u7c89\uff0c\u90fd\u662f\u67ef\u7c89\u3002\u67ef\u7c89\u53c8\u4e0d\u633a\u97d3"}, {"type": 0, "id": "peterwww", "content": ": \u672a\u4f86\u4e5f\u6c92\u6709\u53f0\u7368\u4e86"}, {"type": 0, "id": "galleon2000", "content": ": \u7a69\u4e86\u7a69\u4e86"}, {"type": 1, "id": "qaz0314", "content": ": \u6a02\u89c0\u662f\u597d\u4e8b"}, {"type": -1, "id": "fifi0828", "content": ": \u5730\u65b9\u57f7\u653f\u512a\u52e2?\u4f60\u78ba\u5b9a?XDDD"}, {"type": 0, "id": "peterwww", "content": ": \u6211\u4f30\u8a08\u4e0d\u6b62 \u4f46\u6295\u7968\u7387\u4e00\u5b9a\u8981\u783480\u8db4"}, {"type": -1, "id": "littlean", "content": ": \u7a69\u4e86 \u97d3\u7c891/11\u51fa\u53bb\u90ca\u904a \u4e0d\u7528\u6295\u7968\u4e86"}, {"type": 0, "id": "peterwww", "content": ": \u6108\u9ad8\u6108\u597d"}, {"type": 0, "id": "peterwww", "content": ": \u7368\u7da0 \u518d\u898b\u4e86"}, {"type": -1, "id": "ncipher", "content": ": \u6c92\u8d0f100\u842c\u7684\u8a71\u53ea\u80fd\u8aaa\u6158\u52dd\uff01"}, {"type": -1, "id": "fightingman", "content": ": \u7761\u9192\u6c92"}, {"type": -1, "id": "highyes", "content": ": \u552f\u6709\u542b\u7cde\u8d85\u8d8a\u542b\u5c0e \u60f3\u770b\u9670\u56ca\u81c9\u641e\u57ae\u8eca\u8f2a\u9ee8"}, {"type": 0, "id": "peterwww", "content": ": \u967d\u8b00\u4e0d\u6015\u7368\u7da0\u4f0e\u5006"}, {"type": 1, "id": "PttXiangMing", "content": ": \u4f30\u90a3\u9ebc\u5c11  \u592a\u6c92\u4fe1\u5fc3\u4e86"}, {"type": 0, "id": "peterwww", "content": ": \u90aa\u60e1\u6575\u4e0d\u904e\u5149\u660e"}, {"type": 1, "id": "ppt12527", "content": ": \u4e0d\u8981\u4e82\u8aaa,\u67ef\u8b9a\u97d3\u6709\u6599,\u67ef\u7c89\u4e00\u5b9a\u633a\u97d3"}, {"type": 0, "id": "peterwww", "content": ": \u6b63\u7d71\u4e2d\u83ef\u6c11\u570b\u8981\u5168\u9762\u6539\u9769\u4e86\u3002\u7368\u7da0\u4e4b\u4e82"}, {"type": 0, "id": "Andrew90", "content": ": https://youtu.be/enmtxZfIUn4"}, {"type": 0, "id": "peterwww", "content": ": \u53f2\u5bb6\u8a18\u8f09\u3002\u6f22\u6c11\u65cf\u53f2\u5bb6"}, {"type": 0, "id": "peterwww", "content": ": \u6211\u662f\u6f22\u4eba\u4e0d\u662f\u5357\u5cf6\u8a9e\u7cfb"}, {"type": 0, "id": "Workforme", "content": ": \u54ea\u4f86\u7684\u81ea\u4fe1\u554a\uff1f"}, {"type": 0, "id": "Encourage", "content": ": \u592a\u8b19\u865b\u4e86\u5427"}, {"type": 0, "id": "peterwww", "content": ": \u66f4\u4e0d\u662f\u591a\u5143\u6587\u5316"}, {"type": 0, "id": "peterwww", "content": ": \u4e5f\u4e0d\u6703\u591a\u5143\u6210\u5bb6"}, {"type": 1, "id": "iWatch2", "content": ": \u6df1\u85cd\u67ef\u7c89\u6b78\u968a\u7a69\u7a69\u8d0f\u767e\u842c"}, {"type": 0, "id": "peterwww", "content": ": \u6211\u53cd\u5c0d\u7537\u7537\u4e5f\u80fd\u7d50\u5a5a"}, {"type": 0, "id": "peterwww", "content": ": \u5225\u9b27\u4e86 \u4e0d\u8981\u518d\u4e82\u641e\u4e86\u5566"}, {"type": 0, "id": "whitecow", "content": ": \u975e\u97d3\u4e0d\u6295"}, {"type": 0, "id": "peterwww", "content": ": \u6f22\u4eba \u6211\u3002\u975e\u5357\u5cf6"}, {"type": 0, "id": "peterwww", "content": ": \u975e\u5357\u5cf6\u5566"}, {"type": -1, "id": "bluecup", "content": ": \u8292\u679c\u4e7e\u597d\u5403....\u56bc\u56bc..."}, {"type": 1, "id": "cheer67", "content": ": Ya"}, {"type": 1, "id": "peterwww", "content": ": \u7368\u7da0\u7a69\u9054\u9054 \u6c7a\u6230\u4e2d\u53f0\u7063"}, {"type": 1, "id": "boogieman", "content": ": \u7a69\u4e86"}, {"type": 0, "id": "peterwww", "content": ": \u6c34\u5566\uff01\u6c92\u60f3\u5230\u80fd\u7d42\u6b62\u7368\u7da0\u4e82\u8c61"}, {"type": -1, "id": "bhirava2014", "content": ": \u4e0d\u662f\u8d0f13\u5104\u7968"}, {"type": 0, "id": "cacoi", "content": ": \u73fe\u5728\u624d9\u6708\u4e2d...\u5c31\u5df2\u7d93\u5728\u4f5c\u7e3d\u7d71\u5927\u5922\u4e86\uff1f"}, {"type": 0, "id": "peterwww", "content": ": \u611f\u6069\u53f0\u7063\u9084\u6709\u667a\u8005"}, {"type": 0, "id": "peterwww", "content": ": \u6c34\u5566"}, {"type": 1, "id": "charlietk3", "content": ": \u554f\u984c\u662f\u97d3\u570b\u745c\u672c\u8eab\u721b\u5230\u7121\u6cd5\u60f3\u50cf\u5440xd"}, {"type": 0, "id": "peterwww", "content": ": \u95a9\u5357\u6587\u5316\u4e5f\u8981\u597d\u597d\u4fdd\u5b58\u4e0d\u53ef\u518d\u6d41\u5931\u9119\u8996\u4e86"}, {"type": 1, "id": "TiggerLin", "content": ": \u5230\u5e95\u9192\u4e86\u6c92"}, {"type": 0, "id": "peterwww", "content": ": \u52a0\u6cb9\u4e86 \u4e2d\u83ef\u6c11\u570b"}, {"type": 0, "id": "seazure2016", "content": ": in your dream"}, {"type": 1, "id": "HWSA0824", "content": ": \u7a69\u4e86\uff0c\u8b9a"}, {"type": 1, "id": "NinePi", "content": ": \u97d3\u7e3d\u7a69\u4e86"}, {"type": -1, "id": "hoodia", "content": ": \u8349\u5305\u6d41\u5411\u5427"}, {"type": 0, "id": "peterwww", "content": ": \u9078\u932f\u4eba \u4e00\u89ba\u9192\u4f86 \u570b\u53f2\u5927\u7db1\u90fd\u8b8a\u6210\u5916\u570b\u53f2"}, {"type": 0, "id": "peterwww", "content": ": \u592a\u731b\u4e86"}, {"type": 0, "id": "peterwww", "content": ": \u54c8\u54c8\u54c8\u54c8\u54c8"}, {"type": 0, "id": "woods0598", "content": ": \u67ef\u7c89\u6295\u97d3\u90ed\u7c89\u6295\u82f1 \u7d50\u6848"}, {"type": 0, "id": "peterwww", "content": ": \u7368\u7da0\u73a9\u4ec0\u9ebc\u628a\u6232\u6211\u90fd\u6e05\u695a"}, {"type": 0, "id": "peterwww", "content": ": \u6c92\u7528\u7684"}, {"type": -1, "id": "janes00529", "content": ": \u6efe"}, {"type": 1, "id": "lolovero", "content": ": peter3w ??"}, {"type": 0, "id": "peterwww", "content": ": \u7537\u7537\u4e0d\u80fd\u7d50\u5a5a\u7684 \u4e0d\u8981\u8f15\u8ce4\u50b3\u7d71\u8207\u672c\u571f"}, {"type": 0, "id": "peterwww", "content": ": \u4e0d\u8981\u518d\u4e82\u626f\u5e73\u6b0a \u591a\u5143 \u6b67\u8996"}, {"type": 0, "id": "monitor", "content": ": \u81f3\u5c11\u8d0f100-300\u842c\u7968\u5427"}, {"type": 0, "id": "yulis", "content": ": \u5ba3\u5e03\u9000\u6a94\u6642\u7f75\u90a3\u9ebc\u96e3\u807d \u73fe\u5728\u53c8\u5728\u8e6d \u98df\u5c4e\u5587"}, {"type": -1, "id": "kylecamine", "content": ": \u5c0f\u82f1\u97d3\u90fd\u5477..."}, {"type": 0, "id": "peterwww", "content": ": \u8981\u8b1b\u9053\u7406 \u6211\u4f30\u8a0850-70\u842c"}, {"type": 0, "id": "peterwww", "content": ": \u4e2d\u90e8\u5927\u52dd"}, {"type": -1, "id": "CityHunter17", "content": ": \u5922\u88cf\u4ec0\u9ebc\u90fd\u6709"}, {"type": 1, "id": "Musclefeng", "content": ": \u90ed\u7c89\u4e0d\u6703\u53bb\u6295\u7d66\u667a\u969c"}, {"type": 0, "id": "peterwww", "content": ": \u5317\u90e8\u8ddf\u4e2d\u90e8\u5dee\u4e0d\u591a   \u5357\u90e8\u5c0f\u8f38"}, {"type": 0, "id": "peterwww", "content": ": \u71b1\u60c5\u5e0c\u671b\u80fd\u7834\u7368\u7da0\u6182\u9b31"}, {"type": 1, "id": "s655131", "content": ": \u6709\u6731\u5927\u8a18\u8005\u51fa\u6c92?"}, {"type": -1, "id": "peterqoo", "content": ": \u9ad8\u96c4\u4eba\u88ab\u4f5c\u8ce4\u5982\u6b64\uff0c\u9084\u53ef\u8d0f30\u842c\uff0c\u5446"}, {"type": 1, "id": "peterwww", "content": ": \u7368\u7da0 \u7d42\u65bc\u3002\u4e2d\u83ef\u6c11\u570b\u7d42\u65bc\u91cd\u73fe\u9752\u5929\u767d\u65e5"}, {"type": 1, "id": "ddss", "content": ": \u4e0d\u662f\u8d0f10\u5104\u7968\uff1f\u90a3\u80af\u5b9a\u662f\u5047\u65b0\u805e"}, {"type": 1, "id": "bread220", "content": ": \u7b11\u6b7b\uff0c\u624d10\u523030\u800c\u5df2\uff0c\u6703\u4e0d\u6703\u592a\u5c0f\u770b\u81f3\u9ad8"}, {"type": 0, "id": "bread220", "content": ": \u7121\u4e0a\u7684\u97d3\u7e3d\u554a\uff1f"}, {"type": 1, "id": "jexcel", "content": ": \u7b11\u6b7b\u4eba\u3002\u7da0\u86c6\u5c31\u5225\u4e1f\u4eba\u73fe\u773c\u4e86"}, {"type": 1, "id": "yusuekei", "content": ": \u6436\u6551\u5c0f\u82f1\uff01\uff01"}, {"type": -1, "id": "steven0503", "content": ": \u5730\u65b9\u57f7\u653f\u512a\u52e2 \u7d50\u679c\u6700\u5f8c\u5e7e\u540d\u662f\u8ab0\u554a"}, {"type": 0, "id": "chunglee", "content": ": \u592a\u5c0f\u770b\u97d3\u4e86\uff0c\u81f3\u5c11\u8d0f\u5c0f\u83f8200\u842c\u7968\u8d77\u8df3"}, {"type": -1, "id": "god123456789", "content": ": \u95dc\u9375\u5728\u65bc\u5c0f\u718a\u7dad\u5c3c\uff08\u9078\u6211\u6b63\u89e3"}, {"type": -1, "id": "Canneth", "content": ": \u90ed\u53f0\u9298\u4e0d\u9078\u7684\u539f\u56e0\u5c31\u662f\u8981\u4e0b\u67b6\u97d3\u570b\u745c\u597d\u55ce\uff1f"}, {"type": 1, "id": "wylscott", "content": ": KMT\u4e0a\u6b21\u5927\u9078\u524d\u597d\u50cf\u4e5f\u662f\u9019\u6a23\u50ac\u7720\u81ea\u5df1"}, {"type": 0, "id": "chibida", "content": ": \u90ed\u4e0d\u9078\uff0c\u660e\u5e74\u4e0d\u6295\uff0c\u97d3\u7c89\u62b1\u6b49\u56c9"}, {"type": -1, "id": "sunblues", "content": ": \u90ed\u7c89\u4e0d\u6703\u9019\u9ebc\u4f5c\u8ce4\u81ea\u5df1\u6295\u7d66\u97d3"}, {"type": 0, "id": "donotggyy", "content": ": \u7f75\u6210\u9019\u6a23\u597d\u610f\u601d\u53eb\u934b\u7c89\u6295\u97d3"}, {"type": 0, "id": "kkoo5888", "content": ": \u4e1f\u4e86\u5e02\u9577\u53c8\u9078\u4e0d\u4e0a\u7e3d\u7d71"}, {"type": -1, "id": "TWkiller", "content": ": \u8521\u4e0d\u53ef\u80fd\u8d0f\u5566\uff0c\u67ef\u97d3\u90ed\u7684\u7968\u52a0\u8d77\u4f86\u6d77\u653e"}, {"type": 0, "id": "rvuu", "content": ": \u4f60\u544a\u8a34\u6211  \u6709\u54ea\u4e00\u500b\u7e3d\u7d71  \u9023\u7e8c\u4e09\u5e74\u6c92\u98b1\u98a8\u707d"}, {"type": 0, "id": "rvuu", "content": ": \u4f60\u544a\u8a34\u6211  \u6709\u54ea\u4e00\u500b\u7e3d\u7d71  \u9023\u7e8c\u4e09\u5e74\u6c92\u98b1\u98a8\u707d"}, {"type": 0, "id": "rvuu", "content": ": \u7e3d\u7d71  \u4e0d\u662f\u6bcf\u4eba\u90fd\u5920\u683c\u7684"}, {"type": 0, "id": "vodkalime607", "content": ": \u8d0f\u9019\u9ebc\u5c11? \u4ee3\u8868\u85cd\u71df\u8a8d\u70ba\u4e0d\u6a02\u89c0\u4e86~"}, {"type": 1, "id": "nega883100", "content": ": \u770b\u67ef\u7c89\u6c92\u6709\u55ce"}, {"type": 1, "id": "bearKQG", "content": ": \u7a69\u5230\u4e0d\u884c"}, {"type": -1, "id": "Swerhin", "content": ": \u6211\u4e0d\u60f3\u60b2\u89c0\u4f46\u90ed\u7c89\u611f\u89ba\u5c31\u662f\u85cd\u8272\u6216\u7d93\u6fdf\u81f3\u4e0a"}, {"type": 0, "id": "kixer2005", "content": ": \u4f60\u723d\u5c31\u597d  \u7d66\u4f60\u8d0f500\u842c\u7968\u597d\u4e0d\u597d"}, {"type": -1, "id": "realivy", "content": ": \u597d\u5594"}, {"type": -1, "id": "clotilde", "content": ": \u81ea\u4ee5\u70ba"}, {"type": 0, "id": "clotilde", "content": ": \u53ea\u8981\u97d3\u8349\u5305\u843d\u9078 \u8ab0\u9078\u4e0a\u90fd\u7121\u6240\u8b02"}, {"type": 0, "id": "kimiboy", "content": ": \u5b8c\u5168\u6c92\u611f\u53d7\u5230\u57f7\u653f\u512a\u52e2 \u8d77\u78bc\u53f0\u4e2d\u7121\u611f"}, {"type": 1, "id": "smileswan", "content": ": \u5225\u50bb\u4e86\uff0c\u96d6\u7136\u4e0d\u6703\u53bb\u6295\u5c0f\u83f8\uff0c\u7e3d\u6a5f\u60f3\u7576\u9078"}, {"type": 0, "id": "smileswan", "content": ": \u8ddf\u963f\u5a46\u751f\u56dd\u4ed4\u4e00\u6a23\u96e3\u5566\u3002"}, {"type": 1, "id": "faker007", "content": ": \u90ed\u7c89\u662f\u5047\u8b70\u984c"}, {"type": 0, "id": "popcorn206", "content": ": 10\u842c\u7968\u5f88\u7a69\uff1f\u7e3d\u79681400\u842c\u4e0a\u4e0b\u8036"}, {"type": -1, "id": "cosmo690122", "content": ": \u6797\u5317\u67ef\u7c89\u53ea\u6295\u653f\u9ee8\u7968\uff0c\u53eb\u97d3\u6efe\u9060\u9ede"}, {"type": 1, "id": "jzasd22", "content": ": \u592a\u68d2\u4e86 \u6211\u8981\u7d66\u53f0\u7063\u4eba\u6559\u8a13"}, {"type": 1, "id": "archer67", "content": ": \u4e00\u96bb\u81ed\u87f2\u662f\u8981\u6574\u5408\u500b\u5c41"}, {"type": 0, "id": "DeadKaster", "content": ": \u5f88\u68d2 \u5750\u7b49\u4e94\u661f\u65d7\u4f86\u53f0\u7063\u628a\u652f\u90a3\u6c11\u570b\u9001\u9032"}, {"type": 0, "id": "DeadKaster", "content": ": \u96c6\u4e2d\u71df \u767c\u5927\u8ca1\u4ea1\u9053"}, {"type": 1, "id": "vancent", "content": ": https://i.imgur.com/xIidpEL.jpg"}, {"type": 1, "id": "cutesnow", "content": ": \u53bb\u554f\u554f\u88ab\u97d3\u7c89\u7684\u90ed\u7c89\u9858\u4e0d\u9858\u610f\u88ab\u6574\u5408"}, {"type": 0, "id": "cutesnow", "content": ": \u6253"}, {"type": 1, "id": "garone", "content": ": \u570b\u6c11\u9ee8\u8aaa\u300c\u95dc\u9375\u5728\u90ed\u7c89\u6d41\u5411\u300d\uff0c\u90ed\u8463\u807d\u597d\u4e86"}, {"type": 0, "id": "garone", "content": ": \u6c92\uff1f\u8981\u662f\u97d3\u8f38\u4e86\u7684\u8a71..."}, {"type": -1, "id": "PTIMIKE", "content": ": \u7a69\u4e0a\u7684\uff0c\u4e0d\u6562\u8fad"}, {"type": 0, "id": "emohann", "content": ": \u90ed\u7c89\u767d\u7c89\u97d3\u7c89\u90fd\u662f9.2\u8214\u5171\u72d7"}, {"type": 1, "id": "slutyboy", "content": ": \u771f\u662f\u500b\u5927\u8a71\u5bb6\uff0c\u5c31\u7b97\u8aaa\u6703\u8d0f10-30\u7968\u6211\u90fd"}, {"type": 0, "id": "slutyboy", "content": ": \u4e0d\u4fe1"}, {"type": -1, "id": "sng1114", "content": ": \u4ed6\u5011\u5230\u5e95\u54ea\u88e1\u4f86\u7684\u81ea\u4fe1?"}, {"type": 1, "id": "tytyty", "content": ": \u7b11\u6b7b\u4eba\u3002\u7da0\u5171\u5c31\u5225\u4e1f\u4eba\u73fe\u773c\u4e86"}, {"type": -1, "id": "twlight2013", "content": ": \u97d3\u5171\u51fa\u5f81 \u5bf8\u8349\u4e0d\u751f"}, {"type": 1, "id": "charlie2010", "content": ": \u975e\u90ed\u4e0d\u6295\uff0c\u9670\u56ca\u81c9\u5403\u5c4e"}, {"type": 0, "id": "yihao", "content": ": \u505a\u5922"}, {"type": 1, "id": "xien721", "content": ": \u97d3\u5c0e\u7a69\u4e86 \u6211\u89ba\u5f97\u9084\u5c11\u4f30\u7b97\u4e86\u5462 \u7968\u662f\u4e0d\u662f\u9084"}, {"type": 0, "id": "xien721", "content": ": \u5c11\u7b97\u4e86 \u9019\u9ebc\u770b\u4e0d\u8d77\u6211\u5011\u97d3\u7e3d"}, {"type": 1, "id": "atsea", "content": ": \u97d3\u5c0e\u9084\u5728\u60f3\u90ed\u8463\u5e74\u8f15\u4eba\u7684\u7968\uff1f\u5e02\u653f\u641e\u597d\u518d\u8aaa\u5427"}, {"type": 0, "id": "atsea", "content": ":  \u5230\u505a\u4e86\u4ec0\u9ebc\u4e8b  \u6469\u5929\u8f2a\u53c3\u52a0\u5ee0\u5546\u516c\u4f48\u4e86\u55ce\uff1f"}, {"type": 0, "id": "atsea", "content": ": \u4ec0\u9ebc\u6642\u5019\u8a55\u4f30\u8a08\u5283\u624d\u6703\u51fa\u4f86"}], "post_ip": "49.216.50.119", "post_content": "\n\u97d3\u9663\u71df\u4f30\u8d0f10\u81f330\u842c\u7968\uff1f\u3000\u570b\u6c11\u9ee8\uff1a\u95dc\u9375\u5728\u90ed\u7c89\u6d41\u5411\n\n\n\u9d3b\u6d77\u5275\u8fa6\u4eba\u90ed\u53f0\u9298\u5ba3\u5e03\u4e0d\u53c3\u90782020\u7e3d\u7d71\u5927\u9078\u9023\u7f72\uff0c\u8b93\u85cd\u71df\u6574\u5408\u91cd\u73fe\u66d9\u5149\u3002\u6709\u5831\u5c0e\u6307\u51fa\uff0c\u97d3\n\u71df\u521d\u6b65\u8a55\u4f30\uff0c\u7121\u8ad6\u662f\u85cd\u7da0\u5c0d\u6c7a\u6216\u52a0\u4e0a\u7368\u6d3e\u5442\u79c0\u84ee\u7684\u4e09\u8173\u7763\uff0c\u9ad8\u96c4\u5e02\u9577\u97d3\u570b\u745c\u53ef\u8d0f\u7e3d\u7d71\u8521\u82f1\n\u658710\u842c\u81f330\u842c\u7968\u3002\u5c0d\u6b64\uff0c\u9ee8\u52d9\u4eba\u58eb\u8868\u793a\uff0c\u73fe\u968e\u6bb5\u97d3\u570b\u745c\u7684\u6c11\u8abf\u843d\u5f8c\u8521\u82f1\u6587\uff0c\u8981\u7ffb\u8f49\u7684\u95dc\u9375\n\u5728\u65bc\u90ed\u53f0\u9298\u652f\u6301\u8005\u7684\u6d41\u5411\uff0c\u82e5\u80fd\u6210\u529f\u6574\u5408\u300c\u90ed\u7c89\u300d\uff0c\u5c0d\u97d3\u570b\u745c\u7684\u9078\u60c5\u5c07\u6703\u662f\u4e00\u5927\u9032\u88dc\u3002\n\n\n\u6709\u5a92\u9ad4\u5831\u5c0e\u6307\u51fa\uff0c\u97d3\u9663\u71df\u91cd\u8981\u5e79\u90e8\u5206\u6790\uff0c\u524d\u6bb5\u671f\u9593\u6709\u6c11\u8abf\u6307\u51fa\uff0c\u85cd\u7da0\u5c0d\u6c7a\u4e0d\u5229\u97d3\u570b\u745c\uff0c\u5176\n\u5be6\u662f\u62f1\u90ed\u53f0\u9298\u7684\u64cd\u4f5c\uff1b\u4ee5\u53bb\u5e74\u5e95\u5404\u7e23\u5e02\u85cd\u7da0\u5c0d\u6c7a\u5f97\u7968\u521d\u4f30\uff0c\u90ed\u8463\u82e5\u4e0d\u5e6b\u97d3\uff0c\u4e5f\u4e0d\u6703\u5e6b\u8521\uff0c\n\u5373\u4f7f\u8521\u653f\u5e9c\u6709\u4e2d\u592e\u57f7\u653f\u512a\u52e2\uff0c\u85cd\u71df\u4e5f\u670915\u7e23\u5e02\u5730\u65b9\u57f7\u653f\u512a\u52e2\uff0c22\u7e23\u5e02\u6574\u9ad4\u8d0f\u7d0410\u81f330\u842c\u7968\n\u3002\n\n\n\u9ee8\u52d9\u4eba\u58eb\u8868\u793a\uff0c\u8fd1\u5169\u500b\u6708\u9078\u8209\u7126\u9ede\u662f\u570b\u6c11\u9ee8\u5167\u4e82\uff0c\u97d3\u570b\u745c\u4e5f\u4e0d\u65b7\u88ab\u6aa2\u8996\uff0c\u53cd\u5012\u57f7\u653f\u7684\u8521\u82f1\n\u6587\u672a\u53d7\u5230\u56b4\u53b2\u6aa2\u9a57\uff1b\u5982\u4eca\u90ed\u53f0\u9298\u68c4\u9078\uff0c\u9ee8\u5167\u9081\u5411\u6574\u5408\u968e\u6bb5\uff0c\u4f46\u8981\u7ffb\u8f49\u6c11\u8abf\u7684\u95dc\u9375\u5728\u65bc\u90ed\u53f0\n\u9298\u652f\u6301\u8005\u7684\u6d41\u5411\uff0c\u82e5\u80fd\u6210\u529f\u6574\u5408\u300c\u90ed\u7c89\u300d\uff0c\u5c0d\u97d3\u570b\u745c\u7684\u9078\u60c5\u5c07\u6703\u662f\u4e00\u5927\u9032\u88dc\u3002\n\n\n\u570b\u6c11\u9ee8\u7d44\u767c\u6703\u4e3b\u59d4\u674e\u54f2\u83ef\u5247\u6307\u51fa\uff0c\u6c11\u8abf\u8d77\u8d77\u4f0f\u4f0f\uff0c\u53cd\u61c9\u7684\u662f\u793e\u6703\u7576\u6642\u7684\u6c1b\u570d\uff0c\u4f46\u97d3\u570b\u745c\u7684\n\u5f88\u591a\u652f\u6301\u8005\uff0c\u4e8b\u5be6\u4e0a\u53ef\u80fd\u662f\u5728\u6c11\u8abf\u6c92\u8fa6\u6cd5\u6e2c\u5230\u7684\uff0c\u5f9e\u904e\u53bb\u7684\u5e7e\u5834\u7684\u9020\u52e2\u52d5\u54e1\u4f86\u8b1b\uff0c\u300c\u975e\u50b3\n\u7d71\u5f0f\u52d5\u54e1\u90fd\u53ef\u4ee5\u90a3\u9ebc\u591a\u4eba\u4e86\u300d\uff0c\u9019\u500b\u57fa\u672c\u4e0a\u5c0d\u570b\u6c11\u9ee8\u7684\u9078\u60c5\u662f\u6709\u5f88\u5927\u7684\u4fe1\u5fc3\u3002\n\n\n\u674e\u54f2\u83ef\u8aaa\uff0c\u76ee\u524d\u6574\u9ad4\u5340\u57df\u806f\u5408\u4f5c\u6230\u90fd\u5df2\u7d93\u555f\u52d5\uff0c\u6628\u5929\u5728\u6843\u7af9\u82d7\uff0c\u4eca\u5929\u5230\u4e2d\u5f70\u6295\uff0c\u79ae\u62dc\u4e94\u4e5f\n\u8981\u5230\u9ad8\u5c4f\uff0c\u4e00\u9023\u4e32\u628a\u9019\u500b\u7af6\u9078\u3001\u52a9\u9078\u3001\u8f14\u9078\u7684\u4e09\u500b\u9ad4\u7cfb\u505a\u4e00\u500b\u5f37\u529b\u7684\u6574\u5408\u3002\n\n\n\u97d3\u570b\u745c\u7af6\u9078\u8fa6\u516c\u5ba4\u767c\u8a00\u4eba\u4f55\u5ead\u6b61\u8868\u793a\uff0c\u4e00\u65b9\u9762\u63a8\u51fa\u653f\u7b56\uff0c\u5438\u5f15\u8207\u722d\u53d6\u9078\u6c11\u8a8d\u540c\uff0c\u53e6\u4e00\u65b9\u9762\n\u4e5f\u52aa\u529b\u6574\u5408\u6240\u6709\u85cd\u71df\u52e2\u529b\uff0c\u5171\u540c\u634d\u885b\u4e2d\u83ef\u6c11\u570b\u7684\u672a\u4f86\uff0c\u671d\u5411\u300c\u4e0b\u67b6\u300d\u7684\u76ee\u6a19\u3002\u76ee\u524d\u5c0d\u65bc\u9078\n\u60c5\uff0c\u4e00\u6b65\u4e00\u8173\u5370\u722d\u53d6\u8a8d\u540c\u8207\u652f\u6301\u3002\u4f30\u7968\u53ea\u662f\u4e00\u7a2e\u9078\u60c5\u8a55\u4f30\u7684\u65b9\u5f0f\uff0c\u6703\u4f5c\u70ba\u9078\u6230\u7b56\u7565\u7684\u6aa2\u8a0e\n\uff0c\u4f46\u4e0d\u6703\u5f71\u97ff\u65e2\u5b9a\u7684\u9078\u8209\u6b65\u8abf\u3002\n\n\n\n\u8a18\u8005\u5f90\u653f\u74bf\uff0f\u53f0\u5317\u5831\u5c0e\n\nhttps://www.ettoday.net/news/20190918/1538247.htm\n\n--\n"}