{"ptt_id": "tony900735", "post_url": "https://www.ptt.cc/bbs/Gossiping/M.1562332303.A.534.html", "post_type": "\u65b0\u805e", "post_title": "\u53f0\u7063\uff1a\u4e00\u500b\u96a8\u6642\u3001\u4e0d\u505c\u9053\u6b49\u7684\u5cf6\u5dbc", "post_time": "2019-07-05 21:11:39", "post_score": -3, "post_pushes": [{"type": -1, "id": "wz70403", "content": ": \u4e94\u6a13\u6bcf\u6b21\u88ab\u809b\u4e5f\u6703\u9053\u6b49"}, {"type": 0, "id": "flux", "content": ": \u6211\u90fd\u8aaa\u5e79\u60a8\u5a18"}, {"type": -1, "id": "flavorBZ", "content": ": \u9053\u6797\u8001\u6728"}, {"type": 0, "id": "kiminocodo", "content": ": \u84cb"}, {"type": 0, "id": "m21423", "content": ": \u3059\u307f\u307e\u305b\u3093"}, {"type": 0, "id": "flavorBZ", "content": ": \u7f8e\u570b\u6574\u5929\u5728\u570b\u5916\u6bba\u4eba\u90fd\u4e0d\u9053\u6b49\uff0c\u7d50\u679c\u88ab\u98db"}, {"type": 0, "id": "airswalker", "content": ": \u6ec5\u4fee\u5e79\u9b54"}, {"type": 0, "id": "flavorBZ", "content": ": \u6a5f\u649e"}, {"type": -1, "id": "heinztzeng", "content": ": \u5728\u570b\u5916\u4e5f\u5e38\u5e38excuse me \u597d\u55ce\uff1f \u6709\u4e9b\u4eba"}, {"type": 1, "id": "silencemars", "content": ": \u67ef\u6587\u54f2\u9053\u6b49\u5566"}, {"type": 0, "id": "heinztzeng", "content": ": \u6253\u5674\u568f\u5b8c\u4e5f\u6703\u8aaa"}, {"type": 1, "id": "pizzafan", "content": ": \u6cd5\u570b\u5abd\u5abd\u770b\u9577\u69ae\u822a\u7f77\u5de5\uff1a\u722d\u53d6\u6b0a\u5229\u662f\u6b63\u5e38"}, {"type": 0, "id": "pizzafan", "content": ":        \uff0c\u53f0\u7063\u4eba\u5f9e\u4f86\u4e0dsay no\u624d\u662f\u53cd\u5e38\uff01"}, {"type": -1, "id": "chuegou", "content": ": 2018\u5e74\u7684\u6587 \u52a0\u6cb9\u597d\u55ce"}, {"type": 1, "id": "popy8789", "content": ": \u4e2d\u570b\u6574\u5929\u89aa\u624d\u602a\u5427"}, {"type": 1, "id": "BlackBass", "content": ": \u8eab\u800c\u70ba\u53f0\u7063\u4eba \u6211\u611f\u5230\u4e0d\u597d\u610f\u601d"}, {"type": -1, "id": "CS5566", "content": ": \u4e0d\u597d\u610f\u601d  \u53ef\u4ee5\u5653\u55ce?"}, {"type": -1, "id": "deepdish", "content": ": \u3054\u3081\u3093\u306d"}, {"type": 0, "id": "DareJ", "content": ": \u54ea\u88e1\u4e0d\u597d\u7ffb"}, {"type": -1, "id": "shinmoner", "content": ": \u7121\u804a\u7684\u7814\u7a76"}, {"type": 1, "id": "peiring", "content": ": \u4e0d\u597d\u610f\u601d\u7ffb\u6210\u5c0d\u4e0d\u8d77\u5176\u5be6\u4e0d\u592a\u5c0d"}, {"type": -1, "id": "yasuatptt", "content": ": \u4ec0\u9ebc\u5e7b\u60f3\u6587"}, {"type": -1, "id": "SSSONIC", "content": ": \u7576\u4f5c\u767c\u8a9e\u8a5e \u6839\u672c\u6c92\u90a3\u500b\u610f\u601d\u597d\u55ce"}, {"type": 1, "id": "libelant", "content": ": \u79ae\u8c8c\u570b\u539f\u5247"}, {"type": -1, "id": "saluy", "content": ": \u90fd\u76f4\u63a5\u8b1b\u300c\u6efe\u300d"}, {"type": 1, "id": "farnorth", "content": ": \u4e5f\u6c92\u5e7e\u500b\u4e16\u7d00\uff0c\u53f0\u7063\u6587\u5316\u5f62\u6210\u5f88\u665a\u8fd1\uff0c\u81f3"}, {"type": 0, "id": "farnorth", "content": ": \u5c11\u53f0\u7063\u4eba\u767c\u73fe\u81ea\u5df1\u662f\u53f0\u7063\u4eba\u6642\u9593\u5f88\u665a"}, {"type": 1, "id": "elainakuo", "content": ": \u9019\u6a23\u7a31\u8b9a \u6211\u5f88\u4e0d\u597d\u610f\u601d"}, {"type": -1, "id": "vwpassat", "content": ": \u674e\u5e2b\u79d1\uff1a\u4e0d\u597d\u610f\u601d\uff0c\u628a\u9322\u90fd\u4ea4\u51fa\u4f86\u3002"}], "post_ip": "42.72.131.46", "post_content": "\n\u4f86\u6e90\uff1aBBC\u4e2d\u6587\nhttps://bbc.in/2XojiRf\n\u962e\u857eLeslie Nguyen-Okwu\n\n\u674e\u96f2\u8f09\uff08Yun-Tzai Lee\uff09\u548c\u9673\u55ac\u5b89\uff08Joanne Chen\uff09\u592b\u5a66\u662f\u4e00\u5c0d\u751c\u5230\u6389\u7259\u7684\u60c5\u4fb6\uff0c\u4ed6\u5011\u5f7c\n\u6b64\u6df1\u6df1\u4e86\u89e3\uff0c\u727d\u624b\u6642\u5341\u6307\u7dca\u63e1\uff0c\u53ef\u611b\u6975\u4e86\u3002\u5118\u7ba1\u674e\u5148\u751f\u5c0d\u672a\u5a5a\u59bb\u9673\u5c0f\u59d0\u8209\u6b62\u89aa\u66b1\uff0c\u4f46\u8aaa\u51fa\n\u300c\u6211\u611b\u4f60\u300d\u9019\u4e09\u500b\u5b57\u537b\u4e26\u4e0d\u7c21\u55ae\u3002\u8a71\u5230\u5634\u908a\uff0c\u674e\u5148\u751f\u5c31\u6eff\u81c9\u901a\u7d05\u4e86\uff0c\u56e0\u70ba\u89ba\u5f97\u300c\u4e0d\u597d\u610f\u601d\n\u300d\u3002\u5728\u53f0\u7063\uff0c\u300c\u4e0d\u597d\u610f\u601d\u300d\u9019\u500b\u8a5e\u53ef\u7528\u65bc\u9053\u6b49\u6216\u662f\u8868\u9054\u5bb3\u7f9e\u4e4b\u60c5\u3002\n\n\u674e\u5148\u751f\u8aaa\uff1a\u300c\u5f88\u591a\u53f0\u7063\u4eba\u90fd\u6709\u540c\u611f\u3002\u300d\n\n\u6b61\u8fce\u4f86\u5230\u53f0\u7063\u9019\u500b\u9053\u6b49\u8a9e\u7684\u8907\u96dc\u4e4b\u5730\uff0c\u7c21\u55ae\u4e00\u53e5\u300c\u4e0d\u597d\u610f\u601d\u300d\u5c31\u8db3\u4ee5\u8b93\u4f60\u4e86\u89e3\u5404\u7a2e\u79ae\u7bc0\u3002\n\u9019\u500b\u8a5e\u7d44\u7531\u56db\u500b\u6f22\u5b57\u69cb\u6210\uff0c\u4f5c\u70ba\u4e00\u500b\u842c\u80fd\u8a5e\uff0c\u53ef\u4ee5\u5728\u5404\u7a2e\u60c5\u6cc1\u4e0b\u4f7f\u7528\uff0c\u6bd4\u5982\u79ae\u8c8c\u5730\u547c\u53eb\u670d\n\u52d9\u751f\uff0c\u8868\u9054\u5c0d\u8001\u95c6\u6df1\u6df1\u7684\u6b49\u610f\uff0c\u6216\u8005\u5728\u601d\u7dd2\u51cc\u4e82\u3001\u52aa\u529b\u544a\u767d\u6642\u3002\n\n\u7d10\u7d04\u5e03\u9b6f\u514b\u6797\u57ce\u5e02\u5927\u5b78\u6f22\u8a9e\u6559\u6388\u5f35\u5609\u5982\uff08Chia-ju Chang\uff09\u8aaa\uff1a\u300c\u53f0\u7063\u4eba\u5c07\u300e\u4e0d\u597d\u610f\u601d\u300f\n\u639b\u5728\u5634\u908a\u3002 \u56e0\u70ba\u53f0\u7063\u4eba\u8aaa\u8a71\u5f88\u6709\u79ae\u8c8c\uff0c\u6240\u4ee5\u7576\u6211\u5011\u6253\u65b7\u5225\u4eba\u6216\u5c0b\u6c42\u5e6b\u52a9\u6642\uff0c\u90fd\u6703\u8aaa\u300e\u4e0d\n\u597d\u610f\u601d\u300f\u3002\u6211\u5011\u751a\u81f3\u53ef\u4ee5\u7528\u300e\u4e0d\u597d\u610f\u601d\u300f\u4f86\u958b\u555f\u5c0d\u8a71\u3002\u300d\n\n\u53f0\u7063\u4eba\u8aaa\u300c\u4e0d\u597d\u610f\u601d\u300d\u8a9e\u901f\u5f88\u5feb\uff0c\u807d\u8d77\u4f86\u56db\u500b\u5b57\u7684\u767c\u97f3\u5e7e\u4e4e\u662f\u9023\u5728\u4e00\u8d77\u7684\u3002\u570b\u7acb\u53f0\u7063\u5927\u5b78\n\u4e2d\u6587\u7cfb\u6559\u5e2b\u694a\u6b50\u8207\u8aaa\u904e\uff0c\u8207\u5fb7\u8a9e\u7684\u300c\u5c0d\u4e0d\u8d77\u300d\uff08Entschuldigung\uff09\u6216\u82f1\u8a9e\u7684\u300c\u62b1\u6b49\u300d\uff08ex\ncuse me\uff09\u6982\u5ff5\u76f8\u6bd4\uff0c\u300c\u4e0d\u597d\u610f\u601d\u300d\u633a\u96e3\u7ffb\u8b6f\u7684\u3002\u897f\u65b9\u7684\u300c\u5c0d\u4e0d\u8d77\u300d\u6982\u5ff5\u7121\u6cd5\u8868\u9054\u6240\u6709\u7684\n\u793e\u6703\u7f8e\u5fb7\uff0c\u800c\u300c\u4e0d\u597d\u610f\u601d\u300d\u5305\u542b\u7684\u662f\u66f4\u5ee3\u6cdb\u7684\u793e\u6703\u79ae\u7bc0\u3002\u300c\u4e0d\u597d\u610f\u601d\u300d\u4e5f\u53ef\u4ee5\u662f\u4e00\u7a2e\u60c5\u7dd2\n\u3001\u4e00\u7a2e\u611f\u89ba\u3001\u4e00\u9805\u884c\u70ba\u51d6\u5247\uff0c\u6216\u8005\u662f\u53f0\u7063\u6587\u5316\u7684\u6574\u9ad4\u601d\u60f3\u57fa\u790e\u3002\n\n\u5728\u53f0\u5317\u642d\u6377\u904b\uff0c\u7576\u4e58\u5ba2\u5011\u5c0f\u5fc3\u7ffc\u7ffc\u5730\u5f9e\u5225\u4eba\u8eab\u65c1\u62bd\u8eab\u800c\u904e\uff0c\u53ef\u4ee5\u807d\u5230\u6b64\u8d77\u5f7c\u843d\u7684\u300c\u4e0d\u597d\u610f\n\u601d\u300d\uff1b\u8d70\u9032\u6559\u5ba4\uff0c\u80fd\u807d\u898b\u5b78\u751f\u63d0\u554f\u6642\uff0c\u4ee5\u300c\u4e0d\u597d\u610f\u601d\u300d\u958b\u982d\uff0c\u5e36\u8457\u4e00\u7d72\u6b49\u759a\u548c\u611f\u6fc0\u4e4b\u60c5\uff1b\n\u6253\u958b\u4e00\u5c01\u96fb\u5b50\u90f5\u4ef6\uff0c\u5373\u4f7f\u53ea\u662f\u5f88\u5c0f\u7684\u4e00\u4ef6\u4e8b\u60c5\uff0c\u300c\u4e0d\u597d\u610f\u601d\u300d\u4e5f\u7d93\u5e38\u51fa\u73fe\u5728\u7b2c\u4e00\u53e5\uff0c\u4ee3\u8868\n\u300c\u6253\u64fe\u60a8\u4e86\u300d\u7b49\u542b\u7fa9\uff1b\u800c\u5982\u679c\u6536\u5230\u89aa\u621a\u7684\u79ae\u7269\uff0c\u6b63\u78ba\u7684\u56de\u7b54\u4e0d\u662f\u300c\u8b1d\u8b1d\u300d\uff0c\u800c\u662f\u300c\u4e0d\u597d\u610f\n\u601d\u300d\uff0c\u8b93\u4f60\u7834\u8cbb\u4e86\u3002\n\n\u5c0d\u65bc\u4e0d\u77e5\u60c5\u7684\u4eba\u4f86\u8aaa\uff0c\u53f0\u7063\u4f3c\u4e4e\u662f\u5168\u4e16\u754c\u6700\u7661\u8ff7\u65bc\u9053\u6b49\u7684\u570b\u5bb6\uff0c\u4f46\u5176\u5be6\u300c\u4e0d\u597d\u610f\u601d\u300d\u6587\u5316\n\u4ee3\u8868\u4e86\u53f0\u7063\u4eba\u7684\u8b19\u865b\u548c\u5bb3\u7f9e\u3002\n\n\u570b\u7acb\u53f0\u7063\u5e2b\u7bc4\u5927\u5b78\u69ae\u4f11\u793e\u6703\u8a9e\u8a00\u5b78\u6559\u6388\u674e\u52e4\u5cb8\uff08Khin-huann Li\uff09\u8aaa\uff0c\u6b63\u5982\u4f60\u4eca\u5929\u6240\u770b\u5230\n\u548c\u807d\u5230\u7684\uff0c\u53f0\u7063\u7684\u9053\u6b49\u6587\u5316\u8ddf\u5e7e\u5341\u5e74\u7684\u65e5\u672c\u6b96\u6c11\u7d71\u6cbb\u4ee5\u53ca\u5112\u5bb6\u7684\u9053\u5fb7\u6559\u5316\u6709\u5f88\u5927\u95dc\u4fc2\u3002\u96d6\n\u7136\u4e0d\u77e5\u9053\"\u4e0d\u597d\u610f\u601d\"\u7684\u78ba\u5207\u8d77\u6e90\uff0c\u4f46\u674e\u6559\u6388\u548c\u5176\u4ed6\u8a9e\u8a00\u5b78\u5bb6\u8a8d\u70ba\uff0c\u5b83\u4e3b\u8981\u662f\u6578\u5343\u5e74\u5112\u5bb6\u548c\n\u8ae7\u601d\u60f3\u7684\u7522\u7269\u3002\u5112\u5bb6\u548c\u8ae7\u601d\u60f3\u7684\u4e2d\u5fc3\u662f\u7dad\u6301\u7fa4\u9ad4\u95dc\u4fc2\u800c\u4e0d\u662f\u500b\u4eba\u95dc\u4fc2\u3002\u4ed6\u5011\u8a8d\u70ba\uff0c\u4e0d\u60dc\u4e00\n\u5207\u4ee3\u50f9\u4fdd\u6301\u793e\u6703\u51dd\u805a\u529b\u4ecd\u7136\u662f\u53f0\u7063\u793e\u6703\u9053\u5fb7\u7684\u57fa\u77f3\uff1b\u5728\u53f0\u7063\uff0c\u5bb6\u65cf\u548c\u793e\u6703\u7684\u5229\u76ca\u5fc5\u9808\u653e\u5728\n\u500b\u4eba\u5229\u76ca\u4e4b\u4e0a\u3002\n\n\u6b64\u5916\uff0c\u53f0\u7063\u7684\u300c\u4e0d\u597d\u610f\u601d\u300d\u6587\u5316\uff0c\u4e5f\u90e8\u5206\u6df1\u53d7\u65e5\u672c\u7684sumimasen\uff08\u8b6f\u4f5c\u300c\u5c0d\u4e0d\u8d77\u300d\uff09\u9053\u6b49\n\u6587\u5316\u7684\u5f71\u97ff\uff0c\u5169\u8005\u6709\u8457\u6df1\u539a\u7684\u6b77\u53f2\u6df5\u6e90\u3002\n\n\u674e\u6559\u6388\u8aaa\uff1a\u300c\u7e3d\u800c\u8a00\u4e4b\uff0c\u8aaa\u300e\u4e0d\u597d\u610f\u601d\u300f\u7684\u7fd2\u6163\u7d93\u5e38\u53ef\u963b\u6b62\u77db\u76fe\u7684\u9032\u4e00\u6b65\u5347\u7d1a\u3002\u300d\n\n\u4ed6\u89e3\u91cb\u8aaa\uff1a\u300c\u50b3\u7d71\u7684\u53f0\u7063\u6587\u5316\u66f4\u52a0\u7d30\u81a9\uff0c\u66f4\u70ba\u4ed6\u4eba\u8457\u60f3\uff0c\u52aa\u529b\u8207\u4ed6\u4eba\u4fdd\u6301\u79ae\u8c8c\u7684\u95dc\u4fc2\u3002\u300d\n\n\u300c\u4e0d\u597d\u610f\u601d\u300d\u5ee3\u6cdb\u4f7f\u7528\uff0c\u4e00\u65b9\u9762\u71df\u9020\u4e86\u9806\u5f9e\u548c\u91cd\u79ae\u5100\u7684\u6587\u5316\u6c1b\u570d\uff0c\u53e6\u4e00\u65b9\u9762\u4e5f\u9ad4\u73fe\u4e86\u53f0\u7063\n\u4eba\u7121\u8207\u502b\u6bd4\u7684\u79ae\u7bc0\u3002\u5c0d\u4f86\u53f0\u7063\u65c5\u904a\u7684\u4eba\u4f86\u8aaa\uff0c\u9019\u5c31\u89e3\u91cb\u4e86\u70ba\u4ec0\u9ebc\u7528\u4e2d\u6587\u8aaa\u5c0d\u4e0d\u8d77\u5f88\u5bb9\u6613\u5c07\n\u4f60\u5e36\u5165\u8a9e\u7fa9\u8907\u96dc\u7684\u5f8c\u7e8c\u4ea4\u8ac7\u3002\u674e\u6559\u6388\u8aaa\uff1a\u300c\u5982\u679c\u6709\u7591\u554f\uff0c\u6bd4\u8f03\u5b89\u5168\u7684\u505a\u6cd5\u662f\u8aaa\u4e00\u53e5\u300e\u4e0d\u597d\n\u610f\u601d\u300f\uff1b\u4e0d\u904e\u5f88\u6709\u53ef\u80fd\u5c0d\u65b9\u4e5f\u6703\u8ddf\u4f60\u8aaa\u300e\u4e0d\u597d\u610f\u601d\u300f\u3002\u9019\u662f\u53f0\u7063\u672c\u571f\u4e0d\u8a00\u800c\u55bb\u7684\u898f\u5247\u3002\u300d\n\n\u674e\u6559\u6388\u9084\u8a8d\u70ba\uff0c\u9019\u7a2e\u6587\u5316\u7684\u6587\u5316\u662f\u53f0\u7063\u7368\u6709\u7684\uff0c\u4e26\u4e0d\u5b58\u5728\u65bc\u5176\u5b83\u83ef\u8a9e\u5730\u5340\uff1b\u96d6\u7136\u5728\u53f0\u7063\u7684\n\u8857\u9053\u4e0a\u80fd\u807d\u5230\u6b64\u8d77\u5f7c\u4f0f\u7684\"\u4e0d\u597d\u610f\u601d\"\uff0c\u4f46\u5728\u4e2d\u570b\u5927\u9678\u6216\u8005\u99ac\u4f86\u897f\u4e9e\uff0c\u7531\u65bc\u4e0d\u50cf\u53f0\u7063\u90a3\u6a23\u63a8\n\u5d07\u79ae\u8c8c\u4fee\u8fad\uff0c\u5c31\u4e0d\u5e38\u807d\u5230\u985e\u4f3c\u7684\u300c\u4e0d\u597d\u610f\u601d\u300d\u3002\n\nInterNations\u767c\u4f48\u7684\u5916\u7c4d\u4eba\u58eb\u8abf\u67e5\u986f\u793a\uff0c\u53f0\u7063\u9023\u7e8c\u88ab\u8a55\u70ba\u4e16\u754c\u4e0a\u6700\u53cb\u597d\u7684\u5730\u5340\u4e4b\u4e00\u3002\u5927\u7d04\n90\uff05\u5b9a\u5c45\u53f0\u7063\u7684\u5916\u7c4d\u4eba\u58eb\u5c0d\u7576\u5730\u4eba\u7684\u5f85\u5ba2\u4e4b\u9053\u8a55\u5206\u5f88\u9ad8\uff0c\u800c\u5176\u5b83\u5730\u5340\u7684\u9019\u500b\u6bd4\u4f8b\u5e73\u5747\u70ba65\n\uff05\u3002\u9019\u4efd\u5c0d\u5168\u740312,500\u591a\u540d\u53d7\u8a2a\u8005\u7684\u8abf\u67e5\u986f\u793a\uff0c\u73fe\u5728\u6709\u8d85\u904e\u4e09\u5206\u4e4b\u4e00\u7684\u5728\u53f0\u5916\u7c4d\u4eba\u58eb\u6b63\u8003\n\u616e\u5728\u9019\u500b\u592a\u5e73\u6d0b\u5c0f\u5cf6\u4e0a\u5b9a\u5c45\u3002\u5438\u5f15\u4eba\u5011\u4f86\u5230\u53f0\u7063\u9019\u5ea7\u9b31\u9b31\u8471\u8471\u7684\u71b1\u5e36\u5cf6\u5dbc\u7684\u79d8\u5bc6\u5176\u5be6\u4e00\u9ede\n\u4e5f\u4e0d\u795e\u79d8\u2014\u2014\u53ea\u662f\u79ae\u8c8c\u548c\u53cb\u597d\u3002\n\n\u7136\u800c\uff0c\u5bb6\u5728\u6e2f\u53e3\u57ce\u5e02\u9ad8\u96c4\uff0c\u4eca\u5e7425\u6b72\u7684\u85e5\u5291\u5e2b\u5c24\u5091\u5982\u8aaa\uff0c\u53f0\u7063\u5728\u53cb\u5584\u65b9\u9762\u4e16\u754c\u9818\u5148\u7684\u7f8e\u597d\n\u5f62\u50cf\u53ef\u80fd\u662f\u865b\u5047\u7684\uff0c\u6216\u8005\u81f3\u5c11\u4e0d\u662f\u5b8c\u5168\u5982\u6b64\u3002\u4e0d\u5f97\u5df2\u59d4\u5c48\u81ea\u5df1\uff0c\u70ba\u4e86\u829d\u9ebb\u5c0f\u4e8b\u800c\u9053\u6b49\uff0c\u6709\n\u6642\u751a\u81f3\u95dc\u4e4e\u500b\u4eba\u5c0a\u56b4\uff0c\u6700\u7d42\u53ef\u80fd\u6703\u9069\u5f97\u5176\u53cd\u9020\u6210\u66f4\u5927\u7684\u50b7\u5bb3\u3002\u8af7\u523a\u7684\u662f\uff0c\u8a62\u554f\u5225\u4eba\u81ea\u5df1\u80fd\n\u5426\u505a\u4ec0\u9ebc\u4e8b\u3001\u8aaa\u4ec0\u9ebc\u8a71\u3001\u96e2\u958b\u54ea\u88cf\u3001\u53bb\u54ea\u88cf\uff0c\u53ef\u80fd\u66f4\u591a\u662f\u7d66\u81ea\u5df1\u627e\u66f4\u591a\u7684\u9ebb\u7169\u3002\n\n\u5c24\u5091\u5982\u8aaa\uff1a\u300c\u7576\u6709\u6c42\u65bc\u5225\u4eba\u7684\u6642\u5019\uff0c\u53f0\u7063\u4eba\u6703\u7d93\u5e38\u4f7f\u7528\u300e\u4e0d\u597d\u610f\u601d\u300f\u4f5c\u70ba\u958b\u5834\u767d\uff0c\u5c48\u5c0a\u8eab\n\u4efd\u4f86\u5c0b\u6c42\u5e6b\u52a9\u3002\u300d\n\n\u4e8b\u5be6\u4e0a\uff0c\u4ed6\u63a5\u53d7\u63a1\u8a2a\u7684\u6642\u5019\u9084\u6c92\u4f86\u5f97\u53ca\u60f3\u5c31\u5df2\u7d93\u611f\u89ba\u6709\u9ede\"\u4e0d\u597d\u610f\u601d\"\u4e86 \uff0d \u5c0d\u65bc\u88ab\u63a1\u8a2a\u9019\n\u4ef6\u4e8b\u60c5\u611f\u5230\u5bb3\u7f9e\u3002\n\n\u300c\u8a00\u4e0d\u7531\u8877\u300d\uff1f\n\n\u300c\u8981\u9762\u5b50\u300d\u5728\u53f0\u7063\u662f\u4e00\u500b\u5927\u554f\u984c\u3002\u8a66\u60f3\u5982\u6b64\u4e00\u500b\u793e\u4ea4\u683c\u5c40 \uff0d \u6bcf\u500b\u4eba\u7684\u4e00\u6b65\u90fd\u6703\u5f71\u97ff\u4f60\u7684\n\u4e0b\u4e00\u6b65\u3002\u5728\u9019\u7a2e\u60c5\u6cc1\u4e0b\uff0c\u9762\u5b50\u5c31\u662f\u4e00\u7a2e\u793e\u4ea4\u8ca8\u5e63\uff0c\u5b83\u53ef\u4ee5\u8b93\u4f60\u7d50\u4ea4\u670b\u53cb\u4e26\u5efa\u7acb\u8077\u5834\u4eba\u8108\uff0c\n\u9019\u4e9b\u6709\u52a9\u65bc\u4f60\u5b8c\u6210\u4e00\u500b\u5927\u9805\u76ee\u3001\u62c9\u4f86\u4e00\u7b46\u5c0d\u4f60\u516c\u53f8\u7684\u6295\u8cc7\uff0c\u751a\u81f3\u662f\u9047\u898b\u4f60\u672a\u4f86\u7684\u59bb\u5b50\u3002\u5982\n\u679c\u6c92\u6709\u300c\u9762\u5b50\u300d\uff0c\u4eba\u5011\u5c31\u4e0d\u592a\u53ef\u80fd\u4fe1\u4efb\u4f60\uff0c\u5e6b\u52a9\u4f60\u5728\u751f\u6d3b\u4e2d\u53d6\u5f97\u6210\u529f\u3002\u6700\u7d42\u76ee\u7684\u662f\u4fdd\u8b77\u81ea\n\u5df1\u3001\u4f60\u7684\u81ea\u6211\u5f62\u50cf\u548c\u5c0a\u56b4\uff0c\u4e26\u901a\u904e\u56de\u5831\u4ed6\u4eba\u7684\u5584\u8209\u4f86\u8a0e\u597d\u4ed6\u4eba\u3002\n\n\u9019\u5c31\u662f\u70ba\u4ec0\u9ebc\u53f0\u7063\u4eba\u53cd\u5c0d\u3001\u4e5f\u4e00\u76f4\u52aa\u529b\u907f\u514d\u885d\u7a81\uff0c\u4e0d\u60dc\u4e00\u5207\u4ee3\u50f9\u7dad\u8b77\u548c\u8ae7\u7a69\u5b9a\u7684\u5c40\u52e2\u3002\u4f46\n\u662f\uff0c\u56b4\u683c\u9075\u5b88\u9019\u500b\u9053\u5fb7\u51d6\u5247\u6703\u767c\u751f\u4ec0\u9ebc\u504f\u5dee\u5462\uff1f\u4f60\u53ef\u80fd\u6703\u9677\u5165\u985e\u4f3c\u53f0\u7063\u904e\u5ea6\u9053\u6b49\u9019\u6a23\u7684\u56f0\n\u5c40\u3002\n\n\u694a\u6559\u6388\u88dc\u5145\u8aaa\uff0c\u53e6\u4e00\u65b9\u9762\uff0c\u4e00\u4e9b\u4eba\"\u81c9\u76ae\u8584\"\uff0c\u610f\u5473\u8457\u7f3a\u4e4f\u6216\u8005\u5931\u53bb\u793e\u6703\u8072\u8b7d\u548c\u5730\u4f4d\uff0c\u56e0\u70ba\n\u64d4\u5fc3\u7d66\u5225\u4eba\u5e36\u4f86\u4e0d\u4fbf\u800c\u76e1\u91cf\u4e0d\u9ebb\u7169\u5225\u4eba\uff0c\u7576\u7136\u4e0d\u559c\u6b61\u5728\u516c\u5171\u5834\u5408\u4e1f\u81c9\u3002\u6700\u7d42\uff0c\u4eba\u4eba\u90fd\u539f\u5730\n\u4e0d\u52d5\uff0c\u6c92\u6709\u4eba\u6703\u7ad9\u8d77\u4f86\u505a\u4e9b\u4ec0\u9ebc\u3002\n\n\u694a\u6559\u6388\u89ba\u5f97\u81ea\u5df1\u88ab\u6df9\u6c92\u5728\u592a\u591a\u6577\u884d\u7684\u9053\u6b49\u4e2d\uff0c\u5927\u5bb6\u628a \u300c\u4e0d\u597d\u610f\u601d\u300d\u639b\u5728\u5634\u908a\u66f4\u591a\u7684\u662f\u51fa\n\u65bc\u7fd2\u6163\uff0c\u800c\u4e0d\u5177\u6709\u66f4\u6df1\u7684\u610f\u7fa9\uff0c\u5176\u7d50\u679c\u662f\u534a\u5fc3\u534a\u610f\uff0c\u6c92\u6709\u4efb\u4f55\u771f\u8aa0\u7684\u9053\u6b49\u6216\u907a\u61be\u3002\u66f4\u4e0d\u7528\n\u8aaa\uff0c\u7531\u65bc\u5cf6\u4e0a\u4e0d\u65b7\u589e\u9577\u7684\u5b64\u7acb\u610f\u8b58\u548c\u7d93\u6fdf\u840e\u9761\u4e0d\u632f\uff0c\u53f0\u7063\u6b63\u9762\u81e8\u88ab\u51a0\u4ee5\u300c\u9b3c\u5cf6\u300d\u6216\u300c\u5e7d\u9748\n\u5cf6\u300d\u7b49\u7a31\u547c\u3002\n\n\u7814\u7a76\u9b3c\u5cf6\u73fe\u8c61\u7684\u9298\u50b3\u5927\u5b78\u4fe1\u606f\u5b78\u6559\u6388\u9673\u6587\u8f1d\u8aaa\uff1a\u300c\u53f0\u7063\u5728\u4e16\u754c\u4e0a\u7684\u8eab\u4efd\u7d93\u5e38\u88ab\u8aa4\u89e3\u3002\u9019\u500b\n\u5cf6\u5dbc\u7d93\u5e38\u88ab\u8996\u70ba\u4e2d\u570b\u548c\u7f8e\u570b\u4e4b\u9593\u7684\u5236\u8861\uff0c\u7531\u65bc\u672a\u88ab\u5b98\u65b9\u8a8d\u53ef\u70ba\u4e00\u500b\u570b\u5bb6\uff0c\u9677\u5165\u5404\u7a2e\u5916\u4ea4\u9677\n\u9631\u3002\u300d\u9673\u6559\u6388\u9810\u6e2c\uff0c\u53f0\u7063\u793e\u6703\u7684\u9053\u6b49\u3001\u78d5\u982d\u6587\u5316\u6700\u7d42\u53ef\u80fd\u4e0d\u6703\u6709\u4efb\u4f55\u76ca\u8655\uff0c\u751a\u81f3\u53ef\u80fd\u5c0e\u81f4\n\u5931\u6557\u3002\n\n\u7576\u7136\uff0c\u4e26\u975e\u6bcf\u500b\u4eba\u90fd\u5c0d\u53f0\u7063\u6709\u5982\u6b64\u60b2\u89c0\u7684\u9810\u6e2c\u3002\u5c0d\u65bc\u674e\u6559\u6388\u800c\u8a00\uff0c\u4ed6\u8a8d\u70ba\u5cf6\u4e0a\u6df1\u539a\u7684\u300c\u4e0d\n\u597d\u610f\u601d\u300d\u6587\u5316\u662f\u7dad\u6301\u548c\u5e73\u4e0d\u53ef\u6216\u7f3a\u7684\u4e00\u90e8\u5206\u3002\u5982\u679c\u300c\u4e0d\u597d\u610f\u601d\u300d\u6587\u5316\u6d88\u5931\uff0c\u90a3\u9ebc\u5e7e\u500b\u4e16\u7d00\n\u4ee5\u4f86\u7684\u50b3\u7d71\u4e5f\u5c07\u6d88\u5931\u3002\n\n\u300c\u5982\u679c\u4fdd\u7559\u9019\u4e9b\u7406\u5ff5\u800c\u4e14\u6bcf\u5929\u90fd\u8aaa\u9019\u4e9b\u8a71\uff0c\u4eba\u5011\u5c07\u66f4\u8b1b\u79ae\u8c8c\u3001\u8b1b\u9053\u5fb7\uff0c\u793e\u6703\u4e5f\u6703\u66f4\u50b3\u7d71\u3002\n\u53cd\u4e4b\uff0c\u6574\u500b\u793e\u6703\u5c31\u6703\u5f62\u6210\u4e0d\u8b1b\u79ae\u8c8c\u3001\u4e0d\u8b1b\u9053\u5fb7\uff0c\u5484\u5484\u903c\u4eba\u7684\u98a8\u6c23\u3002\u53f0\u7063\u7684\u6587\u5316'\u5fc5\u9808'\u5728\u9053\n\u5fb7\u8207\u548c\u8ae7\u65b9\u9762\u4fdd\u6301\u826f\u597d\u7684\u72c0\u614b\uff0c\u300d \u674e\u6559\u6388\u8aaa\u9053\uff0c\u4e26\u7fd2\u6163\u5730\u4ee5\u300c\u4e0d\u597d\u610f\u601d\u300d\u7d50\u675f\u4ed6\u7684\u8ac7\u8a71\n\u3002\n\n\u5fc3\u5f97\u9644\u8a3b\uff1a\n\u9019\u7bc7BBC\u63d0\u5230\u53f0\u7063\u662f\u500b\u611b\u8aaa\u4e0d\u597d\u610f\u601d\u7684\u5cf6\u5dbc\uff0c\u4e0d\u66c9\u5f97\u5927\u5bb6\u7684\u751f\u6d3b\u7d93\u9a57\u4e5f\u662f\u5404\u7a2e\u4e0d\u597d\u610f\u601d\u55ce\n\uff1f\u6709\u6c92\u6709\u516b\u5366\uff1f\n\n--\n\u771f\u662f\u4e0d\u597d\u610f\u601d\n\u203b \u7de8\u8f2f: tony900735 (42.72.131.46 \u81fa\u7063), 07/05/2019 21:19:20\n"}