{"ptt_id": "w113353", "post_url": "https://www.ptt.cc/bbs/Gossiping/M.1568697311.A.AEC.html", "post_type": "\u554f\u5366", "post_title": "\u8c6c\u8089\u7684\u66ff\u4ee3\u54c1?", "post_time": "2019-09-17 13:15:09", "post_score": 6, "post_pushes": [{"type": 0, "id": "roywow", "content": ": \u61f6\u89ba"}, {"type": 0, "id": "brianuser", "content": ": \u4e94\u6a13\u7684\u8089"}, {"type": 1, "id": "kent", "content": ": \u9d5d"}, {"type": 0, "id": "wwf0322", "content": ": \u4eba"}, {"type": 1, "id": "frommr", "content": ": \u9f8d"}, {"type": 0, "id": "saimeitetsu", "content": ": \u75c5\u6b7b\u8c6c\u8089"}, {"type": 1, "id": "xamous", "content": ": Beyond meats"}, {"type": 1, "id": "jackie5678", "content": ": \u6c34\u9903\u597d\u5403"}, {"type": 1, "id": "rufugy", "content": ": \u6b7b\u8c6c\u8089 \u66ff\u4ee3\u554a"}, {"type": 0, "id": "Lenyog", "content": ": \u9999\u8089"}, {"type": 0, "id": "Lenyog", "content": ": \u53f0\u7063\u6d41\u6d6a\u72d7\u591a\u5230\u53ef\u4ee5\u5403\u597d\u5e7e\u5e74"}, {"type": 0, "id": "ARCHER2234", "content": ": \u4eba\u8089\u554a"}, {"type": 0, "id": "ARCHER2234", "content": ": \u87d1\u8782\u8089\u4e5f\u884c"}, {"type": 0, "id": "Moratti", "content": ": \u96de\u725b"}, {"type": 0, "id": "xiangming", "content": ": \u6d77\u8c5a\u8089"}, {"type": 1, "id": "Justinniger", "content": ": \u80a5\u5b85\u4e94\u82b1\u8089"}, {"type": 0, "id": "frtwwilo", "content": ": \u6d28"}], "post_ip": "27.247.36.7", "post_content": "\n\u5927\u5bb6\u5348\u5b89\n\n\u6771\u4e9e\u53ea\u5269\u65e5\u672c\u8ddf\u53f0\u7063\u9084\u6c92\u4e2d\u975e\u6d32\u8c6c\u761f\n\u9632\u75ab\u4eba\u54e1\u8ddf\u72d7\u72d7\u5011\u96d6\u7136\u52aa\u529b\u4fdd\u8b77\u53f0\u7063\u8c6c\u8c6c\n\u4f46\u611f\u89ba\u4e2d\u734e\u53ea\u662f\u9072\u65e9\u7684\u4e8b\n\u5982\u679c\u54ea\u5929\u4e0d\u5e78\u4e2d\u734e\u4e86\n\u8a72\u7528\u4ec0\u9ebc\u8089\u54c1\u66ff\u4ee3\u8c6c\u8089\u5462?\n\u7af9\u9f20\u8089? \u5154\u8089? \u9e7f\u8089?\n\u6709\u5366\u5426?\n\n\u54ed\u54edQQ\n\n--\n"}