{"ptt_id": "bul", "post_url": "https://www.ptt.cc/bbs/Gossiping/M.1567787564.A.637.html", "post_type": "\u554f\u5366", "post_title": "\u666e\u60a0\u746a\u5728\u58fd\u8c50\u5192\u7159\u548c\u570b\u660c\u8001\u5e2b\u8aaa\u7684\u6709\u95dc\u55ce?!", "post_time": "2019-09-07 00:32:41", "post_score": 6, "post_pushes": [{"type": 0, "id": "cena0605", "content": ": 8"}, {"type": 1, "id": "sept9048", "content": ": \u6709\u6c92\u6709\u53f0\u7063\u50f9\u503c\uff1f\uff01 \u6709\uff1f\u597d \u6c92\u4e8b \u6211\u5011"}, {"type": 1, "id": "qilar", "content": ": \u6c92\u4e8b\u5152 \u5fd8\u4e86\u5e6b\u8eca\u5132\u503c\u4e86 \u5148\u52a0\u9ede\u53f0\u7063\u50f9\u503c\u7b49"}, {"type": 0, "id": "sept9048", "content": ": \u6aa2\u8a0e\u67efP\u5931\u8a00"}, {"type": 0, "id": "qilar", "content": ": \u7b49\u5c31\u6c92\u83f8\u4e86"}, {"type": 1, "id": "akila08539", "content": ": \u5047\u65b0\u805e \u8b93\u6211\u5011\u7e7c\u7e8c\u95dc\u5fc3\u97d3\u570b\u9b5a"}, {"type": 0, "id": "rony98", "content": ": 1450\uff1a\u8b93\u6211\u5011\u7e7c\u7e8c\u95dc\u6ce8\u67efP\u5931\u8a00\u548c\u97d3\u5c0e\u5634\u65e5\u5ba2"}, {"type": 1, "id": "stlinman", "content": ": \u6211\u5011\u7e7c\u7e8c\u95dc\u6ce8\u67efP\u5931\u8a00"}, {"type": 1, "id": "terry1020", "content": ": \u7e7c\u7e8c\u6aa2\u8a0e\u4e2d\u570b\u660c\u8ddf\u7d05\u67efp"}, {"type": 1, "id": "zxxbbsex", "content": ": 1450: \u9435\u8def\u5c40\u662f\u9ee8\u570b\u9918\u5b7d \u666e\u60a0\u99ac\u662f\u99ac\u8cb7"}, {"type": 1, "id": "MADAOTW", "content": ": \u6c92\u4e8b\u5152\uff0c\u7e7c\u7e8c\u6aa2\u8a0e\u67ef\u6587\u54f2\u6b67\u8996\u6027\u7684\u767c\u8a00"}, {"type": -1, "id": "wurick000", "content": ": https://asia.nikkei.com/Spotlight/Ho"}, {"type": 0, "id": "wurick000", "content": ": ng-Kong-protests/Fitch-downgrades-Ho"}, {"type": 0, "id": "wurick000", "content": ": ng-Kong-for-first-time-in-decades"}], "post_ip": "114.44.246.103", "post_content": "\n\u666e\u60a0\u746a\u5728\u58fd\u8c50\u5192\u7159\u548c\u570b\u660c\u8001\u5e2b\u8aaa\u7684\u6709\u95dc\u55ce?!\n\n\u5c31\u5728\u525b\u525b\u666e\u60a0\u746a\u8aaa\u5728\u82b1\u84ee\u58fd\u8c50\u5192\u7159\u65c5\u5ba2\u6539\u63a5\u99c1\n\n\u9019\u6a23\u4e00\u518d\u51fa\u72c0\u6cc1\u7684\u53f0\u9435\u96e3\u9053\u6c92\u6709\u4eba\u8981\u51fa\u4f86\u8ca0\u8cac\u55ce?!\u9084\u8981\u5305\u5e87\u55ce?!\n\n\u9084\u662f\u8981\u7e7c\u7e8c\u5ffd\u7565\u570b\u660c\u8001\u5e2b\u5c0d\u53f0\u9435\u63d0\u51fa\u7684\u8cea\u7591?!\n\n--\n"}