{"ptt_id": "hongou", "post_url": "https://www.ptt.cc/bbs/Gossiping/M.1565885585.A.5C7.html", "post_type": "\u554f\u5366", "post_title": "\u6703\u80cc\u5fc3\u7d93\u771f\u7684\u5f88\u53b2\u5bb3\u55ce??", "post_time": "2019-08-16 00:13:03", "post_score": 1, "post_pushes": [{"type": 0, "id": "cattgirl", "content": ": \u5f88\u7c21\u55ae\u6c92\u591a\u5c11\u5b57\u6211\u4e5f\u6703\u80cc \u6211\u5f8c\u4f86\u4fe1\u5341\u5b57\u6559"}, {"type": 0, "id": "Ponimp", "content": ": \u5012\u8457\u5538\u624d\u5c4c"}, {"type": 0, "id": "cattgirl", "content": ": \u57fa\u7763\u6559\u771f\u7684\u4e0d\u80fd\u5ff5 \u8056\u7d93\u898f\u5b9a\u4e0d\u80fd\u62dc\u5169\u500b\u795e"}, {"type": 0, "id": "haha7456", "content": ": \u4e00\u958b\u53e3\u5c31\u8aaa\u8b0a\u6bd4\u8f03\u53b2\u5bb3"}, {"type": 0, "id": "clst", "content": ": \u8f38\u7d66\u80cc\u6123\u56b4\u7d93\u7684"}, {"type": 0, "id": "ah937609", "content": ": \u82f1\u6587\u7248\u624d\u53b2\u5bb3"}, {"type": 0, "id": "https", "content": ": \u5fc3\u7d93\u4e00\u5806\u4eba\u6703\u80cc   \u6703\u80cc\u6377\u904b\u7ad9\u6bd4\u8f03\u53b2\u5bb3"}, {"type": 0, "id": "fiftyfloor", "content": ": \u88ab\u9019\u500b\u8d85\u7d1a\u7f9e\u6065 \u4f60\u9084\u4e0d\u6316\u500b\u6d1e\u81ea\u5df1\u8df3\u9032"}, {"type": 0, "id": "fiftyfloor", "content": ": \u53bb\uff1f"}, {"type": 0, "id": "xponed", "content": ": \u6709\u4eba\u80cc\u4e86\u96fb\u8996\u53f0\u9084\u4e00\u76f4\u5831\u5c0e\uff0c\u61c9\u8a72\u5f88\u53b2\u5bb3\u5427"}, {"type": 0, "id": "ponten", "content": ": \u7389\u5973\u5fc3\u7d93"}, {"type": 1, "id": "ash024", "content": ": \u6709\u7a2e\u80cc\u683c\u85a9\u723e\u738b\u50b3\u554a"}, {"type": 0, "id": "athome1", "content": ": \u662f\u8981\u80cc\u7d66\u8a18\u8005\u770b\u55ce\uff1f"}], "post_ip": "49.215.180.93", "post_content": "\n\n\n\u6211\u5c0f\u4e09 \u5c0f\u56db\u7684\u8001\u5e2b\n\n\u771f\u7684\u6709\u75c5\n\n\u8981\u5168\u73ed\u80cc\u5fc3\u7d93\n\n\u5c0f\u56db\u662f\u5927\u60b2\u5492\n\n\u4e0a\u8ab2\u4e0a\u5230\u4e00\u534a \u6709\u4eba\u5435 \u6216\u8001\u5e2b\u4e0d\u723d\n\n\u5c31\u53eb\u5168\u73ed\u5b89\u975c \u975c\u5750 \u958b\u59cb\u80cc\u5fc3\u7d93\n\n\u57fa\u7763\u6559\u7684\u540c\u5b78\u4e0d\u9858\u610f \u8001\u5e2b\u9084\u662f\u903c \u76f4\u5230\u5bb6\u9577\u4f86\u624d\u7f77\u4f11\n\n\u7d50\u679c\u5230\u73fe\u5728 \u88ab\u7576\u5e74\u570b\u5c0f\u8001\u5e2b\u5947\u602a\u7684\u6559\u80b2\u4e0b\n\n\u5fc3\u7d93\u5012\u80cc\u5982\u6d41 \u5927\u60b2\u5492\u6211\u5df2\u7d93\u5fd8\u4e86\n\n\u6240\u4ee5 \u6703\u80cc\u5fc3\u7d93\u5230\u5e95\u6709\u591a\u5c4c??\n\n\n\n\n\n--\n"}