{"ptt_id": "daniel711125", "post_url": "https://www.ptt.cc/bbs/Gossiping/M.1567355904.A.0E4.html", "post_type": "\u554f\u5366", "post_title": "\u5728\u53f0\u7063\u6709\u7d66\u904e\u5c0f\u8cbb\u55ce", "post_time": "2019-09-02 00:38:21", "post_score": 22, "post_pushes": [{"type": 0, "id": "pr1nK2bAi", "content": ": \u5982\u679c\u662f\u5927\u5976\u8a2d\u8a08\u5e2b \u6211\u6703"}, {"type": 1, "id": "a240daniel", "content": ": \u5c0f\u5fc3\u4e0d\u8981\u88ab\u6163\u8001\u95c6\u770b\u5230"}, {"type": 1, "id": "gs056119", "content": ": \u6709\u554a \u79c0\u4e00\u6b21\u7d66\u5169\u767e"}, {"type": 1, "id": "TatsuyaShiba", "content": ": \u4e94\u6a13\u88ab\u809b\u5f8c\u6709\u62ff\u904e\u5c0f\u8cbb"}, {"type": 1, "id": "O10lOl01O", "content": ": \u770b\u4f86\u5c0d\u65b9\u5f88\u6b63"}, {"type": 1, "id": "penchiman", "content": ": \u54ea\u4e00\u9593"}, {"type": 1, "id": "hsi0516", "content": ": \u5e6b\u5916\u570b\u4eba\u8f2a\u80ce\u6253\u6c23 \u4ed6\u786c\u662f\u585e\u7d66\u6211\u5c0f\u8cbb..."}, {"type": 1, "id": "pp0731", "content": ": \u53bb\u8d70\u5e97\u80af\u5b9a\u8981\u7d66\u5c0f\u8cbb"}, {"type": 1, "id": "dcggj2394", "content": ": \u6211\u53bb\u52a0\u6cb9\u7ad9\u6d17\u8eca\u6709\u7d66\u904e"}, {"type": 1, "id": "kinfc2001", "content": ": \u6211\u6709\u7d66\u904e\u5916\u9001\u8ddf\u52a0\u6cb9\u7ad9\u6d17\u8eca\u7684\u54e1\u5de5"}, {"type": 1, "id": "hank85202", "content": ": \u6cca\u8eca\u7684\u7b97\u55ce"}, {"type": 1, "id": "peggy345", "content": ": \u9802\u591a\u96f6\u982d\u4e0d\u7528\u627e\u800c\u5df2"}, {"type": 1, "id": "ko782", "content": ": \u6211\u505a\u4fbf\u5229\u5546\u5e97\u6709\u9047\u904e"}, {"type": 1, "id": "AddictoBear", "content": ": \u4ee5\u524d\u53bb\u5531\u6b4c\u597d\u6a02\u8fea\u4ec0\u9ebc\u7684\u6703 100\u584a\u9019\u6a23"}, {"type": 0, "id": "AddictoBear", "content": ": \u767c \u9019\u6a23\u8981\u6368\u670d\u52d9\u90fd\u5f88\u65b9\u4fbf"}, {"type": 1, "id": "pneumas", "content": ": \u6230\u5e97\u311f\u6642\u9663\u90fd\u8981\u554a \u5f88\u50b7"}, {"type": 1, "id": "wahaha711233", "content": ": \u624b\u982d\u7dca\u53ea\u80fd\u7d66\u7d05\u7684"}, {"type": 0, "id": "pooznn", "content": ": \u7d66\u786c\u5e63\u4e0d\u5c0a\u91cd\u4eba \u7d66100\u53c8\u592a\u591a \u6240\u4ee5...\u4e0d\u7d66"}, {"type": 1, "id": "allenatptt", "content": ": \u53bb\u8d8a\u5357\u5e97\u812b\u8863\u5361\u62c9ok\u6709"}, {"type": -1, "id": "sunset1102", "content": ": \u53bb\u9910\u5ef3\u90fd\u662f\u88ab\u52d5\u7d66\u670d\u52d9\u8cbb \u6c23\u6b7b\u4eba"}, {"type": 1, "id": "cverooo", "content": ": \u6469\u9435\u4f11\u606f\u96f6\u9322\u90fd\u7d66\u4ed6"}, {"type": 1, "id": "natsu148", "content": ": \u5750\u8a08\u7a0b\u8eca \u8fd1\u7a0b\u7684\u6703\u4e0d\u597d\u610f\u601d \u56e0\u70ba\u6709\u6642\u4e0d"}, {"type": 0, "id": "natsu148", "content": ": \u5230100 \u5c31\u6703\u7d66100\u8aaa\u4e0d\u7528\u627e\u4e86"}, {"type": 1, "id": "PLGaara", "content": ": \u5443 \u6a13\u4e0a \u8cfa\u4f60\u9019\u7a2e\u7684\u6700\u597d\u8cfa\u4e86\u9084\u7d66\u5c0f\u8cbb"}, {"type": 1, "id": "nullife", "content": ": \u4f60\u6d17\u982d\u76ae\u6309\u6469\u6d17\u52a0\u526a\u8d85\u904e\u6d17\u52a0\u526a\u7684\u9322\u5c31\u662f"}, {"type": 0, "id": "nullife", "content": ": \u7d66\u6d17\u982d\u5c0f\u59b9\u7684\u5c0f\u8cbb\u4e86"}, {"type": 0, "id": "len53", "content": ": \u6709\u963f \u9152\u5e97"}, {"type": 1, "id": "looks143895", "content": ": \u53f0\u4e2d\u90a3\u5bb6\uff1f \u6211\u4e5f\u53bb\u6d17"}, {"type": 0, "id": "solitary7146", "content": ": \u53bb\u9152\u5e97 \u5e38\u505a\u554a  \u4e2d\u9593\u95dc\u71c8\u5e36\u6d3b\u52d5\u4e5f\u6703"}, {"type": 1, "id": "looks143895", "content": ": \u6062\u5fa950\u5143\u7d19\u9214  \u5c0f\u8cbb\u624d\u6703\u63a8\u884c"}, {"type": -1, "id": "superabea", "content": ": \u6c92\u5fc5\u8981\u63a8\u9019\u7a2e\u7121\u804a\u7684\u5236\u5ea6"}, {"type": 1, "id": "ttn851227", "content": ": \u8db4\u8eca\u7684\u6709"}, {"type": 0, "id": "jin0", "content": ": \u4ed6\u5011\u76f4\u63a5\u52a010%\u670d\u52d9\u8cbb"}, {"type": 0, "id": "drinkmuffin", "content": ": \u90fd\u662f\u88ab\u5f37\u8feb\u7d66\u670d\u52d9\u8cbb"}, {"type": 1, "id": "qaz61201", "content": ": \u6c92\u6709"}], "post_ip": "101.9.140.170", "post_content": "\n\u5927\u5bb6\u665a\u5b89\n\u662f\u9019\u6a23\u7684\n\u5c0f\u5f1f\u4eca\u5929\u53bb\u767e\u5143\u6d17\u52a0\u526a\n\u5e6b\u6211\u7406\u9aee\u7684\u7406\u9aee\u5e2b\u975e\u5e38\u7d30\u5fc3\n\u65c1\u908a\u7684\u96dc\u6bdb\u90fd\u7528\u5fc3\u7684\u6e05\u9664\u4e7e\u6de8\n\u9aee\u578b\u6211\u4e5f\u5f88\u6eff\u610f\n\u611f\u89ba\u8d85\u51fa\u9810\u671f\u7684\u670d\u52d9\u4e0b\u5c31\u585e\u4e86\u4e00\u9ede\u5c0f\u8cbb\u7d66\u4ed6\n\n\u60f3\u8acb\u554f\u5927\u5927\u5011\u6709\u6c92\u6709\u9019\u6a23\u7684\u7d93\u9a57\u52d2\n\n--\n\u6709\u5594\u5077\u5077\u5730\u585e\u7d66\u4ed6\uff0c\u5e0c\u671b\u4e0d\u6703\u9020\u6210\u56f0\u64fe\n\u203b \u7de8\u8f2f: daniel711125 (101.9.140.170 \u81fa\u7063), 09/02/2019 00:43:05\n\u9f13\u52f5\u4e00\u4e0b\u800c\u5df2\u5566\n\u53f0\u4e2d\u7684\n\u54c8\u54c8\u600e\u9ebc\u6703\u9047\u5230\u554a\uff0c\u4f60\u662f\u6280\u5e2b\u55ce\n\u203b \u7de8\u8f2f: daniel711125 (101.9.140.170 \u81fa\u7063), 09/02/2019 00:47:38\n\u4f60\u662f\u597d\u4eba\n\u203b \u7de8\u8f2f: daniel711125 (101.9.140.170 \u81fa\u7063), 09/02/2019 00:54:45\n\u6211\u9084\u6c92\u8acb\u4eba\u6cca\u8eca\u904e\u54c8\u54c8\n\u7576\u4e0b\u6709\u6c92\u6709\u5f88\u611f\u52d5\uff01\n\u54c8\u54c8\u54c8\u670d\u52d9\u4e0d\u932f\u5594\n\u563f\u554a\n\u4ed6j\u540c\u610f\n\u5fe0\u660e\u5927\u6f64\u767c\u7b2c\u4e8c\u9593\uff0c\u6d17\u52a0\u526a\u4e00\u767e\u800c\u5df2\n\u8001\u53f8\u6a5f\n\u203b \u7de8\u8f2f: daniel711125 (101.9.140.170 \u81fa\u7063), 09/02/2019 20:40:35\n"}