{"ptt_id": "bassblacktea", "post_url": "https://www.ptt.cc/bbs/Gossiping/M.1568279501.A.731.html", "post_type": "\u554f\u5366", "post_title": "\u6709\u4eba\u6703\u642d\u8a15\u7df4\u821e\u7684\u5b78\u751f\u55ce\uff1f", "post_time": "2019-09-12 17:11:39", "post_score": 11, "post_pushes": [{"type": 1, "id": "wl843907", "content": ": \u9ad8\u4e2d\u966a\u6587\u5fb7\u5973\u53cb\u53bb\u570b\u9928\u7df4\u821e \u771f\u7684\u5f88\u9999=="}, {"type": 0, "id": "Dinenger", "content": ": \u6703\u554a\uff0c\u5c11\u7537\u7684\u6c57\u6c34\u6703\u6fc0\u8d77\u4e94\u6a13\u7684\u6027\u617e"}, {"type": 0, "id": "kuo1102", "content": ":         \u4e94\u6a13\u6703\u642d\u8a15\u7df4\u821e\u7684\u7537\u751f\u73a9\u809b\u9580"}, {"type": 0, "id": "wang1b", "content": ": \u6703\u88abpo\u6587\u516c\u5be9"}, {"type": 0, "id": "Israfil", "content": ": \u4e0d\u6703  \u523b\u677f\u5370\u8c61\u6703\u89ba\u5f97\u5979\u501187%\u662f\u78a7\u6c60"}, {"type": 1, "id": "acserro", "content": ": \u6211\u4e0d\u5165\u5730\u7344 \u8ab0\u5165\u5730\u7344"}, {"type": 0, "id": "KENGOD0204", "content": ": \u770b\u81c9\u7684"}, {"type": 0, "id": "bee12", "content": ": \u71b1\u821e\u793e\u7684pupu\u6bd4\u8f03\u591a \u770b\u500b\u4eba\u559c\u597d\u659f\u914c"}, {"type": -1, "id": "loadingN", "content": ": \u5f88\u96e3\uff0c\u4e0d\u662f\u5728\u8df3\u821e\u5c31\u662f\u5728\u804a\u5929\uff0c\u5f88\u4e0d\u597d\u5207"}, {"type": 0, "id": "loadingN", "content": ": \u5165"}, {"type": 1, "id": "prkfcpr", "content": ": \u53bb\u8868\u6f14\u7a7a\u5e79\uff0c\u4fdd\u8b49\u5979\u5011\u7576\u5834\u9ad8\u6f6e"}, {"type": 0, "id": "wwvvkai", "content": ": \u8981\u6253 \u53bb\u7df4\u821e\u5ba4\u6253"}, {"type": 0, "id": "leonhsu", "content": ": \u677f\u6a4b\u8eca\u7ad9\u5730\u4e0b\u8d70\u9053\u4e00\u5806"}, {"type": 1, "id": "wl843907", "content": ": \u5e79 \u9019\u908a\u4e00\u5806\u5e79\u8a71\u72d7 \u53ea\u6709\u6211\u5728\u8a8d\u771f"}, {"type": 0, "id": "wl843907", "content": ": \u6587\u5fb7\u7576\u521d\u6709\u500b\u7db2\u7f8e\u7b49\u7d1a\u7684\u4e5f\u662f\u71b1\u821e\u793e"}, {"type": 1, "id": "Dinenger", "content": ": \u4e0a\u516b\u5366\u5c31\u662f\u4f86\u7df4\u7fd2\u5e79\u8a71\u554a\uff0c\u8ab0\u8ddf\u4f60\u8a8d\u771f= ="}, {"type": 0, "id": "wl843907", "content": ": \u672c\u4eba\u771f\u7684\u9084\u4e0d\u932f\uff0c\u7121\u540d\u7576\u521d\u4eba\u6c23\u883b\u9ad8"}, {"type": 1, "id": "s155260", "content": ": \u4e56\u4e56\u770b\u771f\u7406\u8932"}, {"type": 0, "id": "wl843907", "content": ": \u5e79 1200\u591a\u6b21B\u5634"}, {"type": 1, "id": "aggressorX", "content": ": \u4e0d\u6703 \u5b78\u751f\u57fa\u672c\u4e0a\u90fd\u662f\u667a\u969c\u5152"}, {"type": 1, "id": "gtayu", "content": ": \u4f60\u7368\u79c0\u770b\u4ed6\u7406\u4e0d\u7406\u4f60"}, {"type": 1, "id": "leonhsu", "content": ": \u81ea\u5f9e\u6211\u4e0aptt\u5f8c\uff0c\u59ba\u5b50\u8aac\u6211\u8b8a\u5e7d\u9ed8\u4e86"}, {"type": 1, "id": "zxcv91039", "content": ": \u4e00\u8d77\u7df4\u9a0e\u99ac\u821e"}, {"type": -1, "id": "dahanjian", "content": ": \u6211\u770b\u6211\u59b9\u90fd\u662f\u7df4kpop\u5973\u5718\u7684\u821e kpop\u770b\u4e00"}, {"type": 0, "id": "dahanjian", "content": ": \u770b\u53bb\u642d\u8a15\u641e\u4e0d\u597d\u6709\u6a5f\u6703"}, {"type": 1, "id": "Tchachavsky", "content": ": \u6211\u90fd\u5728\u65c1\u908a\u6ed1PTT\u4e00\u500b\u4eba\u7b11"}, {"type": 1, "id": "Shawn5689", "content": ": \u71b1\u821e\u5c04\u7684\u771f\u7684\u597d\u642d\u53c8\u7dca"}, {"type": 1, "id": "sonyxeperiau", "content": ": \u4f4e\u80fd\u5361\uff1a\u300a\u71b1\u9580\u300b\u7df4\u821e\u88ab\u8b8a\u614b\u5927\u53d4\u642d"}, {"type": 0, "id": "sonyxeperiau", "content": ": \u8a15\uff08\u66f4\uff09"}, {"type": 1, "id": "Justapig", "content": ": \u7b49\u4ed6\u5011\u7df4\u5f97\u5dee\u4e0d\u591a\uff0c\u76f4\u63a5\u8d70\u904e\u53bb\u554f\u8981\u4e0d\u8981"}, {"type": 0, "id": "Justapig", "content": ": \u4e00\u8d77cypher\u554a\uff0c\u901a\u5e38\u90fd\u6703\u7b54\u61c9"}, {"type": -1, "id": "liudwan", "content": ": \u9664\u975e\u4f60\u4e5f\u8df3\u821e\u4e0d\u7136\u642d\u4e0d\u4e0a\u8a71"}, {"type": 1, "id": "crimson11", "content": ": \u54a6 \u4f60\u7684\u696d\u696d\u8001\u516c\u5462"}, {"type": 0, "id": "crimson11", "content": ": \u5594 \u90a3\u662f\u6708\u4eae\u7d05\u8336 \u6211\u5f04\u932f\u60f9"}, {"type": -1, "id": "ROTFL", "content": ": \u6703\u8df3\u821e\u6709\u6232\uff0c\u4e0d\u6703\u8df3\u6c92\u6232\uff0c\u61c2\uff1f"}], "post_ip": "36.239.107.173", "post_content": "\n\u5b89\u5b89\n\n\u6211\u662f\u7d05\u8336\u8336\n\n\n\u4e00\u4e9b\u516c\u5171\u5834\u5730\n\n\u6709\u5927\u7247\u93e1\u5b50\u7684\u5730\u65b9\n\n\u5e38\u770b\u5230\u570b\u9ad8\u4e2d\u5b78\u751f\u5728\u524d\u9762\u7df4\u821e\n\n\u5c55\u73fe\u9752\u6625\u6d3b\u529b\n\n\u59b9\u59b9\u5011\u9752\u6625\u7684\u6c57\u6c34\u7051\u843d\n\n\u7c89\u8272\u7684\u9999\u6c23\u64b2\u9f3b\u800c\u81f3\n\n\n\n\u6709\u6c92\u6709\u4eba\u6703\u53bb\u642d\u8a15\u7df4\u821e\u7684\u5b78\u751f\u7684\u5366\uff1f\n\n\n\n\n\n\u9999\u55ce\uff1f\n\n--\n"}