{"ptt_id": "n00123183", "post_url": "https://www.ptt.cc/bbs/Gossiping/M.1566188893.A.AF8.html", "post_type": "\u554f\u5366", "post_title": "Siri \u662f\u4e0d\u662f\u6703\u5077\u5077\u6536\u96c6\u8cc7\u6599", "post_time": "2019-08-19 12:28:11", "post_score": 4, "post_pushes": [{"type": 0, "id": "ss50661", "content": ": \u73fe\u5728\u624d\u77e5\u9053\u55ce"}, {"type": 0, "id": "D600dust", "content": ": \u4e0d\u7528siri \u4f60\u958b\u8457\u9ea5\u514b\u98a8\u5c31\u53ef\u4ee5"}, {"type": 1, "id": "popy8789", "content": ": \u7136\u5f8c\u6703\u8aaa\u83ef\u70ba\u6536\u96c6\u8cc7\u6599\u5f88\u53ef\u6015"}, {"type": 0, "id": "somefatguy", "content": ": \u4f60\u4e0d\u6703\u76f4\u63a5\u554f\u4ed6\u5594"}, {"type": 0, "id": "mk5520", "content": ": \u4f60\u662f\u4e0d\u662f\u53ebsiri\u5e6b\u4f60\u641c\u5c0b\u7db2\u9801\uff1f"}, {"type": 0, "id": "mk5520", "content": ": \u5982\u679c\u662f \u5ee3\u544a\u8dd1\u5927\u6578\u64da\u5f88\u6b63\u5e38 \u8c37\u72d7\u5f04\u7684"}, {"type": 1, "id": "orze04", "content": ": google fb \u90fd\u6703"}, {"type": 1, "id": "gaddafi", "content": ": \u6703\u554a \u54ac\u4e00\u53e3\u7684\u9ed1\u79d1\u6280\u53ef\u591a\u4e86"}, {"type": 1, "id": "NTULioner", "content": ": \u554fgoogle \u5641\u5fc3google\u81ea\u5df1\u5ee3\u544a\u4e00\u5806"}, {"type": 0, "id": "NTULioner", "content": ": \u5728\u90a3\u8aaa\u7981\u6b62\u963b\u64cb\u5167\u5bb9\u7684\u5168\u7248\u5ee3\u544a"}, {"type": 0, "id": "NTULioner", "content": ": \u7d50\u679c\u81ea\u5df1\u6c34\u7ba1\u5728\u5f71\u7247\u4e2d\u9593\u585e\u4e00\u5806\u5ee3\u544a"}, {"type": 0, "id": "NTULioner", "content": ": \u770b\u5230\u4e00\u534a\u76f4\u63a5\u8df3\u51fa\u5ee3\u544a \u9084\u4ee5\u70ba\u5728\u770bDM"}, {"type": 0, "id": "crimson11", "content": ": \u4f60\u554f\u4ed6\u561b"}], "post_ip": "180.204.35.81", "post_content": "\n\u5927\u5bb6\u597d \u6253\u7d66\u5f8c\n\u70ba\u4ec0\u9ebc\u6bcf\u6b21\u6211\u53ea\u8981\u5c0dsiri\u8b1b\u5b8c\u8a71\u4ee5\u5f8c\n\u5c31\u6703\u8dd1\u51fa\u5c0d\u61c9\u7684\u5ee3\u544a\n\u96e3\u9053\u6211\u7684\u624b\u6a5f\u5df2\u7d93\u88ab\u76e3\u8996\u4e86\u55ce\n\n--\n"}