{"ptt_id": "callhek", "post_url": "https://www.ptt.cc/bbs/Gossiping/M.1562733053.A.0DF.html", "post_type": "\u554f\u5366", "post_title": "\u666f\u6c23\u597d\u50cf\u771f\u7684\u4e0d\u932f\u543c", "post_time": "2019-07-10 12:30:51", "post_score": 0, "post_pushes": [{"type": 1, "id": "loveup", "content": ": \u6c92\u6709\u53f0\u7063\u50f9\u503c"}, {"type": -1, "id": "zxzxzzzx", "content": ": \u8ddf\u767e\u8ca8\u516c\u53f8\u4eba\u6f6e\u591a\u5c31\u8aaa\u7d93\u6fdf\u597d\u4e00\u6a23\u4f4e\u80fd"}, {"type": -1, "id": "awxsd456", "content": ": \u7d93\u6fdf\u7576\u7136\u597d\uff0c\u5e74\u8f15\u4eba\u624b\u904a\u5e7e\u5343\u5e7e\u842c\u5728\u8ab2\u7684"}, {"type": 1, "id": "Croy", "content": ": \u5e74\u8f15\u4eba\u80af\u82b1\u5e7e\u5343\u5e7e\u842c\u5728\u904a\u6232 \u666f\u6c23\u771f\u7684\u4e0d\u932f"}], "post_ip": "42.72.221.144", "post_content": "\n\u80a5\u5b85\u6211\u5728\u6843\u5712\u6a5f\u5834\u9644\u8fd1\u5de5\u696d\u5340\u6253\u96f6\u5de5\u5566\uff01\n\n\u6bcf\u5929\u4e0b\u73ed\u9a0e\u6211\u7684\u795e\u99d2\u56de\u5bb6\u770b\u5230\uff0c\u7269\u6d41\u516c\u53f8\u4e00\u5bb6\u4e00\u5bb6\u958b\uff0c\u5de5\u5ee0\u4e5f\u90fd\u5728\u64f4\u5ee0\u3002\u751f\u610f\u4e00\u5b9a\u5f88\u597d\u624d\n\u6703\u4e00\u76f4\u958b\u5427\uff0c\u9019\u6a23\u770b\u8d77\u4f86\u666f\u6c23\u771f\u7684\u5f88\u597d^_^\n\n\u963f\u4e7e\uff0c\u90a3\u70ba\u4ec0\u9ebc\u90fd\u4e0d\u6703\u52a0\u85aa\u6c34\uff01\uff1f\n\n--\n"}