{"ptt_id": "abcgo", "post_url": "https://www.ptt.cc/bbs/Gossiping/M.1569850373.A.822.html", "post_type": "\u554f\u5366", "post_title": "\u544a\u9b3c\u7236\u7684\u4eba\u7b97\u662f\u6c92\u6709\u79ae\u7fa9\u5ec9\u6065\u55ce\uff1f", "post_time": "2019-09-30 21:32:51", "post_score": 3, "post_pushes": [{"type": 0, "id": "Howard61313", "content": ": \u4f60\u4e86\u4e00\u5802\u5f88\u96f7\u7684\u8ab2\u5c0d\u5427"}, {"type": 1, "id": "frommr", "content": ": \u593e\u5728\u570b\u6587\u8ab2\u672c\u88e1"}, {"type": -1, "id": "eatingshit", "content": ": \u554f\u65b0\u5317\u963f"}, {"type": 1, "id": "kcclasaki", "content": ": \u4e94\u6a13"}, {"type": -1, "id": "iocal", "content": ": \u84cb"}, {"type": 1, "id": "a81255316", "content": ": \u90fd\u662f\u611b\u8389\u7684\u932f"}, {"type": 1, "id": "victoryexiar", "content": ": \u9577\u8f29\u662f\u611b\u4e4b\u6df1\u8cac\u4e4b\u5207\uff0c\u5e74\u8f15\u4eba\u5c31\u8981\u4e56"}, {"type": 0, "id": "victoryexiar", "content": ": \u4e56\u541e\u4e0b\u53bb"}, {"type": 1, "id": "Howard61313", "content": ":          \u4e0d\u8981\uff0c\u54fc"}], "post_ip": "36.238.82.212", "post_content": "\n\n\u88ab\u4e0a\u4e86\u4e00\u8ab2\n\u539f\u4f86\u544a\u505a\u932f\u4e8b\u7684\u9577\u8f29\uff0c\u53eb\u505a\u6c92\u6709\u79ae\u7fa9\u5ec9\u6065\n\n\u6240\u4ee5\u544a\u9b3c\u7236\u7684\u4e5f\u7b97\u55ce\uff1f\n\n\u56e0\u70ba\u9b3c\u7236\u662f\u505a\u932f\u4e8b\u7684\u9577\u8f29\n\n\u544a\u4ed6\u8981\u7b97\u6c92\u6709\u79ae\u7fa9\u5ec9\u6065\u55ce\uff1f\n-----\nSent from JPTT on my iPhone\n\n--\n"}