{"ptt_id": "wsad66", "post_url": "https://www.ptt.cc/bbs/Gossiping/M.1562559551.A.655.html", "post_type": "\u554f\u5366", "post_title": "\u9ea5\u7576\u7576\u9694\u58c1\u684c\u5b85\u5b85\u5ffd\u7136\u8df3\u8d77\u4f86\u58d3\u4f4f\u79bf\u982d\u5927\u53d4", "post_time": "2019-07-08 12:19:09", "post_score": -5, "post_pushes": [{"type": -1, "id": "redDest", "content": ": \u4e09\u5c0f"}, {"type": 0, "id": "kawazakiz2", "content": ": \u54ea\u7247"}, {"type": -1, "id": "nut7470", "content": ": \u8b1b\u4eba\u8a71"}, {"type": -1, "id": "paul2chiu", "content": ": \u963f\u9b3c\u4f60\u9084\u8aaa\u8aaa\u4e2d\u6587\u5427"}, {"type": 0, "id": "highyes", "content": ": \u54ea\u90e8\uff1f"}, {"type": -1, "id": "gaym19", "content": ": \u54ea\u90e8\u7cde\u4f5c\u6562\u4e0d\u6562\u8aaa"}, {"type": 0, "id": "wurara22", "content": ": \u8b66\u5bdf\u8fa6\u6bd2\u54c1\u6848\u5728\u6536\u7db2?"}, {"type": -1, "id": "g5637128", "content": ": \u5de5\u4e09\u5c0f"}, {"type": 0, "id": "wsad66", "content": ": \u7de8\u8f2f\u6703\u88ab\u5403\u5b57555 \u6709\u807d\u5230\u4ed6\u5011\u5538\u5f88\u5feb\u4ec0\u9ebc\u6b0a"}, {"type": 0, "id": "wsad66", "content": ": \u5229\u7684\u807d\u4e0d\u662f\u5f88\u6e05\u695a"}, {"type": 1, "id": "hw1", "content": ": \u9ebb\u85e5\u641c\u67e5\u5b98\u55ce"}, {"type": -1, "id": "chengcti", "content": ": \u5728\u9ad8\u96c4\uff1f \u767c\u5927\u8ca1\uff1f"}], "post_ip": "1.200.35.68", "post_content": "\n\n\u9b6f\u9b6f\u5728\u9ea5\u7576\u7576\u5403\u500b\u5348\u9910\uff0c\u9694\u58c1\u684c\u4e09\u500b\u9ed1\u6846\u773c\u93e1\u982d\u9aee\u53c8\u6cb9\u53c8\u4e82\u7684\u5b85\u5b85\u5ffd\u7136\u6293\u72c2\uff0c\u8df3\u8d77\u4f86\u5f80\u4e00\u500b\u79bf\u982d\u5927\u53d4\u8eab\u4e0a\u58d3\uff0c\u65c1\u908a\u5169\u4eba\u4e5f\u52a0\u5165\u6230\u5c40\u628a\u79bf\u982d\u5927\u53d4\u4e0a\u92ac\uff0c\u628a\u4ed6\u7684\u516c\u4e8b\u5305\u7ffb\u7684\u4e00\u684c\u9084\u6709\u597d\u5e7e\u5305\u78da\u584a\u7269\uff0c\u7136\u5f8c\u5927\u53d4\u5c31\u88ab\u58d3\u8d70\u4e86\uff0c\u9084\u4ee5\u70ba\u662fSOD\u4f86\u53f0\u7063\u7684\u65b0\u4f01\u5283\uff0c\u63a5\u4e0b\u4f86\u767c\u5c55\u662f\u4e0d\u662f\u76e3\u7981PLAY\u5657\u566b\u5657\u566b\n\n-----\nSent from JPTT on my Samsung SM-N9208.\n\n--\n\u771f\u4eba\u771f\u4e8b\u525b\u525b\u767c\u751f\uff0c\u9084\u64cb\u5728\u5ec1\u6240\u8d70\u9053\u4e0a\uff0c\u5bb3\u6211\u4e0d\u6562\u53bb\u5ec1\u6240\n\u203b \u7de8\u8f2f: wsad66 (1.200.35.68 \u81fa\u7063), 07/08/2019 12:21:52\n\u203b \u7de8\u8f2f: wsad66 (1.200.35.68 \u81fa\u7063), 07/08/2019 12:25:06\n"}