{"ptt_id": "HMTking", "post_url": "https://www.ptt.cc/bbs/Gossiping/M.1563236482.A.169.html", "post_type": "\u554f\u5366", "post_title": "\u70ba\u4ec0\u9ebc\u53f0\u7063\u7684\u6cbb\u5b89\u6703\u90a3\u9ebc\u7684\u597d\uff1f", "post_time": "2019-07-16 08:21:20", "post_score": 31, "post_pushes": [{"type": 1, "id": "louis0210", "content": ":  https://i.imgur.com/V2G7EpV.jpg"}, {"type": 0, "id": "mortleo", "content": ": \u65b0\u52a0\u5761"}, {"type": 1, "id": "roywow", "content": ": \u6a13\u4e0b\u4e94\u6bdb\u5d29\u6f70\u6279\u8a55"}, {"type": 1, "id": "bebehome", "content": ": \u56e0\u70ba\u53f0\u7063\u662f\u5c0f\u5cf6\uff0c\u9003\u4e0d\u6389\uff0c\u76e3\u8996\u5668\u53c8\u591a"}, {"type": 1, "id": "azytjr", "content": ": \u8a50\u9a19\u5c31\u80fd\u767c\u5927\u8ca1\uff0c\u8d70\u6295\u7121\u8def\u624d\u8ddf\u4f60\u6436\u52ab"}, {"type": 1, "id": "springfeel", "content": ": \u8ddf\u5c0f\u4e0d\u5c0f\u6c92\u5565\u95dc\u4fc2"}, {"type": -1, "id": "Rrrxddd", "content": ": \u65e5\u672c\u597d"}, {"type": 0, "id": "springfeel", "content": ": \u524d\u5e7e\u5929\u7684\u667a\u969c\u60c5\u4fb6\u54ea\u6709\u5728\u7ba1\u9019\u4e9b"}, {"type": 0, "id": "springfeel", "content": ": \u5148\u780d\u518d\u8aaa"}, {"type": 1, "id": "ppyqq", "content": ": \u771f\u5fc3\u63a8\u6a13\u4e0a~\u6436\u9322\u80fd\u6436\u591a\u5c11\u53c8\u98a8\u96aa\u9ad8~\u4f4e\u968e\u8a50"}, {"type": 0, "id": "ppyqq", "content": ": \u9a19\u9a19\u5e7e\u5341\u842c\u4e0a\u767e\u842c~\u9ad8\u7b49\u7684\u8a50\u9a19\u7576\u5e2b\u7236~\u4fe1\u773e"}, {"type": 0, "id": "ppyqq", "content": ": \u8ce3\u623f\u4f86\u4f9b\u990a~\u6700\u9ad8\u7b49\u7684\u6628\u5929\u51fa\u7dda\u4e86\uff01\u5c0d\u5e7e\u767e\u842c"}, {"type": 0, "id": "ppyqq", "content": ": \u4fe1\u773e\u50ac\u7720~"}, {"type": 1, "id": "fg008kimo", "content": ": \u56e0\u70ba\u53f0\u7063\u5c0f\u76e3\u8996\u5668\u53c8\u591a  \u6240\u4ee5\u73fe\u5728\u90fd\u99ac\u79d1"}, {"type": 0, "id": "fg008kimo", "content": ": \u6280\u72af\u7f6a  \u5411\u65e5\u672c\u5317\u6b50\u90a3\u7a2e\u624d\u771f\u7684\u597d"}, {"type": 1, "id": "relize", "content": ": \u56e0\u70ba\u53f0\u7063\u5bb9\u6613\u5206\u5316 \u770b\u8cc7\u9032\u9ee8\u600e\u6a23\u7092\u4f5c\u7a2e\u65cf\u8b70"}, {"type": 0, "id": "fg008kimo", "content": ": \u5728\u53f0\u7063\u8a50\u9a19\u8cfa\u9322\u5feb\u591a\u4e86 \u5077\u6436\u5192\u592a\u591a\u96aa"}, {"type": 0, "id": "relize", "content": ": \u984c\u90a3\u9ebc\u6210\u529f"}, {"type": 0, "id": "fg008kimo", "content": ": CP\u503c\u592a\u4f4e"}, {"type": 1, "id": "iam0718", "content": ": \u6df1\u591c\u51fa\u9580 \u9047\u5230\u91ce\u72d78+9\u6a5f\u7387\u9ad8\u59b3\u8aaa\u5b89\u5168"}, {"type": 0, "id": "LoveMakeLove", "content": ": \u76e3\u8996\u5668\u5bc6\u5ea6\u4e16\u754c\u7b2c\u4e00 \u5c0f\u5cf6\u96e3\u9003"}, {"type": 0, "id": "LoveMakeLove", "content": ": \u9664\u975e\u72af\u5b8c\u6848\u99ac\u4e0a\u642d\u98db\u6a5f\u5750\u8239\u96e2\u5883"}, {"type": 1, "id": "mij", "content": ": \u91d1\u878d\u8a50\u9a19\u72af\u6700\u723d"}, {"type": 0, "id": "shonbig", "content": ": \u6771\u4e9e\u9ec3\u7a2e\u4eba\u6c11\u65cf\u6027"}, {"type": 1, "id": "DarkerDuck", "content": ": \u6eff\u5730\u76e3\u8996\u5668\u3001\u5bc6\u96c6\u6d3e\u51fa\u6240\u3001\u6559\u80b2\u666e\u53ca"}, {"type": 1, "id": "t81511270", "content": ": \u90fd\u662f\u795e\u7d93\u75c5\u5728\u780d\u4eba  \u6cbb\u5b89\u883b\u597d\u7684 = \u5b6c"}, {"type": 0, "id": "t81511270", "content": ": \u8981\u9322\u7684\u8a71\u8a50\u9a19\u6bd4\u8f03\u6709\u6548\u7387"}, {"type": 0, "id": "xup6lin", "content": ": \u56e0\u70ba\u5bcc\u88d5 \u4eba\u6c11\u7d20\u8cea\u9ad8 \u76e3\u8996\u5668\u591a"}, {"type": 1, "id": "liudwan", "content": ": 9.2 \u5d29\u6f70\u5805\u6301\u6cbb\u4e16\u7528\u91cd\u5178"}, {"type": 1, "id": "eddy9616", "content": ": \u7528\u552c\u5f97\u6bd4\u7528\u6253\u5f97\u8cfa"}, {"type": 1, "id": "deepcolor", "content": ": \u73fe\u5728\u8a50\u9a19\u6bd4\u8f03\u597d\u8cfa"}, {"type": 0, "id": "poltmer990", "content": ": \u53db\u53f0\u6295\u4e2d\u6bd4\u8f03\u597d\u8cfa"}, {"type": 1, "id": "poorcharles", "content": ": \u56e0\u70ba\u570b\u6c11\u9ee8\u57f7\u653f50\u5e74"}, {"type": -1, "id": "yabbie", "content": ": \u53bbgoogle\u4e0d\u6703\u55ce \u9664\u4e86\u65e5\u672c\u9084\u5f88\u591a\u597d\u55ce"}, {"type": 0, "id": "poltmer990", "content": ": \u65e5\u672c\u90a3\u7a2e\u4f4e\u72af\u7f6a\u6578\u5b57\u5927\u8a87\u5f35\u4e86"}, {"type": 0, "id": "poltmer990", "content": ": \u7136\u800c\u662f\u4e8b\u5be6"}, {"type": 1, "id": "rock0077", "content": ": \u56e0\u70ba\u88ab\u65e5\u672c\u7d71\u6cbb\u904e"}, {"type": 0, "id": "olivedog", "content": ": \u53f0\u4e2d\uff1a"}, {"type": 0, "id": "makapaka", "content": ": \u4ee5\u5f8c\u97d3\u7576\u7e3d\u7d71\uff0c\u9ed1\u9053\u6cbb\u570b\uff0c\u8b66\u5bdf\u6703\u88ab\u7f9e\u8fb1"}, {"type": 0, "id": "makapaka", "content": ": \uff0c\u6cbb\u5b89\u4e0d\u6703\u518d\u7dad\u6301\u597d\u4e86"}, {"type": 1, "id": "bingreen", "content": ": \u80a5\u5b85\u591a\u90fd\u5b85\u5728\u5bb6\uff0c\u5c31\u4e0d\u6703\u51fa\u9580\u4e86"}, {"type": 1, "id": "ccucwc", "content": ": \u56e0\u70ba\u88ab\u65e5\u672c\u7d71\u6cbb\u904e\u5427\uff1f\u90a3\u6642\u6cbb\u5b89\u807d\u8aaa\u66f4\u597d"}, {"type": 1, "id": "poweroflove", "content": ": \u72af\u7f6a\u7387 \uff08\u8d8a\u9ad8\u6cbb\u5b89\u8d8a\u5dee\uff09"}, {"type": 0, "id": "poweroflove", "content": ": \u53f0\u7063\u3009\u65e5\u672c\u3009\u65b0\u52a0\u5761"}, {"type": 0, "id": "Hans2479", "content": ": \u7b49\u4f86\u53f0\u5c3c\u54e5\u591a\u4e86 \u4f60\u5c31\u77e5\u9053\u4e86"}, {"type": 1, "id": "lanhow", "content": ": \u9003\u4e0d\u6389"}, {"type": 1, "id": "mg14999", "content": ": \u5f88\u591a\u80a5\u5b85"}, {"type": 1, "id": "CrazyR", "content": ": \u8def\u4e0a\u90fd\u662f\u76e3\u8996\u5668  \u5f88\u6709\u5687\u963b\u4f5c\u7528"}, {"type": 1, "id": "TDKnight", "content": ": \u8def\u4e0a\u6436\u9322CP\u503c\u592a\u4f4e\u62c9"}, {"type": 1, "id": "bathilda", "content": ": \u5a18\u7832\u591a"}, {"type": 1, "id": "puppetired", "content": ": \u76e3\u8996\u5668\u591a \u6210\u9019\u6a23~~~~~~\u5f88\u4e0d\u65b9\u4fbf~~~~~~"}, {"type": 0, "id": "JASONGOAHEAD", "content": ": \u6211\u5bb6\u5df7\u5b50\u982d\u5230\u5df7\u5b50\u5c3e\u76e3\u8996\u5668\u8d85\u904e200\u96bb"}, {"type": 0, "id": "JASONGOAHEAD", "content": ": \u4e0d\u5230200\u516c\u5c3a\u7684\u5c0f\u5df7\u5b50"}, {"type": 1, "id": "spirit119", "content": ": \u53f0\u7063\u90a3\u9ebc\u5c0f\uff0c\u662f\u80fd\u8eb2\u5230\u54ea\u53bb"}, {"type": 1, "id": "SantaNM", "content": ": \u53ef\u4ee5\u73a9\u8a50\u9a19\uff0c\u5305\u5de5\u7a0b\uff0c\u8ab0\u8981\u505a\u5f37\u76dc\u5c0f\u5077\uff1f"}, {"type": 1, "id": "hinajian", "content": ": \u6c92\u6709\u90a3\u9ebc\u591a\u76e3\u8996\u5668\u7684\u6642\u5019\u807d\u8aaa\u6cbb\u5b89\u9084\u66f4\u597d"}, {"type": 0, "id": "hinajian", "content": ": \u96d6\u7136\u6211\u89ba\u5f97\u90a3\u662f\u56e0\u70ba\u6c92\u6709\u5831\u51fa\u4f86"}, {"type": 0, "id": "hinajian", "content": ": \u4e0d\u904e\u5118\u7ba1\u5982\u6b64\u4e5f\u7b97\u4e0d\u4e0a\u591a\u58de"}, {"type": 0, "id": "vwpassat", "content": ": \u65b0\u52a0\u5761 \u6cbb\u5b89 \u4e16\u754c\u6392\u540d99"}, {"type": 1, "id": "dk2ftrmrn", "content": ": \u56e0\u70ba\u8a50\u9a19\u6bd4\u8f03\u7701\u6210\u672c \u9a19\u9078\u7968\u9a19\u9322\u5be6\u969b\u591a"}, {"type": 0, "id": "dk2ftrmrn", "content": ": \u6295\u8cc7\u5831\u916c\u7387\u4e5f\u6bd4\u8f03\u9ad8"}, {"type": 1, "id": "KaiManSo", "content": ": \u5730\u65b9\u5c0f \u8b66\u5bdf\u5c4c \u56db\u9762\u6d77 \u9003\u4e0d\u4e86"}, {"type": 1, "id": "mackulkov", "content": ": \u7528\u9a19\u7684\u6bd4\u8f03\u597d\u8cfa \u4e0d\u7528\u6bba\u4eba\u653e\u706b"}, {"type": 0, "id": "lbowlbow", "content": ": \u5730\u65b9\u592a\u5c0f\u76e3\u8996\u5668\u592a\u591a\uff0c\u8981\u9003\u90fd\u9003\u4e0d\u4e86"}, {"type": 0, "id": "lbowlbow", "content": ": \u4e00\u5806\u90fd\u662f\u6f5b\u9003\u904e\u7a0b\u9084\u6c92\u51fa\u6d77\u5c31\u88ab\u6293\u56de\u4f86\u4e86"}, {"type": 1, "id": "loveapple33", "content": ": \u76e3\u8996\u5668\u8d85\u591a\uff0c\u8ddf\u4e2d\u5171\u5dee\u5225\u5728\u4eba\u81c9\u8fa8\u8b58\u800c"}, {"type": 0, "id": "loveapple33", "content": ": \u5df2\u3002"}], "post_ip": "59.115.141.215", "post_content": "\n\n\n     \u53f0\u7063\u96d6\u7136\u6709\u6642\u5019\u6703\u6709\u4e00\u4e9b\u91cd\u5927\u7684\u6cbb\u5b89\u4e8b\u4ef6\u767c\u751f\n\n     \u4f46\u53f0\u7063\u7684\u6cbb\u5b89\u6bd4\u8d77\u4e16\u754c\u5404\u570b \u6574\u9ad4\u4e0a\u4f86\u8aaa\u7b97\u826f\u597d\u7684\n\n     \u4e5f\u5c31\u662f\u8aaa\u5728\u53f0\u7063\u751f\u6d3b\u5176\u5be6\u5f88\u5b89\u5168 \u5c31\u7b97\u6df1\u591c\u51fa\u9580\u90fd\u4e0d\u7528\u64d4\u5fc3\n\n     \u53f0\u7063\u7684\u5211\u7f70\u660e\u660e\u4e0d\u662f\u5f88\u91cd \u4f46\u662f\u53f0\u7063\u7684\u6cbb\u5b89\u70ba\u4ec0\u9ebc\u90a3\u9ebc\u597d\uff1f\n\n     \u6709\u54ea\u4e9b\u570b\u5bb6\u6cbb\u5b89\u6bd4\u53f0\u7063\u597d\u7684\u5462\uff1f \u6211\u53ea\u77e5\u9053\u65e5\u672c\u6cbb\u5b89\u6bd4\u53f0\u7063\u597d\n\n\n\n\n\n--\n"}