{"ptt_id": "fack3170", "post_url": "https://www.ptt.cc/bbs/Gossiping/M.1562428622.A.41D.html", "post_type": "\u554f\u5366", "post_title": "\u798f\u539f\u9065  \u9109\u6c11\u89ba\u5f97\u53ef\u611b\u55ce?", "post_time": "2019-07-06 23:57:00", "post_score": 16, "post_pushes": [{"type": 0, "id": "Ironstick", "content": ": \u667a\u969c\u5287\u60c5"}, {"type": 1, "id": "emperor", "content": ": \u65e5\u672c\u5c71\u53e3\u771f\u5e06"}, {"type": 1, "id": "ijoj", "content": ": \u53ef\u4ee5"}, {"type": 0, "id": "hmt17", "content": ": \u9019\u662f\u6e21\u908a\u7f8e\u512a\u7d00\u5427"}, {"type": 1, "id": "a3300689", "content": ": \u9084Ok"}, {"type": 1, "id": "CREA", "content": ": \u5f88\u53ef\u611b"}, {"type": 1, "id": "redmool", "content": ": Good morning call\u8d85\u53ef\u611b"}, {"type": 0, "id": "redmool", "content": ": \u63a8\u85a6 \u7b2c\u4e8c\u5b63\u5c31\u666e\u666e"}, {"type": -1, "id": "gaiaesque", "content": ": \u96e3\u770b"}, {"type": 0, "id": "lu670320", "content": ": \u57283\u5e74A\u73ed\u4e00\u5806\u5973\u89d2\u5167\u5c31\u986f\u5f97\u4e0d\u51fa\u773e\u4e86"}, {"type": 1, "id": "blueskymaple", "content": ": \u4ee5\u524d\u6599\u7406\u7ae5\u661f\u554a\u81c9\u90fd\u6c92\u8b8a"}, {"type": 1, "id": "hizo", "content": ": \u5979\u6f14\u914d\u97f3\u54e1\u7684\u6545\u4e8b\u90a3\u9f63\u633a\u4e0d\u932f\u7684"}, {"type": 1, "id": "huckebein12", "content": ": \u599d\u5378\u6389\u53ea\u5269\u602a\u7269"}, {"type": 0, "id": "PttZF", "content": ": \u7b2c\u4e00\u6b21\u8a8d\u8b58\u5230 \u4e5f\u89ba\u5f97\u53ef\u611b"}, {"type": 1, "id": "alan4ni", "content": ": \u883b\u53ef\u611b\u7684~"}, {"type": 1, "id": "hank49172008", "content": ": \u9084\u4ee5\u70ba\u662f\u798f\u539f\u611b"}, {"type": 0, "id": "LoveMakeLove", "content": ": \u53bb\u5e74\u6691\u5047\u90fd\u4f86\u53f0\u7063\u4e3b\u6301\u52d5\u6f2b\u6f14\u5531\u6703"}, {"type": 1, "id": "nekoten", "content": ": \u9084\u884c \u5c31\u53ef\u611b \u4f46\u6c92\u53ef\u611b\u5230\u7279\u5225\u53b2\u5bb3"}, {"type": 1, "id": "NEX4036", "content": ": follow\u5f88\u4e45\u4e86 \u8d85\u7d1a\u53ef\u611b\u5587\uff01\uff01\uff01"}, {"type": 1, "id": "svd237", "content": ": \u6f14\u6280\u5176\u5be6\u4e0d\u932f\u4e5f\u53ef\u611b"}, {"type": 1, "id": "kamisanma", "content": ": \u5f88\u53ef\u611b\u554a"}, {"type": 1, "id": "linchen1121", "content": ": \u6211\u89ba\u5f97\u5979\u6bd4\u8f03\u9069\u5408\u9ed1\u9577\u76f4\u9020\u578b"}, {"type": 0, "id": "linchen1121", "content": ": https://youtu.be/LunTyin7I00"}, {"type": 0, "id": "misthide", "content": ": \u9577\u5f97\u5f88\u50cf\u6afb\u4e95\u7fd4"}, {"type": 1, "id": "yuxds", "content": ": \u9084\u5e74\u8f15 \u4ee5\u5f8c\u9084\u6709\u6a5f\u6703\u5427"}, {"type": 1, "id": "Kiyoda", "content": ": 3A"}, {"type": 0, "id": "zeroyaking", "content": ": \u525b\u525b\u770b\u5b8c\u72c2\u8ced\u4e4b\u6df5\u96fb\u5f71\u7248 \u4ed6\u8d85\u7d1a\u5f37\u7684!!"}, {"type": 0, "id": "zeroyaking", "content": ": \u984f\u85dd\u6c23\u52e2\u4e0d\u8f38\u7f8e\u6ce2\u8ddf\u68ee\u5ddd\u8475"}], "post_ip": "39.9.107.123", "post_content": "\n\u5927\u5bb6\u5b89\u5b89\n\u6211\u5742\u9053\u7c89J\u304f\u3093\n\n\u525b\u525b\u770b\u5b8c\u4e00\u90e8\u883b\u96e3\u770b\u7684\u7121\u8166\u5c11\u5973\u6f2b\u6539\u5287\n\u7247\u540d\u300e\u30b3\u30fc\u30d2\u30fc\uff06\u30d0\u30cb\u30e9\u300f\u5496\u5561\u548c\u9999\u8349\n\u7b2c\u4e00\u96c6\n\n\u5973\u4e3b\u89d2\u662f\u7531\u798f\u539f\u9065\u98fe\u6f14\nhttps://i.imgur.com/hKJQE5j.jpg\n\n\u4ee5\u524d\u4e5f\u6709\u770b\u904e\u5979\u6f14\u7684\u6232 \u53ea\u662f\u6211\u90fd\u6c92\u5565\u5370\u8c61\n\n\u770b\u4e86\u9019\u90e8\u89ba\u5f97\u5176\u5be6\u9084\u883b\u53ef\u611b\u7684\u5462\uff01\n\n\u89ba\u5f97\u5979\u90a3\u9ebc\u53ef\u611b\u600e\u9ebc\u9084\u6c92\u5927\u7d05\u554a...\n\u9109\u6c11\u5011\u89ba\u5f97\u5979\u53ef\u611b?\nhttps://i.imgur.com/wPXqvG6.jpg\nhttps://i.imgur.com/bu8OiVl.jpg\nhttps://i.imgur.com/oAHMJ9a.jpg\nhttps://i.imgur.com/BR3sQug.jpg\n\n\u55da\u55da\u55da...\n\u6211\u4eca\u5929\u5176\u5be6\u6c92\u5fc3\u60c5\u5beb\u5742\u9053\u6587\n\u4e5f\u6c92\u5565\u9748\u611f  \u4f11\u606f\u4e00\u5929\n\n--\n\u5929\u4e0b\u7b2c\u4e00\uff01\u4e0e\u7530\u7950\u5e0c\nhttps://i.imgur.com/ZQJOIut.jpg\n\u7f8e\u984f\uff01 \u6885\u6fa4\u7f8e\u6ce2\nhttps://i.imgur.com/vH8CFmG.jpg\n\u5e0c\u671b\uff01 \u5c71\u4e0b\u7f8e\u6708\nhttps://i.imgur.com/TGwYqAH.jpg\n\n--\n\u597d\u96e3\u770b \u6211\u6709\u9ede\u5f8c\u6094= =\n\u203b \u7de8\u8f2f: fack3170 (39.9.107.123 \u81fa\u7063), 07/06/2019 23:59:52\n"}