{"ptt_id": "obelisk0114", "post_url": "https://www.ptt.cc/bbs/Gossiping/M.1570156618.A.EED.html", "post_type": "\u65b0\u805e", "post_title": "\u7f8e\u79fb\u6c11\u5c40\u51c6\u8a31\u4ee5\u53f0\u7063\u70ba\u540d\u5165\u7c4d\u7f8e\u570b", "post_time": "2019-10-04 10:36:51", "post_score": 9, "post_pushes": [{"type": 0, "id": "CPer", "content": ": \u8521\u82f1\u6587\u53ef\u4ee5\u540d\u6b63\u8a00\u9806\u6539\u570b\u540d\u4e86"}, {"type": -1, "id": "ed123123", "content": ": \u53cd\u5c0d"}, {"type": 0, "id": "ed123123", "content": ": \u4e2d\u570b\u53f0\u7063\u624d\u662f\u6b63\u89e3"}, {"type": 0, "id": "CPer", "content": ": \u4e2d\u83ef\u6c11\u570b\u6d41\u4ea1\u653f\u5e9c\u5373\u5c07\u8d70\u5165\u6b77\u53f2"}, {"type": 1, "id": "s72005ming", "content": ": \u4e2d\u83ef\u6c11\u570b\u5be6\u8cea\u6ec5\u4ea1\u4e86"}, {"type": 1, "id": "Leeheaven", "content": ": \u6700\u5f8c\u4e2d\u83ef\u6c11\u570b\u7adf\u7136\u662f\u88ab\u7f8e\u570b\u6d88\u6ec5"}, {"type": 1, "id": "vul81320", "content": ": \u4e2d\u83ef\u6c11\u679c\u672c\u4f86\u5c31\u6ec5\u4ea1\u4e86\u597d\u55ce"}, {"type": 0, "id": "CPer", "content": ": \u5efa\u8b70\u4e0b\u6b21\u7acb\u9662\u958b\u59cb\u6e96\u5099\u6b63\u540d\u5236\u61b2"}, {"type": 0, "id": "Leeheaven", "content": ": \u8521\u82f1\u6587\u9084\u9078\u4ec0\u9ebc\u4e2d\u83ef\u6c11\u570b\u7e3d\u7d71"}, {"type": 1, "id": "ak904", "content": ": \u9019\u6a239.2\u97d3\u7c89\u4e0d\u80fd\u5165\u5883\u7f8e\u570b \u5f88\u9ebb\u7169 XDDDD"}, {"type": 0, "id": "oxoxx", "content": ": \u4e2d\u83ef\u6c11\u570b\u6efe"}, {"type": -1, "id": "aaice", "content": ": \u6301\u6709\u4e2d\u83ef\u6c11\u570b\u8b77\u7167\u53ef\u4ee5\u7528\u53f0\u7063\u52a0\u5165\u7f8e\u7c4d?"}, {"type": 0, "id": "CPer", "content": ": \u4e2d\u83ef\u6c11\u570b\u7e3d\u7d71\u53ef\u4ee5\u5165\u5883\u7f8e\u570b\u55ce"}, {"type": 0, "id": "aaice", "content": ": \u53f0\u7063\u5c31\u662f\u53f0\u7063 \u600e\u9ebc\u53c8\u8dd1\u51fa\u4e2d\u83ef\u6c11\u570b\u8b77\u7167"}, {"type": 0, "id": "vancepeng", "content": ": \u53ef\u4ee5\u4fee\u61b2\u4e86\u5427"}, {"type": 0, "id": "redlance", "content": ": \u539f\u672c\u5beb\u4ec0\u9ebc\uff1fRoc?"}, {"type": 0, "id": "CPer", "content": ": \u6b63\u540d\u5236\u61b2\u5c31\u53ef\u4ee5\u4e86"}, {"type": 0, "id": "seazure2016", "content": ": \u4e2d\u83ef\u6c11\u570b\u6d3e\u5d29\u6f70"}, {"type": 1, "id": "getx105", "content": ": 9.2:\u4e2d\u83ef\u51a5\u570b\u6ec5\u4ea1\u4e86\uff5e\uff5e\uff08\u7834\u97f3"}, {"type": 0, "id": "BaRanKa", "content": ": \u6709\u7d66\u7f8e\u91d1\u5c31\u80fd\u9032\u4e86"}, {"type": 1, "id": "farmoos", "content": ": https://i.imgur.com/GcA9BSy.jpg \u7c3d\u8b49"}, {"type": 0, "id": "farmoos", "content": ": https://i.imgur.com/JNl2CGa.jpg \u87a2\u5e55"}, {"type": 0, "id": "farmoos", "content": ": https://i.imgur.com/cuE7uun.jpg \u7f8e\u90f5\u653f"}, {"type": 1, "id": "aska13", "content": ": \u8036\uff0c\u6c92\u6709\u4e2d\u83ef\u6c11\u570b\uff0c\u8b9a"}, {"type": -1, "id": "painkiller", "content": ": \u5317\u4e03 \u90fd\u8981\u5165\u7c4d\u7f8e\u570b\u7684\u4eba\u6703\u5728\u610f\u9019\u500b?"}, {"type": 1, "id": "butten986", "content": ": \u6a13\u4e0a\u4f60\u77e5\u9053\u5be9\u6838\u7684\u5b89\u5168\u4fc2\u6578\u6709\u5dee\u55ce\uff1f"}, {"type": 1, "id": "Fongin", "content": ": \u8b9a!!\u300c\u53f0\u7063\u5c31\u662f\u53f0\u7063\u300d\u6c92\u6709\u4e2d\u83ef\u6c11\u570b"}, {"type": 1, "id": "gameforever", "content": ": \u53ea\u8981\u7f8e\u570b\u4e00\u53e5\u8a71\uff0c\u806f\u5408\u570b\u5c31\u53ea\u662f\u72d7\u5c4e"}, {"type": 1, "id": "weiprincess", "content": ": \u5927\u63a8"}, {"type": 1, "id": "garone", "content": ": \u9019\u4e0b\u8521\u82f1\u6587\u51fa\u570b\u7c3d\u540d\uff0c\u8077\u7a31\u4e0d\u7528\u7c3dROC\u4e86\uff01"}], "post_ip": "73.35.172.61", "post_content": "\n\u4e2d\u5ee3\u65b0\u805e\u7db2\n\n\u7f8e\u79fb\u6c11\u5c40\u51c6\u8a31\u4ee5\u53f0\u7063\u70ba\u540d\u5165\u7c4d\u7f8e\u570b\u3000\u8607\u8c9e\u660c\u80af\u5b9a\n\n\u7f8e\u570b\u79fb\u6c11\u5c40\uff08USCIS\uff09\u9b06\u7d81\u53f0\u7063\u6c11\u773e\u5165\u7c4d\u7f8e\u570b\u7533\u8acb\u65b9\u5f0f\uff0c\u5728\u7533\u8acb\u6587\u4ef6\u8868\u683c\u4e0a\u53ef\u8a3b\u660e\u539f\u570b\u7c4d\n\u70ba\u300c\u53f0\u7063\u300d\uff08Taiwan\uff09\uff0c\u7f8e\u65b9\u7c3d\u767c\u7684\u8b49\u66f8\u4e5f\u53ea\u6703\u986f\u793a\u53f0\u7063\uff0c\u4e0d\u6703\u51fa\u73fe\u300c\u4e2d\u83ef\u6c11\u570b\u53f0\u7063\u300d\u6216\n\u300c\u4e2d\u570b\u53f0\u7063\u300d\u7b49\u540d\u7a31\u3002\n\n\u5c0d\u65bc\u9019\u9805\u6539\u8b8a\uff0c\u884c\u653f\u9662\u9577\u8607\u8c9e\u660c\u4eca\u5929\u8868\u793a\u80af\u5b9a\uff0c\u8a8d\u70ba\u9019\u51f8\u986f\u7f8e\u570b\u5c0d\u53f0\u7063\u7684\u53cb\u5584\uff0c\u4e5f\u66f4\u7b26\u5408\n\u4e8b\u5be6\u3002\u8607\u8c9e\u660c\u5f37\u8abf\uff0c\u7528\u53f0\u7063\u8b93\u4e16\u754c\u5404\u570b\u6bd4\u8f03\u5bb9\u6613\u8fa8\u8b58\uff0c\u800c\u4e14\u300c\u53f0\u7063\u5c31\u662f\u53f0\u7063\u300d\uff0c\u5e0c\u671b\u5728\u5168\n\u4e16\u754c\u80fd\u8b93\u5927\u5bb6\u6e05\u695a\uff0c\u53f0\u7063\u8ddf\u4e2d\u570b\u662f\u4e0d\u4e00\u6a23\u7684\u3002\n\n\u8607\u8c9e\u660c\u6307\u51fa\uff0c\u7f8e\u570b\u9019\u9805\u6539\u8b8a\u662f\u56e0\u70ba\u570b\u4eba\u7684\u52aa\u529b\u4ee5\u53ca\u53f0\u7063\u5728\u570b\u969b\u4e0a\u7684\u597d\u5370\u8c61\uff0c\u85c9\u6b64\u51f8\u986f\u53f0\u7063\n\u8ddf\u4e2d\u570b\u4e0d\u540c\uff0c\u53ea\u662f\u9032\u4e00\u6b65\u5c0d\u53f0\u53cb\u5584\u4ee5\u53ca\u7b26\u5408\u4e8b\u5be6\u3002\n\n\u7f8e\u570b\u516c\u6c11\u53ca\u79fb\u6c11\u670d\u52d9\u5c40\uff08USCIS\uff099\u670827\u65e5\u5728\u7533\u8acb\u5165\u7c4d\u7f8e\u570b\u8b49\u66f8\u7684\u7db2\u9801\u4e0a\u8a3b\u660e\uff0c\u6301\u6709\u4e2d\u83ef\u6c11\n\u570b\u8b77\u7167\u7684\u6c11\u773e\uff0c\u53ef\u4ee5\u5728\u5165\u7c4d\u7533\u8acb\u8868\u683cN-400\u4e0a\u8a3b\u660e\u570b\u7c4d\u70ba\u300c\u53f0\u7063\uff08Taiwan\uff09\u300d\u3002\n\nUSCIS\u4e5f\u5f37\u8abf\uff0c\u9812\u767c\u7684\u5165\u7c4d\u8b49\u66f8\u5c07\u53ea\u6703\u986f\u793a\u539f\u570b\u7c4d\u70ba\u300c\u53f0\u7063\u300d\uff0c\u7c3d\u767c\u7684\u8b49\u66f8\u4e0a\u4e0d\u6703\u51fa\u73fe\u4e2d\n\u83ef\u4eba\u6c11\u5171\u548c\u570b\u53f0\u7063\u3001\u4e2d\u570b\u53f0\u7063\u3001\u4e2d\u83ef\u6c11\u570b\u53f0\u7063\u7b49\u540d\u7a31\u3002\n\nhttp://www.bcc.com.tw/newsView.3649220\n\n6.\u5099\u8a3b:\n\n--\n   \u25e2\u2588\u2588\u2588\u25e3  \u25e2\u2588\u2588\u25e3  \u6d28\u6d3e\u6c23\u529f\uff01\uff01 \u25e5          \u2584\u2584\u2586\u2584   \u25e4 \u2584\u2586 \u25e5\n\u2588\u25e5\u25e5\u25e5\u25e4  \u2588\u25e5\u25e5\u25e5  /     \u25e5                  \u25e2 \u2585\u25e5 \uff1e////\uff1c \n\u2588 \u02ca \u02cb \u25e4\u25a1\ufe35\u25a1  \u25e2\u25e3\u25e2\u25e3        \u25e2\u25e3       \u25e2\u25e3 \u25e5 ~\u25cf\u2500\u2500\u2500\u25cf~\n\u25e4 //\uff1e/ \u554a~\u25e5 \u25bd\u25e4\u2584\u2584 \u25e5\u25e3        \u25e5\u25e3 \u03c8qazsugf  \u25e3\u2585\u2299  \u2299\u258a\u25e2\n\u25e3  \u25bc\u25e2/      \u2585 \u25e4\u2584\u2584      \u25e5\u25e3        \u25e5\u25e3             \u2583\u2581 \n\u25e4.  .\u25e5 \u25e4 \u2582\u2582\u2584\u2584 \u25e4      \u25e5\u25e4   \u25e2   \u25e5\u25e4\u2585\u2583  \u25e2  \u25e3     \u258a \u25e2\n\n--\n"}