{"ptt_id": "maybetodo", "post_url": "https://www.ptt.cc/bbs/Gossiping/M.1570238528.A.269.html", "post_type": "\u554f\u5366", "post_title": "\u8ff7\u5f69\u7b97\u4e0d\u7b97\u8499\u9762\uff1f\uff1f", "post_time": "2019-10-05 09:22:06", "post_score": 1, "post_pushes": [{"type": 0, "id": "Ponimp", "content": ": \u7b97"}, {"type": 0, "id": "Ives20130", "content": ": \u7684\u984f\u6599\u4e5f\u4e0d\u884c\u5427"}, {"type": 1, "id": "newways", "content": ": \u5316\u599d\u5316\u592a\u539a\u662f\u4e0d\u662f\u4e5f\u80fd\u7b97\u8499\u9762\u963f"}, {"type": 0, "id": "costello", "content": ": \u90a3\u6797\u912d\u6703\u5148\u88ab\u6349\u8d77\u4f86\u5427! \u7c89\u5f88\u539a"}, {"type": 0, "id": "jackyiou", "content": ": \u7b97\uff0c\u4f60\u6709\u4ed4\u7d30\u770b\u689d\u4f8b\u55ce"}], "post_ip": "223.139.192.40", "post_content": "\n\u8499\u9762\u901a\u5e38\u662f\u6307\u5728\u81c9\u4e0a\u914d\u6234\u7269\u54c1\n\n\u4f46\u8ecd\u65b9\u4e5f\u6703\u6709\u53e2\u6797\u8ff7\u5f69\u507d\u88dd\n\n\u9019\u662f\u507d\u88dd\u4e0d\u662f\u8499\u9762\n\n\u662f\u4e0d\u662f \u53ea\u8981\u5168\u81c9\u8ff7\u5f69\u800c\u4e0d\u7528\u7269\u54c1\u906e\u853d\n\n\u5c31\u6c92\u6709\u9055\u53cd\u898f\u5b9a\u4e86\u5462\uff1f\n\n\n--\nposted from bbs reader hybrid on my asus ASUS_X00QD\n\n--\n"}