{"ptt_id": "Rrrxddd", "post_url": "https://www.ptt.cc/bbs/Gossiping/M.1562898102.A.B03.html", "post_type": "\u554f\u5366", "post_title": "\u6d77\u6d1b\u82f1 \u5438\u591a\u4e86\u600e\u9ebc\u8fa6", "post_time": "2019-07-12 10:21:40", "post_score": -2, "post_pushes": [{"type": 0, "id": "love21016", "content": ": \u4e94\u6a13\u5e25 \u5192\u96aa\u84cb"}, {"type": 0, "id": "gamania0515", "content": ": \u6a13\u4e0b\u5438\u97d3\u7c89"}, {"type": 0, "id": "johnwu", "content": ": \u767d\u7c89\u5011\u4e5f\u662f\u5438\u5f88\u591a\u554a"}, {"type": -1, "id": "ericinttu", "content": ":   \u6d77\u7c73\u8981\u600e\u9ebc\u8fa6??"}, {"type": 0, "id": "gankgf", "content": ": \u5192\u96aa\u84cb"}, {"type": 1, "id": "acln0816", "content": ": \u90a3\u5403\u97d3\u7b11\u534a\u6b65\u7672\u5462\uff1f"}, {"type": 0, "id": "coollfd", "content": ": \u633a\u8caa\u6c61\u8cc7\u9032\u9ee8\u6b7b\u5168\u5bb6\uff0c\u53f0\u7063\u5c31\u4e7e\u6de8\u4e86"}, {"type": 0, "id": "jodojeda", "content": ": \u8521\u5c0f\u82f1\u5438\u592a\u591a\u600e\u9ebc\u8fa6"}, {"type": -1, "id": "shotakun", "content": ": \u6d77\u6d1b\u82f1\u4e0d\u5c31\u662f\u767d\u7c89"}, {"type": 0, "id": "evanc", "content": ": \u65e5\u672c\u73fe\u5728\u5e7e\u9ede?"}, {"type": -1, "id": "wadeabc", "content": ": \u90a3\u5c31\u55d1\u7cde"}, {"type": -1, "id": "mealoop", "content": ": \u78d5\u7cde\u554a"}, {"type": 1, "id": "ok771105", "content": ": \u770b\u4e2d\u6642\u4e2d\u5929\u53ef\u4ee5\u89e3\u6bd2"}, {"type": 0, "id": "st89702", "content": ": \u6703\u8b8a\u67ef\u97d3\u7c89"}, {"type": -1, "id": "sownightcry", "content": ": \u5641\u5fc3\u5df4\u62c9 \u6c11\u610f\u5e36\u8d77\u67ef\u7cde \u7db2\u8ecd\u5c31\u60f3\u5e36"}, {"type": 0, "id": "sownightcry", "content": ": \u592e\u7cde \u767d\u7c89 \u5c31\u60f3\u5e36\u6d77\u6d1b\u82f1"}, {"type": 0, "id": "sownightcry", "content": ": \u67ef\u7cde\u5c31\u53bb\u5403\u5c4e\u5c31\u5c0d\u4e86 \u4e0d\u7528\u60f3\u592a\u591a"}, {"type": 1, "id": "AAQQUUAA", "content": ": \u5d29\u6f70\u6587\u9023\u767c......"}], "post_ip": "126.233.27.109", "post_content": "\n\u9913\u6b7b\u62ac\u982d\n\n\u5c0f\u9b6f\u6211\u670b\u53cb\u5728\n\u62d6\u82f1\u4e2d\u5fc3\u5f85\u4e45\n\u6bcf\u5929\u5438\u6d77\u6d1b\u82f1\n\n\u4e8b\u5be6\u6216\u5047\u65b0\u805e\n\u90fd\u5206\u4e0d\u6e05\u695a\u4e86\n\u90fd\u53ea\u77e5\u9053\u62b9\u9ed1\n\n\u6d77\u6d1b\u82f1\u5438\u592a\u591a\n\u6bd2\u7c73\u5403\u592a\u591a\u4e86\n\u4e2d\u6bd2\u8981\u600e\u9ebc\u8fa6\n\n\u6709\u6c92\u6709\u5366\n\n--\n\u4e0d\u6703\u52a0\u4e00\u5c0f\u662f\u4e0d\u662f\n\u203b \u7de8\u8f2f: Rrrxddd (126.233.27.109 \u65e5\u672c), 07/12/2019 10:56:13\n"}