{"ptt_id": "bubblebeauty", "post_url": "https://www.ptt.cc/bbs/Gossiping/M.1562595432.A.449.html", "post_type": "\u554f\u5366", "post_title": "\u770b\u904e\u919c\u7684\u7a7a\u59d0\u55ce", "post_time": "2019-07-08 22:17:10", "post_score": 3, "post_pushes": [{"type": 0, "id": "johnwu", "content": ": \u6709\u554a"}, {"type": -1, "id": "BaDoYao", "content": ": \u4e94\u6a13\u5614\u5614\u5614"}, {"type": 0, "id": "luke11130177", "content": ": \u5f88\u591a\u597d\u55ce \u800c\u4e14\u599d\u90fd\u8d85\u6fc3\u8d85\u5641"}, {"type": -1, "id": "edison", "content": ": \u5317\u7f8e\u822a\u7dda\u591a\u7684\u662f"}, {"type": 1, "id": "ai770116", "content": ": \u53ea\u5c11\u53f0\u7063\u8ddf\u9999\u6e2f\u7684\u6211\u770b\u904e\u90fd\u6c92\u6709"}, {"type": 0, "id": "teddy1209", "content": ": \u600e\u9ebc\u6c92\u6709"}, {"type": 1, "id": "setsunabs", "content": ": \u62114\u7a7a\u59ca\u5976\u5b50\u8d85\u5927"}, {"type": 1, "id": "kopuck", "content": ": \u53f0\u7063\u7a7a\u59d0 \u5e7e\u4e4e\u5c31\u662f\u53f0\u7063\u5973\u751f\u4e2d\u524d10%\u7f8e\u7684"}, {"type": 0, "id": "muchu1983", "content": ": \u5f88\u5c11\u898b"}, {"type": 0, "id": "jevousaime", "content": ": \u53f0\u7063\u524d10%\u7f8e??????"}, {"type": 0, "id": "Mellissa", "content": ": \u6c92\u932f \u53f0\u7063\u805a\u9910\u5718\u9ad4\u7167\u8981\u6709\u7a7a\u59d0\u9019\u6c34\u5e73\u6975\u96e3"}, {"type": 0, "id": "Mellissa", "content": ": \u770b\u9762\u8a66\u90a3\u9663\u4ed7\u4e5f\u77e5\u9053 \u919c\u7684\u771f\u7684\u975e\u5e38\u5c11"}, {"type": 0, "id": "luke11130177", "content": ": \u524d10%\uff1f\u8def\u4e0a\u7684\u9ad8\u4e2d\u751f\u5f88\u591a\u90fd\u5c4c\u6253"}, {"type": 1, "id": "kopuck", "content": ": \u5982\u679c\u8aaa\u5357\u5d01\u662f\u53f0\u7063\u6b63\u59b9\u5bc6\u5ea6\u6700\u9ad8\u4e5f\u4e0d\u70ba\u904e"}, {"type": 0, "id": "l2272", "content": ": \u4e00\u5806\u597d\u55ce..\u5317\u7f8e\u53c8\u8001\u53c8\u80a5"}, {"type": 0, "id": "posterman", "content": ": \u9019\u6b21\u6211\u5012\u662f\u770b\u5230\u5f88\u591a\u5167\u5fc3\u919c\u964b\u7684"}, {"type": 1, "id": "andrewjet", "content": ": \u9019\u6b21\u4f60\u9084\u6c92\u770b\u5230\u55ce\uff1f \u4e00\u62d6\u62c9\u5eab\u6b38"}, {"type": 0, "id": "OGCed", "content": ": \u5f88\u591a"}, {"type": -1, "id": "skywolf1106", "content": ": \u5f88\u591a\u597d\u55ce\uff1f\u9019\u9663\u5b50\u67d0\u5de5\u6703\u5e38\u8b1b\u8a71\u7684\u6c92"}, {"type": 0, "id": "skywolf1106", "content": ": \u4e00\u500b\u6b63"}, {"type": 1, "id": "ganbastar", "content": ": \u770b\u4e86\u9019\u5169\u6b21\u7f77\u5de5...\u6c92\u5916\u8868\u4e5f\u6c92\u8166..."}, {"type": 0, "id": "wuleelee", "content": ": \u64e6\u5c4e\u6700\u919c"}, {"type": 1, "id": "Gossiking", "content": ": \u771f\u5fc3\u89ba\u5f97\u5927\u90e8\u4efd\u90fd\u5f88\u9084\u597d"}, {"type": 0, "id": "joyce1590", "content": ": \u6eff\u591a\u7684\u963f"}, {"type": -1, "id": "umin928", "content": ": \u8aaa\u524d10%\u7684\u662f\u4e0d\u662f\u5f88\u5c11\u51fa\u9580\u963f"}, {"type": 0, "id": "qx5", "content": ": \u6b50\u7f8e\u822a\u7dda\u4e00\u5806"}], "post_ip": "180.217.133.213", "post_content": "\n\u9019\u6a23\u554f\u4e0d\u79ae\u8c8c\n\u7a7a\u59d0\u59d0\u59d0\u4e0d\u8981\u751f\u6c23\n\u6b63\u5e38\u4f86\u8aaa\n\u5176\u5be6\u90fd\u6709\u5316\u599d\n\u770b\u8d77\u4f86\u90fd\u4e0d\u932f\n\u6709\u6c92\u6709\u90a3\u7a2e\u5316\u599d\u5f8c\u4e5f\u5f88\u919c\u7684\n\u7a7a\u59d0\n\u6709\u55ce\n\n--\n"}