{"ptt_id": "boomb", "post_url": "https://www.ptt.cc/bbs/Gossiping/M.1563643775.A.198.html", "post_type": "\u554f\u5366", "post_title": "\u6025\uff01\u5973\u53cb\u8aaa\u5979\u90a3\u500b\u6c92\u4f86", "post_time": "2019-07-21 01:29:33", "post_score": 4, "post_pushes": [{"type": 1, "id": "frommr", "content": ": \u90a3\u310d\u6c92\u4e43\uff1f"}, {"type": 0, "id": "TaiwanSpirit", "content": ": \u597d\u4e86\u5566 \u5feb\u9ede\u53bb\u7761\u4e86"}, {"type": 0, "id": "frommr", "content": ": \u8b1b\u8a71\u8b1b\u6e05\u695a\uff0c\u90a3\u310d\uff1f"}, {"type": 0, "id": "xxx60133", "content": ": \u5e3d\u5b50\u6b6a\u4e86"}, {"type": 1, "id": "nesiron", "content": ": \u8ddf\u4ed6\u8aaa\u5e3d\u5b50\u6234\u597d"}, {"type": 0, "id": "a81255316", "content": ": \u5148\u5b58\u6a94"}, {"type": 0, "id": "yulin0619", "content": ": \u5148\u8aaa \u4f60\u5973\u53cb\u68d2\u5b50\u5e7e\u516c\u5206"}, {"type": 0, "id": "MCSTRADALE", "content": ": ..."}, {"type": 1, "id": "sbilor", "content": ": \u5e79 \u4e0d\u6703\u662f\u6211\u7684\u5427 \u6211\u624d\u5403\u4e00\u6b21"}, {"type": -1, "id": "eereer12325", "content": ": \u5b58\u64cb"}, {"type": 1, "id": "ghostl40809", "content": ": \u4f60\u6536\u5230\u7da0\u5de8\u4eba\u7f50\u982d\u4ee3\u8a00\u5408\u7d04\u4e86"}, {"type": 0, "id": "DongWooNeKo", "content": ": \u6211\u771f\u7684\u5f88\u4e0d\u60f3\u7f75\u9ad2\u8a71"}, {"type": 0, "id": "DongWooNeKo", "content": ": \u5230\u5e95\u662f\u600e\u6a23"}, {"type": 0, "id": "DongWooNeKo", "content": ": \u4f60\u670b\u53cb\u7684\u5973\u670b\u53cb\u95dc\u6211\u5c41\u4e8b"}, {"type": 0, "id": "DongWooNeKo", "content": ": \u6211\u90fd\u9003\u4f86\u516b\u5366\u9084\u6709\u4fc4\u7d66\u6211\u770b\u9019\u7a2e\u653e\u9583"}, {"type": 0, "id": "DongWooNeKo", "content": ": \u6587\uff01\u53bb\u6b7b\u4e00\u6b7b"}, {"type": 0, "id": "eereer12325", "content": ": \u6a13\u4e0a\u4e0d\u7fa8\u6155\u55ce\u55da\u55da\u55da\u55da\u55da\u55da"}, {"type": 0, "id": "theskyofblue", "content": ": \u4ed6\u62bd\u6c92\u5e7e\u4e0b  \u4f46\u6700\u5f8c\u5c04\u5728?"}, {"type": 0, "id": "kaodio", "content": ": \u4fbf\u79d8\u55ce"}, {"type": -1, "id": "hikaru77613", "content": ": \u88ab\u5225\u4eba\u5c04\u6eff...\u6211\u6709\u9818\u734e\u52f5\u55ce?\u5e72\u6211\u5c41\u4e8b"}, {"type": 1, "id": "zpeople", "content": ": \u5c31\u662f\u65e9\u6d29\u624d\u5bb9\u6613\u61f7\u5b55"}, {"type": -1, "id": "DongWooNeKo", "content": ": \u7fa8\u6155\u5230\u6c23\u6b7b\u54ed\u6b7b"}, {"type": -1, "id": "saturn", "content": ": \u539f\u4f86\u6211\u4e00\u751f\u653e\u8569\u4e0d\u7f88\u611b\u81ea\u7531"}, {"type": 1, "id": "yuanisme", "content": ": \u544a\u8a34\u4f60\u670b\u53cb https://i.imgur.com/qM78NO"}, {"type": 0, "id": "yuanisme", "content": ": O.jpg"}, {"type": 0, "id": "yuanisme", "content": ":  https://i.imgur.com/RLn0ySi.jpg"}, {"type": 1, "id": "larryson1234", "content": ": \u5de6\u624b\u6c92\u7834\u76ae\u600e\u9ebc\u4f86\uff1f"}, {"type": 0, "id": "Nevhir", "content": ": \u4f60\u5728\u5077\u7b11\u55ce?"}, {"type": 1, "id": "chinagay", "content": ": \u7da0\u5149\u6230\u8b66?"}, {"type": 0, "id": "tananadishow", "content": ": \u5148\u770b\u4f60\u670b\u53cb\u982d\u4e0a\u6709\u6c92\u6709\u7da0\u7da0\u7684"}, {"type": 0, "id": "nilr", "content": ": \u807d\u7fd2\u6163\u5c31\u597d\u4e86\u3002"}], "post_ip": "159.65.141.170", "post_content": "\n\u5982\u984c\n\u670b\u53cb\u525b\u624d\u8ddf\u6211\u8a34\u8aaa\n\u4ed6\u5973\u53cb\u5c0d\u4ed6\u8aaa\u9019\u500b\u6708\u8a72\u4f86\u7684\u6708\u7d93\u9084\u6c92\u4f86\n\u7f75\u4ed6\u4e0a\u6b21\u70ba\u4ec0\u9ebc\u8981\u7121\u5957\u62bd\u63d2\n\u4f46\u662f\u670b\u53cb\u5f88\u51a4\u6789\u8868\u793a\n\u81ea\u5df1\u662f\u500b\u65e9\u6d29\u7537\n\u4e5f\u624d\u63d2\u6c92\u5e7e\u4e0b \u61c9\u8a72\u4e0d\u6703\u90a3\u9ebc\u5bb9\u6613\u4e2d\u5427\n\u554f\u6211\u5c31\u7b97\u4e2d\u4e86 \u662f\u4e0d\u662f\u5225\u4eba\u7684\u7a2e\n\u8acb\u554f\u8a72\u600e\u9ebc\u5b89\u6170\u670b\u53cb\n\n--\n"}