{"ptt_id": "xyz4594", "post_url": "https://www.ptt.cc/bbs/Gossiping/M.1566730376.A.643.html", "post_type": "\u554f\u5366", "post_title": "\u9047\u904e\u6700\u9577\u5728\u7db2\u5496\u4f4f\u591a\u4e45\u6642\u9593?", "post_time": "2019-08-25 18:52:52", "post_score": 4, "post_pushes": [{"type": 0, "id": "PPmYeah", "content": ":\u4e94\u6a13\u88ab\u9ed1\u72d7\u72c2\u5e79\u5230\u61f7\u5b55"}, {"type": 0, "id": "easyfish", "content": ":\u4e94\u6a13\u88ab\u9ed1\u72d7\u72c2\u5e79\u5230\u61f7\u5b55"}, {"type": 1, "id": "h5566", "content": ":\u5e72\u6211\u5565\u4e8b"}, {"type": 0, "id": "jamesyu545", "content": ":\u5192\u96aa\u84cb"}, {"type": 1, "id": "flutebyme", "content": ":\u751f\u51fa1234\u6a13"}, {"type": 1, "id": "shadeel", "content": ":1~5\u6a13\u4e00\u5bb6\u5718\u805a\u771f\u4e0d\u932f"}, {"type": -1, "id": "hyuchi0202", "content": ": \u6c92\u6709 \u6efe"}, {"type": 1, "id": "Dreamer48763", "content": ": \u6a13\u4e0b\u6628\u5929\u88ab\u809b\u4e86\u591a\u4e45"}, {"type": 0, "id": "wang1b", "content": ": \u958b\u4e09\u5c0f\u5c31\u5750\u4e0d\u4e0b\u53bb\u4e86"}, {"type": 1, "id": "teni", "content": ": \u9019\u9ebc\u4e45\u6c92\u6d17\u6fa1\u8001\u95c6\u6703\u5148\u8d95\u4ed6\u8d70\u5427\uff1f"}, {"type": 0, "id": "SaarZhang", "content": ": \u5929\u5802\u7576\u5e74\u6709\u4e00\u500b\u4f4f\u5728\u7db2\u5496\u9760\u8ce3\u5bf6\u7dad\u751f\u7684\u7da0"}, {"type": 0, "id": "SaarZhang", "content": ": \u5de8\u4eba\u6d69\u514b"}], "post_ip": "118.171.47.11", "post_content": "\n\u525b\u525b\u770b\u5230\u4e00\u6bb5\u5f71\u7247\n\n\u8aaa\u4e2d\u570b\u6709\u4e00\u500b\u4eba\u53ef\u4ee5\u5728\u7db2\u5496\u4f4f\u56db\u5e74\u5566\n\n\u6211\u662f\u4e0d\u592a\u76f8\u4fe1\n\n\u56e0\u70ba\u4ed6\u4e0d\u662f\u5305\u5ec2  \u53ea\u662f\u4e00\u500b\u6c99\u767c\n\n\u53ef\u4ee5\u5728\u9019\u7a2e\u74b0\u5883\u4f4f\u56db\u5e74  \u6709\u9ede\u8c6a\u6d28\n\n\u4e5f\u6c92\u5730\u65b9\u6d17\u6fa1\u6d17\u8863\u670d\n\n\u9802\u591a\u4f4f\u500b\u4e00\u500b\u79ae\u62dc\u5c31\u5f88\u4e86\u4e0d\u8d77\u4e86\u5427\n\n\u4f60\u5404\u4f4d\u9047\u904e\u6700\u9577\u5728\u7db2\u5496\u4f4f\u904e\u591a\u4e45?\n\n\u6216\u662f\u4f60\u81ea\u5df1\u4f4f\u904e\u591a\u4e45\n\n\u6709\u5366\u7121?\n\n--\n\n--\n"}