{"ptt_id": "songgood", "post_url": "https://www.ptt.cc/bbs/Gossiping/M.1568161235.A.F20.html", "post_type": "\u554f\u5366", "post_title": "\u6885\u9ebb\u5442\u5b87\u5b99\u662f\u600e\u7684\u5b87\u5b99", "post_time": "2019-09-11 08:20:26", "post_score": 3, "post_pushes": [{"type": 0, "id": "mrbean90", "content": ": 3\u6a13\u5e25"}, {"type": 0, "id": "alex00089", "content": ": three D"}, {"type": 1, "id": "poqwiuer", "content": ": \u8b9a"}, {"type": 0, "id": "bigcho", "content": ": \u6c34\u9f8d\u656c\u6a02\u5712\u5462"}, {"type": 1, "id": "TatsuyaShiba", "content": ": \u7c3d\u540d\u6a94\u54ea\u90e8"}, {"type": 0, "id": "sunkiss5566", "content": ": \u597d\u719f\u6089\uff0c\u54b3\u54b3\u662f\u90a3\u500b3D\u55ce\uff1f\uff01"}, {"type": 0, "id": "chrisbbs", "content": ": \u7c3d\u540d\u6a94\u3000\u5909\u8eab"}, {"type": 1, "id": "kkl522608", "content": ": \u6885\u9ebb\u5442\u7684\u91ab\u751f\u8b77\u58eb\u771f\u7684\u8b9a"}], "post_ip": "36.229.135.99", "post_content": "\n\u6885\u9ebb\u5442\u6709\u4e0d\u5c11\u7684\u5c11\u7537\u5c11\u5973\u548c\u5e74\u9577\u8005\n\u4f46\u662f\u9019\u500b\u5b87\u5b99\u662f\u4e0d\u662f\u76f8\u7576\u7684\u958b\u653e\n\u5927\u5bb6\u6709\u6a5f\u6703\n\u6703\u60f3\u53bb\u6885\u9ebb\u5442\u5b87\u5b99\u55ce\n\n\u6709\u6c92\u6709\u5366\n\n--\nhttps://imgur.com/iXwSGEU\n\u773c\u93e1\u6389\u4e86\u600e\u8fa6\n\n--\n"}