{"ptt_id": "LIN6627", "post_url": "https://www.ptt.cc/bbs/Gossiping/M.1567993216.A.B2C.html", "post_type": "\u65b0\u805e", "post_title": "\u99ac\u82f1\u4e5d\u5728\u97d3\u9020\u52e2\u5834\u88ab\u5653 \u674e\u6b63\u7693\u5217\u95dc\u9375\u554f\u984c", "post_time": "2019-09-09 09:40:13", "post_score": 52, "post_pushes": [{"type": -1, "id": "Moratti", "content": ": \u63a8\u7d66\u806f\u7e6b\u4eba\u5e79\u561b \u92fc\u9435\u97d3\u7c89 \u8a8d\u70ba\u90ed\u662f\u99ac\u627e\u51fa"}, {"type": 0, "id": "Jason0813", "content": ": \u5c31\u53ea\u662f\u628a\u5f04\u65e5\u672c\u4eba\u90a3\u5957\u62ff\u4f86\u5f04\u99ac\u82f1\u4e5d\u800c\u5df2"}, {"type": 1, "id": "wwf0322", "content": ": \u6797\u5317\u4f46\u91cc \u4ed6\u5976\u5976\u7684"}, {"type": 0, "id": "Moratti", "content": ": \u4f86\u5361\u97d3 \u624d\u6703\u6028\u6068\u99ac"}, {"type": 0, "id": "Jason0813", "content": ": \u8ab0\u53eb\u6731\u8ddf\u4faf\u4e0d\u4f86 \u7e3d\u662f\u8981\u627e\u500b\u4eba\u6bba\u96de\u5106\u7334"}, {"type": 0, "id": "Moratti", "content": ": \u97d3\u570b\u745c\u624d\u662f \u6700\u8a72\u51fa\u4f86 \u8b93\u97d3\u7c89\u5c0a\u91cd\u99ac\u7684\u4eba"}, {"type": 1, "id": "rwhung", "content": ": \u73a9\u65e5\u672c\u5b78\u8005\u5b8c\u518d\u73a9\u4e2d\u83ef\u6c11\u570b\u524d\u7e3d\u7d71 XD"}, {"type": 1, "id": "chenbo", "content": ": \u70ba\u6210\u5c31\u81ea\u5df1\u4e0d\u64c7\u4e00\u5207\u624b\u6bb5\u7684\u76f4\u92b7\u5634"}, {"type": 1, "id": "wwf0322", "content": ": \u97d3\u7c89\u5148\u5f97\u7f6a\u4eba \u518d\u4f86\u53eb\u4eba\u5bb6\u8981\u5718\u7d50"}, {"type": 0, "id": "TienWo", "content": ": \u97d3\u4e00\u76f4\u5728\u5206\u5316\u570b\u6c11\u9ee8\u2026"}, {"type": 1, "id": "ytkuang", "content": ": \u80cc\u9aa8\u97d3\u7e7c\u7e8c\u76ee\u4e2d\u7121\u4eba\u6301\u7e8c\u79c0\u4e0b\u9650  \u672c\u4f86\u633a"}, {"type": 0, "id": "ytkuang", "content": ": \u85cd\u4e0d\u723d\u97d3\u7684\u85cd\u8ecd\u6216\u4e2d\u9593\u9078\u6c11\u53ea\u662f\u5169\u908a\u90fd\u4e0d"}, {"type": 0, "id": "ytkuang", "content": ": \u6295  \u6700\u5f8c\u6703\u8b8a\u6210\u51fa\u4f86\u6295\u7da0"}, {"type": 1, "id": "poolknight", "content": ": \u72f9\u745c\u6c11\u4ee5\u4ee4\u6731\u4faf"}, {"type": 1, "id": "voyhanxu", "content": ": \u63a5\u4e0b\u4f86\u97d3\u6703\u73a9\u8ab0\u5462\uff1f\u7fd2\u8fd1\u5e73\u55ce\uff1f"}, {"type": 0, "id": "chenbo", "content": ": \u76f4\u92b7\u5634\u54ea\u5929\u5982\u679c\u5f04\u5230\u984f\u5e02\u9577\uff0c\u5c31\u771f\u7684\u6c92\u6551\u4e86"}, {"type": 1, "id": "a35715987", "content": ": \u99ac\u6703\u541e\u4e0b\u53bb\u55ce\u54c8\u54c8\u54c8\u54c8"}, {"type": 1, "id": "sagem29", "content": ": \u771f\u7684\u5f88\u611b\u5831\u8001\u9f20\u51a4\uff0c\u4e0d\u610f\u5916\u3002\u662f\u500b\u6bd4\u65b9\u4e08"}, {"type": 0, "id": "sagem29", "content": ": \u9084\u5c0f\u5fc3\u773c\u7684\u9b5a\u3002"}, {"type": 1, "id": "liujd", "content": ": \u97d3\u61c9\u8a72\u60f3\u6f14\u81ea\u5df1\u4e0d\u662f\u6545\u610f\u641e\u65e5\u672c\u800c\u662f\u771f\u7684\u592a\u5fd9"}, {"type": 0, "id": "liujd", "content": ":  \u9023\u9ee8\u5167\u540c\u5fd7\u7684\u90fd\u884c\u7a0b\u8d95\u4e0d\u4e0a"}, {"type": 1, "id": "dusty20695", "content": ": \u4e2d\u570b\u570b\u745c\u9ee8\u6307\u65e5\u53ef\u5f85"}, {"type": 0, "id": "voyhanxu", "content": ": \u97d3\u5c31\u5178\u578b\u6b3a\u5584\u6015\u60e1\uff0c\u7279\u611b\u6b3a\u8ca0\u66f8\u751f\u578b\u7684"}, {"type": 0, "id": "ytkuang", "content": ": \u9023\u9020\u52e2\u90fd\u80fd\u5927\u9072\u5230  \u4e0d\u77e5\u9053\u99ac\u524d\u7e3d\u7d71  \u5433"}, {"type": 0, "id": "ytkuang", "content": ": \u4e3b\u5e2d\u7b49\u91cd\u91cf\u7d1a\u5927\u8001\u90fd\u5728\u7b49\u4f60\u55ce"}, {"type": 1, "id": "nodnod", "content": ": \u97d3\u570b\u745c\u8d8a\u770b\u8d8a\u50cfddp\u6d3e\u53bb\u6467\u6bc0kmt"}, {"type": 1, "id": "flash0576", "content": ": \u4e2d\u5c4e\u5230\u5e95\u600e\u9ebc\u4e86\uff1f\uff01"}, {"type": 1, "id": "steven005", "content": ": \u7b49\u8457\u770b\u665a\u4e0a\u653f\u8ad6\u7bc0\u76ee \u85cd\u8ecd\u8981\u600e\u9ebc\u51f9 XD"}, {"type": 1, "id": "Moratti", "content": ": \u738b\u4e16\u5805\uff1a\u97d3\u570b\u745c\u662f\u6c11\u9032\u9ee8\u7684\u5929\u83dc"}, {"type": 1, "id": "hhnhhnhhn", "content": ": \u4eca\u5929\u7684\u796d\u54c1\"\u99ac\u82f1\u4e5d\"..\u8a0e\u53d6..!"}, {"type": 1, "id": "waa006", "content": ": \u5acc\u652f\u6301\u5ea6\u6389\u7684\u4e0d\u5920\u591a\u5427"}, {"type": 1, "id": "DreamYeh", "content": ": \u4faf\u53cb\u5b9c\uff1a\u54c8\u54c8\u54c8\u99ac\u7e3d\u7d71\u4f60\u770b\u770b\u4f60"}, {"type": -1, "id": "peterqoo", "content": ": \u97d3\u53ea\u662f\u60f3\u8cfa\u4e00\u796830,\u6628\u665a\u5c31\u5e7e\u5343\u842c\u4e86"}, {"type": 1, "id": "devilkool", "content": ": \u4ed6\u5c31\u662f\u4ed7\u8457\u90a3\u4e9b\u99ac\u8ff7\u672c\u4f86\u5c31\u4e0d\u6703\u6295\u7d66\u4ed6"}, {"type": 1, "id": "seigzion", "content": ": \u97d3\u5c0e\u6c92\u6551\u4e86\uff0c\u53f0\u7063\u5c31\u6709\u6551\u4e86\u3002"}, {"type": 1, "id": "fuhaho", "content": ": \u4e0d\u660e\u539f\u56e0\u9072\u5230XD"}, {"type": 1, "id": "milton1991", "content": ": \u99ac\u5c31\u662f\u8981\u8dea\u8457\u6367\u542b\u5566\uff0c\u4e0d\u6015\u88ab\u958b\u9664\u5594\uff1f"}, {"type": 0, "id": "fuhaho", "content": ": \u88ab\u5361\u9032\u7570\u7a7a\u9593\u5537"}, {"type": 1, "id": "artdeco1", "content": ": \u65e5\u672c\u5b78\u8005\u7684\u906d\u9047\uff0c\u99ac\u82f1\u4e5d\u4e5f\u9818\u6559\u5230\u4e86!"}, {"type": 1, "id": "CINBIN", "content": ": \u81ea\u5df1\u7684\u9020\u52e2\u6d3b\u52d5\u8b93\u5176\u4ed6\u4eba\u7b49\u4e00\u500b\u5c0f\u6642"}, {"type": 1, "id": "linch416", "content": ": \u4e00\u5f8b\u958b\u9664"}, {"type": 0, "id": "CINBIN", "content": ": \u9019\u6b21\u53c8\u662f\u4ec0\u9ebc\u539f\u56e0\u4e86\uff0c"}, {"type": 0, "id": "DreamsInWind", "content": ": \u53cd\u6b63\u570b\u6c11\u9ee8\u4e5f\u4e0d\u5c11\u4eba\u8a0e\u53ad\u99ac  \u525b\u597d\u7576"}, {"type": 1, "id": "night957", "content": ": \u5728\u73a9\u5075\u63a2\u904a\u6232?????"}, {"type": 0, "id": "DreamsInWind", "content": ": \u97d3\u7684\u588a\u8173\u77f3"}, {"type": 1, "id": "weister", "content": ": \u4e2d\u6642\u8981\u9020\u53cd\u4e86\uff1f"}, {"type": 1, "id": "tenoopy", "content": ": \u5361\u97d3 \u958b\u9664\u9ee8\u7c4d"}, {"type": 0, "id": "okhy", "content": ": \u9019\u7bc7\u770b\u4e86\uff0c\u89ba\u5f97\u5c31\u662f\u8981\u99ac\u96e3\u770b"}, {"type": 1, "id": "ccucwc", "content": ": \u90ed\u8463\uff1a\u62dc\u8a17\u97d3\u5225\u81ea\u7206\u592a\u5feb\uff01\u6211\u9084\u8981\u6696\u8eab\u523017"}, {"type": 0, "id": "ccucwc", "content": ": \u865f\u624d\u51fa\u99ac\u63db\u745c\u554a\uff01"}, {"type": 1, "id": "deathslipkno", "content": ": \u600e\u9ebc\u53ef\u4ee5\u6709\u9019\u9ebc\u4f4e\u7684\u4e0b\u9650\u53ef\u4ee5\u79c0..."}, {"type": -1, "id": "SmilingMan", "content": ": \u5982\u679c\u6211\u662f\u9ad8\u96c4\u4eba\u5e02\u9577\u6295\u7968\u7d66\u97d3\u570b\u745c\uff0c\u6211"}, {"type": 0, "id": "SmilingMan", "content": ": \u4e00\u5b9a\u81ea\u5ee2\u96d9\u624b"}, {"type": 1, "id": "ccucwc", "content": ": \u5168\u9ee8\u5e6b\u4f60\u6490\u9020\u52e2\uff0c\u9084\u662f\u521d\u9078\u5f8c\u610f\u7fa9\u91cd\u5927\u7684\u7b2c"}, {"type": 0, "id": "ccucwc", "content": ": \u4e00\u5834\uff0c\u7d50\u679c\u4f60\u4e3b\u89d2\u9072\u5230\u4e00\u5c0f\u6642\u4e5f\u771f\u5920\u778e\u7684\u4e86"}, {"type": 0, "id": "alog", "content": ": \u56e0\u70ba\u9019\u7a2e\u9020\u52e2\u504f\u5411\u9020\u795e\u5927\u6703 \u4eba\u5bb6\u8981\u7684\u662fDJ\u570b"}, {"type": 0, "id": "alog", "content": ": \u745c\u3002\u4f60\u5728\u9019\u7a2e\u5834\u5408\u662f\u6c92\u4efb\u4f55\u5c0a\u56b4\u7684"}, {"type": 0, "id": "alog", "content": ": \u4e0d\u5f97\u4f69\u670d\u6f58\u6052\u65ed \u679c\u7136\u662f\u7d93\u71df\u7af6\u9078\u6d3b\u52d5\u7684\u738b\u724c"}, {"type": 0, "id": "alog", "content": ":  \u8b93\u92fc\u9435\u97d3\u7c89\u9019\u7fa4\u8001\u4eba\u5df2\u7d93\u901d\u53bb\u7684\u591a\u5df4\u80fa\u90fd\u80fd\u6fc0"}, {"type": 0, "id": "alog", "content": ": \u767c\u51fa\u4f86\u3002"}, {"type": 1, "id": "waynehow", "content": ": \u80fd\u73a9\u5f04\u65e5\u672c\u4eba\u53c8\u73a9\u5f04KMT\u7684\u529b\u91cf\u662f\u4ec0\u9ebc \u9084"}, {"type": 0, "id": "waynehow", "content": ": \u4e0d\u61c2\u55ce"}, {"type": 1, "id": "kudo0930", "content": ": \u9020\u53cd\u4e86"}, {"type": 1, "id": "TravelFar", "content": ": KMT\u771f\u7684\u5404\u7a2e\u795e\u5947\u6232\u78bc\u4e0a\u6f14"}, {"type": 1, "id": "shinobunodok", "content": ": \u7c21\u55ae\u8aaa \u5c31\u662f\u6709\u4eba\"\u53c8\"\u9072\u5230\u4e86"}, {"type": 1, "id": "ytkuang", "content": ": \u6709\u7f9e\u6065\u5fc3\u7684\u77e5\u9053\u81ea\u5df1\u5927\u9072\u5230\u5c31\u8d95\u5feb\u8d70\u5f8c\u821e"}, {"type": 0, "id": "ytkuang", "content": ": \u53f0\u4e0a\u53bb\u4e86  \u6211\u97d3\u9084\u53ef\u4ee5\u7e7c\u7e8c\u641e\u5927\u9032\u5834\u4eab\u53d7"}, {"type": 1, "id": "siriusc", "content": ": \u97d3\u5c0e\u65e5\u5e38"}, {"type": 0, "id": "ytkuang", "content": ": \u842c\u4eba\u559d\u5f69\u60a0\u9592\u7684\u8d70\u4e0a\u821e\u53f0  \u6c92\u6709\u534a\u53e5\u9053\u6b49"}, {"type": 0, "id": "ytkuang", "content": ": \u6216\u4e0d\u597d\u610f\u601d  \u4ed6\u5976\u5976\u7684\u4ee5\u70ba\u5225\u4eba\u90fd\u6c92\u6709\u884c"}, {"type": 0, "id": "ytkuang", "content": ": \u7a0b\u55ce"}, {"type": 1, "id": "citima", "content": ": \u9072\u5230\u6700\u5927\u8072"}, {"type": -1, "id": "winnietslock", "content": ": \u5317\u9ad8\u5e02\u9577\u5f97\u7f6a\u4eba\u5927\u8cfd\uff0c\u8d8a\u6f14\u8d8a\u70c8"}, {"type": 1, "id": "jokywolf", "content": ": \u99ac\u62c9\u8d77\u97d3\u7684\u624b\uff1f\u539f\u4f86\u5df2\u7d93\u8655\u7406\u597d\u4e86"}, {"type": 1, "id": "oops66", "content": ": \u9019\u4eba\u771f\u662f\u6709\u5920\u721b\u7684...."}, {"type": 1, "id": "qaz13145204", "content": ": \u771f\u7684\u721b"}, {"type": 1, "id": "weiprincess", "content": ": \u7adf\u7136\u662f\u5420\u5831"}, {"type": 1, "id": "citima", "content": ": \u99ac\u771f\u6158 \u9858\u610f\u5e6b\u5fd9\u9084\u88ab\u5653"}, {"type": 1, "id": "deii", "content": ": \u53cd\u6b63\u99ac\u5433\u662f\u5047\u633a"}, {"type": 1, "id": "boogieman", "content": ": \u88ab\u81ea\u5df1\u4eba\u8a8d\u8b49 \u5c31\u4e0d\u8981\u727d\u62d6\u65e5\u672c\u4eba\u4e86"}, {"type": 0, "id": "saiboos", "content": ": \u9084\u597d\u5019\u6c92\u53bb \u904e\u53bb\u9084\u6703\u88ab\u7f9e\u8fb1"}, {"type": 0, "id": "ash024", "content": ": \u90fd\u662fthey\u7684\u932f\u5566\uff0c\u9072\u5230\u7d55\u5c0d\u662f\u56e0\u70ba\u5225\u4eba\u592a\u65e9"}, {"type": 1, "id": "DorisQQ", "content": ": \u8ab0\u6562\u53cd\u6211\u5927\u97d3\u5c0e"}, {"type": 1, "id": "lvlonster", "content": ": \u4f4e\u968e\u85cd\u7b49\u4e86\u9019\u9ebc\u4e45\uff0c\u7e3d\u7b97\u6709\u6a5f\u6703\u6d17\u81c9\u4f60\u5011"}, {"type": 0, "id": "lvlonster", "content": ": \u9019\u4e9b\u77e5\u8b58\u85cd\uff0c\u723d\u6b6a\u6b6a~"}, {"type": 0, "id": "marose", "content": ": \u4ed6\u672c\u4f86\u5c31\u4e0d\u662f\u50b3\u7d71\u570b\u6c11\u9ee8\u653f\u6cbb\u4eba\u7269\uff0c\u570b\u6c11\u9ee8"}, {"type": 0, "id": "marose", "content": ": \u63a8\u4ed6\u51fa\u4f86\u771f\u7684\u5f88\u8b93\u4eba\u50bb\u773c"}, {"type": 1, "id": "r49", "content": ": \u597d\u8a87\u5f35\u7684\u4eba\u54c8\u54c8\u54c8 \u5230\u5e95\u9072\u5230\u5e79\u561b"}, {"type": 1, "id": "DouglasT", "content": ": \u99ac\u82f1\u4e5d\u6574\u5929\u80cc\u523a \u958b\u9664\u9ee8\u7c4d"}, {"type": 1, "id": "pslr1", "content": ": \u7c21\u55ae\u6982\u5ff5\uff1a\u4e00\u500b\u4eba\u5982\u679c\u6b63\u6d3e\u6b63\u76f4\u4e0d\u5fc5\u81ea\u5df1\u4e00\u518d"}, {"type": 0, "id": "pslr1", "content": ": \u5f37\u8abf"}, {"type": -1, "id": "KKFN", "content": ": \u97d3\u570b\u745c\u5c31\u559c\u6b61\u5927\u9032\u5834\u554a"}, {"type": 0, "id": "aquahau", "content": ": \u570b\u6c11\u9ee8\u7acb\u59d4\u5bd2\u87ec\u6548\u61c9\uff0c\u4e0d\u633a\u6211\u97d3\u5c31\u641e\u4f60"}, {"type": 1, "id": "winnietslock", "content": ": \u4ed6\u662f\u50b3\u7d71\u570b\u6c11\u9ee8\u7684\u7c73\u87f2"}, {"type": 1, "id": "lecheck", "content": ": \u6545\u610f\u7684\u5427\u54c8\u54c8\u54c8\u54c8"}, {"type": 1, "id": "zxzzzzzzzzzz", "content": ": \u4e00\u500b\u4eba\u7269\uff0c\u6bc0\u4e86\u570b\u6c11\u9ee8\uff0c\u771f\u6bd2"}, {"type": 1, "id": "tbere2002", "content": ": \u5509\u5509\u5509"}, {"type": 1, "id": "lolovero", "content": ": \u65e5\u672c\u4eba\u90fd\u6562\u6574\u4e86 \u4e0b\u99ac\u5a01\u4e0d\u610f\u5916"}, {"type": 0, "id": "lolovero", "content": ": \u717d\u52d5\u97d3\u885b\u5175\u9b25\u722d\u596a\u6b0a \u767d\u526f\u632b\u8457\u7b49"}, {"type": 1, "id": "intointo", "content": ": \u97d3\u7c89\u53ea\u8a8d\u570b\u745c\u9ee8\u4e0d\u8a8d\u570b\u6c11\u9ee8"}, {"type": 1, "id": "kuorobo14", "content": ": \u97d3\u570b\u745c\u5f9e\u982d\u5230\u5c3e\u5c31\u662f\u4e00\u76f4\u641e\u5206\u5316"}, {"type": 0, "id": "kuorobo14", "content": ": \u6709\u5920\u6c92\u6c34\u6e96"}, {"type": 0, "id": "gwenwoo", "content": ":  \u5317\u9ad8\u5e02\u9577  \u6bcf\u5929\u81ea\u9ed1  \u8a18\u8005\u898b\u7375\u5fc3\u559c"}, {"type": 0, "id": "yfgiselle", "content": ": \u4faf\uff1a\u5e78\u597d\u6211\u6c92\u53bb\u3002"}], "post_ip": "211.20.234.104", "post_content": "\n\u203b\u767c\u6587\u71211~6\u5c0f\u6a19\u683c\u5f0f\u6216\u672a\u4f9d\u9806\u5e8f\u4efb\u610f\u522a\u9664\u8005\u6703\u88ab\u522a\u6587\n\n1.\u5a92\u9ad4\u4f86\u6e90:\n\u203b \u4f8b\u5982\u860b\u679c\u65e5\u5831\u3001\u81ea\u7531\u6642\u5831\uff08\u8acb\u53c3\u8003\u7248\u898f\u4e0b\u65b9\u7684\u6838\u51c6\u5a92\u9ad4\u540d\u55ae\uff09\n\u4e2d\u6642\n\n2.\u8a18\u8005\u7f72\u540d\n\u203b \u6c92\u6709\u5728\u9019\u6253\u4e0a\u8a18\u8005\u7f72\u540d\u7684\u65b0\u805e\u6703\u88ab\u6c34\u687614\u5929 \u7de8\u8f2f\u975e\u8a18\u8005\n\u203b \u5916\u96fb\u81f3\u5c11\u8981\u6709\u4f86\u6e90\u6216\u7de8\u8f2f \u5982:\u6cd5\u65b0\u793e\n\u90b1\u73ee\u7547\n\n3.\u5b8c\u6574\u65b0\u805e\u6a19\u984c:\n\u203b \u6a19\u984c\u6c92\u6709\u5b8c\u6574\u5beb\u51fa\u4f86 ---> \u4f9d\u7167\u677f\u898f\u522a\u9664\u6587\u7ae0\n\u99ac\u82f1\u4e5d\u5728\u97d3\u9020\u52e2\u5834\u88ab\u5653 \u674e\u6b63\u7693\u5217\u95dc\u9375\u554f\u984c\n\n4.\u5b8c\u6574\u65b0\u805e\u5167\u6587:\n\u203b \u793e\u8ad6\u7279\u7a3f\u90fd\u4e0d\u80fd\u8cbc\uff01\u9055\u8005\u522a\u9664\uff08\u653f\u6cbb\u985e\u6c34\u68763\u500b\u6708)\uff0c\u8cbc\u5ee3\u544a\u4e5f\u6703\u88ab\u522a\u9664\u5594\uff01\u53ef\u8a73\u770b\u7248\u898f\n\n\u570b\u6c11\u9ee8\u7e3d\u7d71\u53c3\u9078\u4eba\u97d3\u570b\u745c8\u65e5\u5728\u65b0\u5317\u5e02\u4e09\u91cd\u5340\u8209\u8fa6\u300c2020\u65b0\u5317\u51fa\u767c\u300d\u842c\u4eba\u5927\u9020\u52e2\uff0c\u524d\u7e3d\u7d71\n\u99ac\u82f1\u4e5d\u5230\u5834\u7ad9\u53f0\u52a9\u8b1b\u3002\u4e0d\u904e\uff0c\u99ac\u82f1\u4e5d\u52a9\u8b1b\u6f14\u8aaa\u5341\u5206\u9577\uff0c\u56e0\u97d3\u570b\u745c\u5373\u5c07\u4e0a\u53f0\uff0c\u8207\u9084\u6709\u8868\u6f14\u7b49\n\u56e0\u7d20\uff0c\u88ab\u8feb\u4e2d\u65b7\uff0c\u53f0\u4e0a\u99ac\u82f1\u4e5d\u4e00\u81c9\u5c37\u5c2c\u3002\u570b\u6c11\u9ee8\u8349\u5354\u806f\u76df\u767c\u8d77\u4eba\u674e\u6b63\u7693\u5217\u51fa\u9019\u5176\u4e2d\u7684\u7a2e\u7a2e\n\u554f\u984c\u9ede\uff0c\u8a8d\u70ba\u85cd\u71df\u5927\u5718\u7d50\u9084\u6709\u5f97\u7b49!\n\n\n\u524d\u7e3d\u7d71\u99ac\u82f1\u4e5d\u6628\u665a\u51fa\u5e2d\u97d3\u570b\u745c\u65b0\u5317\u9020\u52e2\u5e6b\u5fd9\u52a9\u8b1b\uff0c\u537b\u88ab\u8aa4\u89e3\u3001\u88ab\u5653\u4e0b\u53f0\u3002\u570b\u6c11\u9ee8\u8349\u5354\u806f\u76df\n\u767c\u8d77\u4eba\u674e\u6b63\u7693\u554f\uff0c\u99ac\u82f1\u4e5d\u7e3d\u7d71\u5728\u97d3\u570b\u745c\u7684\u9020\u52e2\u5834\u5408\u767c\u751f\u4e86\u4ec0\u9ebc\u4e8b\uff1f\u70ba\u4ec0\u9ebc\u99ac\u82f1\u4e5d\u81f4\u8a5e\u5230\u4e00\n\u534a\u6642\u97d3\u570b\u745c\u6703\u7a81\u7136\u9032\u5834\uff0c\u5c0e\u81f4\u99ac\u82f1\u4e5d\u7684\u81f4\u8a5e\u56e0\u97d3\u7c89\u7684\u8e81\u52d5\u786c\u751f\u751f\u88ab\u5207\u65b7\uff1f\u97d3\u570b\u745c\u7af6\u9078\u8fa6\u516c\n\u5ba4\u8ddf\u99ac\u8fa6\u7684\u806f\u7e6b\u7a97\u53e3\u662f\u8ab0\uff1f\u4e2d\u9593\u767c\u751f\u4e86\u4ec0\u9ebc\u554f\u984c\uff1f\n\n\u674e\u6b63\u7693\u8aaa\uff0c\u4e0a\u8ff0\u9019\u4e9b\u554f\u984c\u4ed6\u4e5f\u5f88\u597d\u5947\uff0c\u4ee5\u4e0b\u662f\u4ed6\u4e86\u89e3\u5230\u7684\u4e8b\u5be6\u3002\n\n\n\u554f\u984c\u4e00\uff1a\u97d3\u570b\u745c\u7af6\u9078\u8fa6\u516c\u5ba4\u8ddf\u99ac\u8fa6\u7684\u806f\u7e6b\u7a97\u53e3\u662f\u8ab0\uff1f\u6f58\u6052\u65ed\uff08\u6709\u9ede\u610f\u5916\u53c8\u4e0d\u592a\u610f\u5916\u7684\u7b54\u6848\n\uff09\u3002\n\n\u554f\u984c\u4e8c\uff1a\u97d3\u570b\u745c\u7af6\u9078\u8fa6\u516c\u5ba4\u8ddf\u99ac\u8fa6\u539f\u672c\u6e9d\u901a\u7684\u6d41\u7a0b\u70ba\u4f55\uff1f\u5433\u6566\u7fa9\u5148\u81f4\u8a5e\uff0c\u540c\u6642\u9593\u97d3\u570b\u745c\u7531\n\u5f8c\u53f0\u9032\u5834\uff0c\u6b64\u6642\u99ac\u82f1\u4e5d\u3001\u5433\u6566\u7fa9\u3001\u97d3\u570b\u745c\u4e09\u4eba\u540c\u53f0\u3002\u4e03\u9ede\u4e8c\u5341\u5206\u8f2a\u99ac\u82f1\u4e5d\u81f4\u8a5e\uff0c\u4e4b\u5f8c\u9032\u884c\n\u570b\u6c11\u9ee8\u65b0\u5317\u7acb\u59d4\u5019\u9078\u4eba\u4ecb\u7d39\uff0c\u800c\u97d3\u570b\u745c\u5728\u4e03\u9ede\u4e94\u5341\u5206\u9032\u884c\u81f4\u8a5e\u3002\n\n\u554f\u984c\u4e09\uff1a\u5be6\u969b\u99ac\u3001\u5433\u3001\u97d3\u4e09\u4eba\u5230\u5834\u6642\u9593\u70ba\u4f55\uff1f\u665a\u9593\u4e03\u9ede\u96f6\u4e94\u5206\uff0c\u5433\u6566\u7fa9\u5230\uff1b\u4e03\u9ede\u5341\u5206\uff0c\u99ac\n\u82f1\u4e5d\u5230\uff0c\u6e96\u6642\u3002\n\n\u554f\u984c\u56db\uff1a\u5be6\u969b\u99ac\u3001\u5433\u4e8c\u4eba\u4e0a\u53f0\u81f4\u8a5e\u6642\u9593\u70ba\u4f55\uff1f\u97d3\u570b\u745c\u56e0\u4e0d\u660e\u539f\u56e0\u9072\u9072\u672a\u5230\u5834\uff0c\u99ac\u3001\u5433\u4e8c\u4eba\n\u4e0a\u5834\u81f4\u8a5e\u6642\u9593\u4e0d\u65b7\u88ab\u5ef6\u5f8c\u3002\u76f4\u5230\u516b\u9ede\u5341\u4e94\uff0c\u99ac\u3001\u5433\u4e8c\u4eba\u7b49\u5f85\u97d3\u570b\u745c\u8d85\u904e\u4e00\u5c0f\u6642\u5f8c\uff0c\u4e3b\u8fa6\u55ae\n\u4f4d\u624d\u8acb\u5433\u6566\u7fa9\u4e0a\u53f0\u81f4\u8a5e\u3002\u516b\u9ede\u4e8c\u5341\u4e94\u8f2a\u99ac\u82f1\u4e5d\u81f4\u8a5e\u6642\uff0c\u7d04\u5728\u516b\u9ede\u4e09\u5341\u5206\u97d3\u570b\u745c\u624d\u7a81\u7136\u5230\u5834\n\u3002\n\n\u554f\u984c\u4e94\uff1a\u99ac\u8fa6\u8207\u97d3\u570b\u745c\u7af6\u9078\u8fa6\u516c\u5ba4\u5728\u4e8b\u5148\u806f\u7e6b\u6642\uff0c\u662f\u5426\u6709\u78ba\u8a8d\u97d3\u570b\u745c\u9032\u5834\u65b9\u5f0f\u8207\u6642\u9593\uff1f\u97d3\n\u570b\u745c\u7af6\u9078\u8fa6\u516c\u5ba4\u5411\u99ac\u8fa6\u660e\u78ba\u8868\u793a\uff0c\u97d3\u662f\u5f9e\u5f8c\u53f0\u9032\u51fa\u3001\u6c92\u6709\u5927\u9032\u5834\uff0c\u9032\u51fa\u6642\u4e0d\u6703\u5f71\u97ff\u53f0\u4e0a\u81f4\n\u8a5e\u4e4b\u4eba\u3002\u4f46\u97d3\u570b\u745c\u65bc\u516b\u9ede\u4e09\u5341\u5206\u5230\u5834\u6642\uff0c\u4e26\u975e\u5982\u7d04\u5b9a\u5f9e\u5f8c\u53f0\u9032\u5834\uff0c\u800c\u662f\u5f9e\u4eba\u7fa4\u4e2d\u8d70\u904e\uff0c\u97d3\n\u7c89\u958b\u59cb\u9f13\u8b5f\uff0c\u99ac\u82f1\u4e5d\u88ab\u4e3b\u6301\u4eba\u8acb\u4e0b\u53f0\u3002\n\n\u674e\u6b63\u7693\u9644\u4e0a\u4e00\u500bYoutube\u5f71\u7247\uff0c\u4e26\u8aaa\u5169\u5c0f\u6642\u4e94\u5341\u5206\u8655\u70ba\u97d3\u570b\u745c\u9032\u5834\u7a7a\u62cd\u756b\u9762\uff0c\u6b64\u6642\u97d3\u7c89\u958b\n\u59cb\u8e81\u52d5\uff0c\u800c\u4e3b\u6301\u4eba\u4ea6\u958b\u59cb\u6253\u65b7\u99ac\u82f1\u4e5d\u81f4\u8a5e\uff0c\u5c07\u99ac\u82f1\u4e5d\u8acb\u96e2\u958b\u821e\u53f0\uff0c\u4f46\u96a8\u5f8c\u99ac\u82f1\u4e5d\u8207\u97d3\u570b\u745c\n\u91cd\u65b0\u4e0a\u53f0\u6642\uff0c\u99ac\u82f1\u4e5d\u9084\u662f\u6709\u98a8\u5ea6\u7684\u62c9\u8d77\u97d3\u570b\u745c\u7684\u624b\u9ad8\u558a\u300c\u51cd\u849c\u300d\u3002\n\n\u674e\u6b63\u7693\u554f\uff0c\u660e\u660e\u8aaa\u597d\u4e03\u9ede\u4e8c\u5341\u99ac\u82f1\u4e5d\u81f4\u8a5e\u6642\uff0c\u99ac\u3001\u5433\u3001\u97d3\u4e09\u4eba\u540c\u53f0\u3002\u70ba\u4ec0\u9ebc\u6700\u5f8c\u97d3\u570b\u745c\u9072\n\u5230\u4e00\u500b\u591a\u5c0f\u6642\uff1f\u660e\u660e\u8aaa\u597d\u99ac\u82f1\u4e5d\u81f4\u8a5e\u6642\u97d3\u570b\u745c\u5df2\u7d93\u5230\u73fe\u5834\uff0c\u6703\u8207\u99ac\u82f1\u4e5d\u540c\u53f0\u3002\u70ba\u4ec0\u9ebc\u6700\u5f8c\n\u662f\u99ac\u82f1\u4e5d\u7368\u81ea\u81f4\u8a5e\uff1f\u660e\u660e\u8aaa\u597d\u97d3\u570b\u745c\u9032\u5834\u6642\u6703\u5f9e\u5f8c\u53f0\u9032\u5834\uff0c\u4e0d\u6703\u5f71\u97ff\u5230\u53f0\u4e0a\u81f4\u8a5e\u4e4b\u4eba\u3002\u70ba\n\u4ec0\u9ebc\u6700\u5f8c\u97d3\u570b\u745c\u6703\u5728\u99ac\u82f1\u4e5d\u81f4\u8a5e\u6642\u9032\u5834\uff0c\u4e26\u4e14\u5f15\u8d77\u97d3\u7c89\u7684\u8e81\u52d5\uff0c\u76f4\u63a5\u5c0e\u81f4\u99ac\u82f1\u4e5d\u7684\u81f4\u8a5e\u88ab\n\u8feb\u4e2d\u65b7\uff1f\n\n\u674e\u6b63\u7693\u6700\u5f8c\u8aaa\uff0c\u9019\u4e00\u5207\u7684\u72c0\u6cc1\u662f\u4e0d\u662f\u4f3c\u66fe\u76f8\u4f3c\uff1f\u5ba2\u4eba\u4f9d\u7d04\u5b9a\u6e96\u6642\u5230\u5834\u3001\u6d3b\u52d5\u5167\u5bb9\u8207\u5f62\u5f0f\u537b\n\u81e8\u6642\u4e00\u6539\u518d\u6539\uff0c\u800c\u6700\u5f8c\u6240\u6709\u7684\u98a8\u96aa\u8207\u72c0\u6cc1\u5168\u90e8\u7531\u5ba2\u4eba\u627f\u64d4\uff0c\u4eca\u5929\u7684\u4e8b\u4ef6\u6839\u672c\u5c31\u662f\u97d3\u570b\u745c\u6703\n\u898b\u65e5\u672c\u5b78\u8005\u7684\u7ffb\u7248\u3002\u81f3\u65bc\u85cd\u71df\u80fd\u4e0d\u80fd\u5927\u5718\u7d50\uff1f\u4f9d\u7167\u4eca\u5929\u7684\u72c0\u6cc1\uff0c\u6050\u6015\u9084\u6709\u5f97\u7b49\u4e86\n\n5.\u5b8c\u6574\u65b0\u805e\u9023\u7d50 (\u6216\u77ed\u7db2\u5740):\n\u203b \u7576\u65b0\u805e\u9023\u7d50\u904e\u9577\u6642\uff0c\u9700\u63d0\u4f9b\u77ed\u7db2\u5740\u65b9\u4fbf\u7db2\u53cb\u9ede\u64ca\nhttps://www.chinatimes.com/realtimenews/20190909001186-260407?chdtv\n\n6.\u5099\u8a3b:\n\u203b \u4e00\u500b\u4eba\u4e00\u5929\u53ea\u80fd\u5f35\u8cbc\u4e00\u5247\u65b0\u805e\uff0c\u88ab\u522a\u6216\u81ea\u522a\u4e5f\u7b97\u984d\u5ea6\u5167\uff0c\u8d85\u8cbc\u8005\u6c34\u6876\uff0c\u8acb\u6ce8\u610f\n\n\u628a\u4e0a\u9762\u7684\u4eba\u5168\u90e8\u5f04\u6389\n\u5c31\u6703\u8b8a\u6210\u570b\u745c\u9ee8\u4e86^^\n\n--\n\u5c31\u672c\u6027\u4e0d\u6539\u963f\uff0c\u90fd\u662f\u5225\u4eba\u7684\u932f\n\u8a18\u8005\u9762\u524d\u554f\u5230\u90fd\u5047\u88dd\u5f88\u5ba2\u6c23\n\u4e00\u8f49\u982d\u5230\u9020\u52e2\u73fe\u5834\u53c8\u8aaa\u65e5\u672c\u4eba\u628a\u4ed6\u4eba\u683c\u62b9\u6bba\u4e86\n\nhttps://www.setn.com/News.aspx?NewsID=599369\n\u524d\u5929\u65e5\u672c\u4eba\u4f86\uff0c\u300c\u6211\u5c31\u958b\u73a9\u7b11\u8aaa\uff0c\u4eca\u5929\u6211\u65e9\u4e00\u9ede\u5230\uff0c\u7d50\u679c\u65e5\u672c\u4eba\u4ee5\u70ba\u2026\u89ba\u5f97\u4ed6\u5011\u9072\u5230\u4e86\n\uff0c\u4ed6\u5011\u767c\u8868\u4e00\u500b\u81c9\u66f8\uff0c\u806f\u7d61\u7684\u554f\u984c\uff0c\u628a\u6211\u8b1b\u7684\uff0c\u6574\u500b\u662f\u5b8c\u5168\u4eba\u683c\u90fd\u5feb\u62b9\u6bba\u4e86\uff01\u300d\n\u203b \u7de8\u8f2f: LIN6627 (211.20.234.104 \u81fa\u7063), 09/09/2019 09:56:39\n"}