{"ptt_id": "motan", "post_url": "https://www.ptt.cc/bbs/Gossiping/M.1564395601.A.416.html", "post_type": "\u554f\u5366", "post_title": "\u6709\u6c92\u6709\u98f2\u9152\u88ab\u6c61\u540d\u5316\u7684\u516b\u5366", "post_time": "2019-07-29 18:19:59", "post_score": 7, "post_pushes": [{"type": 1, "id": "Gold740716", "content": ": \u4e0b\u4e00\u7bc7\uff0cLSD \u662f\u4e0d\u662f\u88ab\u6c59\u540d\u5316\u4e86\uff0c\u662f\u3002"}, {"type": 0, "id": "JEWH", "content": ": \u4e5d\u5f88\u96e3\u559d\u311f \u9280\u6c34\u9084\u6bd4\u8f03\u597d\u559d \u310f\u310f"}, {"type": 0, "id": "su4vu6", "content": ": \u9019\u9ebc\u81ed\u53c8\u9019\u9ebc\u96e3\u559d \u9084\u6709\u56b4\u91cd\u526f\u4f5c\u7528"}, {"type": 1, "id": "victoy0909", "content": ": \u89ba\u9752\u6703\u56de\u4f60\u70ba\u5565\u4e0d\u80fd\u547c\u9ebb"}, {"type": 0, "id": "john91018", "content": ": \u4e0b\u4e00\u7bc7\uff0c\u6709\u6c92\u6709\u5927\u9ebb\u88ab\u6c61\u540d\u5316\u7684\u516b\u5366"}, {"type": 1, "id": "The4sakenOne", "content": ": \u56e0\u70ba\u5f88\u591a\u4eba\u540c\u6642\u53c8\u60f3\u8981\u958b\u8eca\u554a"}, {"type": 1, "id": "tvb", "content": ": \u98f2\u8336\u5c31\u771f\u7684\u5f88\u721b\u554a"}, {"type": 1, "id": "auxiliary11", "content": ": \u652f\u6301\u97d3\u570b\u745c92\u5171\u8b58\u4e00\u570b\u5169\u5236"}, {"type": 0, "id": "winglight", "content": ": \u62fc\u9152\u4e0d\u662f\u98ee\u9152"}, {"type": -1, "id": "nixing", "content": ": \u6c61\u540d\u500b\u9ce5\uff0c\u4f60\u600e\u4e0d\u8aaa\u62bd\u83f8\u88ab\u6c61\u540d\u5316"}, {"type": 0, "id": "nixing", "content": ": \u9152\u5546\u9084\u53ef\u4ee5\u6253\u5ee3\u544a\u54e9\u5927\u8086\u64ad\u653e"}, {"type": 0, "id": "nixing", "content": ": \u83f8\u5546\u8d0a\u52a9\u516c\u76ca\u6d3b\u52d5\u9084\u4e0d\u80fd\u639b\u540d"}, {"type": 0, "id": "riker729", "content": ": \u674e\u767d\u8981\u662f\u4e0d\u559d\u9152 \u5c31\u5beb\u4e0d\u51fa\u540d\u8a69\u4e86"}, {"type": 1, "id": "wjes30325", "content": ": \u9152\u9b3c\u5c31\u662f\u5783\u573e"}, {"type": 1, "id": "taristocrat", "content": ": \u89c0\u50b3\u5c40\u9577\u8868\u793a"}, {"type": -1, "id": "user1001", "content": ": \u9157\u9152\u7684\u6709\u5e7e\u500b\u6210\u70ba\u674e\u767d,\u9157\u9152\u6210\u766e\u8b8a\u5ee2\u4eba"}, {"type": 0, "id": "fujimoto", "content": ": \u53f0\u7063\u5c0d\u9152\u53cb\u5584\u5305\u5bb9\u7684\u5f88 \u5927\u9ebb\u624d\u662f\u6c61\u540d\u5316\u5427"}, {"type": 0, "id": "adgbw8728", "content": ": \u8d85\u96e3\u559d= =\u4e0d\u5982\u559d\u53ef\u6a02"}, {"type": 1, "id": "yumanatu", "content": ": \u5f35\u98db\u82e5\u672a\u9157\u9152,\u6703\u6709\u5f5d\u9675\u4e4b\u6557\u55ce"}, {"type": 1, "id": "zeugen", "content": ": \u53f0\u7063\u5c0d\u9152\u7b97\u81ea\u7531\u4e86\u5427 \u7f8e\u570b\u4f60\u5728\u99ac\u8def\u4e0a\u908a\u8d70"}, {"type": 0, "id": "zeugen", "content": ": \u908a\u559d\u5c31\u76f4\u63a5\u88ab\u6293\u4e86 \u6cf0\u570b\u9084\u641e\u9650\u6642\u6bb5\u8ce3\u9152"}], "post_ip": "42.72.96.24", "post_content": "\n\u4eca\u5929\u6709\u4eba\u5728\u62a8\u64ca\u98f2\u9152\n\n\u53ef\u662f\u98f2\u9152\u662f\u4e0d\u662f\u53ef\u4ee5\u6fc0\u767c\u5947\u5999\u7570\u60f3\uff0c\u5c0d\u898f\u5283\u9084\u5f88\u6709\u5e6b\u52a9\u963f\n\n\u4e0d\u7136\u600e\u9ebc\u60f3\u5f97\u51fa\u524d\u7121\u53e4\u4eba\u5f8c\u7121\u4f86\u8005\u7684\u5efa\u8b70\uff0c\u90fd\u662f\u98f2\u9152\u7684\u529f\u52de\u963f\n\n\u9152\u7684\u597d\u8655\u9019\u9ebc\u591a\u600e\u9ebc\u90fd\u6c92\u4eba\u767c\u73fe\n\n\u516c\u52d9\u54e1\u662f\u4e0d\u662f\u90fd\u6c92\u559d\u9152\u624d\u9019\u9ebc\u4e0d\u77e5\u8b8a\u901a?\n\u4ee5\u5f8c\u53ef\u4ee5\u8981\u6c42\u516c\u52d9\u54e1\u559d\u4e00\u676f\u624d\u53ef\u4ee5\u958b\u5de5\u55ce\n\u611f\u89ba\u4e0d\u932f\u963f\n\n\u6709\u6c92\u6709\u98f2\u9152\u662f\u4e0d\u662f\u9577\u671f\u88ab\u6c61\u540d\u5316\u4e86\u7684\u516b\u5366\n\n--\n"}