{"ptt_id": "jazzcai", "post_url": "https://www.ptt.cc/bbs/Gossiping/M.1567305678.A.CE5.html", "post_type": "\u554f\u5366", "post_title": "\u65b0\u7af9\u7e23\u7af9\u5317\u5e02\u7684\u5efa\u5546\u600e\u9ebc\u4e86\uff1f", "post_time": "2019-09-01 10:41:14", "post_score": 2, "post_pushes": [{"type": 0, "id": "homhomhom", "content": ": \u53bb\u5927\u4e38\u901b\u795e\u5947\u5bf6\u8c9d\u4e2d\u5fc3"}, {"type": -1, "id": "tj386", "content": ": \u6a13\u4e0a\u6587\u76f2\u5594 \u4ed6\u8981\u9867\u6771\u897f"}, {"type": 0, "id": "homhomhom", "content": ": \u5e79\u723d\u5566  \u4f60\u9760\u5317\u81a9"}, {"type": 0, "id": "serding", "content": ": \u63db\u4e0b\u4e00\u6a94\u5ee3\u544a"}, {"type": 1, "id": "kent", "content": ": \u9109\u4e0b\u5730\u65b9\u95d6\u7d05\u71c8\u5f88\u6b63\u5e38"}, {"type": 1, "id": "noreg0393933", "content": ": \u8cfa\u98fd\u4e86"}, {"type": 1, "id": "BaGaJohn5566", "content": ": \u8a72\u7092\u4e0b\u4e00\u6ce2\u4e86"}, {"type": -1, "id": "palapalanhu", "content": ": \u8ce3\u5b8c\u4e86\u554a"}, {"type": 0, "id": "zzro", "content": ": \u4e5d\u6708\u4e00\u865f \u5927\u6982\u4e0b\u4e00\u6a94 \u8981\u4e0a\u9078\u8209\u7684\u4e86"}, {"type": 0, "id": "jones2011", "content": ": \u5b8c\u552e\u63db\u6a94\u554a"}, {"type": 0, "id": "vcx530", "content": ": \u65b0\u7af9\u5047\u65e5\u524d\u653e\uff0c\u6536\u5047\u524d\u6536\uff0c\u53bb\u554f\u65b0\u7af9\u7e23\u653f\u5e9c"}, {"type": 0, "id": "vcx530", "content": ": \u5728\u5e79\u561b\uff1f\u5047\u65e5\u9055\u6cd5\u4e0d\u6703\u88ab\u6293\u7684\u6982\u5ff5"}, {"type": 1, "id": "jupei", "content": ": \u8ce3\u5b8c\u6536\u5de5\u554a \u4e0d\u7136\u96fb\u8a71\u4e00\u76f4\u6253"}, {"type": 0, "id": "vcx530", "content": ": \u661f\u671f\u65e5\u665a\u4e0a\u9084\u6709\u4e00\u6b21\u6536\u5ee3\u544a\u79c0"}, {"type": 0, "id": "mengche", "content": ": \u8cfa\u4e86\u4e00\u6ce2\uff0c\u8981\u63db\u4e0b\u4e00\u6ce2"}], "post_ip": "42.73.110.159", "post_content": "\n\n\u5982\u984c\n\n\u672c\u9b6f\u525b\u525b\u7d93\u904e\u65b0\u7af9\u79d1\u5b78\u56de\u6536\u5712\u5340\n\n\u908a\u7586\u7684\u7af9\u5317\u5e02\n\n\u5728\u559c\u4f86\u767b\u90a3\u4e00\u689d\u5e79\u9053\n\n\u770b\u5230\u5341\u5e7e\u53f0\u5c0f\u8ca8\u8eca\u5728\u56de\u6536\u5efa\u6848\u7684\u5ee3\u544a\u770b\u677f\n\n\u6bcf\u500b\u4eba\u6536\u7684\u901f\u5ea6\u8d85\u5feb\u7684\n\n\u4e00\u4e0b\u8ca8\u8eca\u5c31\u7528\u8dd1\u7684\u53bb\u6536\n\n\u7b49\u7d05\u71c8\u4e5f\u5f80\u524d\u64e0\n\n\u751a\u81f3\u95d6\u7d05\u71c8\n\n\u53ea\u70ba\u4e86\u6536\u5efa\u6848\u7684\u5ee3\u544a\u770b\u677f\n\n\u65b0\u7af9\u7af9\u5317\u7684\u5efa\u5546\u662f\u767c\u751f\u4ec0\u9ebc\u4e8b\u4e86\u554a\n\n\u6709\u516b\u5366\u55ce\uff1f\n\n\n\n-----\nSent from JPTT on my iPhone\n\n--\n \u4f5c\u8005  jazzcai (\u5982\u679c\u6709\u4e00\u5929)                                   \u770b\u677f  Gossiping \n \u6a19\u984c  [\u554f\u5366] \u7b49\u670b\u53cb\u53ef\u4ee5\u5e79\u561b\uff1f                                                \n \u6642\u9593  Wed Mar 30 20:16:22 2016                                               \n\n--\n"}