{"ptt_id": "MrBing", "post_url": "https://www.ptt.cc/bbs/Gossiping/M.1566557360.A.F7F.html", "post_type": "\u554f\u5366", "post_title": "\u98df\u7269\u4e2d\u6bd2\u5f8c\u907a\u75c7\u662f\u600e\u6a23", "post_time": "2019-08-23 18:49:18", "post_score": 3, "post_pushes": [{"type": 1, "id": "dbdudsorj", "content": ": \u5361\u901a\u90fd\u6709\u554a \u5c31\u5168\u8eab\u767c\u7da0 \u6709\u6642\u5019\u9084\u6703\u8b8a"}, {"type": 0, "id": "dbdudsorj", "content": ": \u8272"}, {"type": 0, "id": "steve91240", "content": ": \u6a13\u4e0b\u9047\u5230\u7532\u7532 \u6703\u600e\u6a23"}, {"type": 0, "id": "luciffar", "content": ": \u4e00\u5929\u62c9\u809a\u5b50\u8d85\u904e\u516d\u6b21"}, {"type": 1, "id": "sinon0123", "content": ": \u5976\u982d\u767c\u9ed1"}, {"type": 1, "id": "cheetahspeed", "content": ": \u6703\u53e3\u4e2d\u5583\u5583\u81ea\u8a9e\u67ef\u5e2b\u7236\u597d\u68d2"}, {"type": -1, "id": "pttenjk", "content": ": \u7576\u7136\u4e0d\u6b63\u5e38\u963f \u8d95\u5feb\u53bb\u770b\u91ab\u751f\u958b\u8b49\u660e\u53bb\u5409\u963f"}, {"type": 1, "id": "sellgd", "content": ": \u5976\u982d \u8001\u4e8c\u90fd\u6703\u6697\u6c89 \u8655\u7537\u7b49\u7d1a -3"}], "post_ip": "98.155.209.23", "post_content": "\n\u6628\u5929\u534a\u591c\u4e0a\u5927\u591c\u4e4b\u524d\u53bb\u4fbf\u5229\u5546\u5e97\u8cb7\u4e86\u74f6\u73bb\u7483\u88dd\u7684\u661f\u5df4\u514b\n\n\u4f46\u90a3\u74f6\u597d\u50cf\u58de\u6389\u4e86\n\n\u7d50\u679c\u534a\u591c\u5927\u6982\u5169\u9ede\u591a\u7684\u6642\u5019\u5bb3\u6211\u5410\u5f97\u8981\u6b7b\n\n\u4eca\u5929\u9192\u4f86\u5f8c\u5c31\u4e00\u76f4\u89ba\u5f97\u8eab\u9ad4\u5f88\u865b\u5f31\n\n\u4e00\u6574\u5929\u90fd\u6c92\u80c3\u53e3 \u624d\u5403\u4e00\u9ede\u7092\u86cb\u8ddf\u7a00\u98ef\u4e5f\u4e0d\u6703\u9913\n\n\u8acb\u554f\u9019\u662f\u6b63\u5e38\u7684\u3107\n\n\n--\n"}