{"ptt_id": "wei0204", "post_url": "https://www.ptt.cc/bbs/Gossiping/M.1565697014.A.592.html", "post_type": "\u554f\u5366", "post_title": "\u8981\u600e\u9ebc\u6176\u795d\u4e16\u754c\u5de6\u6487\u5b50\u7bc0??", "post_time": "2019-08-13 19:50:11", "post_score": 4, "post_pushes": [{"type": -1, "id": "GGrunrundela", "content": ": \u5e79\u4f60\u5a18\u8b1b\u6211\u55c6\u5920\u6c92 \u9f8d\u5c71\u5bfa*3\u5ec8\u6d77*1\u53f0\u4e2d\u6a02\u6210\u5bae*1\u90fd\u6c92"}, {"type": 0, "id": "frommr", "content": ": \u5c04\u7cbe"}, {"type": -1, "id": "GGrunrundela", "content": ": \u7528\u5566\u5e79"}, {"type": -1, "id": "GGrunrundela", "content": ": \u6c92\u5c04\u7cbe\u4e09\u5c0f \u5e79\u5e79\u5e79\u5e79\u5e79\u5e79\u5e79\u5e79\u6b7b\u3108\u3113\u4e82\u63a5\u4e09\u5c0f"}, {"type": 1, "id": "Dreamer48763", "content": ": \u6a13\u4e0b\u525b\u525b\u5c0d\u81ea\u5df1\u8001\u5abd\u505a\u4e86\u4ec0\u9ebc\u4e8b"}, {"type": 1, "id": "zz71", "content": ": \u5e73\u5e38\u5c31\u7528\u5de6\u624b\u5c3b\u5c3b\u4e86"}, {"type": 1, "id": "EXGG", "content": ": \u5403\u96de\u6392\u559d\u73cd\u5976"}, {"type": 1, "id": "riker729", "content": ": \u6211\u53ea\u6709\u62ff\u5200\u7528\u5de6\u624b\u8036....\u8981\u62ff\u5200\u6176\u795d?"}, {"type": 0, "id": "kilof", "content": ": \u4e94\u6a13\u6c7a\u5b9a\u7528\u5de6\u624b\u5e6b\u5168\u5609\u7fa9\u7684\u7532\u7532\u5c3b\u69cd"}, {"type": 0, "id": "shevchen", "content": ": \u7528\u5de6\u624b\u5c3b\u5230\u5c04"}, {"type": 0, "id": "kilof", "content": ": \u5509  \u6539\u516b\u6a13\u597d\u4e86"}, {"type": 1, "id": "caesst85149", "content": ": \u5de6\u624b\u62ff\u5200 \u53f3\u624b\u62ff\u53c9\u5b50"}, {"type": 0, "id": "j55888819", "content": ": \u4e94\u6a13\u771f\u5641"}, {"type": 0, "id": "gvvg5566", "content": ": \u4e94\u6a13\u6211\u4e0d\u662f\u5609\u7fa9\u4eba\u4e5f\u53ef\u4ee5\u55ce"}, {"type": 0, "id": "AKIRATOYA", "content": ": \u7528\u5de6\u624b\u5c3b\u5c3b\u554a"}, {"type": 1, "id": "salesperson", "content": ": \u70ba\u4e86\u6170\u52de\u5de6\u624b\u7684\u8f9b\u52de \u4eca\u5929\u7528\u53f3\u624b\u5c3b"}, {"type": 1, "id": "lucky1017", "content": ": \u7528\u5de6\u624b\u5c3b"}, {"type": 0, "id": "OGCed", "content": ": \u96d9\u624b\u9f4a\u5c3b"}], "post_ip": "219.71.215.150", "post_content": "\n\u5982\u984c\n\n\u4eca\u5929\u662f\u4e00\u5e74\u4e00\u5ea6\u7684 \u4e16\u754c\u5de6\u6487\u5b50\u7bc0\n\n\u672c\u9b6f\u5f88\u597d\u5947\u554a\n\n\u5de6\u6487\u5b50\u5011 \u9084\u6709\u88ab\u6539\u6210\u53f3\u6487\u5b50\u7684\u5de6\u6487\u5b50\n\n\u8981\u600e\u9ebc\u6176\u795d\u9019\u4e00\u5929\u7684\u5230\u4f86\u5462??\n\n--\n                                                          -----\u4f60\u6240\u4e0d\u77e5\u9053\u7684G\u8edf\n\n--\n"}