{"ptt_id": "ghostsun", "post_url": "https://www.ptt.cc/bbs/Gossiping/M.1568822407.A.180.html", "post_type": "\u554f\u5366", "post_title": "\u6709\u4eba\u77e5\u9053\u7f8e\u806f\u793e\u98f2\u6599\u6ac3\u7684\u73bb\u7483\u591a\u5c11\u55ce", "post_time": "2019-09-19 00:00:05", "post_score": 8, "post_pushes": [{"type": 0, "id": "ryanmulee", "content": ": \u6211\u90fd\u53bb\u570b\u806f"}, {"type": 1, "id": "frommr", "content": ": \u8981\u6c42\u770b\u5831\u50f9\u55ae\u311a"}, {"type": 0, "id": "shevchen", "content": ": \u6a13\u4e0b\u5c41\u773c\u591a\u5c11"}, {"type": 1, "id": "gt097231", "content": ": \u4f60\u670b\u53cb\u5e7e\u516c\u65a4\u963f= ="}, {"type": 0, "id": "wa88", "content": ": \u90a3\u500b\u4e00\u5b9a\u662f\u7528\u5f37\u5316\u73bb\u7483\u7684 \u4f60\u4e0d\u8981\u8096\u7528\u6709\u6e05\u73bb\u7483"}, {"type": 1, "id": "seemoon2000", "content": ": \u4ed6\u7834\u6389\u4e4b\u5f8c\u662f\u9577\u600e\u6a23"}, {"type": 1, "id": "pchunters123", "content": ": \u9019\u6642\u5019\u8981\u53cd\u544a\u5e97\u5bb6\u624d\u5c0d\uff0c\u50bb\u50bb\u7684"}, {"type": 0, "id": "seemoon2000", "content": ": \u4f46\u6211\u76f4\u89ba\u4e0d\u6703\u662f\u6e05\u73bb\u7483\u5c31\u662f \u51b0\u7bb1\u90fd\u5dee"}, {"type": 1, "id": "sonofgod", "content": ": \u5dee\u4e0d\u591a... \u90a3\u500b\u771f\u7684\u5f88\u8cb4 \u90fd\u662f\u9032\u53e3\u8ca8"}, {"type": 0, "id": "wa88", "content": ": \u90a3\u500b\u8981\u627f\u53d7\u6eab\u5dee\u9707\u52d5 \u600e\u9ebc\u53ef\u7528\u6e05\u73bb\u7483"}, {"type": 1, "id": "ed123123", "content": ": \u4e0a\u65b0\u805e\u554a \u4f60\u670b\u53cb\u6c92\u53d7\u50b7\u5427"}, {"type": 1, "id": "goenitz7777", "content": ": \u8981\u6c42\u6298\u820a\u963f"}, {"type": 0, "id": "seemoon2000", "content": ": \u591a\u7528\u540c\u4e00\u7a2e\u898f\u683c \u7701\u9019\u500b\u6c92\u7701\u591a\u5c11"}, {"type": 0, "id": "ganganx", "content": ": \u53ef\u4ee5\u4e0d\u8981\u4fee\u81ea\u5df1\u8cb7\u53f0\u76f8\u540c\u51b0\u7bb1\u7d66\u5e97\u5bb6\u5c31\u597d"}, {"type": 0, "id": "sonofgod", "content": ": \u4ee5\u524d\u505a\u904e\u5927\u8ce3\u5834 \u81e5\u5f0f\u51b0\u6ac3\u4e00\u584a6000"}, {"type": 0, "id": "wa88", "content": ": \u71df\u696d\u7528\u51b0\u7bb1\u5f88\u8cb4\u5594"}, {"type": 0, "id": "sonofgod", "content": ": \u7136\u5f8c\u4e00\u500b\u9580\u7528\u4e09\u7247 \u6c92\u4e8b\u4e0d\u8981\u9760\u5728\u4e0a\u9762"}, {"type": 0, "id": "seemoon2000", "content": ": \u61c9\u8a72\u4e00\u5b9a\u662f\u81a0\u5408 \u53ea\u662f\u539a\u5ea6\u6211\u5c31\u4e0d\u77e5\u9053"}, {"type": 1, "id": "x007", "content": ": \u5dee\u4e0d\u591a\u5566 \u9019\u671f\u9593\u4eba\u5bb6\u6703\u5c11\u8ce3\u591a\u5c11\u98f2\u6599\u8981\u7b97\u55ce"}, {"type": 0, "id": "TokyoHard", "content": ": \u4e0a\u6b21\u62ff\u5c0f\u4e03\u7684\u6771\u897f\u4e5f\u662f\u6389\u4e0b\u4f86\u7838\u5728\u51b0\u6ac3\u4e0a"}, {"type": 1, "id": "tony121010", "content": ": \u4eba\u5bb6\u9084\u6709\u71df\u696d\u640d\u5931"}, {"type": 0, "id": "Kreen", "content": ": \u71df\u696d\u7528\u7684\u51b0\u6ac3\u5f88\u8cb4\uff0c\u4e0d\u77e5\u9053\u591a\u5c11\uff0c\u4f46\u61c9\u8a72\u6c92\u5751"}, {"type": 0, "id": "TokyoHard", "content": ": \u597d\u96aa\u6c92\u7834,\u4e0d\u77e5\u9053\u4e0b\u4e00\u500b\u4eba\u6703\u4e0d\u6703\u7834XD"}, {"type": 0, "id": "Kreen", "content": ": \u4ed6\u6211\u89ba\u5f97"}, {"type": 0, "id": "seemoon2000", "content": ": 1\u624d\u9ad8\u4f30180 1m2\u5dee\u4e0d\u591a2000 \u5e2b\u5085\u4f86\u88dd"}, {"type": 0, "id": "seemoon2000", "content": ": \u8ddf\u4f60\u65365000\u6eff\u5ba2\u6c23\u7684\u963f \u8aaa\u5be6\u8a71"}, {"type": 0, "id": "creepy", "content": ": 5000\u5df2\u7d93\u7b97\u5de5\u672c\u8cbb\u4e86\u5427 \u9084\u8981\u8acb\u4eba\u4f86\u88dd"}, {"type": 1, "id": "lastmile", "content": ": \u5546\u7528\u7684\u6771\u897f\u4e0d\u8981\u7528\u5bb6\u7528\u7684\u89c0\u9ede\u53bb\u770b"}, {"type": 0, "id": "lastmile", "content": ": 5000\u4e0d\u662f\u5f88\u8a87\u5f35\u7684\u6578\u5b57"}, {"type": 0, "id": "seemoon2000", "content": ": \u8f09\u4e00\u7247\u73bb\u7483 \u5e2b\u5085\u5de5\u9322\u90fd\u8981\u4ed8"}, {"type": 0, "id": "seemoon2000", "content": ": \u4f60\u53c8\u4e0d\u662f\u5efa\u5546\u5b9a\u4e00\u5806\u73bb\u7483 \u904b\u8cbb\u53ef\u4e0d\u770b"}, {"type": -1, "id": "blackhippo", "content": ": \u4e56\u4e56\u4ed8\u9322"}, {"type": 0, "id": "seemoon2000", "content": ": \u7136\u5f8c\u4ed6\u4fee\u597d\u524d\u6703\u6709\u71df\u696d\u640d\u5931"}, {"type": 0, "id": "sonofgod", "content": ": \u5176\u5be6\u71df\u640d\u4e0d\u592a\u6703\u6709 \u90a3\u500b\u665a\u4e0a\u84cb\u8d77\u4f86\u5c31\u597d"}, {"type": 0, "id": "eko112", "content": ": \u51b0\u7bb1\u90a3\u73bb\u74835000\u771f\u7684\u9084\u597d..."}, {"type": 0, "id": "sonofgod", "content": ": \u71df\u696d\u7528\u81e5\u6ac3\u4e00\u53f0\u5927\u69821X\u842c \u5bb6\u5ead\u75281\u842c\u591a"}, {"type": 0, "id": "sonofgod", "content": ": \u4e0d\u5230150\u516c\u5206\u9577\u90a3\u7a2e"}, {"type": 0, "id": "soranosakana", "content": ": \u6211\u9084\u4ee5\u70ba\u4f60\u8981\u554f\u9694\u71b1\u7d19"}, {"type": -1, "id": "lovegq00", "content": ": \u6253\u7834\u51b7\u85cf\u6ac3\u59a8\u5bb3\u5e97\u5bb6\u505a\u751f\u610f\uff0c\u966a\u73bb\u7483\u9322\u800c"}, {"type": 0, "id": "lovegq00", "content": ": \u5df2\u5594\uff1f"}, {"type": 0, "id": "libur", "content": ": \u4e00\u6a13\u5e7d\u9ed8\u81a9"}, {"type": 0, "id": "lmlk33", "content": ": \u8981\u9644\u51b0\u6ac3\u7167\u7247\u624d\u80fd\u5224\u65b7"}], "post_ip": "61.221.49.83", "post_content": "\n\u5f37\u8005\u6211\u670b\u53cb\u4e0a\u6b21\u8cb7\u98f2\u6599\u628a\u4eba\u5bb6\u98f2\u6599\u51b0\u6ac3\u7684\u73bb\u7483\u76f4\u63a5\u649e\u7834\n\u963f\u5e97\u5bb6\u8ddf\u4ed6\u5831\u4e94\u5343\u4ed6\u89ba\u5f97hen\u8cb4\n\u6709\u6c92\u6709\u5c08\u696d\u7684\u7248\u53cb\u77e5\u9053\u90a3\u500b\u9580\u516c\u9053\u50f9\u662f\u591a\u5c11\u963f\n\n\u6211\u662f\u6709\u67e5\u5230\u5168\u5bb6\u7528\u7684\u662f\u5f37\u5316\u73bb\u7483\u5566\n\u4f46\u90a3\u5929\u7834\u7684\u770b\u8d77\u4f86\u50cf\u6e05\u73bb\u7483  \u6c42\u5c08\u696d\u958b\u793a\n\n\n--\n\u4ed6\u662f\u788e\u6210\u7247\u72c0 \u611f\u89ba\u5f88\u50cf\n\u662f\u76f4\u7684\u653e\u5bf6\u7279\u74f6\u90a3\u7a2e\u98f2\u6599\u6ac3\n\u203b \u7de8\u8f2f: ghostsun (61.221.49.83 \u81fa\u7063), 09/19/2019 01:12:05\n\u203b \u7de8\u8f2f: ghostsun (61.221.49.83 \u81fa\u7063), 09/19/2019 01:13:34\n"}