{"ptt_id": "tony900735", "post_url": "https://www.ptt.cc/bbs/Gossiping/M.1568903716.A.65A.html", "post_type": "\u554f\u5366", "post_title": "Lamigirls\u5728Lamigo\u8f49\u8ce3\u5f8c\u4f55\u53bb\u4f55\u5f9e\uff1f", "post_time": "2019-09-19 22:35:14", "post_score": 6, "post_pushes": [{"type": 0, "id": "kongtson", "content": ": \u517c"}, {"type": 0, "id": "hotlatte", "content": ": \u76f4\u63a5\u8d74\u65e5\u62cd\u7247"}, {"type": 0, "id": "tonica", "content": ": \u8fa3\u7c73\u7cd5\u817f\u73a9\u5e74"}, {"type": 0, "id": "Rrrxddd", "content": ": \u7329\u6a02\u733f"}, {"type": -1, "id": "chao0210", "content": ": \u990a\u4e00\u96bb\u7403\u968a\u5f88\u4e0d\u5bb9\u6613"}, {"type": 0, "id": "akila08539", "content": ": \u6539\u7d44\u6210\u7c73\u7cd5\u574246"}, {"type": 1, "id": "wawaking1", "content": ": \u80fd\u8cfa\u9322\u7684\u5c31\u7559\u4e0b"}, {"type": 0, "id": "meowchen", "content": ": \u8b8a\u6210lottogirls"}, {"type": 1, "id": "StarTouching", "content": ": \u4e00\u4e00\u53eb\u53bb\u8463\u4e8b\u9577\u8fa6\u516c\u5ba4 \u518d\u6c7a\u5b9a\u53bb\u7559\u554a"}, {"type": 1, "id": "peterpan0228", "content": ": \u76f4\u63a5\u6539\u53eb\u6a02girls\u4e0d\u5c31\u597d\u310c"}, {"type": 1, "id": "m19issmart", "content": ": \u76f4\u63a5\u4f86\u6211\u5e8a\u4e0a\u5831\u5230"}, {"type": 1, "id": "tritonchang", "content": ": \u56de\u6587\u90fd\u662f..."}, {"type": 1, "id": "motan", "content": ": \u5c31\u662f\u70ba\u4e86\u4ed6\u5011\u624d\u8cb7der"}, {"type": 1, "id": "EvilPrada", "content": ": \u554f\u5b6b\u5354\u5fd7\u554a"}], "post_ip": "223.137.32.10", "post_content": "\n\u5982\u984c\u5566\uff0cLamigo\u4eca\u65e5\u6b63\u5f0f\u5ba3\u4f48\u5c07\u8f49\u624b\u65e5\u5546\u6a02\u5929\u3002\n\u884c\u653f\u4eba\u54e1\u90e8\u4efd\u6709\u8aaa\u6703\u7559\u4efb\uff0c\n\u9078\u624b\u7684\u8ddf\u6559\u7df4\u90e8\u4efd\u6211\u60f3\u61c9\u8a72\u6703\u7b49\u5230\u5b63\u5916\u518d\u505a\u8003\u91cf\uff5e\n\u800cLamigirls\u6703\u7e7c\u7e8c\u7559\u5728\u65b0\u7403\u968a\u55ce\uff1f\u9084\u662f\u5c31\u6b64\u89e3\u9ad4\uff1f\u8a72\u4f55\u53bb\u4f55\u5f9e\uff1f\u6709\u6c92\u6709\u516b\u5366\uff1f\uff1f\n\n--\n\u8cb7LM\u7684\u6a02\u5929\u662f\u65e5\u5546Rakuten\u5566\uff0c\u4e0d\u662f\u97d3\u5546Lotte\n\u203b \u7de8\u8f2f: tony900735 (223.137.32.10 \u81fa\u7063), 09/19/2019 22:38:53\n"}