{"ptt_id": "wwwson1256", "post_url": "https://www.ptt.cc/bbs/Gossiping/M.1566287014.A.608.html", "post_type": "\u65b0\u805e", "post_title": "\u9673\u81f4\u4e2d\u6279\u97d3\u96b1\u5f62\u884c\u7a0b \u7db2\u8f5f\uff1a\u4f60\u5ad6\u5993\u6709\u516c\u958b", "post_time": "2019-08-20 15:43:32", "post_score": 153, "post_pushes": [{"type": 1, "id": "YLTYY", "content": ": \u54c8\u54c8\u54c8"}, {"type": 0, "id": "ThreekRoger", "content": ": \u4e00\u500b\u4e8b\u5be6\u64fa\u5728\u90a3\u908a\u6574\u5929\u8b93\u4eba\u5bb6\u63cd"}, {"type": 0, "id": "tysh710320", "content": ": \u6240\u4ee5\u97d3\u4e0a\u9152\u5e97\u6709\u516c\u958b?"}, {"type": 0, "id": "wwf0322", "content": ": \u8ddf\u5ad6\u5993\u5565\u95dc\u4fc2\uff1f"}, {"type": -1, "id": "ucs1", "content": ": \u539f\u4f86\u97d3\u7684\u884c\u7a0b\u90fd\u662f\u53bb\u5ad6\u5993"}, {"type": 1, "id": "seio2008", "content": ": \u6240\u4ee5\u97d3\u7e3d\u6c92\u516c\u958b\u7684\u884c\u7a0b\u5c31\u662f\u5ad6\u5993\uff1f"}, {"type": 0, "id": "stussy", "content": ": \u5594~\u539f\u4f86\u662f\u53bb\u5ad6\u5993\u554a"}, {"type": 0, "id": "dogkorea5566", "content": ": \u539f\u4f86\u662f\u53bb\u5ad6\u5993"}, {"type": 0, "id": "wgadv", "content": ": \u610f\u601d\u662f\u97d3\u4e0d\u516c\u958b\u884c\u7a0b\u662f\u56e0\u70ba\u8981\u53bb\u5403\u559dx\u8ced\u55ce\uff1f"}, {"type": 1, "id": "amury", "content": ": \u539f\u4f86\u662f\u53bb\u5ad6\u5993...XDDD"}, {"type": -1, "id": "peanut0823", "content": ": \u6700\u6c92\u8cc7\u683c\u8aaa\u8a71\u7684\u8b70\u54e1"}, {"type": 1, "id": "ssmm5566", "content": ": XDDDDD"}, {"type": -1, "id": "data1728", "content": ": \u9019\u8a18\u8005\u90fd\u88ab\u8457\u4ed6\u7238\u8214\u4ed6\u5abd\u7684\u96de\u63b0"}, {"type": 1, "id": "conanhide", "content": ": \u97d3\u570b\u745c\u5e74\u8f15\u6642\u7ad9\u9152\u5e97\u6642\u6709\u516c\u958b\u55ce"}, {"type": -1, "id": "irumina", "content": ":"}, {"type": 1, "id": "Masturbate", "content": ": \u7d50\u8ad6:\u97d3\u5e02\u9577\u53bb\u5ad6\u5993/\u59b9\u59b9\u4f86\u97d3\u5e02\u9577\u9019(?)"}, {"type": 1, "id": "marunouchi", "content": ": \u539f\u4f86\u662f\u53bb\u5ad6\u5993\u554aXDDDDD"}, {"type": 1, "id": "nt880245", "content": ": \u6709\u53f0\u7063\u50f9\u503c"}, {"type": 0, "id": "tkucuh", "content": ": \u539f\u4f86\u97d3\u662f\u53bb....\u96e3\u602a\u6015\u8ffd\u8e64\u5668\u3002"}, {"type": 1, "id": "WeGoYuSheng", "content": ": \u7ffb\u8b6f\uff1a\u5bd2\u5c0e\u884c\u7a0b\u4e0d\u516c\u958b \u662f\u8ddf\u8aa0\u646f\u7d42\u4e00"}, {"type": 1, "id": "IslamicState", "content": ": \u9ad8\u96c4\u4eba\u9078\u5f97 \u7531\u4ed6\u53bb\u963f \u5ee2\u7269\u5e02\u9577"}, {"type": 0, "id": "WeGoYuSheng", "content": ": \u6a23\u53bb\u5ad6\u5993XDDDDD"}, {"type": 1, "id": "akway", "content": ": \u539f\u4f86\u97d3\u662f\u8981\u53bb..."}, {"type": 1, "id": "tml7415", "content": ": \u539f\u4f86 ... \u97d3\u570b\u745c ... \u662f\u53bb ..."}, {"type": 0, "id": "impactwar", "content": ": 50\u6b65\u7b11\u767e\u90e8\u7684\u6982\u5ff5XD"}, {"type": 1, "id": "obovqq", "content": ": \u54c8\u54c8\u54c8 \u5ad6\u5993\u4e0d\u63ea\u771f\u7684\u6709\u9ede\u904e\u4efd"}, {"type": 0, "id": "WeGoYuSheng", "content": ": \u8d1b \u9019\u9ebc\u8001\u5be6\u7684\u7ffb\u8b6f \u807d\u4e86\u771f\u7684\u5687\u6b7b"}, {"type": 1, "id": "d8731400", "content": ": \u539f\u4f86\u97d3\u662f\u53bb....XDDDDDD"}, {"type": 1, "id": "Hirano", "content": ": \u6240\u4ee5\u97d3\u662f\u53bb...?"}, {"type": -1, "id": "Dovahkiin", "content": ": \u97d3\u570b\u745c\u53ef\u662f\u9060\u9060\u6bd4\u9673\u83ca,\u9673\u81f4\u4e2d\u721b\u4e0a\u842c\u500d!"}, {"type": 1, "id": "sshwann", "content": ": \u7b11\u4e86 \u97d3\u7c89\u6709\u5920\u667a\u969c \u6240\u4ee5\u97d3\u662f\u53bb???"}, {"type": 0, "id": "poqwiuer", "content": ": \u5ad6\u5993 \u771f\u7684\u5f88\u5641\u5fc3 \u67d0\u9ee8\u7d20\u8cea"}, {"type": 1, "id": "s155260", "content": ": \u6240\u4ee5\u97d3..."}, {"type": 1, "id": "yniori", "content": ": \u539f\u4f86\u5e02\u9577\u662f\u53bb\u5ad6\u5993\uff01\u96e3\u602a\u4e0d\u516c\u958b"}, {"type": 1, "id": "oxoxx", "content": ": \u6240\u4ee5\u8aaa\u554a\uff0c\u4eba\u4e0d\u8981\u7559\u8a71\u67c4"}, {"type": 0, "id": "WeGoYuSheng", "content": ": \u97d3\u7c89\u559c\u6b61\u6771\u62c9\u897f\u626f\u4e82\u6bd4\u55bb \u5c31\u662f\u9019\u6a23\u7684"}, {"type": 0, "id": "WeGoYuSheng", "content": ": \u7d50\u679c"}, {"type": 0, "id": "danny30715", "content": ": XDD"}, {"type": 0, "id": "MXZR", "content": ": https://i.imgur.com/FiLlvqR.jpg"}, {"type": 1, "id": "glion", "content": ": \u883b\u597d\u7b11\u7684\uff0c\u53ef\u662f\u9019\u6a23\u5176\u5be6\u55c6\u5f97\u4e00\u9ede\u9053\u7406\u4e5f\u6c92\u6709"}, {"type": 1, "id": "gaym19", "content": ": \u6240\u4ee5\u97d3\u662f\u53bb"}, {"type": 1, "id": "a0913", "content": ": \u7b11\u6b7b \u6240\u4ee5\u97d3\u4e0d\u516c\u958b\u90fd\u662f\u53bb____"}, {"type": 0, "id": "WeGoYuSheng", "content": ": \u54ea\u58fa\u4e0d\u958b\u63d0\u54ea\u58fa"}, {"type": 1, "id": "murray", "content": ": \u539f\u4f86\u97d3\u5e02\u9577\u662f\u53bb... \u597d\u5427 \u90a3\u7684\u78ba\u4e0d\u7528\u516c\u5e03"}, {"type": 0, "id": "adon0313", "content": ": \u8aa0\u646f\u7d42\u62db\u5fcc"}, {"type": 0, "id": "a4302f", "content": ": \u4e2d\u570b\u9ee8\u90fd\u6709\u856d\u4ec0\u9ebc\u7684 \u662f\u6709\u4ec0\u9ebc\u81c9\u6279\u8a55\u5225\u4eba\u554a"}, {"type": 1, "id": "ocean011", "content": ": \u5641\u5fc3"}, {"type": 0, "id": "a4302f", "content": ": \uff1f"}, {"type": -1, "id": "Mazda6680", "content": ": \u6240\u4ee5\u6c92\u516c\u958b\u7684\u90fd\u662f\u53bb......"}, {"type": 0, "id": "shuten", "content": ": \u6240\u4ee5\u97d3\u6c92\u516c\u958b\u7684\u90fd\u662f\u53bb....\u55ef"}, {"type": -1, "id": "mithuang", "content": ": \u5982\u679c\u5e02\u9577\u662f\u53bb\u5ad6\u5993\uff0c\u90a3\u78ba\u5be6\u4e0d\u80fd\u516c\u958b\uff0c\u9019"}, {"type": 0, "id": "mithuang", "content": ": \u6b21\u6211\u7ad9\u5728\u97d3\u7c89\u9019\u908a\u3002"}, {"type": -1, "id": "wonder6253", "content": ": \u4e0d\u6127\u662f\u904e\u4f86\u4eba"}, {"type": 1, "id": "niko0202", "content": ": \u7b11\u5c4e \u54c8\u54c8\u54c8\u54c8\u54c8\u54c8\u54c8"}, {"type": 0, "id": "nildog", "content": ": \u539f\u4f86\u985e\u6bd4\u662f\u53bb\u5ad6\u5993\u554a\uff1f\u97d3\u7c89\u5f88\u6e05\u695a\u554a~"}, {"type": 0, "id": "sshwann", "content": ": \u615f! \u97d3\u79bf\u4e0d\u80fd\u516c\u958b\u7684\u884c\u7a0b"}, {"type": -1, "id": "cht211", "content": ": \u5e02\u9577\u884c\u7a0b\u8ddf\u5ad6\u5993\u4e00\u6a23\u6015\u4eba\u77e5\u9053?????????"}, {"type": 0, "id": "Pluto17", "content": ": \u4eba\u5bb6\u662f\u53bb\u62b1\u5973\u4eba\u5566 \u8b1b\u90a3\u9ebc\u76f4\u767d\u5e79\u561bXD"}, {"type": -1, "id": "Ericz7000", "content": ": \u4e2d\u5929\u77e5\u9053\u9019\u6a23\u985e\u6bd4\u7684\u610f\u7fa9\u662f\u4ec0\u9ebc\u55ce"}, {"type": 0, "id": "goooluuu", "content": ": \u8aa0\u646f\u7d42\u906d\u5fcc"}, {"type": 0, "id": "LOOK999", "content": ": \u539f\u4f86\u662f\u6c92\u63ea\u751f\u6c23\u6c23\u7684\u90e8\u5206"}, {"type": -1, "id": "trtc", "content": ": \u6240\u4ee5\u97d3\u53bb\u5ad6\u5993\uff1f"}, {"type": 1, "id": "Raikkonen01", "content": ": \u6240\u4ee5\u97d3..."}, {"type": 1, "id": "AllenHuang", "content": ": \u97d3\u570b\u745c\u53bb\u5ad6\u5993\u5594\uff1f"}, {"type": 0, "id": "baiya", "content": ": \u97d3\u7c89\u8a8d\u8a3c \u97d3\u7e3d\u53bb..."}, {"type": -1, "id": "billykin", "content": ": \u6240\u4ee5\u6c92\u516c\u958b\u662f\u53bb\u2026\u2026?"}, {"type": 1, "id": "buddar", "content": ": \u539f\u4f86\u9ad8\u96c4\u5e02\u9577\u8655\u7406\u5e02\u653f\u50cf\u5ad6\u5993\u4e00\u6a23\u898b\u4e0d\u5f97\u4eba"}, {"type": 1, "id": "ariadne", "content": ": \u539f\u4f86\u652f\u6301\u8005\u90fd\u77e5\u9053\u97d3\u570b\u65bc\u662f\u53bb\u5ad6\u5993 XD"}, {"type": 0, "id": "adamlovedogc", "content": ": \u51fa\u4f86\u8b93\u4eba\u55c6\u7684\u55ceXD"}, {"type": 1, "id": "CharleneTsai", "content": ": XDDDDDDDDDDDDDD"}, {"type": 1, "id": "master56", "content": ": \u6240\u4ee5\u97d3\u7e3d\u4e5f\u6c92\u516c\u958b \u5f7c\u6b64\u5f7c\u6b64"}, {"type": -1, "id": "sooppp", "content": ": \u97d3\u7c89\u8166\u888b\u771f\u5dee.\u6240\u4ee5\u97d3\u662f\u53bb\u5ad6\u5c0f\u4e09?"}, {"type": 1, "id": "jiaming86", "content": ": \u539f\u4f86\u662f\u53bb\u5ad6\u5993"}, {"type": 0, "id": "whiteseyes", "content": ": \u539f\u4f86\u662f\u5ad6\u5993  \u97d3\u5c0e\u7adf\u7136\u4e0d\u7cfe\u81f4\u4e2d"}, {"type": 1, "id": "Tchachavsky", "content": ": XDDDDDDDDDDDDDDDDDDDDDDDDDDDDDDDDD"}, {"type": 0, "id": "gugugaga", "content": ": \u6211\u7b11\u4e86"}, {"type": 1, "id": "PePePeace", "content": ": \u55ef\u55ef \u5ad6\u5993\u5c31\u4e0d\u7528\u516c\u5e03\u4e86"}, {"type": 1, "id": "Justice5566", "content": ": XDDDD"}, {"type": 1, "id": "frlair", "content": ": \u4e0d...\u4e0d\u8981\u9019\u6a23..."}, {"type": 0, "id": "Howard61313", "content": ": \u4f60\u9019\u662f\u5728\u4f5c\u7403\u7d66\u4eba\u6bba\u55ce.............."}, {"type": 0, "id": "EAsoN1123", "content": ": \u963f\u767c\u7684\u5cb3\u7236\uff1a"}, {"type": 1, "id": "gtayu", "content": ": \u662f\u8277\u8001\u95c6\u54c8\u54c8\u54c8\u5c11\u8b1b\u8a71"}, {"type": 1, "id": "liusim", "content": ": \u539f\u4f86\u662f\u5ad6\u5993 \u61c2\u4e86"}, {"type": 1, "id": "Moratti", "content": ": \u539f\u4f86\u97d3\u5c0e\u53bb\u5ad6\u5993\u624d\u4e0d\u516c\u958b"}, {"type": 1, "id": "attdave", "content": ": \u9019\u771f\u7684\u7b11\u6b7bXD"}, {"type": -1, "id": "vm03vm03", "content": ": \u539f\u4f86\u9673\u81f4\u4e2d\u7576\u9019\u9ebc\u4e45\u7684\u8b70\u54e1\u5594"}, {"type": 1, "id": "Spinner3", "content": ": \u539f\u4f86\u97d3\u5c0e\u7684\u884c\u7a0b\u662f..."}, {"type": 1, "id": "frlair", "content": ": \u81f4\u4e2d\u771f\u7684\u600e\u9ebc\u9078\u600e\u9ebc\u4e0a\u5594~"}, {"type": 0, "id": "serval623", "content": ": \u6240\u4ee5\u97d3\u5c0e\u662f\u53bb\u5ad6\u2026\u2026\uff1f"}, {"type": 0, "id": "yanhsin", "content": ": \u4e00\u65e5\u5ad6\u5993\u88ab\u4eba\u77e5 \u7d42\u8eab\u88ab\u55c6 \u6c92\u6cd5\u56de\u5634 \u771f\u6158"}, {"type": 1, "id": "bjk3370", "content": ": \u7d42\u8eab\u88ab\u5634\u9019\u4ef6\u4e8bXDDD"}, {"type": 1, "id": "neverli", "content": ": \u4e0d\u63ea\u81f4\u4e2d\uff0c\u554a\u5167\u7518\u4e1f?"}, {"type": 0, "id": "rabbit61677", "content": ": \u4e2d\u6642\u9023\u4e0b\u6a19\u90fd\u667a\u969c\u5316\u4e86\u55ce"}, {"type": 0, "id": "wowo72517", "content": ": \u7b11\u6b7b\u4eba\u4e86\uff0c\u6240\u4ee5\u534a\u65a4\u516b\u5169"}, {"type": 1, "id": "chu122408", "content": ": \u96e3\u602a\u97d3\u90fd\u4e0d\u516c\u958b"}, {"type": 1, "id": "newstyle", "content": ": \u8001\u53f8\u6a5f\u4e0d\u5831\u4e00\u4e0b\u540d\u724c"}, {"type": 1, "id": "olli", "content": ": \u5230\u5e95\u662f\u4e0d\u6703\u8b1b\u8a71\u6216\u592a\u6703\u5f71\u5c04"}, {"type": 0, "id": "Tchachavsky", "content": ": \u81f4\u4e2d\u4e0d\u9ce9  \u8001\u53f8\u6a5f"}, {"type": 0, "id": "jeff12280", "content": ": \u4ec0\u9ebc\u5ad6\u5993 \u662f\u9078\u6c11\u670d\u52d9\u597d\u55ce"}, {"type": 1, "id": "tombee", "content": ": \u4eca\u5929\u884c\u7a0b\u4e0d\u516c\u958b \u5c04\u597d\u5c04\u6eff"}, {"type": 0, "id": "ctlwmmax", "content": ": 1450\u4e0d\u5141\u8a31\u7da0\u71df\u88ab\u653b\u64ca"}, {"type": 0, "id": "nakayamayyt", "content": ": \u6240\u4ee5\u97d3\u5c0e\u6c92\u516c\u958b\u7684\u5c31\u662f\u53bb\u62b1\u5973\u4eba\u55ce"}, {"type": 1, "id": "jack58", "content": ": \u54c8\u54c8  \u539f\u4f86\u662f\u97d3\u8001\u53f8\u6a5f  \u5931\u656c\u5931\u656c"}, {"type": 0, "id": "ptgeorge2", "content": ": \u7b11\u6b7b\uff0c\u9019\u500b\u4eba\u771f\u7684\u51fa\u4f86\u9001\u982d\u7684"}, {"type": -1, "id": "diggi", "content": ": \u9019\u908f\u8f2f?"}, {"type": 1, "id": "nutrino", "content": ": \u8aa0\u646f"}, {"type": 1, "id": "tomwu770926", "content": ": XDDDDDD"}, {"type": 1, "id": "JackaLMeI", "content": ": \u9084\u6562\u51fa\u4f86R\u51b0\u9ce5"}, {"type": 1, "id": "WTF55665566", "content": ": \u539f\u4f86\u662f\u540c\u9053\u4e2d\u4eba \u6697\u793a\u67d0\u4eba\u4e5f\u5ad6\u5993\uff1f"}, {"type": 0, "id": "tomwu770926", "content": ": \u9084\u6709\u4eba\u5e6b\u9673\u8b77\u822a"}, {"type": 1, "id": "vacamin", "content": ": \u97d3\u4e5f\u53bb\u5ad6\u7684\u8a71\uff0c\u7684\u78ba\u4e0d\u7528\u516c\u958b"}, {"type": 0, "id": "Tchachavsky", "content": ": \u73a9\u5973\u4eba \u600e\u9ebc\u5fd8\u4e86\u4ed6\u5462"}, {"type": 0, "id": "Sinkage", "content": ": \u8aaa\u7684\u4e5f\u662f\u5566 \u67ef\u88ab\u4e2d\u570b\u5ad6\u4e5f\u8981\u5831\u5099\u55ce \u540c\u7406"}, {"type": 1, "id": "boeee", "content": ": \u9a5a\uff01\u67d0\u5831\u96b1\u5c04\u542b\u7e3d\u5ad6\u5993"}, {"type": 1, "id": "hellosoap", "content": ": \u4e00\u51fa\u4f86\u5c31\u88ab\u5634"}, {"type": -1, "id": "Fongin", "content": ": \u539f\u4f86\u9673\u81f4\u4e2d\u662f\u9ad8\u96c4\u5e02\u9577\u5594???"}, {"type": 1, "id": "jack14002", "content": ": \u5594 \u61c2\u4e86...\u539f\u4f86\u97d3\u570b\u9b5a\u662f\u53bb..."}, {"type": 1, "id": "f204137", "content": ": \u9673\u81f4\u4e2d \u9ad8\u96c4\u4eba\u9078\u51fa\u9019\u5496"}, {"type": 1, "id": "Zeroyeu", "content": ": \u9ad8\u96c4\u4eba\u9084\u9078\u51fa\u97d3\u570b\u9b5a\u54a7! \u600e\u6a23?"}, {"type": 0, "id": "inewnew", "content": ": \u96e3\u602a\u4e0d\u516c\u958b\uff0c\u539f\u4f86\u97d3\u7684\u884c\u7a0b\u90fd\u662f\u53bb..."}, {"type": 1, "id": "buddar", "content": ": \u7d42\u65bc\u61c2\u70ba\u4f55\u97d3\u8349\u5305\u7e3d\u662f\u7591\u795e\u7591\u9b3c\uff0c\u539f\u4f86\u662f\u53bb"}, {"type": 0, "id": "buddar", "content": ":"}, {"type": 1, "id": "cloud72426", "content": ": \u7b11\u6b7b"}, {"type": 0, "id": "e86117934", "content": ": \u539f\u4f86\u662f\u5ad6\u5993\u5594\u3002"}, {"type": 1, "id": "Delisaac", "content": ": \u5e79\u3000\u559d\u6c34\u770b\u5230\u9019\u65b0\u805e\u76f4\u63a5\u5674\u51fa\u4f86 XDDDD"}, {"type": 1, "id": "goldflower", "content": ": \u9019\u4eba\u9084\u662f\u4e0d\u8981\u51fa\u4f86\u4e82\u4e86\u5427"}, {"type": 0, "id": "lovejamwu", "content": ": \u6240\u4ee5\u97d3\u4e5f\u53bb\u5ad6\u5993\u4e86\u55ce?"}, {"type": 1, "id": "jacky336", "content": ": \u539f\u4f86\u97d3\u53bb~"}, {"type": 0, "id": "rainylife", "content": ": \u7b11\u6b7b \u53c8\u4e00\u500b\u81ea\u7206\u7684"}, {"type": 0, "id": "g8330330", "content": ": \u54c8\u54c8\u54c8\u54c8"}, {"type": 0, "id": "sun3589", "content": ": \u5594 \u539f\u4f86XDD"}, {"type": 0, "id": "zaq266", "content": ": \u7b11\u4e86"}, {"type": 0, "id": "newstyle", "content": ": \u963f\u4e2d\u61c9\u8a72\u6703\u88ab\u9178\u5230\u9000\u4f11"}, {"type": 0, "id": "ihooderm3200", "content": ": \u81f4\u4e2d\u662f\u4e0d\u662f\u8ddf\u97d3\u4e00\u8d77\u53bb\u9152\u5e97\u554a\uff1f"}, {"type": 1, "id": "pocketshape", "content": ": \u597d\u597d\u7b11QQ"}, {"type": 1, "id": "dddc", "content": ": \u8ab0\u4e0d\u77e5\u9053\u4ed6\u5ad6\u5993"}, {"type": 1, "id": "jokc7839", "content": ": \u9ad8\u7d1a\u53cd\u4e32\uff1f"}, {"type": 1, "id": "wn7158", "content": ": \u5e79\uff0c\u5feb\u7b11\u6b7bxd"}, {"type": 0, "id": "slimak", "content": ": \u534a\u65a4\u516b\u5169\u5566"}, {"type": 0, "id": "Jimmywin", "content": ": \u61c2\u4e86\uff0c\u4e0d\u516c\u958b\u539f\u4f86\u662f\u53bb"}, {"type": 1, "id": "stlevi811101", "content": ": lol"}, {"type": -1, "id": "SoFanCy", "content": ": \u81f4\u4e2d\u771f\u7684\u6c92\u8cc7\u683c\u6279\u8a55\u9019\u500b"}, {"type": 1, "id": "yuanisme", "content": ": \u539f\u4f86\u662f\u53bb\u5ad6\u554a \u96e3\u602a\u90a3\u9ebc\u6015\u8ffd\u8e64\u5668"}, {"type": 0, "id": "fcuhua", "content": ": \u539f\u4f86\u4e0d\u516c\u4f48\u7684\u7406\u7531\u8ddf\u9673\u4e00\u6a23\u54e6\uff1f"}, {"type": 1, "id": "wucrhow", "content": ": \u6240\u4ee5\u97d3\u662f\u53bb\u5ad6\u5993\uff1f"}, {"type": 0, "id": "stlevi811101", "content": ": \u5ad6\u5993\u4e00\u6642\u723d...."}, {"type": 1, "id": "chw0970", "content": ": \u7b11\u6b7b"}, {"type": 1, "id": "mpyhacct0443", "content": ": \u4e00\u76f4\u5ad6\u5993\u4e00\u76f4\u723d"}, {"type": 1, "id": "Freeven", "content": ": \u771f\u7684\u53ef\u6190\uff0c\u88ab\u5634\u4e00\u8f29\u5b50\u5e6bQQ"}, {"type": 1, "id": "kk5715", "content": ": \u6240\u4ee5\u97d3\u90fd\u53bb\u5ad6\u5993\u7684\u610f\u601d\u55ce"}, {"type": 1, "id": "singingsong", "content": ": \u6240\u4ee5\u97d3\u7684\u96b1\u5f62\u884c\u7a0b\u662f\u5ad6\u5993\u9084\u4e0a\u9152\u5e97\uff1f"}, {"type": 1, "id": "ringohejia", "content": ": \u539f\u4f86\u662f\u53bb\u5ad6\u5993"}, {"type": 0, "id": "hayden218", "content": ": \u5594\u5594 \u540c\u7406\u662f\u6697\u6307\u97d3\u4e0d\u516c\u958b\u4e5f\u662f\u53bb\u5947\u602a\u7684"}, {"type": 1, "id": "a5864004a", "content": ": \u9760~~\u8c6c\u968a\u53cb@@"}, {"type": 1, "id": "IngramBrando", "content": ": \u81f4\u4e2d\u9084\u662f\u614e\u9078\u8b70\u984c\u5225\u51fa\u4f86\u5566 \u60f3\u8d81\u6a5f\u5634"}, {"type": 0, "id": "IngramBrando", "content": ": \u53cd\u88ab\u5634\u7206XDDDDD"}, {"type": 1, "id": "surfkevin", "content": ": \u8b70\u54e1\u884c\u7a0b\u5c31\u662f\u5a5a\u55aa\u559c\u6176\uff1f\u770b\u53f0\u7063\u4eba\u6709\u591a"}, {"type": -1, "id": "demon314", "content": ": \u5ad6\u5993\u4e8b\u4ef6\u6642\u81f4\u4e2d\u4e5f\u9084\u4e0d\u662f\u653f\u6cbb\u4eba\u7269\u554a"}, {"type": 1, "id": "dslite", "content": ": \u6709\u554a \u4e0a\u58f9\u5468\u520a\u4e86"}, {"type": 0, "id": "surfkevin", "content": ": \u8822\u9078\u9019\u4e9b\u4eba"}, {"type": 0, "id": "farnorth", "content": ": \u5e02\u9577\u548c\u8ca1\u5718\u3001\u548c\u570b\u53f0\u8fa6\u79c1\u6703\u672c\u4f86\u5c31\u6c92\u4ec0\u9ebc"}, {"type": 1, "id": "asgardgogo", "content": ": \u4e00\u8d77\u5ad6\u4e00\u8d77\u5ad6"}, {"type": -1, "id": "ProSider", "content": ": \u8acb\u5168\u53f0\u516c\u52d9\u4eba\u54e1\u516c\u4f48\u5ad6\u5993\u884c\u7a0b"}, {"type": 0, "id": "wate5566", "content": ": \u662f\u6697\u793a\u97d3\u7e3d\u6c92\u516c\u958b\u7684\u884c\u7a0b\u90fd\u662f\u5ad6\u5993\uff1f"}, {"type": 1, "id": "malisse74", "content": ": \u539f\u4f86\u97d3\u5e02\u9577\u662f\u53bb\u5ad6\u5993\u554a \u67ef\u97d3\u7c89\u8a8d\u8b49"}, {"type": 1, "id": "TheAnswer", "content": ": \u7d42\u65bc\u77e5\u9053\u5e02\u9577\u53bb\u54ea\u4e86XDDD"}, {"type": 1, "id": "heremattis", "content": ": \u7b97\u4e86 \u81f4\u4e2d\u9084\u662f\u4f4e\u8abf\u9ede"}, {"type": 0, "id": "sl11pman", "content": ": \u539f\u4f86\u5e02\u9577\u884c\u7a0b\u4e0d\u80fd\u516c\u958b\u662f\u2026"}, {"type": 0, "id": "afiend0927", "content": ": \u7d66\u6211\u59ae\u53ef\u7684\u884c\u7a0b\u5c31\u539f\u8ad2\u4f60"}, {"type": 1, "id": "prpllark", "content": ": \u81f4\u4e2d\u62dc\u8a17 \u963f\u6241\u597d\u4e0d\u5bb9\u6613\u51fa\u4f86\u4e86"}, {"type": 1, "id": "enstai", "content": ": \u4e2d\u80af \u54c8\u54c8\u54c8 \u85cd\u7da0\u5c31\u662f\u6bd4\u9ad2\u800c\u5df2"}, {"type": -1, "id": "DRAWER", "content": ": \u54c8\u54c8 \u4e2d\u5c4e\u7684\u6a19\u984c\u662f\u6307\u97d3\u8349\u5305\u4e5f\u662f\u53bb\u5ad6\u5993 \u6240"}, {"type": 0, "id": "DRAWER", "content": ": \u4ee5\u4e0d\u80fd\u516c\u958b"}, {"type": 1, "id": "jin956", "content": ": https://imgur.com/XgsNVJi"}, {"type": -1, "id": "teddy72", "content": ": \u6240\u4ee5\u97d3\u5c0e\u4e5f\u53bb\u5ad6?"}, {"type": 1, "id": "leoz69927", "content": ": \u4e92\u76f8\u50b7\u5bb3\u7684\u6982\u5ff5"}, {"type": 1, "id": "milton1991", "content": ": \u5ad6\u5993\uff0c\u4e00\u6b21\u5a4a\u5f88\u591a\u4eba\u8036XD"}, {"type": 1, "id": "green0953", "content": ": \u6240\u4ee5\u662f\u53bb\uff1f\uff1f"}, {"type": -1, "id": "nazikimo", "content": ": \u539f\u4f86\u90fd\u662f\u53bb\u5ad6"}, {"type": -1, "id": "mirac1e", "content": ": \u8aa0\u646f\u7d42\u906d\u5fcc"}, {"type": -1, "id": "as010798as", "content": ": \u4ed6\u9084\u662f\u8b70\u54e1\u5594?????\u4ec0\u9ebc\u9ce5\u963f"}, {"type": 1, "id": "yuannng", "content": ": \u6240\u4ee5\u97d3\u570b\u745c\u4e0d\u516c\u958b\u7684\u884c\u7a0b\u662f\uff1f\u7db2\u53cb\u539f\u4f86\u5728\u53cd"}, {"type": 0, "id": "yuannng", "content": ": \u8af7\u554aXD"}, {"type": 1, "id": "bimmers0", "content": ": \u9673\u81f4\u4e2d\u53c8\u4e0d\u662f\u5e02\u9577"}, {"type": 0, "id": "bimmers0", "content": ": \u5e02\u9577\u5ad6\u5993\u5c31\u6709\u516c\u958b\u55ce\uff1f"}, {"type": 0, "id": "larryleepig", "content": ": \u53cd\u6253\u97d3\u570b\u745c\u4e00\u62f3"}, {"type": -1, "id": "anomy", "content": ": \u547c\u7c72\u97d3\u5e02\u9577\u4e0d\u8981\u53bb\u5ad6\u5993..."}, {"type": 1, "id": "hsinhanchu", "content": ": \u6240\u4ee5\u97d3\u2026"}, {"type": -1, "id": "bearKQG", "content": ": \u6240\u4ee5\u6c92\u516c\u958b\u662f\u53bb\u505a\u898b\u4e0d\u5f97\u4eba\u7684\u4e8bxD"}, {"type": -1, "id": "e33554431", "content": ": \u770b\u6a19\u984c\u5c31\u77e5\u9053\u662f\u4e2d\u6642"}, {"type": 0, "id": "bussx", "content": ": \u4e2d\u6642\u5077\u9178\u97d3\u5c0e\u53bb\u5ad6\u5993\uff0c\u97d3\u7c89\u51fa\u52d5\u56c9"}, {"type": 0, "id": "bimmers0", "content": ": \u5e0c\u671b\u97d3\u570b\u9b5a\u6e96\u7e3d\u7d71\u4e0d\u8981\u5ad6\u5993"}, {"type": 1, "id": "slashliu", "content": ": \u6240\u4ee5\u5728\u9ad8\u96c4\u5ad6\u5993\u8981\u516c\u958b\u884c\u7a0b\u4e86"}, {"type": 0, "id": "bimmers0", "content": ": \u96e3\u602a\u90a3\u9ebc\u6015\u88ab\u8ddf\u62cd\u2026"}, {"type": 0, "id": "bimmers0", "content": ": \u97d3\u570b\u9b5a\uff1a\u6211\u4e0a\u4efb\u5f8c\uff0c\u5728\u9ad8\u96c4\u6c92\u5ad6\u904e\u5993"}, {"type": 1, "id": "herculex", "content": ": \u9673\u81f4\u4e2d\u61c9\u8a72\u51fa\u4f86\u8aaa\u4ed6\u8ddf\u97d3\u5c0e\u662f\u8868\u5144\u5f1f\u6bba\u50b7"}, {"type": 0, "id": "herculex", "content": ": \u529b\u9084\u6bd4\u8f03\u5927"}, {"type": 0, "id": "herculex", "content": ": \u97d3\uff1a\u6c92\u7d66\u9322\u5c31\u4e0d\u7b97\u5ad6"}, {"type": 0, "id": "bimmers0", "content": ": \u694a\u79cb\u8208\uff1a\u73fe\u5728\u9032\u884c\u5f0f\u2026"}, {"type": 1, "id": "winpig07", "content": ": \u8aa0\u646f\u7d42\u62db\u5fcc\uff0c\u5f8c\u4eba\u8b39\u8a18\u4e4b"}, {"type": 0, "id": "bimmers0", "content": ": \u88ab\u52d5\u5ad6\u5993\u7b97\u5ad6\u5993\u55ce\uff1f"}, {"type": 0, "id": "houting", "content": ": \u62d0\u500b\u5f4e\u7f75\u5230\u97d3\u5c0e \u610f\u601d\u662f\u97d3\u5c0e\u53bb___? \u79d1\u79d1"}, {"type": 1, "id": "ganlinnia", "content": ": \u54ea\u500b\u767d\u7661\u5ad6\u5993\u6703\u8ddf\u5927\u5bb6\u8b1b \u8996\u5bdf\u53c3\u8a2a\u672c\u4f86"}, {"type": 0, "id": "ganlinnia", "content": ": \u5c31\u8981\u516c\u958b \u97d3\u7c89\u8166\u888b\u9032\u6c34 \u908f\u8f2f\u6b7b\u53bb?"}, {"type": 1, "id": "bimmers0", "content": ": \u771f\u7684\u5728\u9ad8\u96c4\u6c92\u6253\u9ebb\u5c07\u3001\u6c92\u5ad6\u5993\uff1f"}, {"type": -1, "id": "s8624032", "content": ": \u6240\u4ee5\u97d3\u4e0d\u516c\u958b\u7684\u6642\u5019\u90fd\u662f\u53bb!?"}, {"type": 1, "id": "blpapf", "content": ": \u54c7\u611f\u8b1d\u8b70\u54e1\u5e6b\u5fd9\u80cc\u66f8wwwww"}, {"type": 0, "id": "cosy", "content": ": \u9019\u7403\u771f\u597d\u6bba"}, {"type": 1, "id": "beermug", "content": ": \u5317\u4e03"}, {"type": 0, "id": "mklistwso", "content": ": \u5e02\u9577\u884c\u7a0b\u7b49\u65bc\u5ad6\u5993\u5566\uff0c\u652f\u90a3\u7db2\u6c11\u8a8d\u8b49\u3002"}, {"type": -1, "id": "fffogpug", "content": ": \u6240\u4ee5\u97d3\u53bb\u5ad6\u5993\u4e86\uff1f"}, {"type": 1, "id": "spirolin", "content": ": \u539f\u4f86\u97d3\u662f\u53bb......."}, {"type": 1, "id": "idolman", "content": ": \u5e0c\u671b\u97d3\u5c0e\u5ad6\u5993\u4e5f\u80fd\u516c\u958b \u9806\u4fbf\u5831\u500b\u660e\u724c"}, {"type": -1, "id": "david624", "content": ": \u6240\u4ee5\u97d3\u4e5f\u662f\u53bb\u5ad6\u5993\uff1f"}, {"type": 1, "id": "route22", "content": ": \u54c8\u54c8\u54c8 \u539f\u4f86\u97d3\u662f\u53bb.."}, {"type": 0, "id": "liudwan", "content": ": \u6240\u4ee5\u8aaa\u662f\u53bb.....\uff1f"}, {"type": 1, "id": "qooprincess", "content": ": \u771f\u7684\u662f\u81ea\u5a4aNO.1~~"}, {"type": 1, "id": "rock19981", "content": ": \u4e2d\u6642\u9019\u6a19\u984c\u6709\u597d\u7b11\u5230XD"}, {"type": 1, "id": "r83you", "content": ": \u5ad6\u5ba2\u548c\u8caa\u6c61\u72af\u7684\u5bb6\u65cf"}, {"type": -1, "id": "toty1101", "content": ": \u539f\u4f86\u53bb\u5ad6\u5993......"}, {"type": 1, "id": "alan5", "content": ": \u610f\u601d\u662f\u97d3\u53bb\u5ad6\u5993\u6240\u4ee5\u4e0d\u80fd\u516c\u958b?"}, {"type": 1, "id": "quatre00", "content": ": \u6240\u4ee5\u97d3\u7684\u4e0d\u516c\u958b\u884c\u7a0b\u5728\uff1f"}, {"type": 1, "id": "kendavid001", "content": ": \u7b11\u6b7b \u5a4a\u5230\u81ea\u5df1"}, {"type": -1, "id": "SkyReaching", "content": ": \u6240\u4ee5\u9019\u65b0\u805e\u6697\u6307\u97d3\u4e0d\u516c\u958b\u884c\u7a0b\u90fd\u662f\u53bb"}, {"type": 0, "id": "SkyReaching", "content": ": \u5ad6\u5993\uff1f"}, {"type": 0, "id": "mury1414", "content": ": \u539f\u4f86"}, {"type": 1, "id": "Charley2309", "content": ": \u539f\u4f86\u97d3\u53bb\u5ad6\u5993 \u8b1d\u8b1d\u4e2d\u6642"}, {"type": 1, "id": "aqsss", "content": ": \u8b1d\u8b1d\u6307\u4ea4"}, {"type": 1, "id": "phabit", "content": ": \u96e3\u602a\u97d3\u90fd\u90a3\u9ebc\u795e\u79d8"}, {"type": -1, "id": "dodo11060", "content": ": \u54c8\u54c8\u54c8\u54c8\u6240\u4ee5\u97d3\u5c0e\u662f\uff1f"}, {"type": 0, "id": "convey1227", "content": ": \u9673\u81f4\u4e2d \u5225\u626f\u5f8c\u817f\u79c0\u4e0b\u9650\u597d\u55ce \u4e0b\u53bb\uff5e"}, {"type": 1, "id": "photoshark", "content": ": \u6240\u4ee5\u5e02\u9577\u771f\u7684\u4e5f\u53bb\u6ce5\u53ef\u4e86\u55ce"}, {"type": 0, "id": "bread220", "content": ": \u54c8\u54c8\u54c8\u54c8\u54c8\u54c8\uff0c\u9019\u500b\u597d\u7b11"}, {"type": -1, "id": "happylinadog", "content": ": \u6240\u4ee5\u97d3\u570b\u9b5a\u4e0d\u516c\u958b\u662f\u5ad6\u5993\u884c\u7a0b\uff1f"}, {"type": 1, "id": "jimmy508", "content": ": \u6240\u4ee5\u97d3\u662f\u53bb\u5ad6\u5993\u5c31\u662f\u4e86\uff0c\u90a3\u4e0d\u8981\u516c\u958b\u554a"}, {"type": 1, "id": "coffee112", "content": ": \u81f4\u4e2d\u62db\u5fcc"}, {"type": -1, "id": "ritaw", "content": ": \u72d7\u5a92\u6b20\u5653 \u5e02\u9577\u884c\u7a0b\u4e0d\u80fd\u6aa2\u8a0e\uff1f\uff1f\uff1f\uff1f\u6c38\u9060\u53ea"}, {"type": 0, "id": "ritaw", "content": ": \u6703\u540c\u4e00\u5957"}, {"type": 1, "id": "anyu0805", "content": ": \u6211\u8a0e\u53ad\u97d3\uff0c\u4f46\u662f\u81f4\u4e2d\u4f60\u9084\u662f\u4f4e\u8abf\u4e00\u9ede\u597d\u55ce"}, {"type": 1, "id": "stu25936", "content": ": \u6240\u4ee5\u9019\u6a23\u55c6\u7684\u610f\u601d\u662f\u97d3\u4e5f\u53bb..\uff1f"}, {"type": 0, "id": "huyahome", "content": ": \u6211\u77e5\u9053\u97d3\u70ba\u4ec0\u9ebc\u90fd\u4e0d\u516c\u958b\u4e86"}, {"type": 1, "id": "f01237542", "content": ": \u610f\u601d\u662f\u97d3\u96b1\u5f62\u884c\u7a0b\u90fd\u662f\u5ad6\u5993\u55ce\uff1f \u6211\u6709\u6253"}, {"type": 0, "id": "f01237542", "content": ": \u554f\u865f\u5537"}, {"type": 1, "id": "lynnoo", "content": ": \u539f\u4f86\u5982\u6b64XD"}, {"type": 1, "id": "matt1991", "content": ": \u6240\u4ee5\u97d3\u7684\u884c\u7a0b\u90fd\u662f\u5ad6\u5993\u55ce\uff1f"}, {"type": 1, "id": "gunfighter", "content": ": \u8c6c\u968a\u53cb XD"}, {"type": 1, "id": "keepaflash", "content": ": \u4e2d\u6642\u4e0d\u610f\u5916\u6b38"}, {"type": 0, "id": "pitchone", "content": ": \u539f\u4f86\u5594\u65e9\u8aaa"}, {"type": 0, "id": "SupCat", "content": ": 1143\uff1a\u5e79\u6211\u4e5f\u60f3\u5ad6"}, {"type": 0, "id": "photoshark", "content": ": \u8b70\u54e1\u4e0d\u80fd\u95dc\u5fc3\u5e02\u9577\u884c\u7a0b\u5594\uff0c\u5e02\u6c11\u4e5f\u60f3\u77e5"}, {"type": 0, "id": "photoshark", "content": ": \u9053\u4ed6\u5230\u5e95\u6709\u6c92\u6709\u4e0a\u73ed\u554a"}, {"type": 1, "id": "stephenlin", "content": ": \u539f\u4f86\u97d3\u5e02\u9577\u662f\u53bb.......XD"}, {"type": 1, "id": "jokopa", "content": ": \u5c4e\u4e86\u8a18\u8005\u4e0d\u5c0f\u5fc3\u8aaa\u51fa\u5be6\u8a71\u4e86 \u679c\u7136\u5c0f\u6642\u4e0d\u8b80"}, {"type": 0, "id": "echoo", "content": ": \u5169\u500b\u4eba\u4e7e\u8106\u4e00\u8d77\u76f8\u62db\u53bb\u5ad6\u5993"}, {"type": 1, "id": "jerrylin", "content": ": \u6240\u4ee5\u97d3\u662f\u53bb\u5ad6\u5993\u4e0a\u9152\u5e97\u3107??"}, {"type": 0, "id": "jerrylin", "content": ": \u6279\u8a55\u7684\u8ddf\u53cd\u99c1\u7684\u90fd\u5f88\u597d\u7b11"}, {"type": 0, "id": "qwqwaas", "content": ": \u5ad6\u5993\u7684\u4e00\u76f4\u5728\u8ffd\u554f\u4eba\u5bb6\u884c\u7a0bXD"}, {"type": 1, "id": "reaturn", "content": ": \u539f\u4f86\u97d3\u7e3d\u662f\u53bb\u2026"}, {"type": 1, "id": "ok60116", "content": ": https://i.imgur.com/Aav462i.jpg"}, {"type": 1, "id": "taiyeon", "content": ": \u97d3\u7c89\u7d20\u8cea"}, {"type": 1, "id": "NICKSHOW", "content": ": \u539f\u4f86\u5e02\u9577\u7684\u884c\u7a0b....."}, {"type": 0, "id": "chiguang", "content": ": \u6240\u4ee5\u4ed6\u5011\u662f\u6307\u97d3\u570b\u745c\u6c92\u516c\u958b\u90fd\u662f\u5728\u5ad6\u5993\uff1f"}, {"type": 1, "id": "lucy3352118", "content": ": \u6240\u4ee5\u97d3\u662f\u53bb...?"}, {"type": 1, "id": "wahas020", "content": ": \u6240\u4ee5\u662f\u53bb\u5ad6\u5993    \uff1f"}, {"type": 1, "id": "gamble777", "content": ": \u539f\u4f86\u5e02\u9577\u4e0d\u516c\u958b\u7684\u884c\u7a0b\u90fd\u662f\u53bb\u5ad6"}, {"type": 1, "id": "qwejoezxc33", "content": ": \u97d3\u570b\u745c\u5ad6\u5993\u8981\u4e0d\u8981\u516c\u958b\u900f\u660e"}, {"type": -1, "id": "auxiliary11", "content": ": \u9084\u662f\u8caa\u6c61\u72af\u7684\u5973\u5a7f\u6bd4\u8f03\u53b2\u5bb3"}, {"type": 1, "id": "silentence", "content": ": \u6240\u4ee5\u662f\u5728\u55c6\u97d3\u53bb\u2026\u2026\u8c6c\u968a\u53cb\u97d3\u7c89"}, {"type": 1, "id": "ajie128", "content": ": \u97d3\u7c89\u7684\u610f\u601d\u662f\u97d3\u5c0e\u53bb\u5ad6\u5993\uff01\uff01\uff1f"}, {"type": 0, "id": "silentence", "content": ": \u5230\u5e95\u77e5\u9053\u81ea\u5df1\u5728\u55c6\u5565\uff1f\u5475\u5475"}, {"type": 1, "id": "ssccot", "content": ": \u610f\u601d\u662f\u97d3\u5c0e\u4e5f\u662f\u53bb\u5ad6...?"}, {"type": 1, "id": "jenhaoliao", "content": ": \u539f\u4f86\u97d3\u662f \u53bb\u5ad6\u5993\u554a"}, {"type": 0, "id": "jenhaoliao", "content": ": \u5169\u500b\u5ad6\u5993\u5496 ... \u8981\u4e0d\u8981\u7d50\u62dc"}, {"type": 0, "id": "jenhaoliao", "content": ": \u5ad6\u5993\u9084\u9019\u9ebc\u9ad8\u8abf"}, {"type": -1, "id": "edwin11017", "content": ": \u5ad6\u5993\u884c\u7a0b\u78ba\u5be6\u4e0d\u5b9c\u516c\u958b \u6240\u4ee5\u97d3\u5c0e\u4f60\u4e0d"}, {"type": 1, "id": "jackyuki1", "content": ": \u539f\u4f86\u5e02\u9577\u90fd...."}, {"type": 1, "id": "coaka", "content": ": \u539f\u4f86\u662f\u53bb\u5ad6\u5993"}, {"type": 0, "id": "edwin11017", "content": ": \u5b9c\u6545\u958b\u7684\u96b1\u5f62\u884c\u7a0b\u662f\uff1f\uff1f\uff1f"}, {"type": 0, "id": "cityhunter04", "content": ": \u97d3\u7c89\u610f\u601d\u662f\u8aaa\uff0c\u97d3\u7e3d\u7684\u96b1\u5f62\u884c\u7a0b\u90fd\u662f"}, {"type": 0, "id": "kashiwasan", "content": ": \u9019\u500b\u985e\u6bd4\u2026 \u602a\u602a\u7684XD"}, {"type": 0, "id": "cityhunter04", "content": ": \u53bb\u5ad6\u5993\uff1f"}, {"type": 0, "id": "baddad", "content": ": \u6240\u4ee5\u97d3\u53bb\u5ad6\u5993 \uff1f"}, {"type": 0, "id": "jackyuki1", "content": ": \u6703\u4e0d\u6703 2\u500b\u4eba\u5176\u5be6\u4e00\u8d77\u53bb....."}, {"type": 1, "id": "imsphzzz", "content": ": \u5e79\u7b11\u6b7b"}, {"type": 0, "id": "Nishikino252", "content": ": \u6240\u4ee5\u97d3\u53bb\u5ad6\u5993XDDD"}, {"type": 1, "id": "kkk1234", "content": ": Creaper"}, {"type": -1, "id": "vm06wl", "content": ": \u81f4\u4e2d\u53ef\u80fd\u662f\u60f3\u8868\u793a\u97d3\u5c0e\u5ad6\u5993\u4e0d\u63ea\u5566"}, {"type": 1, "id": "Sentimental", "content": ": \u6240\u4ee5\u97d3\u53bb\u5ad6\u5993\u554a \u5408\u7406"}, {"type": 1, "id": "sole772pk37", "content": ": \u54c8\u54c8\u54c8"}, {"type": 0, "id": "ararar", "content": ": XD"}, {"type": -1, "id": "chungj", "content": ": \u9019\u4e2d\u6642\u8a18\u8005\u4e0d\u884c\u5566 \u8981\u53eb\u738b\u724c\u51fa\u4f86\u5beb"}, {"type": 1, "id": "st89702", "content": ": \u6240\u4ee5\u97d3\u6c92\u516c\u958b\u7684\u4e5f\u662f\u5ad6\u5993\uff1f"}, {"type": -1, "id": "s125030", "content": ": \u7684\u78ba"}, {"type": 0, "id": "emohann", "content": ": \u5169\u500b\u90fd\u662f\u5ad6\u5993\u6709\u4ec0\u9ebc\u597d\u5435\u4e0d\u61c2\uff1f"}, {"type": 0, "id": "c68111c", "content": ": \u7b11\u6b7b"}, {"type": 0, "id": "coolorphen", "content": ": \u97d3\u7e3d\u4e0a\u9152\u5bb6\u5ff5\u5fc3\u7d93\u6709\u516c\u5e03\u55ce"}, {"type": 1, "id": "iamch", "content": ": \u539f\u4f86\u662f\u53bb\u5ad6\u5993\u554a\uff01"}, {"type": -1, "id": "bibiwei", "content": ": \u539f\u4f86\u97d3\u7684\u5c64\u7d1a\u8ddf\u5e73\u6c11\u5ad6\u5993\u540c\u7b49\u7d1a\uff01"}, {"type": 1, "id": "ray081411", "content": ": \u7b11\u6b7b"}, {"type": 0, "id": "SantaNM", "content": ": \u539f\u4f86\u97d3\u53bb\u5ad6\u5993\u4e86\uff08\u7b46\u8a18\uff09"}, {"type": 1, "id": "srxteam0935", "content": ": \u61c2\u4e86\uff0c\u97d3\u5728\u4f5c\u8ddf\u5ad6\u5993\u6c92\u5169\u6a23\u7684\u4e8b\uff0c\u55ef"}, {"type": 1, "id": "legendrl", "content": ": \u6240\u4ee5\u97d3\u5c0e\u662f\u53bb\u82b1\u5929\u9152\u5730\uff0c\u6240\u4ee5\u4e0d\u516c\u958b\uff1f"}, {"type": 0, "id": "flare5566", "content": ": \u4e2d\u6642"}, {"type": 0, "id": "myrna0301", "content": ": \u6240\u4ee5\u97d3\u5e02\u9577\u4e5f...\uff1f"}, {"type": 0, "id": "nicayoung", "content": ": \u652f\u6301\u53ea\u8981\u662f\u5ad6\u5993\u5c31\u4e0d\u7528\u516c\u958b"}, {"type": -1, "id": "ERiC0308QQ", "content": ": \u5783\u573e\u4e2d\u5c4e"}, {"type": 1, "id": "ptt80357", "content": ": \u53cd\u5c04\u6253\u5230\u81ea\u5df1\u60f9"}, {"type": 1, "id": "jarmart1995", "content": ": \u5443 \u5982\u679c\u97d3\u4e5f\u6709\u7684\u8a71\u6211\u53ef\u4ee5\u5c0a\u91cd\u4ed6\u4e0d\u7528"}, {"type": 0, "id": "jarmart1995", "content": ": \u516c\u958b"}, {"type": 1, "id": "uni19ball", "content": ": \u4e00\u6b21\u7f75\u5169\u4eba\uff0c\u9019\u62db\u8b9a\uff01"}, {"type": 1, "id": "attitudium", "content": ": \u97d3\u5c0e\u5feb\u770b \u600e\u9ebc\u5927\u5bb6\u90fd\u8aaa\u4f60\u53bb\u5ad6\u5993\uff1f\uff01"}, {"type": 1, "id": "dkramses", "content": ": XDDDDDD"}, {"type": 0, "id": "cs85001", "content": ": \u4e2d\u56fd\u65f6\u62a5\u5f71\u5c04\u97d3\u5e02\u9577....?"}, {"type": 1, "id": "fhsh115", "content": ": \u9019\u8a18\u8005\u662f\u4e0d\u662f\u8c6c\u968a\u53cb"}, {"type": 1, "id": "MagicAustin", "content": ": XD \u65fa\u4e2d\u653e\u68c4\u97d3\u5012\u4e86\uff1f"}, {"type": 1, "id": "feliz5566", "content": ":     \u771f\u7684\u662f\u6cd5\u9662\u8a8d\u8b49\u7684\u5ad6\u5993 \u8d85\u597d\u7b11"}, {"type": -1, "id": "will331", "content": ": \u6c92\u72af\u6cd5\u5e79\u561b\u6015"}, {"type": 1, "id": "usaku", "content": ": \u9673\u5ad6\u5993\u6642\u6709\u7576\u5b98\u55ce"}, {"type": 0, "id": "usaku", "content": ": \u4f46\u97d3\u5462"}, {"type": -1, "id": "charlie83", "content": ": XXXDDD"}, {"type": 1, "id": "terrsa0829", "content": ": \u8aaa\u7684\u6c92\u932f \u53bb\u5ad6\u5993\u5e79\u561b\u516c\u958b \u97d3\u7e3d\u5225\u7406\u4ed6"}, {"type": 1, "id": "david1024", "content": ": \u4ed6\u5ad6\u5993\u662f\u8b70\u54e1\u55ce\uff1f\u6709\u6bdb\u75c5"}, {"type": 1, "id": "BS1017", "content": ": \u8b70\u54e1\u6c92\u8cc7\u683c\u8aaa\u5634\u5e02\u9577\uff0c\u90a3\u8acb\u554f\u8ab0\u53ef\u4ee5\u8aaa\uff1f"}, {"type": -1, "id": "SELEX", "content": ": \u6240\u4ee5\u97d3\u5c0e\u4e5f\u662f\u53bb\u5317\u5ad6\uff1f"}, {"type": 0, "id": "hat13201", "content": ": \u4e0d\u8981\u51fa\u8072\u4e56\u4e56\u7684\u770b\u6232\u4e0d\u662f\u5f88\u597dXD \u786c\u8981\u628a\u81c9"}, {"type": 0, "id": "hat13201", "content": ": \u4f38\u51fa\u4f86\u7d66\u4eba\u5bb6%%%%%"}, {"type": 1, "id": "beariscut", "content": ": \u81ea\u7206XDDDD"}, {"type": 1, "id": "king0052", "content": ": \u5e2b\u723a\u4f60\u7d66\u7ffb\u8b6f\u7ffb\u8b6f"}, {"type": -1, "id": "brefey", "content": ": \u5783\u573e\u5831"}, {"type": 1, "id": "j900414", "content": ": \u4e00\u53e5\u8a71\u55c6\u5169\u500b\u4eba"}, {"type": 0, "id": "nakomone", "content": ": \u6240\u4ee5\u97d3\u884c\u7a0b\u662f\u53bb\u5ad6\u5993\u554a"}, {"type": 1, "id": "billionaire", "content": ": \u539f\u4f86\u662f\u53bb\u5ad6"}, {"type": 1, "id": "girld", "content": ": \u5c31"}, {"type": 0, "id": "cheng31507", "content": ": ......\uff1f"}, {"type": -1, "id": "a02010", "content": ": \u539f\u4f86\u97d3\u96b1\u85cf\u7684\u884c\u7a0b\u662f\u5ad6\u5993\uff1f"}, {"type": 1, "id": "bloodartanis", "content": ": \u539f\u4f86\u97d3\u662f\u53bb\u5ad6\u5993\u554a"}, {"type": 0, "id": "Cezaill", "content": ": \u9019\u597d\u597d\u7b11XD"}, {"type": -1, "id": "Transfat", "content": ": \u4e2d\u5c4e"}, {"type": 1, "id": "jayfeng", "content": ": \u8a00\u4e0b\u4e4b\u610f\u662f\u97d3\u570b\u9b5a\u53bb\uff1f"}, {"type": 1, "id": "magic999", "content": ": \u9019\u4e9b\u7db2\u53cb\u610f\u601d\u662f\u6307\u5e02\u9577\u5ad6\u5993\uff1f"}, {"type": -1, "id": "et11117", "content": ": \u4e2d\u6642\u4e0d\u8981\u5077\u9178\u97d3"}, {"type": 1, "id": "iceteeth", "content": ": \u6240\u4ee5\u4f60\u7684\u610f\u601d\u662f \u97d3\u53bb\u5ad6\u5993\uff1f"}, {"type": 0, "id": "iceteeth", "content": ": \u9019\u7684\u662f\u8c6c\u968a\u53cb \u54c8\u54c8"}, {"type": -1, "id": "ppikachoutw", "content": ": \u4e2d\u570b\u72d7\u5831"}, {"type": 0, "id": "pppeeeppp", "content": ": \u8b1d\u8b1d\u4e2d\u6642 \u8981\u52aa\u529b\u7dad\u6301\u97d3\u5929\u53f0\u5730\u4f4d"}, {"type": 0, "id": "pppeeeppp", "content": ": \u53ea\u8981\u4e2d\u6642\u9084\u5728\u6367\u97d3 \u6211\u5c31\u5b89\u5fc3\u591a\u4e86"}, {"type": 1, "id": "ethan30213", "content": ": \u61c2\u4e86"}, {"type": 1, "id": "creep92593", "content": ": \u6211\u89aa\u773c\u770b\u5230\u4ed6\u9032\u5993\u9662\uff5e\uff5e(\u963f\u767c\u5cb3\u7236"}, {"type": 0, "id": "iamhemry", "content": ": \u795e\u985e\u6bd4"}, {"type": 0, "id": "oiolo", "content": ": \u4e0d\u6127\u662f\u72d7\u5831 \u5641\u5fc3\u6210\u9019\u6a23\u2026"}, {"type": 1, "id": "fcz973", "content": ": \u5993\u4e2d\u62dc\u8a17\u516c\u958b\uff0c\u6c42\u4e0a\u8eca"}, {"type": 1, "id": "wesleywesley", "content": ": \u539f\u4f86\u662f\u53bb\u5ad6\u5993XD \u5931\u79ae\u5931\u79ae"}, {"type": 1, "id": "zi62007", "content": ": \u9673\u81f4\u4e2d\u4e0d\u8981\u4e1f\u4eba\u73fe\u773c"}, {"type": 1, "id": "xinyuxiao", "content": ": \u6703\u5ad6\u7684\u4eba484\u90fd\u4e0d\u6562\u5634\u4ed6"}, {"type": 1, "id": "ZIQQ001", "content": ": \u6240\u4ee5\u97d3\u4e5f\u53bb\u5ad6"}, {"type": 1, "id": "PCC2003", "content": ": \u539f\u4f86\u53bb\u5ad6\u5993\u554a"}, {"type": 1, "id": "snoopyconnie", "content": ": \u54c8\u54c8"}, {"type": 1, "id": "owen3", "content": ": \u4ec0\u9ebc\u5ad6\u5993 \u4eba\u5bb6\u662f\u53bb\u62b1\u5973\u4eba"}, {"type": 1, "id": "kaook", "content": ": \u539f\u4f86\u5982\u6b64"}, {"type": 1, "id": "flyslam", "content": ": \u7db2\u53cb\u8d85\u9760\u5317XDDD"}, {"type": -1, "id": "joseph4229", "content": ": \u8a18\u8005\u600e\u9ebc\u80fd\u767d\u7661\u6210\u9019\u6a23"}, {"type": 0, "id": "xmoonlight", "content": ": \u539f\u4f86\u5982\u6b64"}, {"type": 1, "id": "vltw5v", "content": ": \u539f\u4f86\u97d3\u90fd\u662f\u53bb__\uff0c\u96e3\u602a\u4e0d\u516c\u958b"}, {"type": -1, "id": "ChiChiGo", "content": ": \u6240\u4ee5\u539f\u4f86\u542b\u5012\u4e5f\u662f\u53bb\u5ad6\u55ce\uff1f"}, {"type": 0, "id": "st505", "content": ": \u4ed6\u4e0d\u662f\u5e02\u9577\u516c\u958b\u4f60\u8981\u77e5\u9053\u55ce"}, {"type": -1, "id": "leo9827", "content": ": \u600e\u9ebc\u4e0d\u662f\u5b50\u7444\uff1f"}, {"type": 1, "id": "apollon0990", "content": ": \u96e3\u602a\u97d3\u4e2d\u5348\u624d\u4e0a\u73ed \u539f\u4f86\u5982\u6b64\u554a"}, {"type": 1, "id": "TreeNewBee", "content": ":  \u4ed6\u80fd\u9023\u4efb \u96e3\u602a\u67d0\u4e9b\u9078\u5340\u653e\u897f\u74dc\u90fd\u9078\u5f97"}, {"type": 1, "id": "imhideji", "content": ": \u539f\u4f86\u662f\u53bb\u5ad6\u5993\u5594\uff1f"}, {"type": 1, "id": "mqAUhz", "content": ": \u8aa0\u646f\u7d42\u62db\u5ac9"}, {"type": 1, "id": "ArNan", "content": ": \u61a8\u7c89\u8a8d\u8b49"}, {"type": 1, "id": "MidoBanA", "content": ": XDDD"}, {"type": 1, "id": "hawklol", "content": ": \u7b49\u7b49 \u4e2d\u6642\u8a8d\u8b49\u97d3\u53bb\u5ad6\u5993\uff1f"}, {"type": 1, "id": "GoaCorolla", "content": ": \u6240\u4ee5\u795e\u96b1\u5c31\u662f\u53bb\u5ad6\u5993\u554a\uff1f\u73a9\u5b8c\u4e0d\u4ed8\u9322\uff1f"}, {"type": 1, "id": "Vincent233", "content": ": \u5e79 \u9019\u7fa4\u4eba\u5230\u5e95\u5728\u5e6b\u8ab0 \u54c8\u54c8\u54c8\u54c8"}, {"type": 1, "id": "demonhom", "content": ": \u7576\u4e8b\u4eba\u4e5f\u5ad6\u55ce\uff1f \u54c8\u54c8\u54c8"}, {"type": -1, "id": "bluerinoa", "content": ": \u539f\u4f86\u97d3\u5c0e\u90fd\u53bb\u5ad6\u554a\uff1f"}, {"type": 1, "id": "TAKIHERO", "content": ": \u4e0d\u516c\u958b\u539f\u4f86\u662f\u53bb\u5ad6\u554a"}, {"type": 0, "id": "error123", "content": ": \u4e2d\u6642\u662f\u5728\u8209\u7403\u7d66\u4eba\u6bba\uff1f"}, {"type": 1, "id": "xsexyx", "content": ": \u6709\u9ede\u53ef\u6190 \u4e00\u6b21\u5ad6\u5993\u88ab\u9738\u51cc\u4e00\u751f"}, {"type": 1, "id": "brokeback", "content": ": \u9019\u500b\u8a18\u8005\u4e0d\u662f\u908f\u8f2f\u4e0d\u597d\u5c31\u662f\u81e5\u5e95"}, {"type": 0, "id": "LarryKu", "content": ": \u5ad6\u5993\u662f\u597d\u7684\u4f60\u60c5\u6211\u9858\uff0c\u4f46\u5e02\u9577\u4e0d\u516c\u958b\u884c\u7a0b"}, {"type": 0, "id": "LarryKu", "content": ": \u8aaa\u4e0d\u904e\u53bb"}, {"type": 1, "id": "a5413eric", "content": ": \u6240\u4ee5\u539f\u4f86\u53bb\u5ad6\u5993\u55ce....."}, {"type": 0, "id": "a5413eric", "content": ": \u9019\u8a18\u8005\u5167\u5978\u5427"}, {"type": 1, "id": "ndtoseooqd", "content": ": \u6240\u4ee5\u97d3\u53bb\u5ad6\u5993\uff1f"}, {"type": -1, "id": "jageillolin", "content": ": \u8001\u7238\u8caa\u6c59\u5152\u5b50\u5ad6\u5993\uff0c\u7d50\u679c\u9084\u80fd\u7576\u9078\uff0c\u770b"}, {"type": 0, "id": "jageillolin", "content": ": \u4f86\u6f14\u85dd\u5708\u8ddf\u653f\u6cbb\u5708\u90fd\u5dee\u4e0d\u591a"}, {"type": 0, "id": "hope0963", "content": ": \u6240\u4ee5\u97d3\u570b\u745c\u6bcf\u5929\u90fd\u5ad6\u5993?"}, {"type": 1, "id": "peihome", "content": ": \u5927\u5bb6\u90fd\u662f\u8001\u53f8\u6a5f\uff0c\u81f4\u4e2d\u975e\u8981\u9ede\u7834"}, {"type": 1, "id": "wowww", "content": ": \u5c3c\u53ef\u4e2d"}, {"type": -1, "id": "smpian", "content": ": \u97d3\u7c89\u771f\u7684\u662f\u667a\u969c"}, {"type": 1, "id": "fatfinger2", "content": ": \u5594\u5594\u6240\u4ee5\u97d3\u570b\u745c\u662f\u53bb\u5ad6\u5993\u5594 \u9019\u500b\u908f\u8f2f"}, {"type": 0, "id": "fatfinger2", "content": ": \u5f88\u8b9a"}, {"type": -1, "id": "mtdas", "content": ": \u5594 \u4e2d\u6642"}, {"type": 1, "id": "johnny010111", "content": ": \u7b11\u6b7b \u597d\u591a\u4eba\u5d29\u6f70\u751f\u6c23"}, {"type": 0, "id": "gwenwoo", "content": ":  \u8349\u5305\u7121\u6575/\u7fd2\u4e0b\u97d3\u4e0a/\u97d3\u7c89\u9ad8\u6f6e/\u975e\u97d3\u4e0d\u6295"}, {"type": 1, "id": "m4tl6", "content": ": \u539f\u4f86\u97d3\u662f\u53bb\u5ad6\u5993\u554a?"}, {"type": 1, "id": "hit0123", "content": ": \u539f\u4f86\u5169\u4f4d\u662f\u540c\u9053\u4e2d\u4eba XD"}, {"type": 1, "id": "gunya", "content": ": \u6240\u4ee5\u662f\u53bb\u5ad6\u5993\uff1f"}, {"type": 1, "id": "k5a", "content": ": \u672c\u662f\u540c\u9053\u4e2d\u4eba \u81f4\u4e2d\u9019\u6a23\u4e0d\u4ed7\u7fa9\u554a"}, {"type": 1, "id": "amberini", "content": ": \u5783\u573e\u4e0d\u5206\u85cd\u7da0"}, {"type": 1, "id": "funnyrain", "content": ": \u6240\u4ee5\u97d3\u5c0e\u662f\u53bb?"}, {"type": 1, "id": "SmithLi", "content": ": \u5e79 \u53cd\u6253\u4e00\u6ce2"}, {"type": 0, "id": "nzj", "content": ": \u908f\u8f2f\u4e0d\u592a\u597d"}, {"type": 0, "id": "charles20267", "content": ": \u62ff\u5e02\u8b70\u54e1\u8ddf\u5730\u65b9\u9996\u9577\u5c0d\u6bd4\u5475\u5475"}, {"type": -1, "id": "CY40", "content": ": \u9760\u5317\uff0c\u97d3\u53ca\u72d7\u5831\u8d8a\u63cf\u8d8a\u9ed1\u60f9"}, {"type": 1, "id": "BigDick56", "content": ": \u6240\u4ee5\u97d3\u53bb\uff1f"}, {"type": 1, "id": "a989876", "content": ": \u8aa0\u646f\u7d42\u62db\u5fcc\uff0c\u4ed6\u53bb\u5ad6\u5993\u7684\u6642\u5019\u662f\u5b98\u54e1\u55ce\uff1f"}, {"type": 0, "id": "tkuewaiting", "content": ": \u6240\u4ee5\u4e0d\u516c\u958b\u884c\u7a0b\u90fd\u662f\u53bb\u5ad6\uff1f"}, {"type": 1, "id": "fashionvino", "content": ": \u539f\u4f86\u97d3\u7684\u96b1\u5f62\u884c\u7a0b\u90fd\u53bb\u5ad6\u5993 \u96e3\u602a\u9673\u5b8f"}, {"type": 0, "id": "fashionvino", "content": ": \u660c\u6703\u8b70\u8aaa\u97d3\u570b\u745c\u6703\u62b1\u5973\u4eba"}, {"type": -1, "id": "mudee", "content": ": \u97d3\u7c89\u8166\u888b\u662f\u4e0d\u662f\u6709\u554f\u984c\u3002"}, {"type": 1, "id": "adminc", "content": ": \u5f97\u5152\u9686\u549a\u5ad6\u4e00\u5ad6,\u5f97\u5152\u9686\u549a\u5ad6\u4e00\u5ad6\u5f97\u5152\u9686\u549a\u5ad6"}, {"type": 1, "id": "riddlevii", "content": ": \u6240\u4ee5\u97d3\u4e5f\u662f\u53bb\u5ad6\uff1f"}, {"type": 1, "id": "vickyshan", "content": ": \u8aaa\u4e0d\u5b9a\u5169\u500b\u4eba\u6709\u5171\u901a\u59b9\u5b50=.=???"}, {"type": -1, "id": "jjomj666", "content": ": \u4f60\u5011\u5ad6\u5993\u90fd\u4e0d\u516c\u958b \u7406\u89e3"}, {"type": 0, "id": "nptrj", "content": ": \u59ae\u53ef\u8acb\u8ddf\u6211\u806f\u7d61\uff0c\u6211\u627e\u4f60\u597d\u4e45\u4e86"}, {"type": -1, "id": "MW1220", "content": ": \u652f\u90a3\u8ce4\u755c\u7684\u7db2\u8ecd\u771f\u591a\u554a"}, {"type": 1, "id": "GustavSo", "content": ": \u54c8\u54c8\uff0c\u539f\u4f86\u97d3\u4e0d\u6562\u516c\u958b\u90fd\u662f\u53bb\u5ad6\u5993\uff1f"}, {"type": -1, "id": "jenqhau", "content": ": \u539f\u4f86\u97d3\u662f\u53bb\u5ad6\u5993\uff1f"}, {"type": -1, "id": "minimylove", "content": ": \u652f\u755c\u72d7\u5831\uff0c\u6eef\u53f0\u652f\u755c\u8ce4\u7a2e\u770b\u5230\u90fd\u9ad8\u6f6e\u63a8"}, {"type": 0, "id": "minimylove", "content": ": \u8d77\u98a8\u56c9\uff01\uff1f"}, {"type": 0, "id": "artpower", "content": ": \u4eba\u5bb6\u6c92\u5ad6\u5993 \u597d\u55ce?"}], "post_ip": "150.117.72.101", "post_content": "\n1.\u5a92\u9ad4\u4f86\u6e90: \u4e2d\u6642\u96fb\u5b50\u6642\u5831\n\n\n2.\u8a18\u8005\u7f72\u540d: \u9673\u5f18\u7f8e\n\n\n3.\u5b8c\u6574\u65b0\u805e\u6a19\u984c:\n\n\u9673\u81f4\u4e2d\u6279\u97d3\u96b1\u5f62\u884c\u7a0b \u7db2\u8f5f\uff1a\u4f60\u5ad6\u5993\u6709\u516c\u958b\uff1f\n\n\n4.\u5b8c\u6574\u65b0\u805e\u5167\u6587:\n\n\u9ad8\u96c4\u5e02\u6c11\u9032\u9ee8\u5e02\u8b70\u54e1\u9673\u81f4\u4e2d\u8a08\u7b97\u9ad8\u96c4\u5e02\u9577\u97d3\u570b\u745c\u7684\u5e02\u653f\u51fa\u52e4\u8cc7\u6599\uff0c19\u65e5\u4e0b\u5348\u767c\u6587\u75db\u6279\u97d3\u570b\n\u745c\u4e0a\u4efb\u8fc4\u4eca\u3001\u5e73\u5747\u4e00\u5929\u8dd1\u4e0d\u5230\u4e00\u500b\u884c\u7a0b\uff0c\u6020\u5ffd\u8077\u5b88\u3002\u65b0\u805e\u5c40\u53cd\u64ca\uff0c\u9673\u81f4\u4e2d\u662f\u62ff\u932f\u8aa4\u7684\u70cf\u9f8d\n\u6578\u5b57\u4f86\u8aaa\u5634\uff0c\u5e02\u9577\u5be6\u969b\u51fa\u52e4\u7387\u5927\u65bc\u9673\u516c\u5e03\u7684\u597d\u5e7e\u500d\u3002\u4e0d\u904e\uff0c\u9673\u7a0d\u665a\u53c8\u5728\u81c9\u66f8\u767c\u5e03\u7832\u8f5f\u65b0\u805e\n\u5c40\u6df7\u6dc6\u8996\u807d\uff0c\u6709\u4e9b\u884c\u7a0b\u662f\u96b1\u5f62\u884c\u7a0b\uff0c\u7121\u4e2d\u751f\u6709\u3002\u6c92\u60f3\u5230\u906d\u7db2\u6012\u8f5f\uff0c\u8b70\u54e1\u884c\u7a0b\u4e0d\u5c31\u662f\u5a5a\u55aa\u559c\n\u6176\uff0c\u53ef\u80fd\u81f4\u4e2d\u884c\u7a0b\u5916\u52a0\u5ad6\u5993\uff01\n\n\n\u9673\u81f4\u4e2d\u6628\u8a08\u7b97\u97d3\u570b\u745c\u7684\u5e02\u653f\u51fa\u52e4\u8cc7\u6599\uff0c19\u65e5\u65bc\u81c9\u66f8\u767c\u6587\u8868\u793a\uff0c\u79c9\u6301\u5be6\u4e8b\u6c42\u662f\u7684\u7cbe\u795e\uff0c\u5718\u968a\n12\u65e5\u884c\u6587\u7d66\u5e02\u5e9c\u3001\u8abf\u95b1\u97d3\u570b\u745c\u5c31\u8077\u4ee5\u4f86\u6240\u6709\u7684\u5e02\u653f\u884c\u7a0b\uff0c14\u65e5\u6536\u5230\u65b0\u805e\u5c40\u5217\u8868\u56de\u8986\u3002\u5718\u968a\n\u5206\u6790\u5f8c\u767c\u73fe\uff0c\u5f9e\u53bb\u5e7412\u670825\u65e5\u7b97\u8d77\uff0c\u622a\u81f38\u670813\u65e5\u6b62\uff0c\u97d3\u570b\u745c\u50c5\u8dd1196\u500b\u516c\u958b\u884c\u7a0b\uff0c\u5e73\u5747\u4e00\n\u5929\u4e0d\u5230\u4e00\u500b\u884c\u7a0b\u3002\u82e5\u9032\u4e00\u6b65\u6263\u9664\u300c\u5e9c\u5167\u63a5\u898b\u3001\u5ba4\u5167\u6703\u8b70\u3001\u8a18\u8005\u6703\u300d\u7b49\u6d3b\u52d5\uff0c\u53ea\u5269\u4e0b78\u500b\u884c\n\u7a0b\uff0c\u5e73\u5747\u4e09\u5929\u624d\u8dd1\u4e00\u500b\u884c\u7a0b\uff0c\u9673\u81f4\u4e2d\u75db\u6279\u97d3\u570b\u745c\u300c\u9b3c\u6df7\u300d\uff0c\u9084\u4ee5\u81ea\u5df1\u505a\u6bd4\u8f03\uff0c\u8072\u7a31\u57fa\u5c64\u6c11\n\u4ee3\u4e00\u5929\u8dd1\u5341\u5e7e\u500b\u884c\u7a0b\u5f88\u6b63\u5e38\u3002\n\n\n\u5c0d\u6b64\uff0c\u65b0\u805e\u5c40\u767c\u6587\u6f84\u6e05\uff0c\u9673\u81f4\u4e2d\u884c\u6587\u8abf\u95b1\u7684\uff0c\u662f\u97d3\u570b\u745c\u7684\u8996\u5bdf\u53c3\u8a2a\u884c\u7a0b\uff0c\u4e26\u975e\u6240\u6709\u5c0d\u5916\u6240\n\u6709\u884c\u7a0b\uff0c\u9084\u6709\u8a31\u591a\u6703\u8b70\u3001\u53d7\u9080\u53c3\u52a0\u6d3b\u52d5\u3001\u4f86\u8cd3\u62dc\u6703\u7b49\u6d3b\u52d5\u7686\u672a\u5217\u5165\u3002\u65b0\u805e\u5c40\u8acb\u9673\u81f4\u4e2d\u4e86\u89e3\n\u884c\u7a0b\u5167\u5bb9\uff0c\u907f\u514d\u7522\u751f\u4e0d\u5fc5\u8981\u7684\u8aa4\u6703\u3002\u9762\u5c0d\u65b0\u805e\u5c40\u53cd\u99c1\uff0c\u9673\u81f4\u4e2d\u53cd\u6279\uff0c\u90a3\u5c31\u8acb\u65b0\u805e\u5c40\u8d95\u5feb\u516c\n\u5e03\uff0c\u9023\u5a92\u9ad4\u90fd\u4e0d\u77e5\u9053\u7684\uff0c\u4f46\u537b\u662f\u597d\u5e7e\u500d\u7684\u516c\u958b\u7684\u884c\u7a0b\u3002\n\n\u5c0d\u65bc\u9673\u81f4\u4e2d\u7684\u56de\u61c9\uff0c\u5f97\u77e5\u6d88\u606f\u7684\u7db2\u53cb\u8868\u793a\uff0c\u300c\u8caa\u6c5a\u72af\u7684\u5152\u5b50\u9589\u4e0a\u4f60\u7684\u5634\uff0c\u6ca1\u4eba\u7576\u4f60\u662f\u555e\u5df4\n\u300d\u3001\u300c\u8b70\u54e1\u884c\u7a0b\u4e0d\u5c31\u662f\u5a5a\u55aa\u559c\u6176\uff0c\u5993\u4e2d\u884c\u7a0b\u5916\u52a0\u5ad6\u5993\u300d\u3001\u300c\u6bcf\u5929\u65b0\u805e\u90fd\u6709\u97d3\u5e02\u9577\u884c\u7a0b\u7684\u5831\n\u5c0e\u548c\u806f\u8a2a \u9019\u9ebc\u9435\u7684\u4e8b\u5be6 \u6bcb\u9700\u722d\u8faf\u4e86 \u770b\u770b\u6c11\u9032\u9ee8\u6975\u76e1\u624b\u6bb5\u96de\u86cb\u88e1\u6311\u9aa8\u982d \u53ef\u60dc\u5f88\u5c11\u628a\u8077\u8cac\n\u653e\u5728\u5e02\u653f\u4e0a\u4e0d\u662f\u7a31\u8077\u7684\u6c11\u4ee3\u4e0b\u6b21\u6c70\u9664\u300d\uff01\n\n(\u4e2d\u6642\u96fb\u5b50\u5831)\n\n\n5.\u5b8c\u6574\u65b0\u805e\u9023\u7d50 (\u6216\u77ed\u7db2\u5740):\nhttps://www.chinatimes.com/realtimenews/20190820000964-260407\n\n\n6.\u5099\u8a3b: \u6240\u4ee5\u4ec0\u9ebc\u6642\u5019\u516c\u5e03\u5ad6\u5993\u884c\u7a0b\uff1f\n\n--\n"}