{"ptt_id": "jenchunyang", "post_url": "https://www.ptt.cc/bbs/Gossiping/M.1566090239.A.CB0.html", "post_type": "\u554f\u5366", "post_title": "\u6d77\u908a\u5c45\u7136\u6c92\u59b9\u5b50", "post_time": "2019-08-18 09:03:57", "post_score": 4, "post_pushes": [{"type": 0, "id": "boulard", "content": ": \u88f8\u6cf3"}, {"type": 1, "id": "johnwu", "content": ": \u7167\u7247\u88e1\u660e\u660e\u5c31\u6709\u4e00\u5806"}, {"type": 1, "id": "C13H16ClNO", "content": ": \u5148\u5c0d\u5927\u6d77\u54ed\u558a\u4e00\u6ce2  \u7136\u5f8c\u8d70\u9032\u5979\u7684\u61f7\u62b1"}, {"type": 0, "id": "AustinRivers", "content": ": \u6c99\u7058\u4e0a\u5f88\u591a\u554a \u6211\u89ba\u5f97\u90a3\u500b\u767d\u8272\u6bd4\u57fa"}, {"type": 0, "id": "AustinRivers", "content": ": \u5c3c\u4e0d\u932f"}, {"type": 0, "id": "flux", "content": ": \u4f60\u6c92\u770b\u5230??"}, {"type": -1, "id": "railman", "content": ": \u53f0\u5973\u7684\u8170  \u666e\u904d\u4e09\u5c64\u8089  \u4e0d\u6562\u898b\u4eba"}, {"type": 1, "id": "BaDoYao", "content": ": \u5f88\u591a\u597d\u4e0d\u597d\uff0c\u4f46\u662f\u53f3\u908a\u90a3\u500b\u600e\u6c92\u770b\u5230\u982d\uff1f"}, {"type": 0, "id": "GKKR", "content": ": \u9ad8\u5c4f\u6eaa\u4ee5\u5357\u5f88\u5371\u96aa\u6b38"}, {"type": -1, "id": "Rapacious", "content": ": \u5230\u5e95\u6709\u4ec0\u9ebc\u75c5 \u9019\u7a2e\u5929\u6c23\u9084\u4e00\u5806\u4eba\u53bb\u6d77\u908a"}, {"type": 0, "id": "suwalampa", "content": ": \u56e0\u70ba\u4f60\u5728\u6d77\u908a\u554a"}, {"type": 1, "id": "Kobelephants", "content": ": \u8df3\u4e0b\u53bb"}, {"type": 1, "id": "Kitakami", "content": ": \u770b\u5230\u81ed\u80a5\u5b85\u8981\u4f86 \u59b9\u5b50\u90fd\u8dd1\u8d70\u4e86"}, {"type": 1, "id": "rapnose", "content": ": \u4f60\u6709\u770b\u5230\u4e00\u500b\u62ff\u9ed1\u4ee4\u65d7\u7684\u5de8\u4e73\u6b63\u59b9\u55ce\uff1f\u9019\u7a2e"}, {"type": 0, "id": "rapnose", "content": ": \u5929\u6c23\u9084\u53bb\u6d77\u908a\u3002"}], "post_ip": "39.13.94.13", "post_content": "\n\u672c\u5b85\u96e3\u5f97\u4f11\u5047\u4f86\u58be\u4e01\uff0c\u60f3\u8aaa\u8981\u628a\u6bd4\u57fa\u5c3c\u59b9\u5b50\n\u4f46\u653e\u773c\u671b\u53bb\u5c45\u7136\u4e00\u500b\u59b9\u5b50\u90fd\u6c92\u6709\n\u8acb\u554f\u55ae\u5175\u8a72\u5982\u4f55\u8655\u7f6e\uff1f\nhttps://i.imgur.com/qbIibSU.jpg\n\n--\n"}