{"ptt_id": "yoyoyoeric", "post_url": "https://www.ptt.cc/bbs/Gossiping/M.1561949886.A.4AE.html", "post_type": "\u554f\u5366", "post_title": "\u6025,\u7269\u7406\u554f\u984c\u5728\u7dda\u7b49", "post_time": "2019-07-01 10:58:04", "post_score": 0, "post_pushes": [{"type": 0, "id": "kawazakiz2", "content": ": \u5169\u500b\u90fd\u6233\u7834"}, {"type": -1, "id": "k44754", "content": ": \u4f60\u7684\u9322\u5305\u6703\u5148\u6d88\u6c23"}, {"type": 0, "id": "gigi030507", "content": ": \u5206\u624b\u554a\u3002\u5e79"}, {"type": 1, "id": "wang0301", "content": ": \u5b78\u59b9\u7684\u80f8\u6703\u6700\u5148\u6d88\u6c23"}, {"type": 1, "id": "ilove640", "content": ": \u5531\u5409\u767d\u6c23\u7403\u7d66\u5979\u807d"}, {"type": -1, "id": "pengjoker", "content": ": \u5973\u53cb\u6703\u5148\u6d88\u6c23"}, {"type": 1, "id": "hatephubbing", "content": ": \u5927\u7684\uff0c\u4eba\u80fd\u4e00\u76f4\u5927\u6c23\uff0c\u6703\u4e00\u8f29\u5b50\u5c0f\u6c23"}, {"type": 0, "id": "hatephubbing", "content": ": *\u4eba\u4e0d\u80fd"}, {"type": -1, "id": "FZ5566", "content": ": \u53bb\u627e\u54f2\u5b78\u7cfb\u7684\uff0c\u90a3\u4e9b\u50bb\u50bb\u7684"}, {"type": -1, "id": "gvvg5566", "content": ": \u53eb\u4f60\u60f3\u9019\u500b\u4e00\u5b9a\u8edf\u5c4c \u6240\u4ee5\u8001\u4e8c\u5148\u6d88\u6c23"}, {"type": 0, "id": "LightWorker", "content": ": \u4f60\u8981\u5148\u554f\u5979\u5047\u8a2d\u689d\u4ef6\u662f\u4ec0\u9ebc\uff0c\u6eab\u5ea6\uff0c\u9921"}, {"type": 0, "id": "LightWorker", "content": ": \u5167\u90e8\u7684\u6c23\u9ad4\u662f\u5426\u76f8\u540c"}, {"type": -1, "id": "node1", "content": ": \u5c0f\u6c23\u7403"}, {"type": 0, "id": "kino056", "content": ": \u9192\u9192 \u90a3\u662f\u5b78\u5f1f"}, {"type": 1, "id": "epicurus", "content": ": \u5927\u6c23\u7403"}, {"type": 1, "id": "CY2018", "content": ": \u5206\u624b\u5feb\u6a02"}, {"type": -1, "id": "fantasibear", "content": ": \u809b"}, {"type": 1, "id": "alfie0205", "content": ": \u5927\u7684 \u56e0\u70ba\u5927\u7684\u6703\u628a\u5c0f\u7684\u6c23\u58d3\u4f4f\u51fa\u4e0d\u4f86"}, {"type": 1, "id": "thepower", "content": ": \u9019\u500b\u6211\u6709\u7d93\u9a57\uff0c\u5927\u7684"}, {"type": -1, "id": "xanthippe", "content": ": \u88e1\u9762\u7684\u6c23\u9ad4\u8981\u662f\u4e8c\u6c27\u5316\u78b3\uff0c\u5c31\u5927\u7684"}, {"type": 0, "id": "ak904", "content": ": \u5927\u7684"}, {"type": -1, "id": "xanthippe", "content": ": \u800c\u4e14\u6703\u5feb\u901f\u6d88\u6c23"}, {"type": 0, "id": "xanthippe", "content": ": \u88e1\u9762\u8981\u662f\u6c27\u6c23\u6c2e\u6c23\u6c2b\u6c23\uff0c\u9084\u662f\u5927\u7684"}, {"type": 0, "id": "xanthippe", "content": ": \u53ea\u662f\u5f88\u6162"}, {"type": 1, "id": "hatephubbing", "content": ": \u6211\u660e\u660e\u4e5f\u8aaa\u5927\u7684\u00b73\u00b7"}], "post_ip": "101.12.245.58", "post_content": "\n\n\u4eca\u5929\u4ea4\u5f80\u7d00\u5ff5\u65e5\n\n\u9001\u4e86\u4e00\u500b\u6c23\u7403\u7d66\u7269\u7406\u7cfb\u5b78\u59b9\n\n\u5982\u5716\n\nhttps://imgur.com/O0aM0kf\n\n\u88ab\u5979\u554f\u5927\u6c23\u7403\u8ddf\u5c0f\u6c23\u7403\u54ea\u500b\u6703\u5148\u6d88\u6c23\n\n1\u5c0f\u6642\u5167\u4e0d\u56de\u7b54\u5979\u5c31\u8981\u8ddf\u667a\u969c\u5206\u624b\n\n\u8ab0\u80fd\u6559\u6559\u6211QQ\n\n-----\nSent from JPTT on my Sony G8342.\n\n\n--\n\u6233\u5b8c\u5979\u6703\u4e0d\u6703\u4e5f\u6233\u7834\u6211\u7684\u5169\u500b\u7403\nPO\u6587\u524d\u5c31\u6d88\u4e86...\n\u539f\u672c\u5c31\u6c92\u751a\u9ebc\u6c23\u653e\u5fc3\n\u61c9\u8a72\u4e5f\u6c92\u751f\u6c23\u5427,\u5c31\u628a\u6211\u7576\u667a\u969c\u770b\u800c\u5df2\n\u5927\u54e5\u592a\u5c08\u696d\u4e86,\u554f\u5b8c\u6703\u4e0d\u6703\u88ab\u767c\u73fe\u6211\u4f5c\u5f0a\n\u5c0f\u76841\u7968\n\u5927\u76841\u7968\n\u5927\u76842\u7968\n\u203b \u7de8\u8f2f: yoyoyoeric (101.12.245.58 \u81fa\u7063), 07/01/2019 11:12:02\n\u5927\u76843\u7968\n\u203b \u7de8\u8f2f: yoyoyoeric (101.12.245.58 \u81fa\u7063), 07/01/2019 11:13:05\n"}