{"ptt_id": "justice00s", "post_url": "https://www.ptt.cc/bbs/Gossiping/M.1569389870.A.068.html", "post_type": "\u554f\u5366", "post_title": "\u53bb\u5065\u8eab\u623f\u5982\u4f55\u5fcd\u4f4f\u4e0d\u770b\u59b9\u5b50\u81c0\u90e8?", "post_time": "2019-09-25 13:37:48", "post_score": 26, "post_pushes": [{"type": 1, "id": "sorrywow", "content": ": \u81ea\u542b"}, {"type": 1, "id": "s72005ming", "content": ": \u53ef\u4ee5\u770b\u7537\u751f\u7684"}, {"type": 1, "id": "ko7625", "content": ": \u5927\u65b9\u770b\u554a"}, {"type": 1, "id": "wang1b", "content": ": \u7576\u7532\u7532"}, {"type": 1, "id": "RP9ST", "content": ": \u53bb\u5c3b\u4e00\u69cd"}, {"type": 1, "id": "ipadmini6", "content": ": \u770b\u7537\u751f\u7684\u61f6\u53eb\u8f49\u79fb\u6ce8\u610f\u529b"}, {"type": -1, "id": "jackie520", "content": ": \u57fa\u52aa\u674e\u7dad\u9084\u6015\u88ab\u544a\uff1f"}, {"type": 1, "id": "Ayanami5566", "content": ": \u7528\u6478\u53d6\u4ee3\u770b"}, {"type": -1, "id": "owlman", "content": ": \u628a\u81c9\u57cb\u9032\u53bb\u5927\u5438\u4e00\u53e3 \u88ab\u95dc\u4e4b\u5f8c\u5c31\u4e0d\u7528\u5fcd\u4e86"}, {"type": 1, "id": "s155260", "content": ": \u770b\u5976"}, {"type": 1, "id": "godofaluba", "content": ": \u6234\u773c\u7f69"}, {"type": 1, "id": "jma306", "content": ": https://i.imgur.com/1cqDKm6.jpg"}, {"type": 1, "id": "pytzog", "content": ": \u4e0d\u7528\u5fcd \u4f60\u8981\u4eab\u53d7\u9019\u500b\u904e\u7a0b"}, {"type": 1, "id": "pierreqq", "content": ": \u80a5\u5b85\u51fa\u9580\u5c31\u6e96\u5099\u88ab\u544a\u4e86...\u3000\u6211\u662f\u89ba\u5f97\u6c92\u5dee"}, {"type": 1, "id": "nakaru", "content": ": \u4f60\u5f8c\u9762\u4e00\u6392\u7532\u6b63\u76ef\u8457\u4f60\u7684\u81c0\u90e8\u770b"}, {"type": 1, "id": "ogcman", "content": ": \u79d1\u79d1 \u4f60\u5728\u770b\u59b9\u5b50\u5c41\u80a1\u6642 \u90fd\u6c92\u6ce8\u610f\u5f8c\u9762\u5c0d\u55ce"}, {"type": 1, "id": "flybirdy", "content": ": \u5973\u751f\u53bb\u5c31\u662f\u60f3\u88ab\u770b\u554a"}, {"type": 0, "id": "ogcman", "content": ": \u4e0b\u6b21\u8a18\u5f97\u770b\u5f8c\u9762 \u6709\u66f4\u591a\u7684\u5de8\u5de8\u5728\u770b\u4f60\u7684\u5c41\u80a1"}, {"type": 0, "id": "toshizo", "content": ": \u9762\u5c0d\u7a97\u6236\u8dd1\u6b65"}, {"type": 1, "id": "rk32357", "content": ": \u6c92\u8fa6\u6cd5 \u6211\u90fd\u76f4\u63a5\u770b"}, {"type": 0, "id": "vector", "content": ": \u6211\u90fd\u5f9e\u93e1\u5b50\u53cd\u5c04\u5077\u770b"}, {"type": 0, "id": "zzff92", "content": ": \u6211\u90fd\u770b\u7537\u7684\u5927\u80f8\u808c\u7d66\u4f60\u53c3\u8003"}, {"type": -1, "id": "distantblc", "content": ": \u770b\u5976\u5b50\u963f"}, {"type": 1, "id": "reil", "content": ": \u5c31\u662f\u8981\u7d66\u5927\u5bb6\u89c0\u8cde"}, {"type": 1, "id": "EulerFormula", "content": ": \u5c3b\u4e00\u69cd\u9032\u5165\u8056\u4eba\u6a21\u5f0f"}, {"type": 1, "id": "jokc7839", "content": ": \u90a3\u7a2e\u8932\u5b50\u6709\u63d0\u81c0\u6548\u679c \u4e0d\u8981\u88ab\u9a19\u4e86"}, {"type": 0, "id": "gs056119", "content": ": \u6559\u4f60 \u770b\u5976\u5c31\u597d\u4e86"}, {"type": 1, "id": "AlHorford15", "content": ": \u7576\u500b\u72e0\u89d2\u8272"}, {"type": 1, "id": "wowo72517", "content": ": \u5831\u8b66"}, {"type": 1, "id": "pottr50911", "content": ": \u5fcd\u5e79\u561b \u5c31\u770b\u554a"}, {"type": 1, "id": "oantonyo", "content": ": \u4e00\u908a\u51fa\u529b\u4e00\u908a\u770b \u6b63\u5927\u5149\u660e\u770b"}, {"type": 1, "id": "ak904", "content": ": \u770b\u80f8\u90e8\u554a"}, {"type": 0, "id": "eltonchiang", "content": ": \u8a8d\u771f\u56de\u7b54 \u6c92\u6709\u8fa6\u6cd5XD"}, {"type": 0, "id": "jump693", "content": ": \u5c31\u770b\u5440,\u6709\u4e9b\u4e01\u5b57\u8932\u9084\u5f88\u900f"}, {"type": -1, "id": "toomtoom", "content": ": https://i.imgur.com/0i5ogDA.jpg"}, {"type": 0, "id": "ak904", "content": ": \u53bb\u4e0a\u98db\u8f2a\u8ab2\u5750\u59b9\u5b50\u5f8c\u9762\u53ef\u4ee5\u5149\u660e\u6b63\u5927\u770b"}, {"type": -1, "id": "zxciop741", "content": ": \u6211\u90fd\u770b\u7537\u751f\u7684 \u7d66\u4f60\u53c3\u8003"}, {"type": 1, "id": "moy5566", "content": ": \u5c3b\u4e00\u767c\u5c04\u5979\u51b7\u975c\u4e0b\u4f86\u5427"}, {"type": 1, "id": "rumirumi", "content": ": \u5fcd\u4e0d\u4f4f\u597d\u55ce \u9664\u975e\u4f60\u662f\u2026"}, {"type": 1, "id": "ia220629", "content": ": \u770b\u5f97\u81ea\u7136\u4e00\u9ede\u5c31\u597d\u4e86"}, {"type": -1, "id": "DarrenD", "content": ": \u770b\u81c9 \u919c\u7537\u9084\u662f\u5225\u5077\u770b\u5427"}, {"type": -1, "id": "aa52189", "content": ": \u9589\u5634\u5b89\u975c\u770b\u5c31\u597d"}, {"type": 1, "id": "id41030", "content": ": \u53bb\u5065\u8eab\u623f\u5c31\u662f\u8981\u770b\u9019\u500b\u963f"}, {"type": 1, "id": "win1109", "content": ": \u770b\u5979\u80f8\u90e8"}, {"type": 1, "id": "kenhiro5566", "content": ": \u80a5\u5b85\u53bbWG\u90fd\u723d\u770b \u6c92\u5728\u5fcd \u4e0d\u7136\u5c31\u662f\u770b\u4e00"}, {"type": 0, "id": "kenhiro5566", "content": ": \u4e9b\u59b9\u5b50\u6559\u7df4 \u5496\u52f3"}, {"type": 1, "id": "seminal", "content": ": \u6211\u53ea\u770b\u99f1\u99dd"}, {"type": 0, "id": "jeffrank", "content": ": \u6234\u58a8\u93e1R  \u7b11\u6b7b"}, {"type": 0, "id": "henryhao", "content": ": ......"}, {"type": 0, "id": "glacialfire", "content": ": \u5e79\u561b\u5fcd"}, {"type": 1, "id": "qweertyui891", "content": ": \u9084\u597d\u6211\u90fd\u76f4\u63a5\u76ef\u8457\u80f8\u90e8\u770b"}, {"type": 1, "id": "lngold", "content": ": \u5b78\u9ed1\u7537\u6234\u58a8\u93e1"}], "post_ip": "58.158.213.18", "post_content": "\n\u5982\u984c\n\n\u4ee5\u524d\u53ea\u53bb\u904e\u5b78\u6821\u5065\u8eab\u5ba4\u548c\u9999\u6e2f\u98ef\u5e97\u7684\u5c0f\u5065\u8eab\u5ba4\n\n\u6c92\u53bb\u904e\u771f\u6b63\u7684\u5065\u8eab\u623f\n\n\u4e0a\u9031\u56de\u53f0\u7063\u7576\u65c5\u4eba\n\n\u60f3\u8aaa\u53bb\u770b\u770b\u53f0\u7063\u7684\u5065\u8eab\u623f\n\n\u5c31\u8dd1\u5230\u9644\u8fd1\u7684\u516c\u7acb\u904b\u52d5\u4e2d\u5fc3\n\n\n\u4e00\u4e9b\u59b9\u5b50\u90fd\u7a7f\u90a3\u7a2e\u5065\u8eab\u8932\u6216\u97fb\u5f8b\u8932\u9084\u5565\u7684\n\n\u81c0\u578b\u90fd\u6eff\u660e\u986f\n\n\u81c0\u8089\u53c8\u9999\n\n\u5c31\u7b97\u53ea\u662f\u4e00\u822c\u904b\u52d5\u8932\u6216\u771f\u7406\u8932\n\n\u88ab\u6c57\u6c34\u5f04\u6fd5\u4e5f\u662f\u6eff\u8cbc\u7684\n\n\n\u525b\u597d\u672c\u57fa\u52aa\u674e\u7dad\u53c8\u662f\u81c0\u63a7\n\n\u5982\u4f55\u624d\u80fd\u5fcd\u4f4f\u4e0d\u770b\u59b9\u5b50\u5c41\u80a1\n\n\u6015\u88ab\u544a\n\n\n\u6709\u5366???\n\n\n--\n\u203b \u7de8\u8f2f: justice00s (58.158.213.18 \u65e5\u672c), 09/25/2019 13:38:12\n"}