{"ptt_id": "liang691206", "post_url": "https://www.ptt.cc/bbs/Gossiping/M.1570587899.A.A2D.html", "post_type": "\u554f\u5366", "post_title": "LSE\u70ba\u4f55\u8ad6\u6587\u4e0d\u7528\u4e2d\u6587\u5462?", "post_time": "2019-10-09 10:24:55", "post_score": 2, "post_pushes": [{"type": 1, "id": "kairi5217", "content": ": \u6559\u6388\u770b\u4e0d\u61c2\u4e2d\u6587\u554a \u6709\u5920\u5ee2"}, {"type": 1, "id": "Gsanz", "content": ": LSE\u9396\u570b \u6c92\u6709\u570b\u969b\u89c0"}, {"type": 0, "id": "qqq61004", "content": ": \u5b8c\u5168\u6c92\u6709\u570b\u969b\u89c0\u7684\u5b78\u6821"}, {"type": 0, "id": "rxiang", "content": ": \u70ba\u4ec0\u9ebc\u82f1\u570b\u4eba\u4e0d\u8b1b\u4e2d\u6587\u5462"}, {"type": -1, "id": "dj720c", "content": ": \u4e00\u6587\u9023\u7e8c\u8cbc\u5169\u6b21\u6709\u6c92\u6709\u9055\u53cd\u677f\u6b78\u554a???"}, {"type": 1, "id": "Borges", "content": ": \u6709\u4e2d\u6587\u7248 \u5c0f\u82f1\u6709\u9678\u7e8c\u5c07\u8ad6\u6587\u6295\u7a3f\u53f0\u7063\u671f\u520a"}, {"type": -1, "id": "miture", "content": ": \u90a3\u5c0f\u83f8\u4e0d\u5c31\u662f\u4e00\u7a3f\u591a\u6295\u9055\u53cd\u5b78\u751f\u502b\u7406"}, {"type": 0, "id": "miture", "content": ": \u5b78\u8853"}, {"type": 1, "id": "OnePiecePR", "content": ": \u5beb\u4e2d\u6587\uff0c\u9084\u662f\u6703\u88ab\u554f\u70ba\u4f55\u6c92\u5beb\u82f1\u6587\uff0c\u662f"}, {"type": 0, "id": "OnePiecePR", "content": ": \u82f1\u6587\u721b\u55ce"}, {"type": -1, "id": "iPhoenix7", "content": ": LSE\u6c92\u4e16\u754c\u89c0\uff0c\u633a\u53f0\u7368\uff0c\u62d2\u8b80"}, {"type": 1, "id": "ndd2", "content": ": \u4f60\u9084\u597d\u55ce\uff1f"}], "post_ip": "223.137.242.48", "post_content": "\n\u5728\u9019\u5168\u4e16\u754c\u90fd\u8b1b\u4e2d\u570b\u8a71\u7684\u5e74\u4ee3\n\n\u70ba\u4f55LSE\u9084\u5805\u6301\u8981\u7528\u82f1\u6587\u5beb\u8ad6\u6587\u5462\n\n\u70ba\u4f55\u5462\n\n\u7528\u82f1\u6587\u5beb\u6bd4\u8f03\u9ad8\u5c1a?\n\n\u9084\u662f\u7528\u82f1\u6587\u5beb  \u662f\u8981\u96b1\u779e\u4e0d\u53ef\u544a\u4eba\u7684\u54aa\u54aa\n\n\u9084\u662fLSE\u662f\u67d0\u7d44\u7e54\u7684\u5916\u570d\u7d44\u7e54\n\n\u88ab\u570b\u5bb6\u6a5f\u5668\u64cd\u63a7?\n\n--\n\n\n                     \u5ee2\u6587!\u7121\u8aa4!\n\n--\n"}