{"ptt_id": "Ho1liday", "post_url": "https://www.ptt.cc/bbs/Gossiping/M.1567316285.A.30E.html", "post_type": "\u65b0\u805e", "post_title": "\u7db2\u4e82\u50b3\u300c\u97d3\u570b\u745c\u8df3\u6a13\u4ea1\u300d \u738b\u5b9a\u5b87\u3001\u9ad8\u9594\u7433", "post_time": "2019-09-01 13:37:57", "post_score": 25, "post_pushes": [{"type": 1, "id": "dieinvisible", "content": ": \u56de\u6a13\u4e0a\uff0c\u6797\u9cf3\u71df\u771f\u7684\u5f88\u597d\u8ce3\u963f\uff0c\u9760\u8ce3\u98f2\u6599\u6211\u53c8\u53ef\u4ee5\u591a\u8cb7"}, {"type": 0, "id": "dieinvisible", "content": ": \u4e00\u90e8\u8dd1\u8eca\u56c9\uff0c\u4f60\u5011\u7e7c\u7e8c\u6ec5\u5427\u795d\u4f60\u5011\u597d\u904b\u5537\uff01\u5c0d\u4e86\uff0c\u6211\u7684"}, {"type": 0, "id": "dieinvisible", "content": ": \u5206\u5e97\u5f88\u591a\u4f60\u4e00\u5b9a\u770b\u904eXD"}, {"type": 1, "id": "FoxIz", "content": ":  http://i.imgur.com/qEE2Swk.jpg"}, {"type": 1, "id": "dieinvisible", "content": ": \u56de\u6a13\u4e0a\u4f60\u771f\u7684\u5403\u98fd\u592a\u9592\uff0c\u6211\u4e5f\u4e0d\u60f3\u8ddf\u4f60\u8a08\u8f03\uff0c\u5982\u679c\u9019\u6a23"}, {"type": 0, "id": "dieinvisible", "content": ": \u6703\u8b93\u4f60\u5fc3\u60c5\u597d\u9ede\u6211\u4e5f\u7b97\u662f\u65e5\u884c\u4e00\u5584\u3002"}, {"type": 1, "id": "barber", "content": ": XDDD"}, {"type": 1, "id": "axzs1111", "content": ": \u4e94\u6a13\u97d3\u7c89"}, {"type": 0, "id": "sysop5566", "content": ": \u97d3\u7c89\u6c34\u6e96"}, {"type": 1, "id": "layu19920414", "content": ": \u8f15\u9b06\u84cb"}, {"type": 1, "id": "shinmoner", "content": ": \u95b1\u8b80\u969c\u7919\u9084\u662f\u5171\u72af\u7d50\u69cb XDDD \u8b1b\u5f97\u771f\u597d!"}, {"type": 0, "id": "kevin751231", "content": ": \u67ef\u5357\u8fa6\u6848\u7528\u55c6\u7684\u55ce\uff1f"}, {"type": 0, "id": "sysop5566", "content": ": \u8b66\u65b9\u67e5\u5230IP\u4f4d\u5740\u5e33\u865f\u5176\u5be6\u662f\u97d3\u7c89 \u5225\u6f14\u4e86"}, {"type": 1, "id": "Vladivostok", "content": ": \u97d3\u7c89\u81ea\u5c0e\u81ea\u6f14\u82f1\u7c89\u81ea\u5c0e\u81ea\u6f14\u5566 \u53cd\u53cd\u53cd"}, {"type": -1, "id": "whaleegg", "content": ": \u539f\u4f86\u7acb\u59d4\u4e0d\u77e5\u9053\u8df3\u677f\u662f\u4ec0\u9ebc"}, {"type": 0, "id": "Vladivostok", "content": ": \u4e32\u770b\u4e0d\u51fa\u4f86\u5594\uff1f"}, {"type": 1, "id": "MASAMIFANS", "content": ": \u7e7c\u4e0d\u5b58\u5728\u7684\u8ffd\u8e64\u5668\u5f8c\u5168\u65b0\u4e00\u529b\u4f5c"}, {"type": 0, "id": "jma306", "content": ": \u7528\u554f\u865f\u51fa\u65b0\u805e\uff0c\u5c31\u662f\u5e36\u98a8\u5411"}, {"type": 1, "id": "poikj", "content": ": \u97d3\u7c89=\u5641\u5fc3\u9aaf\u9ad2\u4e0b\u8ce4\u755c\u7272"}, {"type": 0, "id": "a71085", "content": ": \u6211\u8a18\u5f97\u90a3\u500b\u6316ip\u4e32\u662f\u5728\u641e\u7b11\u4e0d\u662f\u55ce dpp\u4e5f\u73a9"}, {"type": 0, "id": "a71085", "content": ": \u4e00\u689d\u9f8d\u662f\u55ce"}, {"type": 1, "id": "sysop5566", "content": ": \u5075\u67e5\u7d44 \u8df3\u677f\u4e5f\u80fd\u6293\u554a"}, {"type": 0, "id": "fenrisfang", "content": ": \u97d3\u7c89\u90fd\u662f\u4e0b\u8ce4\u81ea\u6f14\u755c\u7272"}, {"type": 0, "id": "jma306", "content": ": \u6258\u82f1\u87d1\u8782\u4e4b\u53cb\u6703\u6700\u4e0d\u5641\u5fc3\u9aaf\u9ad2\u4e86"}, {"type": 1, "id": "linhsiuwei", "content": ": \u544a\u6b7b\u9019\u500b\u9020\u8b20\u4ed4"}, {"type": 1, "id": "lmc66", "content": ": \u96fb\u8166\u5206\u6790 30%\u97d3\u7c89 30%\u67ef\u7c89 40%\u4e94\u6bdb"}, {"type": 1, "id": "pooznn", "content": ": \u5409\u5409\u5409\u5409\u5409\u5409\u5409 \u901a\u901a\u90fd\u5409"}, {"type": 1, "id": "dostey", "content": ": KMTer9.2\u767c\u6587\u9020\u8b20\u5e36\u98a8 \u771f\u7684\u662f\u5641\u5fc3\u7684\u4e00\u7fa4"}, {"type": 1, "id": "silentence", "content": ": \u5653\u7684\u5c31\u77e5\u9053\u8ffd\u8e64\u5668\u662f\u4ec0\u9ebc\u570b\u5bb6\u6a5f\u5668 ?"}, {"type": 1, "id": "wlwillwell", "content": ": \u4f60\u9084\u771f\u5225\u8aaa\uff0c\u97d3\u7c89\u4e00\u5806\u95b1\u8b80\u969c\u7919"}, {"type": 1, "id": "delta0521", "content": ": \u6240\u4ee5\u9ad8\u96c4\u8b66\u65b9\u5c31\u4e7e\u8106\u81ea\u5df1\u4e3b\u52d5\u5075\u8fa6\u4e86\uff0c"}, {"type": 0, "id": "delta0521", "content": ": \u7701\u5f97\u540c\u6642\u88ab\u5169\u908a\u7f9e\u8fb1\u5229\u7528\u3002"}, {"type": 0, "id": "suifong", "content": ": \u540cIP\u53c8\u4e0d\u4ee3\u8868\u540c\u4e00\u4eba\uff0c\u9664\u975e\u4ed6VPN\u90fd\u56fa\u5b9aIP"}, {"type": 0, "id": "suifong", "content": ": \u3002"}, {"type": -1, "id": "BlueBird5566", "content": ": \u600e\u4e0d\u8aaa\u4e4b\u524d\u6367\u97d3\u7f75\u8521\u624d\u662f\u53cd\u4e32"}, {"type": -1, "id": "yfme", "content": ": \u5431\u5431\uff0c\u4e0d\u610f\u5916"}, {"type": 1, "id": "SinPerson", "content": ": \u9019\u7a2e\u61c9\u8a72\u51b7\u8655\u7406\u7684\u8a71\u984c\uff0c\u6839\u672c\u4e0d\u9700\u8981\u56de"}, {"type": 0, "id": "SinPerson", "content": ": \u61c9"}, {"type": 0, "id": "cdmlin", "content": ": \u61c9\u8a72\u5217\u51fa\u540cIP\u7684\u767c\u6587\u6642\u9593\u9ede\u624d\u6613\u5224\u65b7"}, {"type": 1, "id": "yeap193", "content": ": \u679c\u7136\u667a\u969c\u85cf\u4e0d\u4e86\u667a\u5546"}, {"type": -1, "id": "asiaking5566", "content": ": \u8b49\u64da\u8584\u5f31\u5c31\u958b\u59cb\u62b9 \u6fc3\u6fc3\u6b7b\u6f0f\u5473"}, {"type": 1, "id": "mylove0617", "content": ": \u6211\u65e9\u5c31\u8aaa\u904e ~\u9019\u4e00\u5b9a\u662f\u5bd2\u7c89\u81ea\u5c0e\u81ea\u6f14"}, {"type": 1, "id": "wwl0909", "content": ": \u99ac\u7684\u8b1b\u7684\u597d\u50cf\u662f\u81ea\u5df1\u767c\u73fe\u7684\u4e00\u6a23 \u6bdb\u5229\u8001\u5f1f"}, {"type": 0, "id": "wwl0909", "content": ": \u5427"}, {"type": 0, "id": "talk5566", "content": ": \u9ad8\u9594\u7433?? \u5c0f\u9ee8\u5de5\u4e8b\u4ef6?? \u771f\u7684\u8981\u6253\u9019\u500b??"}, {"type": 0, "id": "Moratti", "content": ": \u97d3\u5c0e\u65b0\u6232"}, {"type": 1, "id": "starcow", "content": ": \u97d3\u7cde\u7684\u884c\u70ba\u771f\u8b93\u4eba\u5641\u5fc3"}, {"type": 1, "id": "ccucwc", "content": ": \u62dc\u8a17\u6293\u51fa\u4f86\uff01"}, {"type": 1, "id": "qwert1629", "content": ": \u570b\u5bb6\u6a5f\u5668\u52d5\u4f86\u52d5\u53bb"}, {"type": 0, "id": "polo5615", "content": ": \u62dc\u8a17 \u5feb\u5409"}, {"type": 1, "id": "tenoopy", "content": ": \u667a\u969c\u97d3\u7c89"}, {"type": -1, "id": "plzza0cats", "content": ": \u667a\u969c\u7acb\u59d4"}, {"type": 0, "id": "Anvec", "content": ": \u5176\u5be6\u6628\u5929\u72c0\u6cc1\u771f\u7684\u5f88\u83ab\u540d\u5176\u5999"}, {"type": 0, "id": "Anvec", "content": ": \u5982\u679c\u662f\u7528\u540cIP\u53bb\u67e5 \u6703\u767c\u73fe\u6839\u672c\u90fd\u4e0d\u662f\u97d3\u7c89"}, {"type": 0, "id": "Anvec", "content": ": \u90a3\u5e7e\u500b\u5e33\u865f\u7684\u50be\u5411\u6709\u67ef\u9ed1 \u91789.2 \u9178\u5171"}, {"type": 0, "id": "Anvec", "content": ": \u4f46\u662f\u7b2c\u4e00\u6642\u9593\u5c31\u6709\u4eba\u54ac\u97d3\u7c89"}, {"type": 1, "id": "lauver", "content": ": \u4e0d\u597d\u610f\u601d\u543c\u90a3\u500b\u6328\u6279\u5c31\u9019\u6a23\uff1f"}, {"type": 0, "id": "jupei", "content": ": \u97d3\u5c0e\u65b0\u6232"}, {"type": -1, "id": "whiteflora6", "content": ": \u9019\u5c31\u662f\u53f0\u7063\uff01"}, {"type": 1, "id": "td770715", "content": ": \u97d3\u7c89\u7d20\u8cea \u9084\u540c\u7406\u5fc3\u54e9"}, {"type": 0, "id": "oplm", "content": ": 47\u6a13\u5370\u5ea6\u4eba\u597d\u71b1\u5fc3"}, {"type": 1, "id": "piece1", "content": ": \u6240\u6709\u53c3\u8207\u7684\u641e\u7b11\u5496\u90fd\u6cd5\u8fa6\u5427\uff01"}, {"type": 0, "id": "f1731025", "content": ": \u9084\u7528\u4f60\u8b1b \u53ea\u6709\u5236\u4ed7\u624d\u4fe1"}, {"type": 0, "id": "piece1", "content": ": la\u9019\u500b\u641e\u7b11\u5496\u9084\u6c92\u9000\u8a3b\u5594\uff1f"}, {"type": 0, "id": "f1731025", "content": ": \u6211\u8981\u63d0\u540d\u97d3\u5c0e \u53c3\u52a0\u91d1\u99ac\u734e \u5be6\u81f3\u540d\u6b78"}, {"type": -1, "id": "iceroy", "content": ": \u62ff\u5225\u4eba\u7684\u7d50\u679c\u8b8a\u6210\u662f\u81ea\u5df1\u662f\u67ef\u5357\u8fa6\u6848\uff0c\u9019\u7b97"}, {"type": 0, "id": "iceroy", "content": ": \u6536\u5272\u55ce\u3002\u984f\u8272\u5c0d\u4e86\u8a18\u8005\u5c31\u6703\u6367"}, {"type": -1, "id": "AlianF", "content": ": \u6536\u5272\u771f\u723d \u310f\u310f \u767b\u80fd"}, {"type": 1, "id": "neifaye", "content": ": \u559c\u61a8\u7c89\u65e5\u5e38 \u97d3\u5c0e\u6f14\u54e1\u8a13\u7df4\u73ed \u62db\u751f\u4e2d"}, {"type": 1, "id": "ri99", "content": ": \u97d3\u5c0e\u4e0a\u6881\u4e0d\u6b63\uff0c\u97d3\u7c89\u7d1b\u8d77\u6548\u5c24\u800c\u5df2"}, {"type": 0, "id": "eeveelugia2", "content": ": \u97d3\u7c89\u672c\u4f86\u5c31\u7121\u6065 \u5e79\u9019\u7a2e\u4e8b\u6b63\u5e38"}, {"type": -1, "id": "JONES0816", "content": ": \u8aaa\u4eba\u5bb6\u97d3\u7c89\u6709\u6c92\u6709\u8b49\u64da\u963f\uff1f DPP\u55c6\u7db2\u8ecd\u662f"}, {"type": 0, "id": "JONES0816", "content": ": \u8981\u7b11\u6b7b\u8ab0"}, {"type": 0, "id": "gwenwoo", "content": ":  \u5148\u81ea\u9ed1  \u518d\u9020\u8b20  \u6709\u4eba\u4fe1?!"}, {"type": 1, "id": "Daz2005i", "content": ": \u81ea\u5c0e\u81ea\u6f14\u4e0d\u662f\u97d3\u5c0e\u7684\u6700\u611b\uff1f"}, {"type": 1, "id": "AnewMitch", "content": ": \u542b\u5cf6\u6f14\u6280\u4e00\u6d41"}, {"type": -1, "id": "agow", "content": ": \u597d\u68d2\u68d2\u7684\u6536\u5272"}, {"type": 1, "id": "chunglee", "content": ": \u8ddf\u6628\u5929\u9020\u8b20\u6587\u4e00\u51fa\u4f86\u4e0b\u9762\u63a8\u6587\u53cd\u61c9\u4e00\u6a23\u4e00"}, {"type": 0, "id": "chunglee", "content": ": \u5806\u8aaa\u4e00\u5b9a1450\u5e79\u7684\uff0c1450\u5e79\u561b\u9019\u9ebc\u7dca\u5f35\u8981"}, {"type": 0, "id": "chunglee", "content": ": \u6c42\u522a\u6587\uff0c\u4e0d\u77e5\u9053\u662f\u95b1\u8b80\u969c\u7919\u9084\u662f\u540c\u5925?"}, {"type": 0, "id": "chunglee", "content": ": \u67d0\u6a13\u90a3\u8aaadpp\u6709\u7db2\u8ecd\u6709\u8b49\u64da\u55ce\uff1f"}, {"type": 0, "id": "chunglee", "content": ": \u6709\u8b49\u64da\u82b1\u9322\u8acb\u7db2\u8ecd\u55ce\uff1f"}, {"type": 1, "id": "ko234488", "content": ": \u97d3\u570b\u745c\u51fa\u4f86\u8aaa\u660e\u554a\uff0c\u5e79"}, {"type": 0, "id": "gwenwoo", "content": ":  \u90ed\u8463:\"\u66b4\u653f\u5fc5\u4ea1!!\""}], "post_ip": "118.171.130.242", "post_content": "\nETtoday\n\n\u7db2\u4e82\u50b3\u300c\u97d3\u570b\u745c\u8df3\u6a13\u4ea1\u300d \u738b\u5b9a\u5b87\u3001\u9ad8\u9594\u7433\u7576\u67ef\u5357\u8fa6\u6848\uff1a\u97d3\u7c89\u81ea\u5c0e\u81ea\u6f14\uff1f\n\n\u8a18\u8005\u674e\u552f\u7504\uff0f\u9ad8\u96c4\u5831\u5c0e\n\n\u9ad8\u96c4\u5e02\u9577\u97d3\u570b\u745c\u4e0a\u500b\u670831\u65e5\uff0c\u906d\u6279\u8e22\u8e22\u5be6\u696d\u574a\uff08PTT\uff09\u4e82\u50b3\u300c\u97d3\u570b\u745c\u8df3\u6a13\u8eab\u4ea1 \u59bb\u6dda\u8a34\uff1a\u4ed6\n\u58d3\u529b\u592a\u5927\u300d\u6d88\u606f\uff0c\u4e8b\u5f8c\u97d3\u7af6\u8fa6\u8868\u793a\u5c07\u8acb\u5f8b\u5e2b\u8490\u8b49\u63d0\u544a\u3002\u4f46\u8b66\u65b9\u90fd\u9084\u6c92\u6293\u5230\u4eba\uff0c\u7acb\u59d4\u738b\u5b9a\u5b87\n\u537b\u5df2\u5728\u81c9\u66f8PO\u6587\uff0c\u6307\u8b66\u65b9\u67e5\u5230\u7684IP\u4f4d\u5740\u5e33\u865f\u5176\u5be6\u662f\u97d3\u7c89\uff01\n\n\u300c\u8001\u62db\u6578...\u4f60\u89ba\u5f97...\u9084\u6709\u7528\u55ce\uff1f\u300d\u738b\u5b9a\u5b87\u5728\u81c9\u66f8\u767c\u6587\uff0c\u6307\u8a72\u540d\u767c\u5e03\u5047\u6d88\u606f\u7684\u5e33\u865f\uff0c\u5728\nPTT\u7684\u5176\u4ed6\u767c\u6587\u90fd\u662f\u7a31\u8b9a\u97d3\u570b\u745c\u3001\u7f75\u8521\u82f1\u6587\u6216\u9ec3\u6377\uff0c\u76f4\u6307\u8a72\u5e33\u865f\u300c\u6839\u672c\u662f\u97d3\u7c89\u300d\uff1b\u8a72\u5247\u7559\n\u8a00\u5f15\u4f86\u7db2\u53cb\u6279\u8a55\u300c\u8acb\u60a8\u6709\u540c\u7406\u5fc3\u597d\u55ce\uff1f\u60a8\u9019\u7a2e\u4e5f\u53ef\u7576\u6c11\u610f\u4ee3\u8868\u5594\u300d\uff0c\u7d50\u679c\u738b\u5b9a\u5b87\u56de\u55c6\u300c\u9020\n\u8b20\u9084\u8981\u6c42\u540c\u7406\u5fc3\uff1f\u60a8\u662f\u95b1\u8b80\u969c\u7919\u9084\u662f\u5171\u72af\u7d50\u69cb\uff1f\u300d\u3002\nhttps://cdn2.ettoday.net/images/4343/d4343240.jpg\n\n\u9ad8\u96c4\u6c11\u9032\u9ee8\u8b70\u54e1\u9ad8\u9594\u7433\u4e5f\u6307\u51fa\uff0c\u300c\u540c\u4e00IP\u4e0d\u540c\u5e33\u865f\u767c\u8868\u4e4b\u6587\u7ae0\uff0c\u90fd\u662f\u9ed1\u8521\u82f1\u6587\u3001\u9ed1\u6c11\u9032\u9ee8\n\uff0c\u751a\u81f3\u9ed1\u67ef\u7684\u97d3\u7c89\u89d2\u5ea6\u300d\uff0c\u8981\u97d3\u570b\u745c\u548c\u97d3\u7af6\u7e3d\u63d0\u544a\u3001\u627c\u6b62\u589c\u6a13\u8b20\u8a00\uff0c\u540c\u6642\u81ea\u6e05\u3002\u300c\u5426\u5247\u6050\n\u6015\u53c8\u8ddf\u8ffd\u8e64\u5668\u4e8b\u4ef6\u4e00\u6a23\uff0c\u53c8\u662f\u81ea\u5c0e\u81ea\u6f14\u3001\u843d\u4eba\u53e3\u5be6\u300d\u3002\n\n\u5c0d\u6b64\uff0c\u8b66\u65b9\u8868\u793a\uff0c\u76ee\u524d\u67e5\u51fa\u8cbc\u6587\u8005\u7684IP\u4f4d\u5740\u662f\u5728\u5883\u5916\uff0c\u4f46\u4e0d\u6392\u9664\u767c\u6587\u8005\u662f\u5229\u7528\u300c\u8df3\u677f\u300d\u8f49\n\u63a5\uff0c\u4eba\u5176\u5be6\u662f\u5728\u53f0\u7063\uff0c\u8b66\u65b9\u76ee\u524d\u6b63\u5168\u529b\u8abf\u67e5\u4e2d\u3002\n\n\n\nETtoday\u653f\u6cbb | ETtoday\u65b0\u805e\u96f2\n https://www.ettoday.net/news/20190901/1526111.htm#ixzz5yFSzEWaS\n\n\n--\n\n--\n"}