{"ptt_id": "leon105", "post_url": "https://www.ptt.cc/bbs/Gossiping/M.1566261616.A.00A.html", "post_type": "\u65b0\u805e", "post_title": "\u8ac7\u5230\u97d3\u570b\u745c\u8207\u4faf\u53cb\u5b9c \u9ec3\u6690\u701a\u54fd\u54bd", "post_time": "2019-08-20 08:40:13", "post_score": -50, "post_pushes": [{"type": 0, "id": "deltarobot", "content": ": \u518d\u6f14\u554a"}, {"type": 0, "id": "jack21023", "content": ": \u9019\u4eba\u908f\u8f2f\u6709\u554f\u984c \u5e02\u653f\u505a\u7684\u597d\u95dc\u97d3\u5c41\u4e8b"}, {"type": 1, "id": "STi2011", "content": ": \u4ed6\u90fd\u81ea\u7206 \u96c6\u7d50\u6709\u5c41\u7528"}, {"type": -1, "id": "Tina741214", "content": ": \u5641"}, {"type": -1, "id": "danic", "content": ": \u54fd\u54bd???\u6709\u75c5???!!"}, {"type": -1, "id": "signm", "content": ": \u5e79\uff0c\u53c8\u54ed"}, {"type": -1, "id": "k33536", "content": ": \u5641\u5fc3 \u975e\u5e38\u5641\u5fc3"}, {"type": -1, "id": "haruka281", "content": ": \u97d3\u5c3e\u701a\u8214\u99ac\u4e0d\u6eff\u8db3 \u6539\u8214\u97d3"}, {"type": 0, "id": "jack21023", "content": ": \u97d3\u81ea\u5df1\u5e02\u653f\u662f\u6709\u505a\u5230\u5e02\u6c11\u6eff\u610f?"}, {"type": 0, "id": "otld", "content": ": \u9019\u4e5f\u662f\u500b\u6b7b\u5fe0\u97d3\u7c89"}, {"type": 0, "id": "Xceberus", "content": ": \u6232\u7cbe\u4e0a\u8eab \u97d3\u7c89"}, {"type": -1, "id": "g9911731", "content": ": \u97d3\u5c0e\u57ae\u4e86\uff0c\u4ed6\u8981\u53bb\u54ea"}, {"type": 0, "id": "polo5615", "content": ": \u90fd\u5df2\u7d93\u5167\u6230\u6210\u9019\u6a23 \u9084\u5e7b\u60f3"}, {"type": -1, "id": "WeGoYuSheng", "content": ": \u99ac\u5c3e\u97d3"}, {"type": 0, "id": "mury1414", "content": ": \u54ed\u5c41"}, {"type": -1, "id": "lgw2001", "content": ": \u4faf\u505a\u5f97\u597d\u95dc\u97d3\u5c41\u4e8b\uff1f"}, {"type": -1, "id": "ironaxe", "content": ": \u5927\u96e8\u6b7b\u4e86\u5e02\u6c11\u4e00\u6a23\u8d95\u9020\u52e2\uff0c\u4faf\u770b\u4e0d\u8d77\u4f60"}, {"type": -1, "id": "okwapblue", "content": ": \u7b49\u63db\u67f12.0\u4f60\u5c31\u53ef\u4ee5\u518d\u54ed\u4e00\u6b21\u4e86"}, {"type": 1, "id": "mury1414", "content": ": \u9084\u5728\u5e7b\u60f3\u4faf\u53cb\u5b9c\u6703\u633a\u8349\u5305 \u683c\u5c40\u6839\u672c\u4e0d\u540c"}, {"type": -1, "id": "rwhung", "content": ": \u4ed6\u73fe\u5728\u5df2\u7d93\u4e0d\u88dd\u4e86\uff0c\u771f\u97d3\u7c89"}, {"type": -1, "id": "FrankChaung", "content": ": \u54fd\u54bd\u500b\u8766\u7c73\u7897\u7cd5\u554a\uff1f\u5a92\u9ad4\u99ac\u56e7"}, {"type": 0, "id": "piggytrulli", "content": ": \u9ec3\u5148\u751f\u9577\u5f97\u4e00\u8868\u4eba\u624d\u600e\u9ebc\u90a3\u9ebc\u633a\u8349\u5305"}, {"type": 1, "id": "e20288", "content": ": \u4faf\u53cb\u5b9c\u662f\u9760\u81ea\u5df1\u62fc\u51fa\u4f86\u7684\uff0c\u8ddf\u672c\u4e0d\u7528\u9760\u97d3"}, {"type": 0, "id": "piggytrulli", "content": ": \u554a\uff1f\u6709\u639b\u55ce\uff1f"}, {"type": 0, "id": "eric999", "content": ": \u99ac\u5c3e\u6f22\u5df2\u7d93\u4e0d\u6f14\u4e86\uff0c\u76f4\u63a5\u6bd4\u9ee8\u5de5\u9084\u9ee8\u5de5\u3002"}, {"type": 0, "id": "qbaow", "content": ": \u4faf\u505a\u8d8a\u597d\u8d8a\u51f8\u986f\u97d3\u843d\u8dd1\u96e3\u770b \u7576\u7136\u4e0d\u7d66\u9762\u5b50\u554a"}, {"type": -1, "id": "okgod", "content": ": \u65b0\u5317\u5e02\u7684\u4e8b\u60c5\u767c\u751f\u5728\u9ad8\u96c4\u5e02\u4e0d\u77e5\u9053\u6703\u600e\u6a23"}, {"type": 1, "id": "fcupu", "content": ": \u5c3e\u6c57\u771f\u7684\u542b\u7684\u5f88\u6df1.....\u5509..."}, {"type": 1, "id": "k33536", "content": ": \u7334\u662f\u8c6c\u7684\u4eba \u4e0d\u53ef\u80fd\u626f\u4e0a\u9b5a"}, {"type": -1, "id": "salazopyrin", "content": ": \u54fd\u54bd\u4e09\u5c0f"}, {"type": 1, "id": "heyd", "content": ": \u8ab0\u554a \u51fa\u4f86\u88dd\u719f?"}, {"type": -1, "id": "poqwiuer", "content": ": \u54ed\u4ec0\u9ebc \u6709\u4ec0\u9ebc\u597d\u54ed\u7684"}, {"type": 0, "id": "linbsing", "content": ": \u7b54\u6848\u662f\u8349\u5305\u4e0d\u5920\u529b\u7576kmt\u8001\u5927 \u66f4\u4e0d\u6703\u8d0f"}, {"type": -1, "id": "STE23", "content": ": \u9019\u6a23\u4e5f\u8981\u54ed= ="}, {"type": -1, "id": "LEDG", "content": ": \u8096\u311f"}, {"type": -1, "id": "DrGun", "content": ": zzzzz"}, {"type": 1, "id": "liujd", "content": ": \u97d3\u570b\u745c\u79c1\u5fb7\u4e0d\u826f \u4faf\u53cb\u5b9c\u90a3\u7a2e\u500b\u6027\u4e0d\u53ef\u80fd\u652f\u6301"}, {"type": -1, "id": "voyhanxu", "content": ": \u524d\u99ac\u8ff7\u662f\u5728\u54fd\u54bd\u5e7e\u9ede\u7684\uff1f"}, {"type": -1, "id": "hellosoap", "content": ": \u54fd\u54bd\u500b\u5c41"}, {"type": 0, "id": "voyhanxu", "content": ": \u64d4\u5fc3\u5c31\u53eb\u99ac\u82f1\u4e5d\u518d\u62302020\u554a\uff01\u4e0d\u6562\u5594\uff1f"}, {"type": 0, "id": "wwf0322", "content": ": \u4e0d\u5fcd\u5653"}, {"type": -1, "id": "Vince1", "content": ": \u54ed\u5c41\u54ed"}, {"type": 1, "id": "ps124125288", "content": ": \u97d3\u73fe\u5728\u7684\u60c5\u6cc1\u4e00\u958b\u59cb\u5c31\u5728\u9810\u6599\u4e4b\u4e2d\u60f9"}, {"type": 0, "id": "bimmers0", "content": ": \u9ec3\u5927\u8a18\u8005\uff0c\u8a18\u4f4f\uff0c\u8001\u5916\u7701\u7279\u6b0a\u968e\u7d1a\uff0c\u662f\u7f6a"}, {"type": 0, "id": "bimmers0", "content": ": \u60e1\u3002\u61c2\uff1f"}, {"type": 0, "id": "bimmers0", "content": ": \u97d3\u9bad\u9b5a\u7684\u554f\u984c\u4e0d\u662f\u8349\u5305\uff0c\u662f\u7ba1\u5171\u3002"}, {"type": -1, "id": "kk8921647", "content": ": \u4faf\u53cb\u5b9c\u662f\u8b66\u5bdf\u80cc\u666f\u4f60\u53eb\u8b66\u5bdf\u53bb\u633a\u4e00\u500b.."}, {"type": 0, "id": "kk8921647", "content": ": .\uff0c\u7b11\u6b7b"}, {"type": 0, "id": "C8C8DHC", "content": ": \u54ed\u54ea\u4e00\u9ede\uff1f"}, {"type": 0, "id": "bimmers0", "content": ": *\u662f\u8214\u5171\u8207\u8aaa\u8b0a"}, {"type": 1, "id": "zaza1128", "content": ": \u5e02\u653f\u505a\u597d\u505a\u6eff\u5c31\u662f\u5728\u8b4f\u8af7\u97d3\u8981\u7576\u500b\u843d\u8dd1\u5e02"}, {"type": 0, "id": "vizjeco", "content": ": \u86e4 \u4e2d\u570b\u4eba\u5728\u54ed\u4e09\u5c0f"}, {"type": -1, "id": "asdftgbv3383", "content": ": \u73fe\u5728\u633a\u85cd\u7684\u662f\u4e0d\u662f\u6703\u7cbe\u795e\u932f\u4e82\u554a\uff1f"}, {"type": 0, "id": "bimmers0", "content": ": \u4faf\u53cb\u5b9c\uff0c\u81f3\u5c11\uff0c\u6211\u76f8\u4fe1\u4e0d\u6703\u633a\u4e00\u500b\u5927\u9a19\u5b50"}, {"type": 0, "id": "bimmers0", "content": ": \u3002"}, {"type": 0, "id": "asdftgbv3383", "content": ": \u50cf\u6628\u5929\u97d3\u5c0e\u611f\u8b1d\u7f8e\u570b"}, {"type": 1, "id": "hygen", "content": ": \u4f46\u662f\u6690\u7ff0\uff0c\u97d3\u7e3d\u6a5f\u7684\u65bd\u653f\u662f\u4eba\u4eba\u5e79\u8b59\uff0c\u4eba\u4eba\u5653"}, {"type": 0, "id": "hygen", "content": ": \u7206\u5462\uff01"}, {"type": 0, "id": "asdftgbv3383", "content": ": \u97d3\u7c89\u4e0d\u662f\u6700\u611b\u7f75\u7f8e\u570b\u571f\u532a\u55ce"}, {"type": -1, "id": "CAtJason", "content": ": \u8349\u5305\u771f\u7684\u4e0d\u6703\u8d0f\u55ce\uff1f\u5225\u592a\u6a02\u89c0\u5594"}, {"type": -1, "id": "zold", "content": ": \u4e2d\u6642\u55ce\uff1f\uff1f\uff1f \u770b\u6a19\u984c\u76f4\u63a5\u731c\u4e2d\u6642\uff5e\uff5e\uff5e\uff5e"}, {"type": 0, "id": "bimmers0", "content": ": \u633a\u85cd\u7684\u5594\uff1f\u963f\u4e0d\u5c31G8\u76849.25\uff1f"}, {"type": -1, "id": "Billowing", "content": ": \u4e2d\u5c4e\u62c9\u5c4e\u65e5\u5e38 \u5641\u81ed"}, {"type": 1, "id": "meredith001", "content": ": \u99ac\u8ff7\u67ef\u7cde\u73fe\u5728\u53c8\u8b8a\u97d3\u7c89\u4e86 \u8ddf\u67ef\u5171\u4e00\u6a23"}, {"type": 0, "id": "bimmers0", "content": ": \u4f60\u4ee5\u53f0\u7063\u70ba\u512a\u5148\u7684\u4eba\uff0c\u6216\u72d7\uff0c\u600e\u53ef\u80fd\u633a\u85cd"}, {"type": -1, "id": "eric112", "content": ": \u54ed\u4e09\u5c0f"}, {"type": 0, "id": "bimmers0", "content": ": \uff1f\uff01"}, {"type": 1, "id": "virginmary", "content": ": \u4ee5\u524d\u5728\u6316\u6316\u54c7\u9084\u883b\u559c\u6b61\u4ed6\u7684.\u73fe\u5728\u600e\u9ebc\u6703"}, {"type": 0, "id": "virginmary", "content": ": \u8b8a\u6210\u9019\u6a23......."}, {"type": 0, "id": "bimmers0", "content": ": 2020\uff0c\u4e00\u5b9a\u8981\u6d88\u6ec5H8\u5171\u72d7\uff5e"}, {"type": 0, "id": "ohmama100", "content": ": \u5641\u5fc3"}, {"type": 0, "id": "bimmers0", "content": ": *G8"}, {"type": 0, "id": "bimmers0", "content": ": 2020\u5927\u9078\u5f8c\uff0c\u4f60\u5404\u4f4d\u8acb\u8a18\u4f4f\uff0c\u6284\u6389\u5171\u5a92\uff0c"}, {"type": 0, "id": "bimmers0", "content": ": \u5305\u62ec\u4e2d\u5c4e"}, {"type": 0, "id": "zold", "content": ": \uff5e\uff5e\uff5e \u9078\u8209\u8001\u6232\u78bc\uff1a \u54ed\u54ed\u54ed\u54ed\u54ed \uff5e\uff5e\uff5e"}, {"type": 0, "id": "bimmers0", "content": ": \u53f0\u7063\u597d\u597d\u4e00\u500b\u7f8e\u9e97\u5cf6\uff0c\u5c31\u662f\u88ab\u570b\u5171\u5169\u9ee8\u5169"}, {"type": -1, "id": "kipi91718", "content": ": \u54fd\u54bd\u500b\u5c41"}, {"type": 0, "id": "bimmers0", "content": ": \u500b\u5c4e\u515a\u641e\u721b"}, {"type": 0, "id": "bimmers0", "content": ": 2020\u5927\u9078\uff0c\u4e00\u5b9a\u8981\u5277\u9664\u570b\u5171\u5c4e\u515a\uff01"}, {"type": 1, "id": "ftvs", "content": ": \u9019\u9ebc\u77ef\u60c5\u662f\u62ff\u4e86\u591a\u5c11\u597d\u8655"}, {"type": -1, "id": "soffi", "content": ": \uff1f\uff1f\uff1f"}, {"type": -1, "id": "paulkao", "content": ": \u5565\u5c0f\u5566 \u54fd\u54bd \u7b11\u6b7b\u4eba\u5594"}, {"type": 0, "id": "same01216", "content": ": \u6709\u5565\u597d\u54ed\u7684 \u77ef\u60c5"}, {"type": -1, "id": "liker1412", "content": ": \u4faf\u505a\u8d8a\u597d\u8d8a\u5c08\u5fc3\u5e02\u653f \u4ee3\u8868\u843d\u8dd1\u4ed4\u8d8a\u53ef\u7b11"}, {"type": -1, "id": "nysky", "content": ": \u9019\u9ebc\u6703\u54ed,\u4e0b\u6b21\u53bb\u99ac\u82f1\u4e5d\u548c\u97d3\u570b\u745c\u7684\u724c\u4f4d\u524d\u54ed"}, {"type": 0, "id": "oops66", "content": ": \u5641\u5fc3 \u54fd\u54bd\u500b\u5c41"}, {"type": -1, "id": "ssonlyu", "content": ": \u932f\u5b57\u5be6\u5728\u5f88\u591a"}, {"type": 0, "id": "fonzae", "content": ": \u5404\u4f4d\u53c8\u8981\u88ab\u5e36\u98a8\u5411\u4e86\uff0c\u9019\u500b\u76f4\u64ad\u662f\u9ec3\u63d0\u5230\u4faf"}, {"type": 0, "id": "fonzae", "content": ": \u6709\u4ef6\u8eca\u798d\uff0c\u4faf\u4e0b\u4ee4\u5fb9\u8fa6\u800c\u773c\u7d05\uff0c\u5176\u5b83\u5730\u65b9\u6839"}, {"type": 0, "id": "fonzae", "content": ": \u672c\u6c92\u54fd\u56a5"}, {"type": 1, "id": "conanhide", "content": ": \u9019\u4f4d\u5c31\u8ddf\u80e1\u5e7c\u5049\u5b6b\u5927\u5343\u4e00\u6a23"}, {"type": 0, "id": "fonzae", "content": ": \u4e2d\u6642\u6839\u672c\u62ff\u90e8\u4efd\u7247\u6bb5\u786c\u8981\u8ddf\u97d3\u626f\u4e0a\uff0c\u53e6\u4e00\u500b"}, {"type": 0, "id": "fonzae", "content": ": \u6558\u8ff0\u4e5f\u662f\u92fc\u94354\u7684\u82f1\u96c4\u805a\u96c6\uff0ckmt\u73fe\u5728\u56db\u5206\u4e94"}, {"type": 0, "id": "fonzae", "content": ": \u88c2\u7684\u9078\u8209\u5206\u6790"}, {"type": 0, "id": "fonzae", "content": ": \u5982\u679c\u627e\u4e2d\u6642\u7684\u908f\u8f2f\uff0c\u5927\u6982\u4e00\u5806\u4eba\u90fd\u8b93\u9ec3\u54fd\u56a5"}, {"type": 0, "id": "fonzae", "content": ": \u4e86"}, {"type": -1, "id": "AustinRivers", "content": ": \u6f14\u4ec0\u9ebc\u6232 \u666f\u5e73\u8def\u721b\u5341\u5e7e\u5e74\u4e86 \u5e38\u5e38\u90fd"}, {"type": 0, "id": "AustinRivers", "content": ": \u6392\u65b0\u5317\u9ad8\u4e8b\u6545\u7684"}, {"type": -1, "id": "Monta", "content": ": \u9019\u4eba\u5f88\u5047"}, {"type": 0, "id": "AustinRivers", "content": ": \u9084\u6709 \u53bb\u4f60\u7684\u5927\u6f22\u6a4b \u4ec0\u9ebc\u6642\u5019\u624d\u6703\u641e"}, {"type": 0, "id": "AustinRivers", "content": ": \u597d\u554a"}, {"type": -1, "id": "f22882166", "content": ": \u795e\u908f\u8f2f"}, {"type": -1, "id": "zold", "content": ": \uff5e\uff5e\uff5e\uff5e\uff5e\u5047\u60fa\u60fa\u4f5c\u614b\uff0c\u4eba\u6027\uff5e\uff5e\uff5e\uff5e\uff5e"}, {"type": 0, "id": "Moratti", "content": ": \u4f60\u771f\u7684\u5f88\u6709\u6232 \u53ef\u60dc\u51fa\u751f\u4e0d\u597d \u4e0d\u7136\u5728\u9ee8\u5167"}, {"type": 0, "id": "Moratti", "content": ": \u4e00\u5b9a\u80fd\u722c\u5f97\u66f4\u9ad8"}, {"type": 0, "id": "Moratti", "content": ": \u5047\u63b0\u85cd\u7684\u4ee3\u8868 \u6b7b\u5fe0\u99ac\u8ff7"}, {"type": -1, "id": "oxoxx", "content": ": \u4ea1\u9ee8\u724c\uff1f"}, {"type": -1, "id": "torukumato", "content": ": \u5f88\u597d\u5947\u4ed6\u5c0f\u5b69\u600e\u9ebc\u770b\u5f85\u81ea\u5df1\u7684\u7238\u7238www"}, {"type": 1, "id": "hwyi", "content": ": \u91cd\u9ede\u662f\u97d3\u7684\u5e02\u653f\u8981\u505a\u597d\uff0c\u4e0d\u662f\u6574\u5929\u60f3\u9078\u8209?"}, {"type": -1, "id": "flare5566", "content": ": \u4faf\u90fd\u5207\u5272\u6210\u9019\u6a23\u4e86\u9084\u5728\u5984\u60f3"}, {"type": -1, "id": "kukuma", "content": ": \u5614\u5614\u5614\u5614\u5614\u5614\u5614\u5614\u5614\u5614\u5614\u5614\u5614\u5614\u5614\u5614\u5614"}, {"type": 1, "id": "dingading", "content": ": \u99ac\u8ff7\u67ef\u7c89"}, {"type": -1, "id": "jack8759", "content": ": ....."}, {"type": -1, "id": "hammers", "content": ": \u54fd\u54fd\u54fd\u54fd~"}, {"type": -1, "id": "sunina77", "content": ": \u54fd\u54bd\u2026"}, {"type": -1, "id": "demitri", "content": ": \u597d\u4e86\u5566"}, {"type": -1, "id": "koxinga", "content": ": \u97d3\u7c89\u8a8d\u8b49"}, {"type": -1, "id": "lauver", "content": ": \u54ed\u5c41"}, {"type": -1, "id": "coastlinee", "content": ": \u8d85\u5641\u5fc3\u7684"}, {"type": -1, "id": "dddc", "content": ": \u5641\u5fc3\u99ac\u8ff7"}, {"type": -1, "id": "bala73", "content": ": \u4ed6\u5abd\u7684\u5230\u5e95\u5728\u516c\u4e09\u5c0f\u5c41\u8a71"}, {"type": -1, "id": "hundal", "content": ": \u667a\u8ce2\u540c\u8def\u4eba"}, {"type": -1, "id": "mayfifth", "content": ": \u5641\u5fc3"}, {"type": 0, "id": "k2450", "content": ": \u75c5\u7684\u597d\u56b4\u91cd"}, {"type": 0, "id": "innuendo3324", "content": ": \u6709\u5920\u77ef\u60c5"}, {"type": -1, "id": "sanders", "content": ": \u525b\u597d\u76f8\u53cd \u4faf\u505a\u5f97\u597d\u66f4\u51f8\u986f\u97d3\u662f\u843d\u8dd1\u7121\u5fc3\u5e02"}, {"type": 1, "id": "cheer67", "content": ": \u53c8\u5728\u54ed\u4e09\u5c0f\uff5e\uff5e\uff5e"}, {"type": 1, "id": "GGL", "content": ": \u807d\u8aaa\u9019\u500b\u4eba\u534a\u5e74\u524d\u662f\u516b\u5366\u677f\u7684\u7cbe\u795e\u6307\u6a19"}, {"type": -1, "id": "OoJudyoO", "content": ": \u5230\u5e95\u5728\u5e79\u561b"}, {"type": -1, "id": "Daz2005i", "content": ": \u5614\u5614\u5614\u5614\u5614\u5614\u5614\u5614"}, {"type": -1, "id": "ss70239ss", "content": ": \u300c\u8b93\u90ed\u53f0\u9298\u7b49\u6240\u6709\u4eba\u8aa0\u5fc3\u8aa0\u610f\u652f\u6301\u300d\u8acb"}, {"type": 0, "id": "ss70239ss", "content": ": \u554f\u4f55\u5fb7\u4f55\u80fd\uff1f"}, {"type": -1, "id": "ss70239ss", "content": ": \u97d3\u9760\u81ea\u5df1\u7684\u5c41\u773c\u9078\u9084\u6bd4\u8f03\u5bb9\u6613\u7576\u9078"}, {"type": 1, "id": "MiaoChing", "content": ": \u54fd\u54bd\u8ddf\u4faf\u97d3\u6709\u4ec0\u9ebc\u95dc\u4fc2\uff1f"}, {"type": -1, "id": "e86117934", "content": ": = ="}, {"type": 0, "id": "chris133", "content": ":  https://i.imgur.com/bv0h0zJ.jpg"}, {"type": -1, "id": "nakomone", "content": ": \u54ed\u5565\u9ad8\u96c4\u5e02\u6c11\u7684\u707d\u60c5\u4f60\u90fd\u6c92\u54ed"}, {"type": -1, "id": "asizi", "content": ": \u5171\u4e09\u5c0f\uff0c\u666f\u5e73\u8def\u6574\u5929\u5728\u65bd\u5de5\u624d\u5bb9\u6613\u51fa\u4e8b\uff0c\u9019"}, {"type": 0, "id": "asizi", "content": ": \u5c31\u5e02\u9577\u7684\u934b\u9084\u67e5\u8fa6\u4e0b\u5c6c\u52d2"}, {"type": -1, "id": "czm0411", "content": ": \u54ed\u4e09\u5c0f\uff1f"}, {"type": -1, "id": "MW1220", "content": ": \u5641\u5fc3\u7684\u50a2\u4f19"}, {"type": -1, "id": "maskon", "content": ": \u5e7e\u500b\u6708\u524d\u9084\u5728\u558a\u97d3\u570b\u745c\u5c4c\u6253\uff0c\u73fe\u5728\u52d2(\u7b11"}, {"type": -1, "id": "ronale1104", "content": ": \u8b93\u6240\u6709\u4eba\u652f\u6301\u6703\u8d0f\uff0c\u662f\u5728\u8aaa\u5565\u5e79\u8a71"}, {"type": -1, "id": "xamous", "content": ": \u5641\u5fc3"}, {"type": 0, "id": "yhong", "content": ": \u5feb\u9b3c\u9580\u95dc\u4e86\u8a18\u5f97\u56de\u53bb\u963f"}, {"type": -1, "id": "SnakeO", "content": ": \u9019\u6709\u751a\u9ebc\u597d\u54fd\u54bd\u7684????"}, {"type": -1, "id": "xiaoyu", "content": ": \u9663\u524d\u54ed\u8a34\u4e0d\u5409\u5229\u554a"}, {"type": -1, "id": "beric", "content": ": \u53c8\u4f86? \u6700\u8fd1\u597d\u50cf\u5f88\u5e38\u54ed\u8036"}, {"type": -1, "id": "imhideji", "content": ": \u54ed\u4e09\u5c0f"}, {"type": 1, "id": "mhlee", "content": ": \u53eb\u4faf\u505a\u7684\u597d\u4f86\u62c9\u62ac\u4e00\u500b\u721b\u4eba \u4f60\u6709\u4e8b\u55ce\uff1f"}, {"type": -1, "id": "funkyfly", "content": ": 9.2\u9084\u4e0d\u591a\u4f86\u88dc\u8840 \u7406\u6027\u4e2d\u7acb\u8036"}, {"type": 0, "id": "gwenwoo", "content": ":  \u8349\u5305\u7121\u6575/\u7fd2\u4e0b\u97d3\u4e0a/\u975e\u97d3\u4e0d\u6295/\u5bbf\u9189\u795e\u96b1"}], "post_ip": "220.132.62.62", "post_content": "\n1.\u5a92\u9ad4\u4f86\u6e90:\n\u4e2d\u6642\n\n\n2.\u8a18\u8005\u7f72\u540d\n\u4e01\u4e16\u5091\n\n\n3.\u5b8c\u6574\u65b0\u805e\u6a19\u984c:\n\u8ac7\u5230\u97d3\u570b\u745c\u8207\u4faf\u53cb\u5b9c \u9ec3\u6690\u701a\u54fd\u54bd\n\n\n4.\u5b8c\u6574\u65b0\u805e\u5167\u6587:\n\u5c0d\u65bc\u65b0\u5317\u5e02\u9577\u4faf\u53cb\u5b9c\u672a\u63a5\u4efb\u97d3\u570b\u745c\u65b0\u5317\u5e02\u7af6\u9078\u7e3d\u90e8\u4e3b\u59d4\uff0c\u8cc7\u6df1\u5a92\u9ad4\u4eba\u9ec3\u6690\u701a\u8a8d\u70ba\uff0c\u4faf\u53cb\u5b9c\n\u52aa\u529b\u505a\u597d\u5e02\u653f\uff0c\u65b0\u5317\u5e02\u6c11\u5c0d\u4ed6\u8d8a\u6eff\u610f\uff0c\u97d3\u570b\u745c\u7684\u7968\u5c31\u6703\u8d8a\u591a\uff0c\u6709\u4ec0\u9ebc\u597d\u8cac\u5099\u7684\uff1f\u9ec3\u6690\u701a\u4e5f\n\u54fd\u54bd\u4ee5\u4faf\u53cb\u5b9c\u7684\u65bd\u653f\u8209\u4f8b\uff0c\u5e02\u6c11\u6703\u628a\u4faf\u7576\u83e9\u85a9\uff0c\u5230\u6642\u4faf\u53cb\u5b9c\u5728\u6700\u5f8c\u6642\u523b\u652f\u6301\u97d3\u570b\u745c\uff0c\u529b\u91cf\n\u53cd\u800c\u6703\u66f4\u5927\uff01\n\n\u9ec3\u6690\u701a\u57288\u670819\u65e5\u76f4\u64ad\u8868\u793a\uff0c\u4faf\u53cb\u5b9c\u66fe\u55c6\u8521\u7e3d\u7d71\uff0c\u300c\u7e3d\u7d71\uff0c\u4e0b\u6b21\u59b3\u4f86\u62da\u9078\u8209\u7684\u6642\u5019\uff0c\u6b79\u52e2\n\uff0c\u6211\u7d55\u5c0d\u4e0d\u966a\u59b3\uff0c\u4f46\u662f\u59b3\u4f86\u62da\u5efa\u8a2d\u7684\u5f8c\uff0c\u6211\u7d55\u5c0d\u966a\u59b3\u300d\uff0c\u537b\u6c92\u6709\u6279\u8a55\u97d3\u570b\u745c\uff0c\u96d6\u7136\u73fe\u5728\u4e26\n\u6c92\u6709\u7b54\u61c9\u7576\u97d3\u570b\u745c\u65b0\u5317\u7af6\u9078\u7e3d\u90e8\u4e3b\u59d4\uff0c\u8ddf\u4faf\u53cb\u5b9c\u5e6b\u4e0d\u5e6b\u97d3\u570b\u745c\u8f14\u9078\u6216\u662f\u4e0d\u652f\u6301\u97d3\u570b\u745c\uff0c\u4e26\n\u4e0d\u662f\u300c\u7b49\u865f\u300d\uff01\n\n\u4e0d\u904e\uff0c\u9ec3\u6690\u701a\u8868\u793a\uff0c\u9019\u57fa\u672c\u4e0a\u662f\u8b66\u8a0a\uff0c\u9ec3\u8a8d\u70ba\uff0c\u5230\u76ee\u524d\u70ba\u6b62\uff0c\u97d3\u570b\u745c\u6703\u8d0f\u5f97\u5927\u9078\u7684\u6a5f\u7387\u4f4e\n\u65bc\u8521\u82f1\u6587\u3002\n\n\u5c0d\u65bc\u6709\u7db2\u53cb\u8cea\u7591\uff0c\u5982\u679c\u662f\u6731\u7acb\u502b\u521d\u9078\u52dd\u51fa\uff0c\u4faf\u53cb\u5b9c\u6703\u62d2\u7d55\u51fa\u4efb\u65b0\u5317\u7af6\u9078\u7e3d\u90e8\u4e3b\u59d4\u55ce\uff1f\u9ec3\u6690\n\u701a\u4e5f\u56de\u61c9\uff0c\u5982\u679c\u662f\u6731\u7acb\u502b\uff0c\u4faf\u53cb\u5b9c\u53ef\u80fd\u5c31\u8df3\u4e0b\u53bb\u7576\u4e3b\u59d4\uff0c\u4f46\u6731\u7acb\u502b\u683d\u57f9\u4faf\u53cb\u5b9c8\u5e74\uff0c\u6700\u5f8c\n\u628a\u65b0\u5317\u5e02\u9577\u4f4d\u5b50\u4ea4\u68d2\u7d66\u4faf\u53cb\u5b9c\uff0c\u97d3\u570b\u745c\u6709\u55ce\uff1f\u653f\u6cbb\u672c\u4f86\u5c31\u6709\u89aa\u758f\u9060\u8fd1\u3002\n\n\u53e6\u5916\uff0c\u4faf\u53cb\u5b9c\u4e0d\u51fa\u4efb\u65b0\u5317\u7af6\u9078\u7e3d\u90e8\u4e3b\u59d4\uff0c\u7b49\u4e0d\u7b49\u65bc\u4e0d\u652f\u6301\u97d3\u570b\u745c\uff1f\u81f3\u5c11\u4faf\u53cb\u5b9c\u6c92\u53bb\u652f\u6301\u8521\n\u82f1\u6587\u5427\uff1f\u9ec3\u6690\u701a\u66f8\uff0c\u300c\u611b\u8207\u5305\u5bb9\u300d\u662f\u8981\u8b93\u529b\u91cf\u66f4\u5927\u3001\u6c11\u8abf\u66f4\u9ad8\uff0c\u97d3\u570b\u745c\u9078\u8d0f\u8981\u9760\u5be6\u529b\uff0c\u4e0d\n\u662f\u9760\u8cc7\u6b77\uff0c\u4e0d\u80fd\u56e0\u70ba\u88ab\u570b\u6c11\u9ee8\u63d0\u540d\u5c31\u8981\u6c42\u6bcf\u500b\u4eba\u90fd\u8981\u633a\u3002\n\n\u9ec3\u6690\u701a\u5f37\u8abf\uff0c\u5927\u5bb6\u5e0c\u671b\u97d3\u570b\u745c\u9078\u8d0f\uff1f\u9084\u662f\u5e0c\u671b\u9084\u570b\u745c\u5728\u9ee8\u5167\u7576\u8001\u5927\u3001\u6700\u5f8c\u6c92\u9078\u8d0f\uff1f\n\n\u9ec3\u6690\u701a\u66f4\u793a\u8b66\uff0c\u52308\u670819\u65e5\u70ba\u6b62\uff0c\u97d3\u570b\u745c\u660e\u5e74\u9078\u8d0f\u6a5f\u7387\u7d55\u5c0d\u4e0d\u523050\uff05\uff0c\u800c\u4e14\u770b\u8d77\u4f86\u6a5f\u7387\u8d8a\n\u4f86\u8d8a\u4f4e\uff0c\u9664\u4e86\u6c11\u8abf\u4e4b\u5916\uff0c\u53cb\u8ecd\u4e26\u6c92\u6709\u8d8a\u4f86\u8d8a\u58ef\u5927\uff01\n\n\u9ec3\u8209\u300a\u5fa9\u4ec7\u8005\u806f\u76df4\u300b\u70ba\u4f8b\uff0c\u8981\u96c6\u7d50\u554a\uff01\u8981\u8b93\u6240\u6709\u4eba\u56de\u4f86\u554a\uff01\u97d3\u570b\u745c\u73fe\u5728\u5c31\u662f\u9700\u8981\u5927\u96c6\u7d50\n\uff0c\u4e0d\u662f\u8d95\u8d70\u4eba\uff01\n\n\u9ec3\u6690\u701a\u4e5f\u54fd\u54bd\u8209\u4f8b\uff0c\u65b0\u5317\u5e02\u4e2d\u548c\u5340\u666f\u5e73\u8def6\u670829\u65e5\u66fe\u767c\u751f\u8eca\u798d\uff0c1\u70ba30\u6b72\u6a5f\u8eca\u9a0e\u58eb\u4e0d\u5e78\u904e\u4e16\n\uff0c7\u670830\u65e5\u958b\u9053\u5b89\u6703\u5831\uff0c\u4faf\u53cb\u5b9c\u62cd\u684c\u5927\u7f75\u4ea4\u901a\u5927\u968a\u5f8c\uff0c\u59cb\u5c07\u76f8\u95dc\u4eba\u58eb\u51fd\u9001\u6aa2\u5bdf\u7f72\u5075\u8fa6\u3002\u9a0e\n\u58eb\u7684\u7236\u6bcd\u5beb\u4fe1\u611f\u8b1d\u4faf\u53cb\u5b9c\uff0c\u9ec3\u6690\u701a\u8aaa\u9019\u5c31\u662f\u4eba\u6027\uff0c\u9019\u5c31\u662f\u5e02\u653f\uff0c\u4ee5\u5f8c\u9a0e\u58eb\u7684\u5bb6\u4eba\u90fd\u6703\u652f\u6301\n\u4faf\u53cb\u5b9c\uff0c\u4faf\u53cb\u5b9c\u5c31\u662f\u4ed6\u5011\u7684\u83e9\u85a9\u3002\n\n\u9ec3\u6690\u701a\u793a\u8b66\uff0c\u8981\u9762\u5c0d\u73fe\u5be6\uff0c\u8981\u9762\u5c0d\u554f\u984c\uff0c\u97d3\u570b\u745c\u8981\u5f9e\u81ea\u5df1\u505a\u8d77\u3002\u6b64\u523b\u7684\u97d3\u570b\u745c\uff0c\u53ef\u80fd\u8d0f\u4e0d\n\u4e86\u8521\u82f1\u6587\uff01\u56e0\u70ba\uff0c\u4ec7\u6068\u6050\u61fc\u7684\u529b\u91cf\u662f\u5927\u65bc\u5e0c\u671b\u7684\uff01\n\n\u9ec3\u6690\u701a\u5efa\u8b70\uff0c\u5982\u679c\u97d3\u570b\u745c\u80fd\u5920\u8b93\u90ed\u53f0\u9298\u7b49\u6240\u6709\u4eba\u8aa0\u5fc3\u8aa0\u610f\u652f\u6301\uff0c\u76f8\u4fe1\u4faf\u53cb\u5b9c\u9084\u662f\u9858\u610f\u7576\u7af6\n\u9078\u7e3d\u90e8\u4e3b\u59d4\uff0c\u5230\u6642\u5019\u529b\u91cf\u53cd\u800c\u66f4\u5927\uff01\n\n\n5.\u5b8c\u6574\u65b0\u805e\u9023\u7d50 (\u6216\u77ed\u7db2\u5740):\nhttps://www.chinatimes.com/realtimenews/20190820000010-260407?chdtv\n\n--\n"}