{"ptt_id": "MatheFuck", "post_url": "https://www.ptt.cc/bbs/Gossiping/M.1566712208.A.7E0.html", "post_type": "\u554f\u5366", "post_title": "\u80a5\u5b85\u516b\u65b9\u96f2\u96c6\u934b\u8cbc15\u9846 \u53ca\u683c\u55ce\uff1f", "post_time": "2019-08-25 13:50:01", "post_score": -10, "post_pushes": [{"type": -1, "id": "a35715987", "content": ": \u592a\u5c11"}, {"type": 0, "id": "cattgirl", "content": ": \u592a\u80a5"}, {"type": -1, "id": "estupid", "content": ": \u97ed\u83dc\u5641\u5fc3"}, {"type": -1, "id": "whiteadam", "content": ": \u592a\u591a"}, {"type": -1, "id": "KCKCLIN", "content": ": = =\u5c11\u8aaa20\u9846\u8d77\u8df3\u597d\u55ce \u5ae9"}, {"type": 0, "id": "wvwvwvwvwv", "content": ": \u4e3b\u9910\u5462?"}, {"type": 1, "id": "JustinB", "content": ": \u592a\u5c11\u4e86\u5427 \u81f3\u5c1120\u9846+\u6e6f+\u8c46\u6f3f"}, {"type": 0, "id": "gigi030507", "content": ": \u592a\u5c11 \u6efe\u62c9 \u5e79 \u9019\u6839\u672c\u662f\u524d\u83dc\u800c\u5df2"}, {"type": 0, "id": "wang1b", "content": ": \u9019\u5565\u5c0f"}, {"type": 0, "id": "KCKCLIN", "content": ": \u53ea\u662f\u80a5\u4f46\u6c92\u5230\u9054\u80a5\u5b85\u9580\u6abb OK?"}, {"type": 1, "id": "ian115", "content": ": \u6211\u6700\u7626\u7684\u6642\u5019\u90fd\u80fd\u540330\u9846= ="}, {"type": 0, "id": "abian", "content": ": \u4e00\u6b21\u5403\u592a\u591a\u597d\u81a9.."}, {"type": 0, "id": "gigi030507", "content": ": \u73fe\u5728\u9084\u6709\u5bd2\u5929\u7d05\u8336 \u8a18\u5f97\u52a0\u50f9\u8cfc"}, {"type": -1, "id": "PantheraLeo", "content": ": \u4e1f\u81c9"}, {"type": 0, "id": "cattgirl", "content": ": \u56db\u6d77\u6bd4\u8f03\u597d\u3118\u02c9"}, {"type": 0, "id": "PttXiangMing", "content": ": \u5ae9"}, {"type": 0, "id": "ian115", "content": ": \u4e0d\u904e\u6c92\u6709\u6e6f\uff0c\u52a0\u4e00\u676f\u624b\u6416\u56de\u5bb6\u559d"}, {"type": -1, "id": "butmyass", "content": ": \u6240\u4ee5\u4f60\u8981\u554f\u4e09\u5c0f\u5366?"}, {"type": -1, "id": "cliff880528", "content": ": \u4e1f\u81c9"}, {"type": 0, "id": "GGrunrundela", "content": ": \u53ef\u6190...\u6e1b\u80a5\u9910\u5c31\u5225po\u310c\u5e79"}, {"type": -1, "id": "OyAlbert", "content": ": \u9019\u9ebc\u5c11\u9084\u6562po\u4e0a\u4f86\uff0cdiu\u80a5\u5b85\u81c9"}, {"type": -1, "id": "momoispig", "content": ": \u3118\u9019\u9ebc\u5c11 \u9084\u6562\u81ea\u7a31\u80a5\u5b85"}, {"type": 0, "id": "kino056", "content": ": \u592a\u5c11 \u516b\u5366\u773e\u80a5\u8868\u793a\u9119\u8996"}, {"type": 0, "id": "showdoggy", "content": ": \u4f86\u516b\u5366\u6700\u5c11\u4e5f\u898140\u9846"}, {"type": 1, "id": "e34l892", "content": ": \u9019\u662f\u7626\u5f31\u5b85\u5403\u7684\u4efd\u91cf"}, {"type": -1, "id": "a27588679", "content": ": \u6c92100\u9846\u5225\u81ea\u7a31\u80a5\u5b85"}, {"type": -1, "id": "EXGG", "content": ": \u4e1f\u81c9 \u5653 \u9084\u662f\u751f\u75c5\u310c"}, {"type": 1, "id": "silentknight", "content": ": Brook\u52a0\u6cb9\u597d\u55ce"}, {"type": 1, "id": "Workforme", "content": ": \u56de\u53bb\u7df4\u904e \u4e0d\u8981\u51fa\u4f86\u4e1f\u4eba\u73fe\u773c\u597d\u55ce Q___Q"}, {"type": 0, "id": "sky568127", "content": ": \u662f\u751f\u75c5\u55ce\uff1f\u5403\u9019\u9ebc\u5c11"}, {"type": -1, "id": "industrialld", "content": ": \u81f3\u5c1150\u597d\u55ce"}, {"type": 0, "id": "zxcv7892341", "content": ": \u5ee2"}, {"type": 0, "id": "kingianlin", "content": ": \u9019\u6b63\u5e38\u4eba\u809a\u5b50\u9913\u7684\u98df\u91cf\u597d\u55ce\uff1f"}, {"type": -1, "id": "eayterrr", "content": ": \u6709\u5920\u5c11 = ="}, {"type": 0, "id": "hilemon", "content": ": \u8178\u80c3\u708e\u4e86\u55ce \u98df\u617e\u9019\u9ebc\u5dee"}, {"type": 0, "id": "buslover", "content": ": 15\u500b\u4e5f\u6562\u81ea\u7a31\u80a5\u5b85\uff1f\u6709150\u500b\u518d\u4f86\u8aaa"}, {"type": -1, "id": "wbreeze", "content": ": \u592a\u5c11 \u4ee5\u5f8c\u518d\u8e0f\u9032\u516b\u5366\u677f \u6211\u770b\u4e00\u6b21\u5618\u4e00\u6b21"}, {"type": 0, "id": "rapnose", "content": ": 50\u9846\u7684\u90fd\u4e0d\u6562\u81ea\u7a31\u80a5\u5b85\u4e86\u2026\u2026"}, {"type": 1, "id": "hikaru77613", "content": ": \u934b\u8cbc\u5f88\u6cb9\uff0c\u6c34\u9903\u6bd4\u8f03\u597d"}, {"type": -1, "id": "BBQ2591", "content": ": \u624d15\u9846 \u96f6\u5206"}, {"type": 1, "id": "enigmabp", "content": ": 15\u9846\u525b\u597d"}, {"type": -1, "id": "Illyacow", "content": ": \u9019\u662f\u666e\u901a\u4eba\u7684\u98df\u91cf\u5427\uff1f"}, {"type": 1, "id": "holiybo", "content": ": \u53c8\u80a5\u53c8\u6cb9\u53c8\u5403\u4e0d\u5230\u5565 cp\u8d85\u4f4e"}, {"type": -1, "id": "cynthiajul", "content": ": \u624d15\u9846"}, {"type": -1, "id": "Reznov", "content": ": \u96a8\u4fbf\u5403\u90fd30\u9846\u4ee5\u4e0a"}], "post_ip": "39.10.1.149", "post_content": "\n\n\u80a5\u5b85\u6211\u4f86\u5403\u516b\u65b9\u96f2\u96c6\uff0c\n\u4e00\u500b\u4eba\uff0c\n\u8fa3\u5473\u934b\u8cbc8\u97ed\u83dc\u934b\u8cbc7\uff0c\n\u7389\u7c73\u6fc3\u6e6f\u4e00\u7897\uff0c\n\u9019\u6a23\u4e00\u5171105\uff0c\nhttp://i.imgur.com/1Uvku6l.jpg\n\u9019\u4efd\u91cf\u6211\u6709\u53ca\u683c\u55ce\uff1f\n\u73fe\u5728\u6253\u55dd\u90fd\u662f\u97ed\u83dc\u5473\uff0c\u597d\u723d\uff01\n\n--\n1124\u6557\u9078\u5f8c\uff0c\u6eff\u6eff\u7684\u611f\u8b1d~\nhttps://i.imgur.com/G0SqEl8.jpg\n\n\u611f\u8b1d\u611f\u8b1d\u518d\u611f\u8b1d~\n\u8b19\u5351\u8b19\u5351\u518d\u8b19\u5351~\n\n--\n"}