{"ptt_id": "springfeel", "post_url": "https://www.ptt.cc/bbs/Gossiping/M.1563781650.A.D03.html", "post_type": "\u554f\u5366", "post_title": "\u662f\u6b50\u7f8e\u4eba\u81bd\u5b50\u592a\u5927 \u9084\u662f\u4e9e\u6d32\u4eba\u592a\u5b6c  ", "post_time": "2019-07-22 15:47:28", "post_score": 6, "post_pushes": [{"type": 1, "id": "Ericz7000", "content": ": \u5c04\u7cbe"}, {"type": -1, "id": "meicon5566", "content": ": \u4e94\u6a13\u90fd\u908a\u8df3\u5098\u908a\u81ea\u809b"}, {"type": 0, "id": "OrzOGC", "content": ": \u6975\u9650\u904b\u52d5\u73a9\u5bb6\u4e0d\u90fd\u9019\u6a23"}, {"type": 1, "id": "twmarstw7758", "content": ": \u6bcf\u5e74\u90fd\u6b7b\u5f88\u591a\u73a9\u6975\u9650\u904b\u52d5\u7684"}, {"type": -1, "id": "miacp", "content": ": \u4e2d\u570b\u90a3\u90fd\u4e0d\u7d81\u7e69\u76f4\u63a5\u8df3\u6b38"}, {"type": 0, "id": "milkwind", "content": ": \u6709\u6c92\u6709\u8df3\u4e0b\u53bb\u5bb3\u6015\u5fd8\u4e86\u62c9"}, {"type": 1, "id": "hayate232", "content": ": \u7279\u6230\u5098\u5175:\u6069\u54fc?"}, {"type": 0, "id": "hayate232", "content": ": \u8aaa\u771f\u7684 \u5098\u5175\u6bd4\u9019\u7a2e\u9ad8\u7a7a\u81ea\u62c9\u5098\u9084\u5b89\u5168"}, {"type": 0, "id": "hayate232", "content": ": \u4e0d\u80fd\u4fdd\u8b49 100%\u5b89\u5168\uff0c\u81f3\u5c11\u6bd4\u4f8b\u4e0a"}, {"type": 0, "id": "hayate232", "content": ": \u81ea\u62c9\u5098\u771f\u7684\u51fa\u4e8b\u6bd4\u8f03\u591a"}, {"type": 1, "id": "harden5566", "content": ": \u9760\u5317\u6a13\u4e0a\u5e79\u561b\u81ea\u5df1\u63a8\u7ffb\u81ea\u5df1"}, {"type": 1, "id": "darkbrigher", "content": ": \u6b50\u6d32\u4eba\u5c31\u662f\u6562\u73a9\u624d\u6703\u6709\u5927\u822a\u6d77"}, {"type": 0, "id": "darkbrigher", "content": ": \u9023\u822a\u8def\u90fd\u4e0d\u77e5\u9053 \u9760\u50b3\u8aaa\u731c\u7684\u5c31\u6562\u51fa\u6d77"}, {"type": 0, "id": "darkbrigher", "content": ": \u4e2d\u570b\u4eba\u9084\u5728\u7236\u6bcd\u5728\u4e0d\u9060\u904a"}, {"type": 1, "id": "soulboy330", "content": ": \u6975\u9650\u8df3\u5098\u6bd4\u5098\u5175\u5371\u96aa"}, {"type": 0, "id": "springfeel", "content": ": \u6211\u770b\u5b8c\u624b\u5fc3\u90fd\u662f\u6c57 \u9053\u5730\u4e9e\u6d32\u4eba"}, {"type": 0, "id": "soulboy330", "content": ": \u4e0d\u904e\u795e\u9f8d\u5c0f\u7d44\u597d\u50cf\u6709\u4e00\u7a2e\u9ad8\u7a7a\u8df3 \u7136\u5f8c"}, {"type": 0, "id": "soulboy330", "content": ": \u4f4e\u7a7a\u4e00\u5b9a\u9ad8\u5ea6\u624d\u6253\u958b\u7684\u90a3\u7a2e \u90a3\u500b \u4e5f\u5f88"}, {"type": 1, "id": "hu6111", "content": ": \u6b7b\u6389\u7684\u4f60\u6709\u7b97\u904e\u55ce"}, {"type": 0, "id": "soulboy330", "content": ": \u5371\u96aa"}, {"type": 0, "id": "springfeel", "content": ": \u4e0d\u662f\u6b7b\u4e0d\u6b7b\u7684\u554f\u984c\u3105 \u6b7b\u4e86\u90a3\u9ebc\u591a\u4eba\u5927\u5bb6"}, {"type": 0, "id": "springfeel", "content": ": \u7167\u6a23\u8df3"}, {"type": 0, "id": "soulboy330", "content": ": \u4e4b\u524d\u53bb\u7f8e\u570b\u9084\u6709\u9047\u904e\u90a3\u7a2e\u6975\u9650\u6500\u5ca9 \u6216"}, {"type": 0, "id": "soulboy330", "content": ": \u662f\u786c\u8981\u9a0e\u8173\u8e0f\u8eca \u9a0e\u4e0a\u5c71\u5d16\u7684\u5371\u96aa\u5730\u5f62"}, {"type": 0, "id": "soulboy330", "content": ":"}, {"type": 0, "id": "soulboy330", "content": ": \u6211\u662f\u89ba\u5f97\u4ed6\u5011\u500b\u6027\u6bd4\u8f03\u4eab\u53d7\u7576\u4e0b \u4e0d\u559c"}, {"type": 0, "id": "soulboy330", "content": ": \u6b61\u5b58\u9322 \u7136\u5f8c\u5f88\u559c\u6b61\u5f9e\u4e8b\u9ad8\u5371\u96aa\u904b\u52d5"}, {"type": 1, "id": "Utuxk", "content": ": \u5c4c\u5927\u81bd\u5b50\u5927\uff0c"}, {"type": 0, "id": "onstar", "content": ": \u6240\u4ee5\u4ed6\u5011\u767c\u73fe\u7f8e\u6d32"}, {"type": -1, "id": "hotrain13", "content": ": \u897f\u65b9\u4eba\u601d\u7dad\u662f\u8ffd\u6c42\u5275\u65b0\u5192\u96aa\uff0c\u6771\u65b9\u4eba\u8ffd"}, {"type": 0, "id": "hotrain13", "content": ": \u6c42\u7a69\u5b9a\u53c8\u4fdd\u5b88"}, {"type": 0, "id": "hotrain13", "content": ": \u6240\u4ee5\u5275\u65b0\u7522\u696d\u90fd\u662f\u897f\u65b9\uff0c\u6771\u65b9\u6709\u9322\u7684\u90fd"}, {"type": 0, "id": "hotrain13", "content": ": \u5728\u7092\u6700\u4fdd\u96aa\u7684\u623f\u5730\u7522"}, {"type": 1, "id": "DarkHolbach", "content": ": \u7684\u78ba\uff0c\u6975\u9650\u904b\u52d5\u5927\u591a\u90fd\u6d0b\u4eba"}], "post_ip": "180.217.208.32", "post_content": "\nhttps://youtu.be/b1An1MFwXxQ\n\n\u525b\u770b\u4e86\u5e7e\u500b\u9ad8\u6a13\u8df3\u5098\u7684\u5f71\u7247 \u53c3\u52a0\u8005\u6e05\u4e00\u8272\u90fd\u662f\u9ad8\u52a0\u7d22\u4eba\u3002\n\n\u8981\u505a\u9019\u9ebc\u760b\u72c2\u7684\u4e8b\u60c5\u4e4b\u524d \u4ed6\u5011\u6709\u5148\u8ddf\u7238\u5abd\u5546\u91cf\u904e\u55ce\n\n\u4e0d\u5b5d\u5b50\n\n--\n"}