{"ptt_id": "merchape", "post_url": "https://www.ptt.cc/bbs/Gossiping/M.1567320281.A.94B.html", "post_type": "\u65b0\u805e", "post_title": "\u540dDJ\u6158\u6b7b \u7c89\u7d72\u846c\u79ae\u767c\u72c2\u958b\u68fa\u9a57\u5c4d", "post_time": "2019-09-01 14:44:36", "post_score": 11, "post_pushes": [{"type": 1, "id": "Howard61313", "content": ": \u72c2"}, {"type": 1, "id": "pininfarina", "content": ": \u9ed1\u4eba"}, {"type": 0, "id": "flux", "content": ": \u5c3c\u54e5\u570b\u597d\u6050\u6016"}, {"type": 0, "id": "Giornno", "content": ": \u5148\u6aa2\u67e5\u907a\u9ad4\u6709\u6c92\u6709\u7f3a\u640d"}, {"type": 1, "id": "zxnstu3104", "content": ": 5f\u88ab\u958b\u9928\u9a57\u5c4d"}, {"type": 0, "id": "hayabusa2004", "content": ": \u80af\u5b9a\u662f\u5047\u6b7b \u773c\u775b\u696d\u969c\u91cd"}, {"type": 1, "id": "GGINDOWBOW", "content": ": \u5c3c\u54e5\u570b\u771f\u7684\u90fd\u4e00\u5806\u667a\u969c"}, {"type": 1, "id": "C13H16ClNO", "content": ": \u5e78\u597d\u4e0d\u662f\u770b\u5c41\u80a1\u6709\u6c92\u6709\u80ce\u8a18"}, {"type": -1, "id": "r30385", "content": ": ......"}, {"type": 1, "id": "userpeter", "content": ":"}, {"type": 0, "id": "STGCBA", "content": ": \u7167MIB\u4f86\u770b\u61c9\u8a72\u662f\u56de\u53bb\u4ed6\u7684\u661f\u7403\u4e86.MJ\u4e5f\u662f"}, {"type": 1, "id": "liujd", "content": ": \u9019\u4e9b\u9ed1\u4eba\u7684\u6253\u626e\u611f\u89ba\u662f\u7206\u6709\u9322\u7684\u90a3\u7a2e \u8ddf\u672a\u958b"}, {"type": 0, "id": "liujd", "content": ": \u5316\u7684\u96e3\u6c11\u4e0d\u4e00\u6a23"}, {"type": 1, "id": "LiamTiger", "content": ": \u4e94\u6a13\u723d\u55ce"}, {"type": 0, "id": "arashikishu", "content": ": 5\u6a13\u88ab\u9a57\u662f\u4ec0\u9ebc\u611f\u89ba"}, {"type": 1, "id": "ms893030", "content": ": \u5e6b\u4e94\u6a13QQ"}, {"type": 1, "id": "KusoJontaro", "content": ": \u4f0a\u85e4\u6f64\u4e8c\u5594\u5e79"}, {"type": 0, "id": "Dia149", "content": ": \u7c89\u7d72\u8868\u793a\u771f\u9999"}, {"type": 1, "id": "dmezspk", "content": ": \u8ddf\u4e2d\u570b\u4eba\u4e00\u6a23\u8166\u6b98\u4f4e\u80fd\u6c92\u6587\u5316"}, {"type": 0, "id": "dmezspk", "content": ": \u96e3\u602a\u767d\u4eba\u770b\u5230\u9ed1\u4eba\u5c31\u958b\u69cd"}, {"type": 1, "id": "yangnana", "content": ": \u5047\u6b7b\u6709\u4ec0\u9ebc\u597d\u8655\uff1f"}, {"type": 0, "id": "gwenwoo", "content": ":  \u90ed\u8463:\"\u66b4\u653f\u5fc5\u4ea1!!\""}], "post_ip": "111.255.13.241", "post_content": "\n\u540dDJ\u6158\u6b7b \u7c89\u7d72\u846c\u79ae\u767c\u72c2\u958b\u68fa\u9a57\u5c4d\n\n10:16 2019/09/01 \u4e2d\u6642\u96fb\u5b50\u5831 \u5433\u6620\u74a0\n\nhttps://i.imgur.com/Zc1FKOu.jpg\n\u8c61\u7259\u6d77\u5cb8\u77e5\u540dDJ\u963f\u62c9\u6cd5\u7279\u4e0d\u5e78\u8eca\u798d\u8eab\u4ea1\uff0c\u7c89\u7d72\u54c0\u75db\u3002\uff08\u5716\uff0f\u8def\u900f\u793e\uff09\n\n\u8c61\u7259\u6d77\u5cb8\u7576\u5730\u77e5\u540d\u97f3\u6a02\u5bb6DJ\u963f\u62c9\u6cd5\u7279\uff08DJ Arafat\uff09\u4e0a\u6708\u4e0d\u5e78\u8eca\u798d\u8eab\u4ea1\uff0c\u6628\uff0831\uff09\u65e5\u5bb6\u4eba\n\u70ba\u4ed6\u8209\u8fa6\u846c\u79ae\u6642\uff0c\u7adf\u6709\u6578\u540d\u7c89\u7d72\u4e0d\u9858\u63a5\u53d7\u5076\u50cf\u96e2\u958b\u6d88\u606f\uff0c\u885d\u4e0a\u524d\u300c\u958b\u68fa\u9a57\u5c4d\u300d\u3002\n\nhttps://www.youtube.com/watch?v=VLJiWxl4_2A\n\u8c61\u7259\u6d77\u5cb8\u77e5\u540dDJ\u963f\u62c9\u6cd5\u72798\u6708\u4e0d\u5e78\u8eca\u798d\u8eab\u4ea1\uff0c\u5bb6\u4eba31\u65e5\u70ba\u4ed6\u8209\u8fa6\u846c\u79ae\uff0c\u5438\u5f15\u6578\u5343\u7c89\u7d72\u805a\u96c6\n\u73fe\u5834\uff0c\u4e0d\u6599\u846c\u79ae\u6700\u5f8c\u5931\u63a7\uff0c\u7591\u4f3c\u963f\u62c9\u6cd5\u7279\u4e0b\u846c\u5f8c\uff0c\u760b\u72c2\u7c89\u7d72\u53c8\u5c07\u4ed6\u7684\u68fa\u6728\u6316\u51fa\uff0c\u91cd\u65b0\u958b\u68fa\n\uff0c\u66f4\u6380\u958b\u4ed6\u7684\u4e0a\u8863\uff0c\u60f3\u8981\u78ba\u8a8d\u907a\u9ad4\u4e0a\u6709\u6c92\u6709\u523a\u9752\uff0c\u4ee5\u78ba\u8a8d\u907a\u9ad4\u5c31\u662f\u963f\u62c9\u6cd5\u7279\u672c\u4eba\u3002\u5f71\u7247\u6709\n\u5c4d\u9ad4\u756b\u9762\uff0c\u8acb\u614e\u5165\u3002\n\nhttps://www.youtube.com/watch?v=yZllE3jQGUA\n\u8c61\u7259\u6d77\u5cb8\u77e5\u540dDJ\u963f\u62c9\u6cd5\u72798\u6708\u4e0d\u5e78\u8eca\u798d\u8eab\u4ea1\uff0c\u7c89\u7d72\u54c0\u75db\u3002\n\n\u82f1\u570b\u5ee3\u64ad\u516c\u53f8\uff08BBC\uff09\u5831\u5c0e\uff0c\u5468\u516dDJ\u963f\u62c9\u6cd5\u7279\u5bb6\u4eba\u70ba\u4ed6\u8209\u8fa6\u9686\u91cd\u846c\u79ae\uff0c\u73fe\u5834\u6578\u5343\u7c89\u7d72\u9f4a\u805a\n\uff0c\u60f3\u8981\u9001\u5076\u50cf\u6700\u5f8c\u4e00\u7a0b\uff0c\u4e0d\u904e\u846c\u79ae\u6578\u5c0f\u6642\u5f8c\u9677\u5165\u4e00\u7247\u6df7\u4e82\uff0c\u90e8\u5206\u7c89\u7d72\u4e0d\u4fe1\u5076\u50cf\u6c38\u9060\u96e2\u958b\uff0c\n\u7adf\u5728\u6df7\u4e82\u4e2d\u6253\u958b\u963f\u62c9\u6cd5\u7279\u7684\u68fa\u6728\uff0c\u4e26\u812b\u6389\u4ed6\u7684\u4e0a\u8863\uff0c\u60f3\u8981\u78ba\u8a8d\u907a\u9ad4\u4e0a\u662f\u5426\u6709\u523a\u9752\uff0c\u4ee5\u78ba\u8a8d\n\u5c31\u662f\u5076\u50cf\u672c\u4eba\u3002\n\n\u4e00\u540d\u4e0d\u5177\u540d\u7684\u7c89\u7d72\u81ea\u9673\uff0c\u300c\u6211\u5011\u60f3\u8981\u5728\u68fa\u6728\u5bc6\u5c01\u524d\u5728\u770b\u5076\u50cf\u6700\u5f8c\u4e00\u773c\u3002\u300d\n\n\u5831\u5c0e\u8aaa\uff0c\u846c\u79ae\u73fe\u5834\u5927\u6df7\u4e82\uff0c\u8b66\u65b9\u751a\u81f3\u5fc5\u9808\u4f7f\u7528\u50ac\u6dda\u74e6\u65af\u9a45\u9010\u805a\u96c6\u73fe\u5834\u7684\u7c89\u7d72\u3002\n\nDJ\u963f\u62c9\u6cd5\u7279\u662f\u5168\u7403\u6cd5\u8a9e\u4e16\u754c\u6700\u8457\u540d\u7684\u975e\u88d4DJ\u4e4b\u4e00\uff0c\u4ed6\u4e0a\u670811\u65e5\u4e0d\u5e78\u8eca\u798d\u8eab\u4ea1\u3002\n\n\u6587\u7ae0\u4f86\u6e90\uff1aDJ Arafat: Fans of Ivorian artist 'open coffin' during funeral\nunrest\n\n\u65b0\u805e\u4f86\u6e90\uff1a\u4e2d\u6642\u96fb\u5b50\u5831\nhttps://www.chinatimes.com/realtimenews/20190901001046-260408?chdtv\n\n--\n"}