{"ptt_id": "EmeraldAZ", "post_url": "https://www.ptt.cc/bbs/Gossiping/M.1562936910.A.035.html", "post_type": "\u554f\u5366", "post_title": "\u8acb\u5927\u5bb6\u7e7c\u7e8c\u652f\u6301\u5c0f\u7a79(\u767c\u9322)", "post_time": "2019-07-12 21:08:28", "post_score": 123, "post_pushes": [{"type": 1, "id": "icrt000000", "content": ": \u827e\u871c\u8389\u5440\u6211\u7684"}, {"type": 1, "id": "kinomon", "content": ": \u5c0f\u7a79\u9663\u7dda\u63a8\u63a8 \u5e0c\u671b\u9ad8\u96c4\u5e02\u5e9c\u5225\u641e\u6389\u5c0f\u7a79=="}, {"type": 1, "id": "DivineSX", "content": ": \u65b0\u7684\u4e2d\u4e8c\u59b9\u5b50\u6211\u7684"}, {"type": 1, "id": "sgtpepper", "content": ": \u63a8"}, {"type": 1, "id": "attorney1023", "content": ": \u63a8"}, {"type": 1, "id": "m21423", "content": ": \u8aaa\u597d\u7684\u5149\u982d\u5c11\u5e74\u5462"}, {"type": 0, "id": "chiy16", "content": ": \u63a8"}, {"type": 1, "id": "wishyouhowev", "content": ": \u63a8"}, {"type": 0, "id": "chiy16", "content": ": \u63a8\u5566"}, {"type": 1, "id": "roxiang", "content": ": \u63a8"}, {"type": 1, "id": "eternal04", "content": ": \u5c0f\u7a79\uff01\uff01\uff01"}, {"type": 1, "id": "piliamdamd", "content": ": \u518d\u9ed1\u97d3\u7e3d \u97d3\u7c89\u6703\u53cd\u64b2\u7684"}, {"type": 1, "id": "Ray90067", "content": ": \u63a8"}, {"type": 0, "id": "idam1983", "content": ": \u97d3\u7e3d\u6b3a\u8ca0\u5c0f\u7a79\uff0c\u7e3d\u7d71\u9078\u4e0d\u4e0a"}, {"type": 1, "id": "game2327", "content": ": \u63a8"}, {"type": 1, "id": "sbflight", "content": ": \u63a8"}, {"type": 1, "id": "silvergod", "content": ": \u63a8"}, {"type": 1, "id": "chiy16", "content": ": \u63a8"}, {"type": 1, "id": "yoyotime", "content": ": \u63a8"}, {"type": 0, "id": "chiy16", "content": ": \u63a8"}, {"type": 1, "id": "morris5222", "content": ": \u9322"}, {"type": 1, "id": "andrewyllee", "content": ": \u63a8"}, {"type": 1, "id": "garbageinx", "content": ": \u660e\u5929\u5357\u4e0b\u5b89\u6170\u5c0f\u7a79"}, {"type": 1, "id": "aincrad0212", "content": ": \u63a8"}, {"type": 1, "id": "jackwula9211", "content": ": \u63a8\u9ad8\u6377\u5c11\u5973\uff0c\u5149\u982d\u6efe"}, {"type": 1, "id": "THEKYLE", "content": ": \u6c23\u6c23\u6c23\u6c23\u6c23"}, {"type": 1, "id": "q0500", "content": ": \u63a8"}, {"type": 1, "id": "steven183", "content": ": \u597d"}, {"type": 1, "id": "advice2213", "content": ": \u63a8"}, {"type": 0, "id": "DamonAlbarn", "content": ": \u63a8"}, {"type": 1, "id": "ethel617", "content": ": \u63a8"}, {"type": 1, "id": "aleezible", "content": ": \u63a8"}, {"type": 1, "id": "jack33", "content": ": \u63a8"}, {"type": 1, "id": "speed678", "content": ": \u5c0f\u7a79\uff01"}, {"type": 1, "id": "gongers", "content": ": \u63a8"}, {"type": 1, "id": "hdes937119", "content": ": \u63a8\uff01"}, {"type": 1, "id": "yu800910", "content": ": \u63a8"}, {"type": 0, "id": "Albert666", "content": ": \uff01\uff01\uff01"}, {"type": 1, "id": "believefate", "content": ": \u5c0f\u7a79\u88ab\u982d\u69cc\u4e86..."}, {"type": 1, "id": "CHYYP", "content": ": \u63a8"}, {"type": 1, "id": "CYYYp", "content": ": \u597d"}, {"type": 0, "id": "Albert666", "content": ": \u63a8"}, {"type": 1, "id": "kuominj", "content": ": \u63a8"}, {"type": 1, "id": "Ratonhaketon", "content": ": \u63a8"}, {"type": 1, "id": "chiy16", "content": ": \u63a8"}, {"type": 0, "id": "chiy16", "content": ": \u63a8"}, {"type": 1, "id": "neo999", "content": ": \u7d14\u63a8\u4e0d\u9818"}, {"type": 1, "id": "legendmtg", "content": ": \u63a8"}, {"type": 0, "id": "chiy16", "content": ": \u63a8"}, {"type": 1, "id": "zz71", "content": ": \u9322"}, {"type": 1, "id": "darkdean", "content": ": \u63a8\u5594"}, {"type": 0, "id": "KCKCLIN", "content": ": \u600e\u9ebc\u4e86?\u9664\u4e86\u5ee2\u72698+9\u7528\u982d\u649e\u6211\u8001\u5a46"}, {"type": 1, "id": "Mosasaurus", "content": ": \u63a8"}, {"type": 1, "id": "limpidwind1", "content": ": \u9322"}, {"type": 0, "id": "xdctjh", "content": ": \u7adf\u7136\u5e6b\u97d3\u7e3d\u6a5f\u634f\u80a9\u8180\uff0c\u5614\u5614\u5614"}, {"type": 1, "id": "jio846", "content": ": \u63a8"}, {"type": 1, "id": "god890529", "content": ": \u9322"}, {"type": 1, "id": "a12965", "content": ": \u7d66\u6211\u9322"}, {"type": 1, "id": "Neil000", "content": ": \u9322"}, {"type": 1, "id": "aa9510883", "content": ": \u9322"}, {"type": 0, "id": "silentence", "content": ": \u61c9\u8a72\u717d\u52d5\u97d3\u7c89\u53bb\u649e\u4ed6\u8166\u888b\u8868\u793a\u79ae\u8c8c\u71b1\u60c5"}, {"type": 1, "id": "RTAngel", "content": ": \u63a8"}, {"type": 1, "id": "cloudycat", "content": ": \u63a8"}, {"type": 0, "id": "silentence", "content": ": \u53bb\u4ed6\u7684 \u5641\u5fc3\u7576\u6709\u8da3"}, {"type": 1, "id": "david7112123", "content": ": \u5e6b\u9ad8\u8abf"}, {"type": 1, "id": "aquariuschi", "content": ": \u9322"}, {"type": 1, "id": "cutesnow", "content": ": \u5e6b\u5c0f\u7a79QQ"}, {"type": 0, "id": "KCKCLIN", "content": ": \u5e79 \u80a5\u5b85\u8981\u51fa\u5f81\u4e86 \u5783\u573e\u97d3\u7c89\u4f86\u554a \u6c92\u5728\u5e15"}, {"type": 1, "id": "greedypeople", "content": ": \u5e6b\u5c0f\u7a79QQ"}, {"type": 1, "id": "juztrue", "content": ": \u63a8"}, {"type": 0, "id": "uranus0125", "content": ": \u5594\u5594\u5594\u5594"}, {"type": 1, "id": "cailoveyou", "content": ": \u7d14\u652f\u6301\u4e0d\u62ffP\u5e63"}, {"type": 1, "id": "nobunagawang", "content": ": \u9322"}, {"type": 1, "id": "littlelion", "content": ": \u63a8"}, {"type": 1, "id": "laroserose", "content": ":"}, {"type": 1, "id": "yenchem", "content": ": \u63a8"}, {"type": 1, "id": "wangderful04", "content": ": \u9322"}, {"type": 1, "id": "penguin0172", "content": ": \u63a8"}, {"type": 0, "id": "dbdudsorj", "content": ": \u97d3\u5c0e\u97d3\u5c0e\u5f97\u7b2c\u4e00"}, {"type": 1, "id": "leemike1", "content": ": \u63a8"}, {"type": 1, "id": "livingbear", "content": ": \u9ad8\u6377\u5bf6\u5bf6"}, {"type": 1, "id": "biosphere", "content": ": \u7d14\u63a8\u9ad8\u6377\u5c11\u5973\u4e0d\u62ff"}, {"type": 0, "id": "cloudeda", "content": ": \u63a8"}, {"type": 1, "id": "yannicklatte", "content": ": \u63a8"}, {"type": 1, "id": "ComeThrough", "content": ": \u9999"}, {"type": 0, "id": "rumirumi", "content": ": \u6c92\u63db\u6210\u97d3\u51b0\u5c31\u5077\u7b11\u6703\u4e86"}, {"type": 1, "id": "qqq5890003", "content": ": \u9322\u62ff\u4f86"}, {"type": 1, "id": "H2OYi", "content": ": \u9ad8\u6377\u5c11\u5973\u63a8"}, {"type": 1, "id": "yehenchi", "content": ": \u63a8"}, {"type": 1, "id": "yehenchi", "content": ": \u63a8"}, {"type": 1, "id": "k7909916k", "content": ": \u63a8 \u5c0f\u7a79\u8d85\u53ef\u611b"}, {"type": 0, "id": "TsaiMoshia", "content": ": \u63a8"}, {"type": 1, "id": "lplalp", "content": ": \u6211\u8981\u827e\u7c73\u8389\u4e9e"}, {"type": 1, "id": "bradygoat1", "content": ": \u63a8"}, {"type": 1, "id": "lakeisland", "content": ": \u4ee5\u5f8c\u4ee3\u8a00\u4eba\u63db\u570b\u745c\u5a03\u5a03"}, {"type": 1, "id": "hdw", "content": ": \u63a8"}, {"type": 1, "id": "elvis007", "content": ": \u63a8"}, {"type": 1, "id": "pupulady", "content": ": \u9322"}, {"type": 1, "id": "AppleApe", "content": ": \u55ef\u55ef"}, {"type": 1, "id": "Albert666", "content": ": \u5927\u63a8"}, {"type": 1, "id": "hackerman", "content": ": \u9ad8\u96c4\u771f\u7684\u88ab\u73a9\u6b7b  \u9ad8\u96c4\u4eba\u5230\u5e95\u5728\u60f3\u5565\u554a?"}, {"type": 1, "id": "tuna0214", "content": ": \u63a8QQ"}, {"type": 1, "id": "Liaocavalier", "content": ": \u63a8"}, {"type": 1, "id": "shinkaikou", "content": ": \u597d"}, {"type": 1, "id": "TF00207374", "content": ": \u52a0\u6cb9"}, {"type": 1, "id": "wei2291", "content": ": \u63a8"}, {"type": 0, "id": "ohrring", "content": ": \u6c92\u51fa\u672c\u652f\u6301\u310d\u5c41"}, {"type": 1, "id": "dodi1020", "content": ": \u7d14\u63a8"}, {"type": 1, "id": "qppqqp", "content": ": \u63a8"}, {"type": 1, "id": "windowxp", "content": ": \u63a8"}, {"type": 0, "id": "flarecutter", "content": ": \u4e00\u500b\u7121\u5fc3\u7559\u5728\u9ad8\u96c4\u7684\u653f\u5ba2"}, {"type": 1, "id": "firelemon", "content": ": \u652f\u6301\u827e\u54aa"}, {"type": 1, "id": "allenyo", "content": ": \u63a8"}, {"type": 1, "id": "TraktorDJ", "content": ": \u6211\u8981\u9322\u9322"}, {"type": 1, "id": "tkglobe", "content": ": \u63a8"}, {"type": 1, "id": "ringko1", "content": ": \u52a0\u6cb9  \u7d66\u6211\u9322"}, {"type": 1, "id": "Adrianli", "content": ": \u63a8"}, {"type": 1, "id": "ahaha777", "content": ": \u5c0f\u7a79\u8981\u88ab\u64a4\u4e86 \u662f\u8981\u63db\u5565?"}, {"type": 1, "id": "SamuelLuo", "content": ": \u63a8"}, {"type": 0, "id": "fallinlove15", "content": ": \u4e82\u8aaa\u8a71\u6211\u53ef\u4ee5\u5fcd \u4f46\u6b3a\u8ca0\u5c11\u5973 \u4eba\u795e\u5171"}, {"type": 0, "id": "fallinlove15", "content": ": \u61a4"}, {"type": 1, "id": "lv256", "content": ": \u597d\uff01\u771f\u7a79\u7c89\u63a8\u63a8"}, {"type": 1, "id": "baseballnut", "content": ": \u63a8\u63a8"}, {"type": 1, "id": "shiraby", "content": ": \u592a\u5c11\u60f9\u5427 \u88ab\u5783\u573e\u7528\u904e\u7684\u7834\u978b\u9019\u6a23\u5c31\u60f3\u6d17\u767d"}, {"type": 0, "id": "shiraby", "content": ": \u5594= ="}, {"type": 1, "id": "bloodyiris", "content": ": \u63a8"}, {"type": 1, "id": "se2005", "content": ": \u63a8"}, {"type": 1, "id": "qaz214536", "content": ": \u63a8"}, {"type": 1, "id": "jixiang", "content": ": \u63a8"}, {"type": 1, "id": "vankojau", "content": ": \u63a8\uff0c\u652f\u6301\u9ad8\u6377\u5c11\u5973"}, {"type": 0, "id": "soyghcg", "content": ": \u4e16\u754c\u5145\u6eff\u611b \u4e00\u8d77\u97d3\u570b\u745c! \u97d3\u570b\u745c! \u97d3\u570b\u745c!"}, {"type": 0, "id": "soyghcg", "content": ": 2020\u6230\u6b4c https://youtu.be/JnR63_EWw6A"}, {"type": 0, "id": "soyghcg", "content": ": \u9060\u96e22D \u8d70\u51fa\u5927\u9580 \u64c1\u62b1\u771f\u611b \u4e00\u8d77\u97d3\u570b\u745c!"}, {"type": 1, "id": "sangoman", "content": ": \u63a8"}, {"type": 1, "id": "Phimosis373", "content": ": \u63a8"}, {"type": 0, "id": "gwofeng", "content": ": \u6709\u5e7e\u5f35 \u9054\u5230\u65e5\u672c\u624b\u904a\u5361\u9762\u7684\u7b49\u7d1a\u4e86"}, {"type": 1, "id": "rankb123", "content": ": \u63a8"}, {"type": 1, "id": "tony84590", "content": ": \u7d14\u63a8\u5c0f\u7a79"}, {"type": 1, "id": "sd131420", "content": ": \u73cd\u60dc\u751f\u547d\u9060\u96e23D \u71b1\u611b\u751f\u547d\u64c1\u62b12D"}, {"type": 0, "id": "oops66", "content": ": \u63a8\u5566 \u5e79 \u6b7b\u79bf\u982d\u53bb\u6b7b"}, {"type": 1, "id": "lee3832", "content": ": \u63a8"}, {"type": 1, "id": "ad0101", "content": ": \u63a8"}, {"type": 1, "id": "cywooo", "content": ": \u63a8"}, {"type": 1, "id": "joechen03", "content": ": \u63a8"}, {"type": 1, "id": "viennia", "content": ": \u5c0f\u7a79lol"}, {"type": 1, "id": "denton850817", "content": ": \u63a8"}, {"type": 1, "id": "DOFU", "content": ": \u9322"}, {"type": 1, "id": "verydolungbe", "content": ": \u5c0f\u7a79\u5c31\u63a8"}, {"type": 1, "id": "z72117211", "content": ": \u5783\u573e\u5149\u982d \u53bb\u6b7b"}, {"type": 1, "id": "john91018", "content": ": \u641e\u721b\u9ad8\u96c4\u6211\u53ef\u4ee5\u5fcd\uff0c\u4f46\u6b3a\u8ca0\u5c0f\u7a79\u5c31\u4e0d\u884c"}, {"type": 1, "id": "Jimmy030489", "content": ": \u5c0f\u828e\u738b"}, {"type": 0, "id": "fenooxx", "content": ": \u63a8\u5c0f\u7a79QQ"}, {"type": 1, "id": "KATOAKANE", "content": ": \u827e\u54aaprpr"}], "post_ip": "39.9.34.105", "post_content": "\n\u5982\u984c\n\n\u9019\u5169\u5929\u6211\u5be6\u5728\u6c23\u5230\u4e0d\u884c\n\n\u4f46\u662f\u60f3\u4e86\u60f3\uff0c\u81ea\u5df1\u53c8\u80fd\u505a\u4e9b\u4ec0\u9ebc\u5462\n\n\u8aaa\u5be6\u5728\u7684\uff0c\u8eab\u70ba\u9ad8\u6377\u5c11\u5973\u7c89\uff0c\u9762\u5c0d\u81ea\u5df1\u7684\u6240\u611b\u9047\u5230\u9019\u7a2e\u4e8b\u60c5\uff0c\u4e5f\u611f\u5230\u975e\u5e38\u7684\u6c23\u61a4\u537b\u4e5f\u7121\u529b\n\n\u751a\u81f3\u5f88\u5bb3\u6015\u4e4b\u5f8c\u67d0\u7fa4\u7c89\u7d72\u6703\u4f86\u4e82\u9020\u6210\u4e8c\u5ea6\u50b7\u5bb3...\n\n\u6211\u80fd\u505a\u4e9b\u4ec0\u9ebc\u5462\uff1f\n\n\u6211\u60f3...\u6211\u6240\u80fd\u505a\u5230\u7684\uff0c\u5c31\u662f\u7e7c\u7e8c\u652f\u6301\u9ad8\u6377\u5c11\u5973\u4e86\n\n\u591a\u81ea\u767c\u5206\u4eab\uff0c\u591a\u53c3\u8207\u5979\u5011\u6240\u8fa6\u7684\u6d3b\u52d5...\n\n\u6216\u8a31\u73fe\u5728\u9047\u5230\u4e00\u4e9b\u96e3\u95dc\uff0c\u4f46\u662f\u5e0c\u671b\u80fd\u5920\u96c6\u5408\u66f4\u591a\u4eba\u7684\u529b\u91cf\u624d\u80fd\u6490\u904e\u53bb\n\n\u7e3d\u4e4b\u5c31\u662f\u5e0c\u671b\u66f4\u591a\u4eba\u90fd\u80fd\u66f4\u52a0\u652f\u6301\u9ad8\u6377\u5c11\u5973\u5011\uff01\n\n\u6bcf10\u63a8100P\u767c\u5230\u6c92\u9322\n\n\n=========================\n\u9806\u4fbf\u4f86\u5ba3\u50b3\u4e00\u4e0b\u9ad8\u6377\u5c11\u5973\u548c\u521d\u97f3\u7684\u75db\u8eca\u53ea\u52308\u6708\u5e95\u5594\uff01\n\n\u9644\u4e0a\u4e00\u4e9b\u5fc3\u5f97\uff1a\nhttps://www.ptt.cc/bbs/C_Chat/M.1562833151.A.579.html\n\n--\nhttps://i.imgur.com/jjqQTco.jpg https://i.imgur.com/TJv0p7u.jpg\nhttps://i.imgur.com/jHW9ddk.jpg https://i.imgur.com/BvUFzQQ.png\nhttps://i.imgur.com/7jm8Q62.png https://i.imgur.com/Nuzd8Ni.png\nhttps://i.imgur.com/iOWSJV9.png https://i.imgur.com/iphD44Y.jpg\nhttps://i.imgur.com/Q5Ou4NA.jpg https://i.imgur.com/sxa50L7.png\nhttps://i.imgur.com/nZmU3Ea.jpg https://i.imgur.com/utUPaZG.jpg\n\n--\n\u63a8 bbbkzai: \u63a8                                     180.217.175.218 07/12 21:12\n\u63a8 rsktdn5227: \u63a8\u5c0f\u7a79\u738b \u9ad8\u6377\u5c11\u5973\u52a0U                 115.82.134.173 07/12 21:15\n\u63a8 Archon1018: \u63a8                                   101.12.166.144 07/12 21:19\n\u63a8 spec55959:                                      123.110.230.132 07/12 21:22\n\u63a8 searchmark: \u63a8                                   61.224.201.176 07/12 21:25\n\u63a8 shark555096: \u88ab\u8349\u5305\u649e\u982d \u5e6bQQ                      101.8.160.132 07/12 21:27\n\u63a8 pololo61201: \\\u5c0f\u7a79/                                27.105.181.9 07/12 21:35\n\u63a8 barry6314: \u63a8                                    123.192.155.13 07/12 21:41\n\u63a8 tom50512: \u5c0f\u7a79\u52a0\u6cb9QAQ                           223.138.221.232 07/12 21:49\n\u63a8 SoLoooooong: \u63a8                                 140.113.136.218 07/12 22:03\n\u63a8 r025876: \u9322                                     180.217.204.194 07/12 22:34\n\u63a8 lin1020: \u63a8                                        106.1.224.71 07/12 23:52\n\u63a8 OwOptt: \u9322                                        42.77.110.145 07/13 03:04\n\uff20 \u4ee5\u4e0a\u7d05\u5e95\u6a19\u8a1813\u4f4d\uff0c\u6bcf\u4eba100P(\u7a05\u524d)\u767c\u9001\u5b8c\u6210!   by AutoGiveP 2.10\n\u203b \u7de8\u8f2f: EmeraldAZ (39.10.36.196 \u81fa\u7063), 07/14/2019 00:59:34\n"}