{"ptt_id": "stu25936", "post_url": "https://www.ptt.cc/bbs/Gossiping/M.1570844846.A.851.html", "post_type": "\u554f\u5366", "post_title": "\u9999\u6e2f\u4eba\u662f\u4e0d\u662f\u90fd\u8a72\u767c\u4e0d\u81ea\u6bba\u8072\u660e\uff1f", "post_time": "2019-10-12 09:47:24", "post_score": 9, "post_pushes": [{"type": 0, "id": "zeze", "content": ": \u4ed6\u5011\u65e9\u9019\u9ebc\u505a\u4e86 \u800c\u4e14\u96a8\u8eab\u651c\u5e36\u907a\u66f8"}, {"type": 0, "id": "utf84067", "content": ": \u4e2d\u570b\u662f\u4e00\u500b\u5c45\u6c11\u8ddf\u9ed1\u8b66\u53ef\u4ee5\u5408\u6cd5\u59e6\u6bba15\u6b72"}, {"type": 0, "id": "utf84067", "content": ": \u5973\u5b69\u7684\u570b\u5bb6"}, {"type": 0, "id": "wwvvkai", "content": ": \u767c\u4e86\u4e5f\u6c92\u7528 \u9084\u662f\u81ea\u6bba"}, {"type": 0, "id": "tenka92417", "content": ": \u8d85\u597d\u7528\u7684\uff0c\u73fe\u5728\u8ddf\u54ea\u500b\u6709\u4ec7\u6216\u4e0d\u9806\u773c\u7684"}, {"type": 0, "id": "tenka92417", "content": ": \uff0c\u6bba\u6389\u4e5f\u80fd\u63a8\u7d66\u6e2f\u8b66\u9ed1\u9053"}, {"type": 1, "id": "pqbd22", "content": ": \u6211\u9999\u6e2f\u670b\u53cb\u7684\u670b\u53cb\u90fd\u4e0a\u8857\u982d\u4e86 \u4ed6\u9084\u5728\u53f0\u7063"}, {"type": 0, "id": "dasuininder", "content": ": \u4e2d\u570b\u6709\u6578\u5343\u5e74\u73a9\u96db\u5993\u548c\u5154\u723a\u7684\u50b3\u7d71\u559c\u597d"}, {"type": 0, "id": "pqbd22", "content": ": \u73a9\u723d\u723d"}, {"type": 0, "id": "mirza", "content": ": \u6e2f\u8b66\u5982\u679c\u628a\u6240\u6709\u4e8b\u60c5\u90fd\u6b78\u6210\u81ea\u6bba.."}, {"type": 0, "id": "mirza", "content": ": \u90a3\u4e5f\u5c31\u662f\u8aaa,\u662f\u8001\u5171\u4f5c\u7684\u4e86"}, {"type": 1, "id": "peiring", "content": ": \u5feb\u63d0\u4f9b\u4e00\u4efd\u4e0d\u81ea\u6bba\u8072\u660e\u7684\u7bc4\u672c\u7d66\u9999\u6e2f\u4eba"}, {"type": 1, "id": "beadandy2009", "content": ": \u6e2f\u5973\u6bd4\u8f03\u9700\u8981"}, {"type": 1, "id": "N48212", "content": ": 4"}, {"type": 0, "id": "mirza", "content": ": \u4e0d\u53ef\u80fd\u6bcf\u689d\u4eba\u547d\u90fd\u662f\u81ea\u6bba\u5566\u60f3\u4e5f\u77e5"}, {"type": -1, "id": "butmyass", "content": ": \u6240\u4ee5\u4f60\u8981\u554f\u4e09\u5c0f\u5366?"}, {"type": 1, "id": "derekgao", "content": ": \u9ee8\u5b9a\u8abf\u8aaa\u81ea\u6bba\u5c31\u662f\u81ea\u6bba\uff0c\u8072\u660e\u66f8\u53ea\u662f\u6b77\u53f2"}, {"type": 0, "id": "derekgao", "content": ": \u6587\u4ef6"}, {"type": 1, "id": "soumi520", "content": ": 44444"}, {"type": 0, "id": "iakk", "content": ": \u5168\u88f8\u6b7b \u5e36\u907a\u66f8\u7d66\u8ab0\u770b\u554a"}, {"type": 1, "id": "seal998", "content": ": \u8acb\u554f\u9019\u6709\u4e09\u6d28\u7528\uff1f\u8a0e\u56de\u516c\u9053\uff1f\u4f60\u4ed6\u5abd\u7684\u771f\u4ee5"}, {"type": 0, "id": "seal998", "content": ": \u70ba\u4e16\u754c\u4e0a\u6709\u5fa9\u4ec7\u8005\u806f\u76df\u54e6\uff0c\u667a\u969c"}, {"type": -1, "id": "butmyass", "content": ": \u6c92\u6709\u5594? \u9b27\u677f"}, {"type": 1, "id": "asdfgh0920", "content": ": \u767c\u4e86\u4e5f\u6c92\u7528\uff0c\u5927\u5bb6\u77e5\u9053\u4f60\u662f\u88ab\u81ea\u6bba\u7136\u5f8c"}, {"type": 0, "id": "asdfgh0920", "content": ": \u5462"}, {"type": 1, "id": "zakijudelo", "content": ": 23\u6a13\u624d\u662f\u6bcf\u500b\u554f\u5366\u90fd\u5728\u9b27\u677f\uff0c\u6aa2\u8209\u6c34\u6876"}, {"type": 0, "id": "zakijudelo", "content": ": \u4ed6\u5566"}, {"type": 1, "id": "mafeyabob", "content": ": \u8207\u5176\u90fd\u8981\u6b7b\u5e79\u561b \u4e0d\u53cd\u6297\uff1f \u597d\u5947"}, {"type": 1, "id": "barry70490", "content": ": \u767c\u7d66\u9999\u6e2f\u670b\u53cb\u554a \u6bcf\u6b21\u4e0a\u8857\u524d\u5148\u767c\u4e00\u4e0b"}], "post_ip": "1.169.200.178", "post_content": "\n\u9999\u6e2f\u6700\u8fd1\u4e00\u76f4\u6709\u4eba\u88ab\u6e2f\u8b66\n\u8072\u7a31\"\u81ea\u6bba\"\uff0c\u4f46\u537b\u6709\u5404\u7a2e\u8d85\u7d1a\u5947\u602a\u7684\u7591\u9ede\u3002\n\n\u6709\u7591\u9ede\u4e5f\u88ab\u5feb\u901f\u706b\u5316\uff0c\u9019\u8ddf\u4e2d\u5171\u505a\u4e8b\u7684\u65b9\u5f0f\u4e00\u6a21\u4e00\u6a23\u3002\n\u9019\u7a2e\u88ab\u81ea\u6bba\u7684\u300c\u516c\u5f0f\u300d\u5df2\u7d93\u6c92\u6709\u6240\u8b02\u7684\u4e00\u570b\u5169\u5236\uff0c\u5df2\u7d93\u662f\u548c\u4e2d\u5171\u4e00\u570b\u4e00\u5236\u4e86\u3002\n\n\u4e4b\u524d\u5728\u53f0\u7063\u5f88\u76db\u884c\u7684\u4e0d\u81ea\u6bba\u8072\u660e\uff0c\u5168\u9999\u6e2f\u4eba\u662f\u4e0d\u662f\u90fd\u8a72\u767c\u8868\u4e0d\u81ea\u6bba\u8072\u660e\uff1f\n\u300c\u5c24\u5176\u662f\u53c3\u52a0\u53cd\u9001\u4e2d\u904b\u52d5\u7684\u9999\u6e2f\u4eba\u300d\n\n\u4ee5\u4e0b\u53c3\u8003\u7bc4\u4f8b\u8acb\u5404\u4f4d\u9999\u6e2f\u4eba\u62ff\u53bb\u53c3\u8003\u7de8\u5beb\uff1a\n\n\n\uff0d\uff0d\uff0d\uff0d\uff0d\uff0d\uff0d\uff0d\uff0d\uff0d\uff0d\uff0d\uff0d\uff0d\uff0d\uff0d\uff0d\uff0d\uff0d\uff0d\uff0d\uff0d\uff0d\uff0d\uff0d\uff0d\uff0d\uff0d\uff0d\uff0d\uff0d\uff0d\uff0d\uff0d\uff0d\n\n\u672c\u4eba\u5728\u6b64\u7279\u5730\u8072\u660e\uff0c\u8b39\u6b64\u5ba3\u544a\uff0c\u7d55\u4e0d\u81ea\u6bba\uff0c\u7d55\u4e0d\u767c\u751f\u610f\u5916\u3002\n\n\u672c\u4eba\u6a02\u89c0\u958b\u6717\uff0c\u8eab\u9ad4\u5065\u5eb7\uff0c\u8fd1\u671f\u81f3\u672a\u4f86\u4e94\u5341\u5e74\u4e4b\u4eba\u751f\u898f\u5283\u90fd\u5df2\u59a5\u7576\uff0c\u4ea4\u53cb\u5ee3\u95ca\uff0c\u8eab\u7121\u96b1\u75be\n\uff0c\u4e14\u5bb6\u4e2d\u5c1a\u6709\u8001\u7236\u8001\u6bcd\u9700\u5949\u990a\uff0c\u7d55\u7121\u4efb\u4f55\u81ea\u6bba\u8f15\u751f\u4e4b\u610f\u5716\u3002\u8fd1\u671f\u4e5f\u672a\u898f\u5283\u524d\u5f80\u5916\u5730\u65c5\u904a\u8e0f\n\u9752\uff0c\u751f\u6d3b\u4f5c\u606f\u6b63\u5e38\uff0c\u66f4\u7121\u6a5f\u6703\u63a5\u89f8\u6728\u70ad\u3001\u6bd2\u85e5\u3001\u69cd\u7832\u5f48\u85e5\u7b49\u5371\u96aa\u7ba1\u5236\u7269\u54c1\u3002\n\n\u672c\u4eba\u4e26\u7121\u4efb\u4f55\u4f7f\u6211\u56f0\u64fe\u4e4b\u6162\u6027\u75c5\u6216\u5fc3\u7406\u75be\u75c5\uff0c\u6545\u7d55\u4e0d\u53ef\u80fd\u505a\u51fa\u4efb\u4f55\u770b\u4f3c\u81ea\u6bba\u4e4b\u884c\u70ba\u3002\n\n\u672c\u4eba\u5f9e\u7121\u7761\u7720\u56f0\u64fe\uff0c\u6545\u4e0d\u9700\u670d\u7528\u5b89\u7720\u85e5\uff0c\u66f4\u4e0d\u6703\u6709\u670d\u7528\u904e\u91cf\u7684\u554f\u984c\u3002\n\n\u672c\u4eba\u5f37\u8abf\u500b\u4eba\u4e0d\u9157\u9152\u4e5f\u4e0d\u5438\u6bd2\u3002\n\n\u3002\u672c\u4eba\u8fd1\u671f\u56b4\u5b88\u5176\u8eab\u7d55\u4e0d\u6703\u63a5\u8fd1\u4e0b\u5217\u5730\u9ede\uff0c\u4f8b\u5982\uff1a\n\n1. \u958b\u653e\u6027\u6c34\u57df\u4ee5\u53ca\u504f\u90ca\u7a4d\u6c34\u6524\n2. \u4efb\u4f55\u7121\u6551\u751f\u54e1\u4e4b\u6e38\u6cf3\u6c60\n3. \u6709\u9ad8\u58d3\u3001\u5371\u96aa\u6c23\u9ad4\uff0c\u6216\u5bc6\u9589\u5f0f\u672a\u7d93\u62bd\u6c23\u8655\u7406\u4e4b\u5730\u4e0b\u5ba4\u3001\u84c4\u6c34\u6c60\u3001\u6c34\u6876\u7b49\n4. \u7121\u5b89\u5168\u8b77\u6b04\u4e4b\u4efb\u4f55\u9ad8\u8655\n5. \u4efb\u4f55\u65bd\u5de5\u5730\u9ede\uff08\u62c6\u653f\u5e9c\u9664\u5916\uff09\uff0c\u5305\u62ec\u88fd\u4f5c\u6d88\u6ce2\u584a\u4e4b\u5de5\u5730\n6. \u4efb\u4f55\u4ee5\u4e0a\u672a\u63d0\u53ca\u4f46\u70ba\u4e00\u822c\u4eba\u6b63\u5e38\u4e0d\u6703\u524d\u5f80\u4e4b\u5730\u9ede\n\n\u3002\u672c\u4eba\u606a\u9075\u4e0b\u5217\u4e8b\u9805\uff1a\n\n1. \u958b\u8eca\u6216\u9a0e\u6469\u6258\u8eca\u4e4b\u524d\u6703\u6aa2\u67e5\u715e\u8eca\u90e8\u4ef6\u3001\u6cb9\u9580\u7dda\u7b49\uff0c\u4e26\u6703\u5728\u52a0\u6cb9\u524d\u95dc\u9589\u8eca\u8f1b\u96fb\u6e90\u8207\u884c\u52d5\u96fb\n\u8a71\u3002\n2. \u7d55\u4e0d\u64c5\u6436\u9ec3\u71c8\u3001\u95d6\u7d05\u71c8\u3002\n3. \u4e58\u5750\u4efb\u4f55\u8ecc\u9053\u985e\u4ea4\u901a\u5de5\u5177\uff0c\u672c\u4eba\u4e00\u5b9a\u9000\u5230\u8b66\u6212\u7dda\u5f8c\u4e00\u6b65\u4ee5\u4e0a\uff0c\u76f4\u5230\u8eca\u8f1b\u505c\u59a5\u3002\n4. \u9a0e\u4e58\u6a5f\u8eca\u5fc5\u6234\u5b89\u5168\u5e3d\uff1b\u4e58\u8eca\u5fc5\u7e6b\u5b89\u5168\u5e36\u3002\n5. \u7d55\u4e0d\u63a5\u8fd1\u4efb\u4f55\u6703\u653e\u5c04\u5c0d\u4eba\u9ad4\u6709\u7acb\u5373\u5371\u5bb3\u7684\u8f3b\u5c04\u4e4b\u5834\u6240\uff08\u5982\u6838\u96fb\u5ee0\uff09\u6216\u8a2d\u5099\u3002\n6. \u98b1\u98a8\u5929\u4e0d\u767b\u5c71\u3001\u4e0d\u89c0\u6d6a\u3002\n\n\u3002\u672c\u4eba\u5c07\u76e1\u53ef\u80fd\u6ce8\u610f\u5c45\u5bb6\u96fb\u5668\u3001\u74e6\u65af\u3001\u706b\u6e90\u4e4b\u4f7f\u7528\u3002\n\u3002\u672c\u4eba\u5c45\u4f4f\u4e4b\u623f\u5c4b\u5747\u4f7f\u7528\u7b26\u5408\u6cd5\u898f\u4e4b\u96fb\u8def\u96fb\u7dda\uff0c\u7d55\u7121\u96fb\u7dda\u8d70\u706b\u4e4b\u53ef\u80fd\uff1b\n\u3002\u672c\u4eba\u7d55\u5c0d\u4e0d\u5728\u5bb6\u4e2d\u7f6e\u653e\u904e\u91cf\u53ef\u71c3\u6027\u6c23\u9ad4\u6216\u6db2\u9ad4\u3002\n\u3002\u6d74\u5ba4\u4e2d\u9664\u8a72\u6709\u4e4b\u7167\u660e\u5916\uff0c\u4e0d\u653e\u7f6e\u4efb\u4f55\u96fb\u5668\u7528\u54c1\uff0c\n\u3002\u7761\u89ba\u524d\u6703\u95dc\u9589\u5927\u91cf\u8017\u80fd\u96fb\u5668\uff0c\u50c5\u4fdd\u6301\u96fb\u71c8\u3001\u51b0\u7bb1\u3001\u96fb\u6247\u5916\u4e4b\u6240\u6709\u96fb\u5668\u958b\u95dc\u3002\n\u3002\u672c\u4eba\u7d55\u4e0d\u6703\u8207\u96a8\u6a5f\u7684\u4e0d\u660e\u4eba\u58eb\u8d77\u885d\u7a81\uff0c\u4e26\u76e1\u53ef\u80fd\u4fdd\u8b77\u81ea\u6211\u4eba\u8eab\u5b89\u5168\u3002\n\n\u82e5\u672c\u4eba\u88ab\u767c\u73fe\u6b7b\u4ea1\uff0c\u4e14\u73fe\u5834\u7121\u5916\u529b\u53ca\u6253\u9b25\u6399\u624e\u75d5\u8de1\uff0c\u5982\u5728\u8eca\u5167\u623f\u9593\u7b49\u7b49\u96b1\u853d\u5834\u6240\uff0c\u7d55\u975e\u672c\n\u4eba\u81ea\u6bba\u3002\n\n\u82e5\u7db2\u53cb\u5728\u770b\u5b8c\u6b64\u8072\u660e\u4e4b\u5f8c\uff0c\u8fd1\u671f\u6216\u5c07\u4f86\u767c\u73fe\u6b64\u5e33\u865f\u4e0d\u518d\u4e0a\u7dda\uff0c\u8acb\u5e6b\u6211\u8a0e\u56de\u516c\u9053\uff0c\u8b1d\u8b1d\u3002\n\n\u5099\u8a3b\uff1a\n\n1.\u8a72\u8072\u660e\u7121\u6cd5\u78ba\u5be6\u4fdd\u969c\u4eba\u8eab\u5b89\u5168\n2.\u8a72\u8072\u660e\u7121\u6cd5\u907f\u514d\u78ba\u5b9a\u7684\u6bba\u8eab\u4e4b\u798d\n3.\u8acb\u96a8\u6642\u6ce8\u610f\u81ea\u8eab\u5b89\u5168\uff0c\u9109\u6c11\u7121\u6cd5\u4fdd\u8b77\u60a8\n\n\n\uff0d\uff0d\uff0d\uff0d\uff0d\uff0d\uff0d\uff0d\uff0d\uff0d\uff0d\uff0d\uff0d\uff0d\u82f1\u6587\u7248\uff0d\uff0d\uff0d\uff0d\uff0d\uff0d\uff0d\uff0d\uff0d\uff0d\uff0d\uff0d\uff0d\uff0d\uff0d\uff0d\n\n\u3002I, OOO, declares to whom may concern:\n\u3002I am optimistic with healthy fitness,\n\u3002without any illness or disease confuse me,\n\u3002so I will NOT do any thing connected to suicide by any means.\n\u3002I do NOT have medical issues with sleeping,\n\u3002so I do NOT need to take any medicals about it.\n\u3002I am NOT an alcoholic nor having drug addiction,\n\n\u3002neither visit the following places alone and / or with relatives or friends:\n\n1. Open water area\n2. Pool without watcher\n3. Closed place like not ventilated tank, pool, cellar with hazardous gas\n\u3000(i.e. high pressure gas, explosive gas, toxic gas, etc.)\n4. Any place without safe barriers from falling\n5. Any building site (well, except the deconstruction place for governmental\nbuildings),\n\n\u3002including spots to making concretes.\n\n6. Any place does not mentioned above, where no common people might visit.\n\n\u3002I strictly follow the under rules:\n\u30001. I check my brakes and parts before driving,\n\u3000\u3000and turn off my mobile and the power of my vehicle.\n\u30002. I do not rush in traffic lights.\n\u30003. I keep the distance for more than one step from the security line\n\u3000\u3000while taking any vehicle or transportation if they have, until they are\n\u3000\u3000fully parked and ready to aboard.\n\u30004. I wear helmet with scooters or motorbike properly.\n\u3000\u3000I wield safety belt while driving or being a passenger.\n\u30005. I will NOT close any harmful radiative place (like nuclear plant) or\nequipments.\n\u30006. I will NOT go hiking, wave seeing, or visit any dangerous places.\n\n\u3002I try my best to watch over the usage of appliance, gasoline and fire.\n\u3002My place uses legally certificated safe electricity equipments,\n\u3002thus the possibility of having accidents in fire IS insignificant.\n\u3002In addition to this, I never have illegal amount of flammable gas or liquid.\n\u3002I do not have any appliance despite of necessary lighting,\n\u3002and turn off all switches despite of lights, refrigerators or fans.\n\u3002I do not having conflicts with strangers,\n\u3002and put my personal security as highest priority.\n\u3002Hereby I authorize any of you who viewed this statement to have rights to\nannouncing charges\n\u3000or calling police, once this account does not login for days (legal\ndefinition of missing a long time)\n\n\n\u6392\u7248\u548c\u5167\u5bb9\u8acb\u5404\u4f4d\u9999\u6e2f\u4eba\u7a0d\u5fae\u4fee\u6539\u4e00\u4e0b\u4ee5\u7b26\u5408\u81ea\u8eab\u60c5\u6cc1\u3002\n\n\u9999\u6e2f\u52a0\u6cb9\uff0c\u9999\u6e2f\u4eba\u52a0\u6cb9\uff01\n\n--\n\u91cd\u9ede\u61c9\u8a72\u662f\u8981\u5148\u8072\u660e\u81ea\u5df1\u4e0d\u6703\u81ea\u6bba\uff0c\u6b7b\u4ea1\u90fd\u662f\u4ed6\u4eba\u6240\u5bb3\u3002\n\u203b \u7de8\u8f2f: stu25936 (1.169.200.178 \u81fa\u7063), 10/12/2019 09:49:04\n\u203b \u7de8\u8f2f: stu25936 (1.169.200.178 \u81fa\u7063), 10/12/2019 09:49:31\n\u203b \u7de8\u8f2f: stu25936 (1.169.200.178 \u81fa\u7063), 10/12/2019 09:55:23\n\u554f\u4f60\u5404\u4f4d\u89ba\u5f97\u9999\u6e2f\u4eba\u662f\u4e0d\u662f\u8a72\u767c\u500b\u8072\u660e\u554a\uff0c\u770b\u4f86\u5927\u5bb6\u89ba\u5f97\u662f\u4e0d\u7528\u767c\n\u203b \u7de8\u8f2f: stu25936 (1.169.200.178 \u81fa\u7063), 10/12/2019 10:45:04\n"}