{"ptt_id": "SpadeR", "post_url": "https://www.ptt.cc/bbs/Gossiping/M.1567693252.A.771.html", "post_type": "\u554f\u5366", "post_title": "\u7f8e\u8ecd\u71df\u968a\u7684\u5730\u90fd\u662f\u8ab0\u6383\u7684?\\", "post_time": "2019-09-05 22:20:50", "post_score": 6, "post_pushes": [{"type": 1, "id": "OmegaWind", "content": ": \u5c11\u6797\u5bfa\u6383\u5730\u50e7"}, {"type": 1, "id": "ggeneration", "content": ": \u5916\u5305\u5ee0\u5546"}, {"type": 0, "id": "g8330330", "content": ": \u6230\u4fd8"}, {"type": 1, "id": "Kakehiko", "content": ": https://youtu.be/PUNiQk8IrF4"}, {"type": 0, "id": "shcjosh", "content": ": \u5916\u5305\u6e05\u6f54\u516c\u53f8"}, {"type": 1, "id": "gaym19", "content": ": \u53f0\u7063\u570b\u8ecd\u534a\u591c\u904e\u53bb\u6383\u7684"}, {"type": -1, "id": "spartaucs896", "content": ": \u5916\u570b\u5c0f\u7cbe\u9748\u963f"}, {"type": 1, "id": "njnjy", "content": ": \u7f8e\u8ecd\u4e00\u6a23\u8981\u6383\u5730 \u6574\u7406\u5167\u52d9"}, {"type": 1, "id": "hipab", "content": ": \u9023\u7d55\u4e16\u9ad8\u50e7\u90fd\u8981\u51fa\u516c\u5dee\u6383\u5730\u60f9\uff0c\u9ad8\u624b\u90fd\u7528\u6383"}, {"type": 0, "id": "hipab", "content": ": \u628ak\u7206\u6575\u8ecd"}, {"type": 1, "id": "ack0217", "content": ": \u7f8e\u8ecd\u5167\u52d9\u6c92\u6574\u7406\u597d\u4e5f\u6703\u88ab\u5e79\u5230\u98db\u4e0d\u662f\u55ce"}], "post_ip": "61.64.84.10", "post_content": "\n\n\u5e38\u770b\u5230\u6709\u4eba\u5728\u9178\u570b\u8ecd\u53ea\u6703\u62ff\u6383\u628a\n\u5c31\u89ba\u5f97\u5f88\u5947\u602a \u53ea\u6709\u53f0\u8ecd\u9700\u8981\u6383\u5730\u55ce?\n\u9019\u6a23\u7f8e\u8ecd\u7684\u71df\u5730\u662f\u8ab0\u5728\u6383\u7684?\n\u800c\u4e14\u7f8e\u8ecd\u6709\u9019\u9ebc\u591a\u6d77\u5916\u99d0\u8ecd\n\u96e3\u9053\u90fd\u662f\u8acb\u7576\u5730\u7684\u6642\u85aa\u5927\u5abd\u6383\u5730\u55ce?\n\n\u6709\u6c92\u6709\u7f8e\u8ecd\u62ff\u4e0d\u62ff\u6383\u628a\u7684\u516b\u639b?\n\n--\nhttps://s1.imgs.cc/img/aaaaa0Z8A.gif?_w=750\n\n--\n"}