{"ptt_id": "jin168chen", "post_url": "https://www.ptt.cc/bbs/Gossiping/M.1564034336.A.4A1.html", "post_type": "\u65b0\u805e", "post_title": "\u9a5a\u609a\uff01\u7591\u906d\u72d7\u7fa4\u8ffd\u5420\u6454\u8eca \u9a0e\u58eb\u906d\u55ae\u8eca\u8eca\u628a", "post_time": "2019-07-25 13:58:53", "post_score": 21, "post_pushes": [{"type": 1, "id": "axzs1111", "content": ": \u9019\u4e09\u5c0f"}, {"type": 1, "id": "Cassander", "content": ": \u69cd\u6583\uff1f"}, {"type": 1, "id": "AustinRivers", "content": ": \u6d41\u6d6a\u72d7\u53c8\u9b27\u51fa\u4eba\u547d\u4e86 \u53f0\u7063\u4eba\u771f\u53ef\u6190"}, {"type": 1, "id": "DPCHING805", "content": ": \u9019\u4e5f\u592a\u53ef\u6015\u4e86...."}, {"type": 0, "id": "pyrolith", "content": ": \u6015"}, {"type": 0, "id": "AustinRivers", "content": ": \u611b\u7238\u611b\u5abd\u51fa\u4f86\u8ca0\u5211\u8cac\u554a"}, {"type": -1, "id": "smallz", "content": ": \u72d7\u672c:\u4f60\u8b93\u4ed6\u8ffd\u4eba \u4eba\u6b7b\u5149\u4e86\u5c31\u4e0d\u6703\u518d\u8ffd\u4eba\u4e86"}, {"type": 1, "id": "inshadow", "content": ": \u65e9\u8aaa\u904e\u6d41\u6d6a\u72d7\u5c31\u8a72\u64b2\u6bba"}, {"type": 0, "id": "QQmouse", "content": ": \u592a\u53ef\u6015"}, {"type": 1, "id": "MarcoLou", "content": ": \u6628\u5929\u958b\u8eca\u56de\u5bb6\u88ab\u6d41\u6d6a\u72d7\u8ffd.."}, {"type": 1, "id": "Galm", "content": ": \u65e9\u8aaa\u8a72\u64b2\u6bba\u4e86,\u53f0\u7063\u7406\u76f2\u6feb\u60c5\u8005\u773e"}, {"type": 1, "id": "shakesper", "content": ": \u611b\u72d7\u5718\u9ad4:\u8b74\u8cac\u4e09no"}, {"type": 0, "id": "SuperEdison", "content": ": \u52d5\u4fdd\uff1a\u4e00\u5b9a\u662f\u9a0e\u58eb\u81ea\u6bba"}, {"type": -1, "id": "distantblc", "content": ": \u72d7\u672c\uff1a\u8ab0\u8aaa\u7981\u6b62\u9935\u98df\u7684 \u6709\u826f\u5fc3\u55ce"}, {"type": 1, "id": "wsx7516twtw", "content": ": \u72d7\u807d\u5f97\u61c2NO\u55cexD"}, {"type": 0, "id": "shiueyang", "content": ": \u9a0e\u8eca\u53ef\u4ee5\u9a0e\u7834\u767e\u6700\u597d\u72d7\u8ffd\u5f97\u4e0a\u8aaa\u4e0d\u5b9a\u81ea\u6454"}, {"type": 0, "id": "elzohar", "content": ": \u809a\u5b50\u7d19\u7cca\u7684?"}, {"type": 1, "id": "lkrichard", "content": ": \u6574\u7fa4\u6d41\u6d6a\u72d7 \u4e00\u5b9a\u6709\u4eba\u9935\u98df"}, {"type": 1, "id": "tqaz", "content": ": \u5641\u5fc3\u72d7\u672c\u5feb\u5e36\u56de\u5bb6"}, {"type": 1, "id": "Ilat", "content": ": \u628a\u624b\u8981\u600e\u9ebc\u6a23\u624d\u80fd\u7a7f\u7834\u809a\u5b50..."}, {"type": 1, "id": "GPX2020", "content": ":  \u6709\u9ede\u96e2\u5947"}, {"type": 1, "id": "cutearia", "content": ": \u52d5\u4fdd\u8981\u4e0d\u8981\u8ce0"}, {"type": 0, "id": "Gundam77", "content": ": \u7d55\u547d\u7d42\u7d50\u7ad9.....?____?"}, {"type": -1, "id": "neofish", "content": ": \u72d7\u672c\u54e9\uff1f"}, {"type": 1, "id": "ajemtw", "content": ": \u76f4\u63a5\u958b\u653e\u5916\u52de\u52a0\u83dc\uff0c\u4e5f\u4e0d\u7528\u82b1\u9322\u88dc\u6293\u4e86"}, {"type": 1, "id": "whitefox", "content": ": \u9019\u628a\u624b\u662f\u81ea\u5df1\u92f8\u77ed\u7684\u5427"}, {"type": -1, "id": "belion", "content": ": \u6700\u5f8c\u4e00\u6bb5\uff0c\u662f\u6709\u5565\u7528\uff1f\uff1f\uff1f"}, {"type": 1, "id": "jackwula9211", "content": ": \u5c31\u8aaa\u61c9\u8a72\u5168\u9762\u64b2\u6bba\u6d41\u6d6a\u72d7"}, {"type": 1, "id": "skyoo00", "content": ": \u9b25\u725b\u72ac\u807d\u5f97\u61c2NO \u9047\u5230\u5c0f\u9ed1\u571f\u72d7\u8981\u8aaa\u4e0d\u53ef\u4ee5"}, {"type": 1, "id": "reil", "content": ": \u8981\u64b2\u6bba"}, {"type": -1, "id": "AAaaron", "content": ": \u4e00\u5b9a\u8981\u82f1\u6587\u55ce\uff1f\u7528\u65e5\u6587\u8aaa\"\u54bf\u55f2\"\u4e0d\u884c\u55ce?"}, {"type": 1, "id": "aaheecuv", "content": ": \u72d7\u672c\u9019\u6b21\u8981\u8aaa\u4ec0\u9ebc\uff1f"}, {"type": 1, "id": "xsexyx", "content": ": \u4e5f\u592a\u9a5a\u609a"}, {"type": -1, "id": "zucca", "content": ": \u9019\u662f\u4ed6\u731c\u6e2c\u53c8\u6c92\u6709\u8b49\u64da"}, {"type": -1, "id": "garman0403", "content": ": \u72d7\u6559\u7df4\u662f\u4e09\u5c0f \u8981\u662f\u72d7\u4e0d\u96e2\u958b\u5462"}, {"type": -1, "id": "surferblue", "content": ": \u72d7\u672c: \u6d6a\u6d6a\u5f88\u53ef\u611b \u4e00\u5b9a\u662f\u9a0e\u58eb\u5687\u5230\u4ed6"}, {"type": 1, "id": "eterbless", "content": ": \u53c8\u662f\u6709\u4eba\u9935\u7684 \u5168\u6bba\u5149\u5566"}, {"type": -1, "id": "garman0403", "content": ": \u72d7\u672c\u771f\u7684\u793e\u6703\u6bd2\u7624"}, {"type": 1, "id": "elzohar", "content": ": \u5982\u679c\u88ab\u72d7\u653b\u64ca  \u53cd\u64ca\u628a\u72d7\u6253\u6b7b\u6216\u8e22\u6b7b"}, {"type": 0, "id": "elzohar", "content": ": \u9019\u6a23\u6703\u6709\u5211\u8cac\u55ce?"}, {"type": 1, "id": "ccufcc", "content": ": \u72d7\u6709\u6c92\u6709\u570d\u4e0a\u53bb\u5403\u4ed6\u7684\u5c4d\u9ad4"}, {"type": -1, "id": "insanee", "content": ": \u72d7\u672c\u88dd\u6b7b\u4e2d"}, {"type": 1, "id": "fukmar", "content": ": \u72d7\u672c\u51fa\u4f86\u5420\u4e00\u4e0b"}, {"type": 1, "id": "freedom77", "content": ": \u72d7\u7684\u751f\u547d\u6709\u6bd4\u4eba\u985e\u9ad8\u8cb4\u55ce"}, {"type": 0, "id": "freedom77", "content": ": \u5c11\u5728\u90a3\u908a\u751f\u547d\u5e73\u7b49 \u90a3\u868a\u5b50\u751f\u547d\uff1f\u87d1\u8782\u751f"}, {"type": -1, "id": "ims531", "content": ": \u731c\u60f3\u5c31\u53ef\u4ee5\u5beb\u51fa\u4e00\u7bc7\u5831\u5c0e"}, {"type": -1, "id": "newIheart", "content": ": \u5927\u8072\u8aaaNO"}, {"type": -1, "id": "lovegq00", "content": ": \u7591"}, {"type": 1, "id": "diiky", "content": ": \u72d7\u672c\u771f\u662f\u4e82\u6e90"}, {"type": 1, "id": "ryan851215", "content": ": \u5e79\u9a0e\u8173\u8e0f\u8eca\u5c31\u77e5\u9053\u6d41\u6d6a\u72d7\u6839\u672c\u793e\u6703\u96b1\u6182"}, {"type": 1, "id": "widec", "content": ": 139\u6574\u689d\u7684\u6d41\u6d6a\u72d7\u61c9\u8a72\u64b2\u6bba"}, {"type": 0, "id": "edmond777", "content": ": \u64b2\u6bba\u64b2\u6bba"}, {"type": 1, "id": "DDG114514", "content": ": \u72d7\u672c\u88dd\u7761\u53eb\u4e0d\u9192"}, {"type": 1, "id": "trpoct12", "content": ": \u6d41\u6d6a\u72d7\u672c\u4f86\u5c31\u8a72\u6bba\u5149 \u5783\u573e\u72d7\u672c\u798d\u5bb3\u53f0\u7063"}, {"type": -1, "id": "strawberrie", "content": ": \u5148\u4e0d\u7ba1\u6d41\u6d6a\u72d7\u554f\u984c \u9019\u901a\u7bc7\u731c\u60f3\u4e5f\u53ef\u4ee5"}, {"type": 0, "id": "strawberrie", "content": ": \u8b1b\u7684\u597d\u50cf\u81ea\u5df1\u5728\u73fe\u5834\u4e00\u6a23..."}, {"type": 0, "id": "flarecutter", "content": ": \u5168\u90e8\u63a8\u7d66\u72d7\u5c31\u5c0d\u4e86"}, {"type": 1, "id": "archgon", "content": ": \u6df7\u86cb\u611b\u5fc3\u5abd\u5abd\u53c8\u5bb3\u6b7b\u4eba"}, {"type": 1, "id": "iaco", "content": ": \u611b\u5fc3\u5abd\u5abd\u8ddf\u6703\u53bb\u5bae\u5edf\u6ce1\u8336\u804a\u5929\u7684\u6b50\u5df4\u6851\u5dee\u4e0d\u591a"}, {"type": 1, "id": "rapnose", "content": ": \u8eca\u901f\u6162\u628a\u624b\u9084\u80fd\u523a\u809a\u5b50\uff0c\u6709\u9ede\u6050\u6016\u3002"}, {"type": 1, "id": "rapnose", "content": ": \u7136\u5f8c\u63a8widec\u3002139\u7684\u6d41\u6d6a\u72d7\u5f88\u592d\u58fd\u3002"}, {"type": -1, "id": "kenet2", "content": ": \u6d41\u6d6a\u72d7\u8ffd\u8eca\u771f\u7684\u5f88\u53ef\u6015"}, {"type": -1, "id": "kerodo", "content": ": \u72d7\u672c\u53c8\u9020\u5b7d\u4e86"}, {"type": -1, "id": "Mike9", "content": ": \u6d41\u6d6a\u72d7\u8d8a\u4f86\u8d8a\u591a"}, {"type": 0, "id": "blastGG", "content": ": \u760b\u72d7\u6d6a \u518d\u4e0d\u5b89\u6a02\u6b7b\u963f\u5e79"}, {"type": 1, "id": "MeeToo", "content": ": \u88ab\u72d7\u8ffd\u9084\u6162\u901f\u9a0e\u8eca \u9019\u4f60\u4fe1\uff1f"}, {"type": 1, "id": "roea68roea68", "content": ": \u53ef\u4ee5\u628a\u72d7\u9019\u7a2e\u5783\u573e\u751f\u7269\u6bba\u5149\u55ce"}, {"type": 1, "id": "congaconga", "content": ": \u518d\u653e\u990a\u8a66\u8a66\u770b\u554a"}, {"type": 0, "id": "Wx7621", "content": ": \u72d7\u672c\u9019\u6642\u5019\u600e\u9ebc\u90fd\u4e0d\u898b\u4e86"}], "post_ip": "61.216.26.1", "post_content": "\n\n\u9a5a\u609a\uff01\u7591\u906d\u72d7\u7fa4\u8ffd\u5420\u6454\u8eca \u9a0e\u58eb\u906d\u55ae\u8eca\u8eca\u628a\u523a\u6b7b\n\n\u3014\u8a18\u8005\u9673\u9cf3\u9e97\uff0f\u5357\u6295\u5831\u5c0e\u3015\u5357\u6295\u7e23\u8349\u5c6f\u93ae\u65e5\u524d\u6e05\u6668\u767c\u751f\u9a5a\u609a\u7684\u55ae\u8eca\u9a0e\u58eb\u6454\u8eca\uff0c\u88ab\u628a\u624b\u523a\u6b7b\n\u610f\u5916\uff0c\u56e0\u7121\u76e3\u8996\u5668\u6454\u8eca\u539f\u56e0\u6210\u8b0e\uff0c\u8349\u5c6f\u93ae\u99b4\u72ac\u6559\u7df4\u6bb5\u50b3\u4ec1\u8aaa\uff0c\u6bcd\u89aa\u5c31\u4f4f\u9644\u8fd1\uff0c\u6454\u8eca\u8655\u5e73\u65e5\n\u5c31\u6709\u6210\u7fa4\u6d41\u6d6a\u72ac\u805a\u96c6\u4e14\u6703\u8ffd\u9a0e\u58eb\uff0c\u7576\u5929\u6e05\u6668\u4e5f\u6709\u807d\u5230\u72d7\u7fa4\u72c2\u8ffd\u5927\u53eb\u8072\uff0c\u61f7\u7591\u53c8\u662f\u88ab\u72d7\u8ffd\u5420\n\u800c\u7dca\u5f35\u6454\u8eca\u7684\u610f\u5916\u3002\n\n\u5357\u6295\u7e23\u8349\u5c6f\u93ae63\u6b72\u6d2a\u59d3\u7537\u5b50\uff0c12\u65e5\u6e05\u6668\u5230\u8349\u5c6f\u93ae\u90ca\u5340\u9a0e\u8173\u8e0f\u8eca\u904b\u52d5\uff0c\u9a0e\u5230\u4e00\u8655\u7522\u696d\u9053\u8def\u4e0a\n\u6642\uff0c\u4e0d\u77e5\u4f55\u6545\u7a81\u7136\u6454\u8eca\uff0c\u8173\u8e0f\u8eca\u5148\u5012\u5730\uff0c\u8eca\u9f8d\u982d\u7684\u53f3\u628a\u624b\u671d\u4e0a\uff0c\u800c\u4ed6\u6454\u4e0b\u5f8c\u8179\u90e8\u649e\u64ca\u5230\u5782\n\u76f4\u5411\u4e0a\u628a\u624b\uff0c\u628a\u624b\u76f4\u63a5\u523a\u7a7f\u5176\u53f3\u8179\u90e8\u50b7\u91cd\u4e0d\u6cbb\u3002\u696d\u9918\u81ea\u7531\u8eca\u9078\u624b\u5224\u65b7\uff0c\u610f\u5916\u767c\u751f\u524d\u9a0e\u58eb\u7684\n\u8eca\u901f\u5f88\u4f4e\uff0c\u53ea\u662f\u8eca\u901f\u6162\u9084\u6454\u8eca\u7684\u539f\u56e0\u5c31\u96e3\u731c\u6e2c\u3002\n\n\u8349\u5c6f\u93ae\u99b4\u72ac\u6559\u7df4\u6bb5\u50b3\u4ec1\u4eca\u5929\u8868\u793a\uff0c\u8001\u5bb6\u5c31\u5728\u610f\u5916\u767c\u751f\u5730\u9ede\u7684\u9644\u8fd1\uff0c\u6bd7\u9130\u5abd\u5abd\u7684\u83dc\u5712\uff0c\u800c\u8a72\n\u5730\u9ede\u6703\u6709\u4e00\u7fa4\u6d41\u6d6a\u72ac\u805a\u96c6\uff0c\u4ed6\u5011\u4ed7\u8457\u65cf\u7fa4\u9f90\u5927\uff0c\u5e38\u6703\u8ffd\u5420\u9a0e\u6a5f\u8eca\u6216\u9a0e\u8173\u8e0f\u8eca\u884c\u7d93\u7684\u9a0e\u58eb\uff0c\n12\u65e5\u6e05\u6668\u6bcd\u89aa\u4e5f\u6709\u807d\u5230\u72d7\u7fa4\u8ffd\u5420\u8072\uff0c\u4f46\u5f8c\u4f86\u624d\u77e5\u51fa\u4e86\u9019\u6a23\u9a5a\u609a\u7684\u610f\u5916\uff0c\u5927\u5bb6\u90fd\u731c\u6e2c\u662f\u6d2a\u59d3\n\u9a0e\u58eb\u88ab\u72d7\u7fa4\u8ffd\u5420\u592a\u7dca\u5f35\u800c\u6454\u8eca\u3002\n\n\u6bb5\u50b3\u4ec1\u8aaa\uff0c\u5074\u9762\u4e86\u89e3\u9019\u88e1\u7684\u6d41\u6d6a\u72ac\u6703\u6709\u4eba\u4f86\u9935\uff0c\u72d7\u7684\u7fa4\u9ad4\u6108\u5927\u7260\u5011\u81ea\u8a8d\u7684\u5730\u76e4\u5c31\u6108\u5ee3\uff0c\u6108\n\u6703\u653e\u5fc3\u5730\u5c55\u73fe\u8ffd\u7375\u672c\u6027\uff0c\u56e0\u6b64\u8981\u518d\u82e6\u5a46\u5fc3\u52f8\u8aaa\u4e00\u6b21\uff0c\u5343\u842c\u4e0d\u8981\u56fa\u5b9a\u9935\u98df\u6d41\u6d6a\u72d7\u3002\n\n\u6bb5\u50b3\u4ec1\u4e5f\u8aaa\uff0c\u8981\u9632\u88ab\u72d7\u7fa4\u8ffd\u5420\uff0c\u767c\u751f\u88ab\u54ac\u50b7\u6216\u767c\u751f\u6454\u8eca\u610f\u5916\uff0c\u5c31\u53ea\u6709\u300c\u4e0d\u9003\u8dd1\u3001\u4e0d\u9a5a\u8072\u5c16\n\u53eb\u300d\uff0c\u4e14\u8981\u4f7f\u51fa\u300c3\u500bNO\u300d\u6487\u6b65\uff0c\u5373\u4e00\u4e0d\u9003\u8dd1\uff0c\u505c\u8eca\u6b63\u9762\u6012\u5c0d\u72d7\uff1b\u4e8c\u5c0d\u8457\u72d7\u559d\u65a5\u300cNO\u300d\uff0c\n\u6216\u5229\u7528\u6709\u5e36\u7684\u6771\u897f\u4e1f\u7260\u5011\uff0c\u8b93\u7260\u5011\u9000\u7e2e\uff1b\u4e09\u5247\u662f\u7d55\u4e0d\u80cc\u5c0d\u72d7\uff0c\u6b63\u9762\u77aa\u8457\u5011\u6162\u6162\u96e2\u958b\u3002\n\n\u8173\u8e0f\u8eca\u53f3\u628a\u624b\u671d\u4e0a\u9a0e\u58eb\u6454\u4e0b\u5f8c\u8179\u90e8\u649e\u64ca\u5782\u76f4\u5411\u4e0a\u628a\u624b\u3002\uff08\u8cc7\u6599\u7167\uff0c\u6c11\u773e\u63d0\u4f9b\uff09\nhttps://news.ltn.com.tw/news/society/breakingnews/2863544\n\n--\n"}