{"ptt_id": "cloudlaba", "post_url": "https://www.ptt.cc/bbs/Gossiping/M.1569287764.A.CA7.html", "post_type": "\u554f\u5366", "post_title": "\u8c93\u8c93\u4f54\u64da\u9375\u76e4\u4e0d\u8b93\u6211\u5de5\u4f5c", "post_time": "2019-09-24 09:16:02", "post_score": -3, "post_pushes": [{"type": -1, "id": "zxc2331189", "content": ": \u9019\u7345\u5b50\u516b"}, {"type": 0, "id": "roywow", "content": ": \u4f60\u9019\u96bb\u8c93\u9023\u4e09\u500d\u90fd\u6c92\u5c41\u7528"}, {"type": 1, "id": "frommr", "content": ": \u6a13\u4e0b\u770b\u5230\u7532\u7532\u6703\u6709\u4ec0\u9ebc\u885d\u52d5"}, {"type": 0, "id": "StepZero2One", "content": ": \u4e09\u676f"}, {"type": -1, "id": "nomed", "content": ": \u6efe"}, {"type": 0, "id": "nomed", "content": ": 4\u6a13\u80c3\u53e3\u4e0d\u932f\u6b50"}, {"type": -1, "id": "saiulbb", "content": ": \u4e0d\u662f\u771f\u8c93 \u6efe"}, {"type": 1, "id": "ohrring", "content": ": \u5047\u8c93\u6efe\u5566\u5e79"}, {"type": -1, "id": "thewtf", "content": ": \u8ce3\u6389\u554a"}, {"type": 0, "id": "kawazakiz2", "content": ": \u4ed6\u6703\u9019\u6a23\u4f54\u64da\u9375\u76e4\u4f60\u8981\u5148\u53bb\u627e\u9053\u58eb\u624d\u5c0d"}, {"type": 1, "id": "emptydia", "content": ": \u5047\u8c93\u8c93QQ"}, {"type": 0, "id": "UndeadBird", "content": ": \u53ef\u60b2"}, {"type": -1, "id": "bill403777", "content": ": \u5efa\u8b70\u4e1f\u9032\u5783\u573e\u6876"}, {"type": 1, "id": "o11i", "content": ": \u6158 \u8def\u908a\u6293\u4e00\u96bb\u90fd\u8d0f"}, {"type": -1, "id": "Arad", "content": ": \u5047\u8c93 \u597d\u610f\u601d"}, {"type": -1, "id": "saca572381", "content": ": \u8c93\u4e09\u5c0f"}], "post_ip": "223.141.91.176", "post_content": "\n\u5c0f\u59b9\u5728\u5bb6\u505a\u7db2\u62cd\n\n\u6b63\u8981\u4f86\u5de5\u4f5c\u6642\n\n\u6211\u5bb6\u8c93\u8c93\u8dd1\u4f86\u4f54\u64da\u9375\u76e4\n\n\u4e0d\u7d66\u6211\u7528\u96fb\u8166\n\nhttps://i.imgur.com/6kH6NiW.jpg\n\nhttps://i.imgur.com/fsoKtKM.jpg\n\n\u5927\u5bb6\u8c93\u8c93\u4e5f\u6703\u9019\u6a23\uff1f\n\n\n\n--\n"}