{"ptt_id": "rockon15", "post_url": "https://www.ptt.cc/bbs/Gossiping/M.1562731331.A.7CC.html", "post_type": "\u554f\u5366", "post_title": "\u5f9e\u7a7a\u59d0\u4e8b\u4ef6\u770b\u53f0\u7063\u7236\u6b0a", "post_time": "2019-07-10 12:02:09", "post_score": -3, "post_pushes": [{"type": -1, "id": "james732", "content": ": \u597d\uff0c\u6211\u7d66100\u5206"}, {"type": 0, "id": "GPX2020", "content": ": \u6bcd\u8c6c\u6559\u4e5f\u53ea\u662f\u7537\u751f\u958b\u73a9\u7b11\u554a \u88ab\u5973\u6b0a\u71d2\u6210\u5565"}, {"type": 1, "id": "gvvg5566", "content": ": 4 \u53f0\u7537\u5927\u9a5a\u5c0f\u602a \u5fc3\u773c\u88ab\u5c41\u773c\u5c0f \u96e3\u602a\u59b9\u5b50"}, {"type": 0, "id": "gvvg5566", "content": ": \u90fd\u627e\u6d0b\u7537"}, {"type": -1, "id": "yuugen2", "content": ": \u9019\u53cd\u4e32\u5f88\u5f31\uff0c\u4e0d\u5982\u597d\u597d\u7684\u6b63\u9762\u653b\u64ca\uff0c\u9000\u56de"}, {"type": 1, "id": "DustToDust", "content": ": \u89bd\u8db4\u593e\u8d77\u4f86\u554a"}, {"type": 0, "id": "klo578", "content": ": \u96d6\u7136\u77e5\u9053\u4f60\u662f\u53cd\u4e32 \u4f46\u9084\u662f\u8981\u8aaa \u6a5f\u5e2b\u958b\u73a9\u7b11"}, {"type": 0, "id": "klo578", "content": ": \u7d50\u679c\u88ab\u7f70\u66f4\u6158"}, {"type": 1, "id": "nonoabc", "content": ": \u9019\u662f\u5929\u64c7\u7684\u8868\u73fe"}, {"type": -1, "id": "r85270607", "content": ": \u4f60\u9019\u53cd\u4e32\u592a\u5f31 \u5973\u6b0a\u4e0d\u6536\u4ef6"}, {"type": 0, "id": "HSKAO", "content": ": \u4eca\u5929\u5982\u679c\u662f\u80a5\u5b85\u9109\u6c11\u958b\u9019\u7a2e\u73a9\u7b11"}, {"type": 0, "id": "HSKAO", "content": ": \u65e9\u5c31\u88ab\u8b66\u5bdf\u6293\u8d77\u4f86\u4e86XD"}, {"type": -1, "id": "kuma103t", "content": ": \u4e0d\u597d\u7b11"}, {"type": 0, "id": "doubleperson", "content": ": \u53cd\u4e32\u63b0"}, {"type": -1, "id": "yayawoliyau", "content": ": \u7537\u751f\u88ab\u544a\u5973\u751f\u4e5f\u4e00\u6a23\uff0c\u5e73\u6b0a\u8b9a"}, {"type": 0, "id": "vince7098", "content": ": \u6015\u5973\u751f\u88ab\u9677\u5bb3\uff0c\u4e3b\u52d5\u5831\u8b66\u5354\u52a9\u81ea\u6e05\uff0c\u4f55"}, {"type": 0, "id": "vince7098", "content": ": \u4f86\u7236\u6b0a\u4e4b\u8aaa\uff1f"}, {"type": -1, "id": "jack096", "content": ": \u53cd\u4e32\u7684\u5f88\u721b\uff0c\u4e00\u770b\u5c31\u77e5\u9053\u4e86\u3002\u56de\u53bb\u91cd\u5beb"}], "post_ip": "223.140.40.194", "post_content": "\n\u5982\u984c\n\n\u5973\u751f\u53ea\u662f\u958b\u500b\u73a9\u7b11\u800c\u5df2\n\n\u7537\u751f\u8655\u8655\u8a08\u8f03\n\n\u9084\u5831\u8b66 \u771f\u7684\u662f\n\n\u5c0f\u4e8b\u60c5\u5316\u5927\n\n\n\u5973\u751f\u90fd\u5df2\u7d93\u958b\u53e3\u6253pass\u8aaa\u662f\u958b\u73a9\u7b11\u4e86\n\n\u7537\u751f\u4e00\u9ede\u98a8\u5ea6\u90fd\u6c92\u6709\n\n\u4e00\u7fa4\u7236\u6b0a\u7684\u9084\u8acb\u8b66\u65b9\u5075\u8fa6\n\n\u5982\u679c\u4e8b\u5f8c\u7a7a\u59d0\u5f97\u6182\u9b31\u75c7\n\n\u6216\u662f\u88ab80\u81ea\u6bba\u4e86\u600e\u9ebc\u8fa6\uff1f\n\n\u9019\u662f\u7236\u6b0a\u907a\u6bd2\u7684\u9ad4\u73fe\n\n--\n"}