{"ptt_id": "lycs0908", "post_url": "https://www.ptt.cc/bbs/Gossiping/M.1563348985.A.FD3.html", "post_type": "\u554f\u5366", "post_title": "\u5168\u606f\u6295\u5f71\u592a\u903c\u771f\u6703\u4e0d\u6703\u88ab\u62ff\u4f86\u9020\u5047", "post_time": "2019-07-17 15:36:22", "post_score": 3, "post_pushes": [{"type": 0, "id": "t20031210", "content": ": \u54ea\u90e8\uff1f"}, {"type": 1, "id": "Foreverzz", "content": ": \u4f60\u670b\u53cb\u7684\u773c\u93e1\u662f\u6211\u7d66\u7684"}, {"type": 0, "id": "violegrace", "content": ": \u92fc\u9435\u4eba\u6b7b\u4e86"}, {"type": 0, "id": "roywow", "content": ": \u4e94\u6a13\u88ab\u9a19\u8d70\u61f6\u89ba\u4e86"}, {"type": 1, "id": "bignoob", "content": ": \u96f7\u5c41\uff0c\u6211\u624d\u525b\u770b\u5b8c\u7121\u9650\u4e4b\u6230"}, {"type": 1, "id": "Loloya", "content": ": mib\uff1f"}, {"type": 1, "id": "Afro5566", "content": ": \u8718\u86db\u4eba\u6bba\u4eba\u4e86"}, {"type": -1, "id": "joe74509", "content": ": \u96e3\u770b"}, {"type": 0, "id": "NCTUEE800808", "content": ": \u6703\u770b\u5230\u8725\u8734\u4eba\u73fe\u5f62 \u7d50\u679c\u7f8e\u570b\u4e00\u5806\u8725\u8734"}, {"type": 0, "id": "NCTUEE800808", "content": ": \u4eba"}, {"type": 1, "id": "pan60420", "content": ": \u9084\u6709\u7121\u4eba\u6a5f\u7684\u90e8\u5206"}, {"type": -1, "id": "fridaystory", "content": ": \u96f7\u5c41\u96f7"}, {"type": 1, "id": "oops66", "content": ": \u795e\u79d8\u5deb\u5e2b\u662f\u58de\u4eba\u5566!"}, {"type": 0, "id": "Sinful", "content": ": \u8972\u80f8\u7528\u5168\u50cf\u4f5c\u85c9\u53e3\u7167\u6a23\u6703\u88ab\u9001\u53bb\u95dc\u7684\u5594"}, {"type": 0, "id": "smalltwo", "content": ": \u6821\u5916\u5565\u6559\u5b78\u660e\u660e\u5c31\u662f\u871c\u6708\u65c5\u884c"}, {"type": -1, "id": "nalaculan", "content": ": \u96f7\u5c41\uff01\u6211\u624d\u525b\u770b\u5230happy\u548c\u6885\u5b38\u958b\u623f\u9593"}, {"type": -1, "id": "leonEEman", "content": ": \u96f7\u5c41"}, {"type": 1, "id": "joe4643", "content": ": \u4f60\u6709\u8d81\u9019\u5e7e\u5929\u812b\u8655\u55ce"}, {"type": -1, "id": "capdog", "content": ": \u96f7\u4e09\u5c0f"}, {"type": -1, "id": "colorclover", "content": ": \u6211\u8981\u7528\u4e00\u5929\u7684\u6642\u9593\u53bb\u6068\u4f60"}, {"type": 0, "id": "higameboy", "content": ": \u6211\u6bcf\u5929\u611b\u4f60\u516b\u5c0f\u6642 \u5269\u4e0b\u6642\u9593\u7528\u4f86\u7761\u89ba"}, {"type": 1, "id": "jeremy770823", "content": ": 123"}, {"type": 1, "id": "jeff23031", "content": ": \u542b\u5c0e\u5e02\u9577"}], "post_ip": "123.192.230.190", "post_content": "\n\n\u6211\u6709\u500b\u670b\u53cb\u53bb\u6821\u5916\u6559\u5b78\n\u9047\u4e0a\u4e00\u500b\u4eba\n\u7528\u7121\u4eba\u6a5f\u5168\u606f\u6295\u5f71\u4f86\u88fd\u9020\u602a\u7269\n\u518d\u81ea\u5df1\u53bb\u6253\u6557\n\u4f86\u6b3a\u9a19\u793e\u6703\u7372\u5f97\u559d\u5f69\n\n\u672c\u9b6f\u4e5f\u5728\u73fe\u5834\n\u770b\u8d77\u4f86\u975e\u5e38\u903c\u771f\n\u903c\u771f\u5230\u6211\u670b\u53cb\u9084\u88ab\u4e00\u9663\u5e7b\u89ba\u6417\u4e82\n\n\u6700\u5f8c\u6575\u4eba\u88ab\u63ed\u7a7f\u4e26\u6253\u6557\u5f8c\n\u9084\u5047\u9020\u6211\u670b\u53cb\u624d\u662f\u58de\u4eba\u7684\u5f71\u7247\n\n\n\u5e38\u5e38\u8aaa\u6709\u5716\u6709\u771f\u76f8\u3001\u6709\u5f71\u7247\u6709\u771f\u76f8\n\u4f46\u50cf\u9019\u6a23\u7684\u6295\u5f71\u8ddf\u771f\u7684\u4e00\u6a23\n\u4ee5\u5f8c\u662f\u4e0d\u662f\u90fd\u80fd\u62ff\u4f86\u9020\u5047\n\u505a\u51fa\u4e00\u4e9b\u516c\u773e\u4eba\u7269\u660e\u660e\u6c92\u505a\u904e\u7684\u4e8b\uff1f\n\u8b93\u4ed6\u5011\u8b1b\u6c92\u8aaa\u904e\u7684\u8a71\uff1f\n\n--\n"}