{"ptt_id": "teeheehee", "post_url": "https://www.ptt.cc/bbs/Gossiping/M.1567040320.A.FE9.html", "post_type": "\u554f\u5366", "post_title": "300\u842c\u53ef\u4ee5\u7528\u4f86\u8a2d\u8a08\u751a\u9ebc\uff1f", "post_time": "2019-08-29 08:58:32", "post_score": 11, "post_pushes": [{"type": 1, "id": "DOOHDLIHC", "content": ": \u6015.jpg"}, {"type": 1, "id": "zx97009", "content": ": \u82b1\u8c79 \u963f\u4e0d\u662f \u662f\u77f3\u864e"}, {"type": 1, "id": "Osuma", "content": ": \u61f6\u89ba"}, {"type": -1, "id": "thegreatlcx", "content": ": \u9ec3\u91d1\u5148\u751f"}, {"type": 0, "id": "hyakkiyagyo", "content": ": \u6bcd\u8c6c\u53f0\u5973\u7684\u919c\u6a23\u554a"}, {"type": 0, "id": "ericinttu", "content": ":   \u8a2d\u8a08\u7f8e\u9e97\u7684\u8354\u679d\u4eba\u751f"}, {"type": 0, "id": "roywow", "content": ": \u6211\u6703\u8acb\u6771\u5c71\u7fd4\u5e6b\u6211\u756b\u672c\u672c"}, {"type": 1, "id": "ceca", "content": ": \u88dd\u4fee\u5169\u9593\u900f\u5929\uff0c\u53ef\u4ee5\u8a2d\u8a08\u5916\u89c0"}, {"type": 1, "id": "chrisjohn214", "content": ": \u8a2d\u8a08\u89c0\u5149\u5c40\u554a"}, {"type": 1, "id": "ymib", "content": ": 300\u5143\u53bb\u8cb7\u5716\uff0c\u5269\u4e0b\u7684\u662f\u8a2d\u8a08\u5e2b\u53f0\u7063\u50f9\u503c"}, {"type": 1, "id": "muse87131", "content": ": \u8a2d\u8a08\u5ba2\u6236"}, {"type": 1, "id": "Chuhar", "content": ": QQ"}, {"type": 1, "id": "wwvvkai", "content": ": \u5409\u5409\u5217\u8eca"}, {"type": 1, "id": "donation12", "content": ": \u53ef\u4ee5\u5f04\u4e00\u9593\u5c0f\u5e97\u9762\u88dd\u6f62\u9084\u7dbd\u7dbd\u6709\u9918"}, {"type": 0, "id": "donation12", "content": ": \u6587\u9752\u98a8\u5496\u5561\u5e97\u6216\u662f\u4e00\u4e9b\u63d2\u5716\u4e3b\u984c\u9910\u5ef3"}, {"type": 1, "id": "moonphase", "content": ": \u9020\u8b20\u9020\u8d77\u4f86 \u771f\u958b\u5fc3"}, {"type": 1, "id": "s8800892000", "content": ": \u88dd\u6f62100\u5de6\u53f3\u5c31\u5dee\u4e0d\u591a\u4e86 300\u7121\u6cd5\u60f3\u50cf"}], "post_ip": "123.0.198.9", "post_content": "\n\n\u3124\u3124\n300\u842c\u638f\u51fa\u4f86\n\u62ff\u4f86\u8a2d\u8a08\u670d\u88dd \u81f3\u5c11\u5c4c\u6253\u6210\u8863\u696d\u8005\n\u62ff\u4f86\u5e97\u9762\u5ba4\u5167\u8a2d\u8a08 \u9084\u6bd4\u5275\u696d\u57fa\u91d1\u9084\u9ad8\n\u62ff\u4f86\u8a2d\u8a08\u7a0b\u5f0f \u61c9\u8a72\u4e5f\u6709\u5546\u696d\u7b49\u7d1a\n\u62ff\u4f86\u8a2d\u8a08\u904a\u6232 \u81f3\u5c11\u53ef\u4ee5\u4f5c\u51fa\u570b\u7522\u7cdegame\n\n\n\u6709\u4eba\u62ff300\u842c\u8a2d\u8a08\u706b\u8eca\u8eca\u5ec2\u5167\u5716\u6848\n\n\u6709\u6c92\u6709300\u842c\u53ef\u4ee5\u62ff\u4f86\u8a2d\u8a08\u5565\u73a9\u610f\u7684\u516b\u5366\uff1f\uff1f\uff1f\n\n-----\nSent from JPTT on my Sony F8332.\n\n--\n\u82f1\u96c4\u6c38\u4e0d\u6d88\u901d\n\nhttps://youtu.be/jgiU8IRE1yA\n\n--\n\u6015\u5565\n\u203b \u7de8\u8f2f: teeheehee (123.0.198.9 \u81fa\u7063), 08/29/2019 08:59:29\n"}