{"ptt_id": "kenny8899", "post_url": "https://www.ptt.cc/bbs/Gossiping/M.1565271606.A.39F.html", "post_type": "\u554f\u5366", "post_title": "\u9ad8\u9435\u8ddf\u707d\u96e3\u4e00\u6a23\u600e\u8fa6", "post_time": "2019-08-08 21:40:04", "post_score": 12, "post_pushes": [{"type": 0, "id": "gamania10000", "content": ": Train to Busan"}, {"type": 0, "id": "hmt17", "content": ": \u4e0d\u723d\u4e0d\u8981\u642d"}, {"type": -1, "id": "m0ark121", "content": ": \u5e79\u4e0d\u958b\u96de\u63b0"}, {"type": 1, "id": "nogoodlaugh", "content": ": \u8ab0\u53eb\u4f60\u4e0d\u8cb7\u5546\u52d9"}, {"type": 1, "id": "YLTYY", "content": ": \u5716\u5566"}, {"type": 1, "id": "wang0301", "content": ": \u558a\u6211\u6709\u5200\u5b50 \u99ac\u4e0a\u8b93\u958b"}, {"type": 0, "id": "LOVEMS", "content": ": \u558a\u90a3\u500b\u9ad8\u9435\u6703\u76f4\u63a5\u505c\u99db.."}, {"type": 1, "id": "Astronoleo", "content": ": \u4eca\u5929\u61c9\u8b8a\u5f88\u96e3\u5373\u6642 \u73fe\u5728\u4eba\u5728\u8eca\u4e0a \u9023\u8f49"}, {"type": 0, "id": "Astronoleo", "content": ": \u8eab\u7684\u7a7a\u9593\u90fd\u6c92\u6709\u4e86"}, {"type": 0, "id": "QBey", "content": ": \u6e4a\u56db\u500b\u4eba\u642duber\u4e0d\u6703"}, {"type": 1, "id": "kux", "content": ": \u8d70\u9053\u7ad9\u6eff\u4e00\u5806\u4eba\uff0c\u525b\u6843\u5712\u7ad9\u4e5f\u4e00\u5806\u4eba\u4e0a\u4e0d\u4e86\u8eca"}, {"type": 1, "id": "lu723", "content": ": \u5efa\u8b70\u5beb\u5ba2\u8a34\u66f8 \u8acb\u9ad8\u9435\u4ee5\u81ea\u7531\u5ea7\u8a08\u50f9"}, {"type": 0, "id": "ohyeah5566", "content": ": \u5230\u53f0\u4e2d\u5c31\u5168\u90e8\u4e0d\u898b\u4e86 \u6211\u8eca\u4e0a\u525b\u525b\u4e5f\u662f"}, {"type": 1, "id": "QQ101", "content": ": \u4ee5\u5f8c\u4eba\u591a \u8981\u62c6\u5750\u588a \u9019\u6a23\u7ad9\u6bd4\u8f03\u591a\u4eba"}, {"type": 1, "id": "pp9960", "content": ": \u56de\u5357\u90e8\u5bb6\u62c9"}, {"type": 0, "id": "medama", "content": ": \u53eb\u9ad8\u9435\u628a\u6905\u5b50\u5168\u62c6\u6389 \u6539\u6210\u5168\u8eca\u7ad9\u7968"}, {"type": 1, "id": "joe61126112", "content": ": \u5546\u52d9\u8eca\u5ec2\u4e5f\u7ad9\u6eff\u6eff\u554a \u64cd"}, {"type": 1, "id": "smilefred", "content": ": \u771f\u7684\u8981\u5ba2\u8a34"}, {"type": 1, "id": "Retangle", "content": ": \u660e\u5929\u53f0\u4e2d\u4ee5\u5317\u9ad8\u9435\u4e0d\u958b"}, {"type": 1, "id": "kenro", "content": ": \u5927\u90e8\u5206\u90fd\u662f\u5317\u90e8\u7684\u5728\u642d\uff0c\u53f0\u4e2d\u4ee5\u5317\u505c\u99db\u5c31\u6158\u4e86"}, {"type": 1, "id": "Coldhands", "content": ": https://youtu.be/OZkt4USgN9Y"}], "post_ip": "101.12.0.28", "post_content": "\n\u5c0f\u5f1f\u7576\u7136\u5c0d\u865f\u5ea7\n\u4f46\u770b\u5230\u760b\u72c2\u6e67\u5165\u7684\u4eba\u6f6e\n\u901a\u9053\u90fd\u64e0\u6eff\u4eba\n\u9072\u8aa4\u51fa\u767c\u6642\u9593\n\u641e\u5f97\u8ddf\u53f0\u9435\u670987\u50cf\n\u5c0f\u5f1f\u6211\u4e0b\u8eca\u600e\u9ebc\u51fa\u53bb\u554a\n\u89ba\u5f97\u6050\u6016\n\u5e79\u561b\u4e0d\u8cb7\u5c0d\u865f\u554a\n\u504f\u8981\u98b1\u98a8\u524d\u4f86\u6e4a\u71b1\n\u6015\n\n--\n"}