{"ptt_id": "ai7701165566", "post_url": "https://www.ptt.cc/bbs/Gossiping/M.1564671631.A.D4B.html", "post_type": "\u554f\u5366", "post_title": "\u53f0\u7063\u7684\u919c\u5973\u7522\u5730\u5728\u54ea\u88e1\uff1f", "post_time": "2019-08-01 23:00:29", "post_score": 7, "post_pushes": [{"type": 0, "id": "popy8789", "content": ": \u80a5\u5b85\u7522\u5730\u5728\u65b0\u7af9"}, {"type": 0, "id": "kilof", "content": ": \u6700\u591a\u5916\u7701\u8c6c\u7684\u5730\u65b9"}, {"type": 1, "id": "Friend5566", "content": ": \u4e94\u6a13\u623f\u9593"}, {"type": 1, "id": "allenatptt", "content": ": \u7737\u6751"}, {"type": -1, "id": "keepstudying", "content": ": \u770b\u4f60\u5abd\u51fa\u751f\u5728\u54ea\u88e1"}, {"type": -1, "id": "GGrunrundela", "content": ": \u554f\u4f60\u5abd\u7684\u51fa\u751f\u5730\u5440"}, {"type": 0, "id": "s123321414", "content": ": \u4e0a\u9762\u5f88\u5634\u4e0d\u904e\u6211\u559c\u6b61"}, {"type": 0, "id": "shevchen", "content": ": \u6a13\u4e0a\u79bf\u982d\u8edf\u8edf"}, {"type": 1, "id": "avexgroup", "content": ": G\u8edf\u51fa\u751f\u5730\u554a"}, {"type": 1, "id": "LF25166234", "content": ": G\u8edf\u597d\u5634 \u6211\u8a31\u7ffb"}, {"type": 1, "id": "shala", "content": ": \u5f88\u7f55\u898b"}, {"type": 1, "id": "awdxabc295", "content": ": \u842c\u83ef\u5427"}, {"type": 1, "id": "cgre", "content": ": \u7e3d\u7d71\u5e9c\uff1f"}, {"type": 1, "id": "z1976", "content": ": \u65b0\u5317\u5427"}, {"type": 0, "id": "singking", "content": ": \u53f0\u5317"}, {"type": 1, "id": "QQ308", "content": ": \u6843\u5712"}], "post_ip": "114.44.144.84", "post_content": "\n\u9109\u6c11\u57fa\u672c\u4e0a\u6bcf\u5e74\u90fd\u6703\u6709\u4eba\u554f\uff0c\u5168\u53f0\u5404\u5730\u54ea\u88e1\u662f\u7f8e\u5973\u7522\u5730\n\n\u6bcf\u500b\u4eba\u7684\u7b54\u6848\u90fd\u4e0d\u4e00\u6a23\n\n\u6709\u4eba\u8aaa\u5927\u53f0\u5317\u7f8e\u5973\u591a\uff0c\u56e0\u70ba\u8ddf\u5168\u4e16\u754c\u7684\u9996\u90fd\u4e00\u6a23\u3001\u6642\u5c1a\u8cc7\u8a0a\u4e5f\u6700\u611b\u6bd4\u7f8e\n\n\u6709\u4eba\u8aaa\u53f0\u5357\u7f8e\u5973\u591a\uff0c\u56e0\u70ba\u6b77\u53f2\u4e0a\u56e0\u7d20\u6df7\u8840\u6a5f\u6703\u6700\u591a\uff0c\u5f88\u591a\u7f8e\u5973\u90fd\u6709\u8377\u862d\u4eba\u7684\u9577\u76f8\n\n\u6709\u4eba\u8aaa\u82b1\u6771\u7f8e\u5973\u6700\u591a\uff0c\u56e0\u70ba\u539f\u4f4f\u6c11\u7684\u4e94\u5b98\u90fd\u5f88\u7acb\u9ad4\u6df1\u9083\uff0c\u5145\u6eff\u4e86\u7570\u570b\u98a8\u60c5\n\n\n\u53ef\u662f\u9109\u6c11\u5f9e\u4f86\u6c92\u6709\u50cf\u65e5\u672c\u4e00\u6a23\uff0c\u554f\u5168\u53f0\u5404\u5730\u4ec0\u9ebc\u5730\u65b9\u662f\u919c\u5973\u7522\u5730\n\n\u6240\u4ee5\u4f9d\u7167\u5927\u5bb6\u7684\u7d93\u9a57\uff0c\u5168\u53f0\u5404\u5730\uff0c\u5305\u542b\u6f8e\u3001\u91d1\u3001\u99ac\n\n\u54ea\u4e00\u500b\u5730\u65b9\u662f\u919c\u5973\u7522\u5730\uff1f\n\n--\n"}