{"ptt_id": "MgcnVanish", "post_url": "https://www.ptt.cc/bbs/Gossiping/M.1565096169.A.219.html", "post_type": "\u554f\u5366", "post_title": "\u6700\u5f37\u6b4c\u59ec\u7684\u516b\u5366", "post_time": "2019-08-06 20:56:07", "post_score": 0, "post_pushes": [{"type": 1, "id": "Garbolin", "content": ": \u4e9e\u6d32\u4eba\u6211\u53ea\u63a8\u963f\u59b9\u8ddf\u963fLin"}, {"type": -1, "id": "Ayreon", "content": ": \u90fd\u6b7b\u4eba\u4e86\u4f60\u6d3e\u500b\u5c41"}, {"type": -1, "id": "yesgogo", "content": ": \u90a3\u82f1\u4e0d\u662f\u53f0\u7063\u4eba"}, {"type": 1, "id": "Ilat", "content": ": \u4e9e\u6d32\u4eba\u5c31\u662f\u63a8\u5b87\u591a\u7530\u5149"}, {"type": 0, "id": "ArgusX", "content": ": \u6587\u7121\u7b2c\u4e00"}, {"type": 0, "id": "corlos", "content": ": \u90a3\u82f1\u4e0d\u662f\u53f0\u7063\u7684\u5427"}, {"type": 0, "id": "t00012", "content": ": \u7576\u7136\u662f\u6211\u5011\u5bb6\u7684\u521d\u97f3"}, {"type": -1, "id": "scum5566", "content": ": \u4e00\u5b9a\u662frion"}, {"type": 0, "id": "maxsdtime", "content": ": \u9127\u7d2b\u68cb"}, {"type": -1, "id": "Castle88654", "content": ": ZARD"}, {"type": 0, "id": "jinnij03879", "content": ": \u521d\u97f3\u554a \u4e0d\u5c0d\u90a3\u500b\u662f\u8edf\u9ad4"}, {"type": 1, "id": "allenatptt", "content": ": \u5b87\u591a\u7530\u5149\u5427\uff0c\u90a3\u56e0\u548c\u963f\u59b9\u5c31\u98c6\u9ad8\u97f3\u7f77\u4e86"}, {"type": 0, "id": "allenatptt", "content": ": \uff0c\u807d\u4e45\u5f88\u523a\u8033\uff0c\u6b4c\u5531\u6280\u5de7\u548c\u8072\u97f3\u8f38\u5b87\u591a"}, {"type": 1, "id": "MaligB", "content": ": \u65e5\u65b9\u662fMisia"}, {"type": -1, "id": "pengjoker", "content": ": \u8f2a\u4e0d\u5230\u5b89\u5ba4\u597d\u55ce"}, {"type": 0, "id": "allenatptt", "content": ": \u7530\u5f88\u591a\uff0c\u53e6\u5916\u90a3\u56e0\u662f\u652f\u90a3\u4eba\u4e0d\u662f\u53f0\u7063"}, {"type": 0, "id": "Ilat", "content": ": \u554a \u60f3\u5230\u9019\u500b\u6642\u9593\u7bc4\u570d\u53ef\u4ee5\u63a8\u9127\u9e97\u541b\u554a"}, {"type": 0, "id": "billybbb", "content": ": \u6ff1\u5c90\u6b65"}, {"type": 1, "id": "yukimura0420", "content": ": \u6797\u660e\u7f8e\u554a"}, {"type": 1, "id": "likeaprayer", "content": ": Maria Carey\u662f\u6709\u8272\u4eba\u7a2e= ="}, {"type": 0, "id": "likeaprayer", "content": ": Maria Carey \u8cbc\u932f"}, {"type": -1, "id": "butmyass", "content": ": \u6295\u7968\u5ee2\u6587\u6efe\uff01"}, {"type": 0, "id": "likeaprayer", "content": ": Mariah Carey\u7684\u7236\u89aa\u662f\u9ed1\u4eba \u6bcd\u89aa\u767d\u4eba"}, {"type": 0, "id": "likeaprayer", "content": ": \u8ddf\u6b50\u5df4\u99ac\u4e00\u6a23\u662f\u9ed1\u767d\u6df7\u8840\u5152"}, {"type": 0, "id": "v128w", "content": ": \u5b89\u5ba4\u662f\u5531\u8df3\u754c\u7684\u738b\u8005 \u4e0d\u8a72\u548c\u5176\u4ed6\u4eba\u653e\u4e00\u8d77\u6bd4"}, {"type": 0, "id": "juyac11", "content": ": \u746a\u9e97\u4e9e\u51f1\u8389\u9ed1\u4eba\u6df7\u8840"}, {"type": 0, "id": "coolrgin", "content": ": \u5272\u96de\u96de"}], "post_ip": "115.82.245.13", "post_content": "\n\n\n  \u7d9c\u89c0\u53f0\u65e5\u7f8e\u4e09\u754c\n  \u57281980-2000\u9019\u8f1d\u714c\u768420\u5e74\u9593 \u8a95\u751f\u4e86\u7121\u6578\u5929\u540e\n  \u55ae\u5c31\u5531\u6b4c\u9019\u4e00\u584a \u5230\u5e95\u8ab0\u624d\u662f\u53f2\u4e0a\u6700\u5f37\u6b4c\u59ec\u5462?\n  \u7f8e\u65b9\u6d3e\u51fa\u767d\u4eba\u6700\u5f37Maria Carey \u4ee5\u53ca\u9ed1\u4eba\u6700\u4f73Whitney Houston\n  \u65e5\u65b9\u6d3e\u51fa\u50b3\u5947\u5b89\u5ba4\u5948\u7f8e\u60e0 \u4ee5\u53ca\u5b87\u591a\u7530\u5149\n  \u53f0\u7063\u6d3e\u51fa\u95a9\u5357\u5929\u540e\u6c5f\u8559 \u8ddf\u539f\u4f4f\u6c11\u5929\u540e\u5f35\u60e0\u59b9\n\n  \u5230\u5e95\u8ab0\u624d\u662f\u53f2\u4e0a\u6700\u5f37\u6b4c\u59ec \u6709\u516b\u5366\u55ce?\n\n  \u5f88\u591a\u4eba\u5c0d\u90a3\u82f1\u6709\u610f\u898b\u6240\u4ee5\u6211\u6539\u6210\u6c5f\u8559\n--\n\u5979\u4e0d\u6703\u5531\u6b4c\u5566\n\u9084\u6c92\u51fa\u751f\u5566\n\u6211\u611b\u5742\u4e95\u6cc9\u6c34 \u53ef\u662f\u5979\u9084\u4e0d\u5920\u5f37\n\u203b \u7de8\u8f2f: MgcnVanish (115.82.245.13 \u81fa\u7063), 08/06/2019 20:58:27\n\u203b \u7de8\u8f2f: MgcnVanish (115.82.245.13 \u81fa\u7063), 08/06/2019 21:00:49\n\u6211\u771f\u7684\u4e0d\u77e5\u9053 \u96e3\u602aCarey\u80fd\u5531\u4e00\u822c\u767d\u4eba\u5b78\u4e0d\u4f86\u7684\u9ed1\u4eba\u5531\u8154\n\u203b \u7de8\u8f2f: MgcnVanish (115.82.245.13 \u81fa\u7063), 08/06/2019 21:02:31\n"}