{"ptt_id": "ivorysoap", "post_url": "https://www.ptt.cc/bbs/Gossiping/M.1568161336.A.9C5.html", "post_type": "\u65b0\u805e", "post_title": "\u9673\u6c34\u6241\u8e29\u7d05\u7dda\u7121\u89e3\uff1f\u3000\u7e3d\u7d71\u5c37\u5c2c\uff1a\u7d66\u53f8\u6cd5\u6c7a", "post_time": "2019-09-11 08:22:14", "post_score": 66, "post_pushes": [{"type": -1, "id": "whiteflora6", "content": ": \u770b\u4f60\u5c0f\u83f8\u5638\u5566"}, {"type": 0, "id": "wolver", "content": ": \u5783\u573e\u6c11\u9032\u9ee8 \u6709\u81bd\u628a\u963f\u6241\u6349\u56de\u53bb\u95dc\u963f"}, {"type": 1, "id": "Beanoodle", "content": ": \u7121\u80fd\u7e3d\u7d71"}, {"type": 1, "id": "solsol", "content": ": \u8aaa\u8981\u53f8\u6cd5\u6539\u9769\u7684\u662f\u8ab0?"}, {"type": 0, "id": "Beanoodle", "content": ": \u6709\u53f8\u6539\u963f\uff0c\u8b93\u6bba\u4eba\u72af\u7576\u53f8\u6539\u59d4\u54e1\u963f"}, {"type": 1, "id": "mecca", "content": ": \u63a8\u5378\u8cac\u4efb\u554a  \u6241\u662f\u653f\u6cbb\u554f\u984c  \u89ba\u4e0d\u662f\u53f8\u6cd5\u554f\u984c"}, {"type": 1, "id": "STi2011", "content": ": \u5c37\u5c2c\u5565 \u95dc\u963f"}, {"type": 1, "id": "andy02", "content": ": \u770b\u662f\u8981\u7279\u8d66\u9084\u662f\u91cd\u5be9\u7d50\u679c\u90fd\u4e0d\u8655\u7406"}, {"type": 1, "id": "ILNARA", "content": ": \u53f2\u8a69\u7d1aboss \u6241\u7dad\u62c9XDDD"}, {"type": 1, "id": "Xaymaca", "content": ": https://youtu.be/WUVxfaST5sU"}, {"type": 1, "id": "Workforme", "content": ": \u79d1\u79d1 \u7d66\u53f8\u6cd5\u6c7a\u5b9a"}, {"type": 0, "id": "wolver", "content": ": 2016\u81ea\u5df1\u64fa\u721b \u6d3b\u8a72\u73fe\u5728\u88ab\u5927\u9b54\u738b\u53cd\u6bba"}, {"type": 1, "id": "dysphagia", "content": ": \u7e3d\u7d71\u5047\u5b78\u6b77\u5148\u8655\u7406\u3127\u4e0b\u5504"}, {"type": 1, "id": "JER2725", "content": ": \u770b\u8981\u7279\u8d66\u9084\u662f\u6293\u56de\u53bb"}, {"type": 0, "id": "rainylife", "content": ": \u7b11\u6b7b \u770b\u8d77\u4f86\u5f88\u591a\u4eba\u641e\u4e0d\u6e05\u695a\u6211\u570b\u884c\u653f\u9ad4"}, {"type": 0, "id": "rainylife", "content": ": \u7cfb"}, {"type": 1, "id": "deann", "content": ": \u7b11\u6b7b \u5982\u679c\u662f\u53f8\u6cd5\u6c7a\u5b9a\u7684\u8a71 \u6cd5\u52d9\u90e8\u8ab0\u7ba1\u7684??"}, {"type": 0, "id": "bg00004", "content": ": \u6cd5\u52d9\u90e8\u662f\u8ab0\u7ba1\u7684\u5462? \u8521\u82f1\u6587\u771f\u7684\u4e0d\u7528\u7559\u8457\u4ed6"}, {"type": 0, "id": "deann", "content": ": \u9019\u6839\u672c\u4e0d\u662f\u6cd5\u9662\u6c7a\u5b9a\u662f \u662f\u6cd5\u52d9\u90e8\u6c7a\u5b9a\u597d\u55ce"}, {"type": 0, "id": "bg00004", "content": ": \u653e\u4efb\u4ed6\u53ea\u6703\u8b93\u4ed6\u722c\u5230\u4f60\u982d\u4e0a"}, {"type": 0, "id": "jimmy885", "content": ": \u8b1b\u7279\u8d66\u90a3\u7279\u8d66\u7684\u7406\u7531\u662f\u4ec0\u9ebc?\u70ba\u4ec0\u9ebc\u8981\u7279\u8d66"}, {"type": 0, "id": "jimmy885", "content": ": \u5c31\u6293\u56de\u53bb\u57f9\u5fb7\u5566\uff0c\u53cd\u6b63\u7368\u6d3e\u73fe\u5728\u600e\u6a23\u90fd\u9b27"}, {"type": 0, "id": "dydyboy", "content": ": \u6241\u7dad\u62c9\u51fa\u5834\u6551\u63f4"}, {"type": 1, "id": "EddiePENG", "content": ": \u310f\u310f\u310f\u310f\u310f"}, {"type": 0, "id": "jarry011", "content": ": \u53f8\u6cd5\u6539\u9769\u5475\u5475"}, {"type": 1, "id": "momo3921d", "content": ": \u5c0f\u82f1\u7ba1\u4e0d\u5230\u6cd5\u52d9\u90e8\u597d\u55ce"}, {"type": 1, "id": "qk3380888", "content": ": \u9078\u5f8c\u963f\u6241\u4e00\u5b9a\u6703\u88ab\u5236\u88c1"}, {"type": 1, "id": "HD0621", "content": ": \u6709\u7b11\u6709\u63a8"}, {"type": 1, "id": "jamesk030", "content": ": \u660e\u773c\u4eba\u90fd\u770b\u5f97\u51fa\u4f86\uff0c\u963f\u6241\u9019\u4ef6\u73fe\u5728\u5c31\u662f\u653f"}, {"type": 0, "id": "jamesk030", "content": ": \u6cbb\u6c7a\u5b9a\u6cd5\u52d9\u554a"}, {"type": -1, "id": "ken1990710", "content": ": \u67efp\u8a8d\u8b49\u75c5\u4eba\u4f60\u6562\u95dc?\u5c0f\u5fc3\u67ef\u7c89\u66b4\u52d5"}, {"type": 1, "id": "lymyuming", "content": ": \u963f\u6241\uff1a\u7b11\u4f60\u4e0d\u6562\u5566"}, {"type": 0, "id": "kaodio", "content": ": \u8acb\u795e\u5bb9\u6613\u9001\u795e\u96e3XD"}, {"type": 1, "id": "yha", "content": ": \u963f\u6241\u662f\u500b\u5947\u7279\u7684\u5b58\u5728 \u600e\u9ebc\uff02\u8655\u7406\uff02\u90fd\u4e0d\u5c0d"}, {"type": -1, "id": "kevin6693", "content": ": \u7b11\u6b7b \u8ab0\u6562\u52d5\u963f\u6241\u5c31\u88ab\u6f5b\u898f\u5247\u4e86"}, {"type": 1, "id": "andy02", "content": ": \u5c0f\u82f1\u4ec0\u9ebc\u90fd\u6c92\u8fa6\u6cd5\u7ba1 \u4e0d\u8981\u70ba\u96e3\u5c0f\u82f1\u597d\u55ce?"}, {"type": 1, "id": "STi2011", "content": ": \u6211\u53c8\u60f3\u8d77\u963f\u6241\u4ed6\u5973\u5152\u90a3\u53e5\u8a71\u4e86"}, {"type": -1, "id": "highyes", "content": ": \u963f\u6241\uff1a\u83dc\u6bcd\u8c6c \u6709\u7a2e\u6293\u6211\u56de\u53bb\u554a\uff01 \u7b11\u4f60\u4e0d"}, {"type": 1, "id": "Leo3492351", "content": ": \u90ed\u95dc\u56de\u53bb\u67ef\u653e\u51fa\u4f86"}, {"type": 0, "id": "highyes", "content": ": \u6562\uff01"}, {"type": 1, "id": "hower0106", "content": ": \u8fa6\u500b\u516c\u6295\u597d\u4e86 \u4fdd\u8b49\u6293\u56de\u53bb\u95dc"}, {"type": 0, "id": "jimmy885", "content": ": \u525b\u51fa\u4f86\u5f88\u5b89\u975c\u5440\uff0c\u73fe\u5728\u5c31\u662f\u770b\u4f60\u4e0d\u6562\u6293"}, {"type": -1, "id": "nttc", "content": ": \u4e0d\u6562\u53bb\u78e8\u8e6d\u4e86\u5594\uff01"}, {"type": 0, "id": "hower0106", "content": ": \u633a\u6241\u7684\u8981\u4e0d\u8981\u8a66\u8a66 \u771f\u662f\u4ee4\u4eba\u53ad\u60e1"}, {"type": 0, "id": "jimmy885", "content": ": \u4e00\u76f4\u518d\u8a66\u8521\u653f\u5e9c\u5e95\u7dda\uff0c\u9019\u6a23\u7684\u4eba\u9867\u616e\u4ec0\u9ebc"}, {"type": 1, "id": "ctx705f", "content": ": \u5ee2\u8a71 \u4f60\u4e0d\u4ea4\u7d66\u53f8\u6cd5\u76f4\u63a5\u505a\u6c7a\u5b9a\u7684\u8a71\u5c31\u525b\u597d"}, {"type": 0, "id": "jimmy885", "content": ": \u4fe1\u4e0d\u4fe1\u95dc\u500b\u5e7e\u500b\u6708\uff0c\u624b\u53c8\u958b\u59cb\u6296\u4e86"}, {"type": 0, "id": "ctx705f", "content": ": \u76f4\u63a5\u843d\u5165\u8d85\u8d8a\u53f8\u6cd5\u7684\u82f1\u7687\u7684\u53e3\u5be6\u4e86\u597d\u55ce"}, {"type": 0, "id": "ctx705f", "content": ": \u4ea4\u7d66\u53f8\u6cd5\u672c\u4f86\u5c31\u662f\u552f\u4e00\u6a19\u6e96\u7b54\u6848"}, {"type": 1, "id": "iam0718", "content": ": \u963f\u6241 \u7b11\u4f60\u4e0d\u6562"}, {"type": 0, "id": "iam0718", "content": ": \u6562\u6293\u4ed6 DPP2020\u5fc5\u6557"}, {"type": -1, "id": "inmatao", "content": ": \u559c\u6a02\u5cf6\u548c\u90a3\u7fa4\u8001\u7368\u5011\uff0c\u771f\u7684\u5f88\u611b\u7528\u9b27\u5834\u4f86\u81ea"}, {"type": 0, "id": "inmatao", "content": ": \u62ac\u8eab\u50f9"}, {"type": 1, "id": "qa1122z", "content": ": \u6709\u6b0a\u6709\u52e2\u8caa\u6c61\u7b97\u6c99\u5c0f"}, {"type": -1, "id": "nixon", "content": ": \u5783\u573e\u4eba"}, {"type": 1, "id": "chigo520", "content": ": \u6cd5\u9662\u4e0d\u662fkmt\u7ba1\u7684\u9ebc\uff1f\u600e\u9ebc\u9084\u4e0d\u6293\u56de\u53bb"}, {"type": 0, "id": "testPtt", "content": ": \u9664\u975e\u5c0d\u793e\u6703\u6709\u5371\u96aa\u6027 \u5426\u5247\u95dc\u56de\u53bb\u6a5f\u73870"}, {"type": 1, "id": "aikensh", "content": ": \u99ac\u82f1\u4e5d\u771f\u7684\u53b2\u5bb3"}, {"type": 0, "id": "testPtt", "content": ": \u76e3\u7344\u53ea\u6536\u6bba\u4eba\u653e\u706b\u8ddf\u65b0\u4eba"}, {"type": 1, "id": "abc1231qa", "content": ": \u56e0\u70ba\u5df2\u7d93\u6c92\u6709\u5be6\u8cea\u5f71\u97ff\u529b\u5566"}, {"type": 1, "id": "acadpp", "content": ": \u50bb\u4e86\u624d\u73fe\u5728\u62c6\u9019\u9846\u672a\u7206\u5f48"}, {"type": 0, "id": "piece1", "content": ": XD!\u5230\u5e95\u7e3d\u7d71\u6709\u591a\u96e3\u7576\uff1f"}, {"type": 1, "id": "mow1982", "content": ": \u592a\u4e0a\u7687\u963f\u6241\uff0c\u5152\u7687\u5e1d\u8521\u82f1\u6587"}, {"type": 1, "id": "qaz214536", "content": ": \u963f\u6241\u70ba\u4ec0\u9ebc\u9084\u4e0d\u95dc\u56de\u53bb"}, {"type": 1, "id": "Strasburg", "content": ": \u8b1b\u500b\u7b11\u8a71\uff1a\u8eab\u9ad4\u5f88\u5dee \u53ea\u597d\u4e86\u653f\u6cbb\u9019\u584a"}, {"type": -1, "id": "bcmaple", "content": ": \u9023\u500b\u8caa\u6c61\u72af\u90fd\u6c92\u8fa6\u6cd5\u8655\u7406 \u7121\u80fd\u5ee2\u7269"}, {"type": 1, "id": "ktjoane", "content": ": \u9023\u963f\u6241\u90fd\u5c0d\u4ed8\u4e0d\u4e86\u8981\u5c0d\u4ed8\u963f\u5171"}, {"type": 1, "id": "leoz69927", "content": ": \u5c0f\u82f1\u53ea\u80fd\u7ba1\u8c93\u5176\u4ed6\u90fd\u7ba1\u4e0d\u4e86\u597d\u55ce"}, {"type": 1, "id": "j1o2s3e4p5h6", "content": ": \u6211\u652f\u6301\u628a\u4ed6\u95dc\u56de\u53bb"}, {"type": -1, "id": "aleny", "content": ": \u8d95\u5feb\u7279\u8d66\u5427\uff01\u4eba\u5bb6\u90fd\u8aaa\u662f\u653f\u6cbb\u8feb\u5bb3\u4e86\uff01"}, {"type": 1, "id": "LemonUrsus", "content": ": \u83f8\u7c89\u57f7\u653f\u524d\uff1a\u963f\u6241\u662f\u7121\u8f9c \u57f7\u653f\u5f8c\uff1a\u963f"}, {"type": 0, "id": "LemonUrsus", "content": ": \u6241\u8caa\u6c61 \u5206\u88c2\u4eba\u683c\u662f\u4e0d\u662f"}, {"type": 1, "id": "pchunters123", "content": ": \u6574\u500b\u88ab\u770b\u8870\u5c0f"}, {"type": -1, "id": "ComeThrough", "content": ": \u7b11\u6b7b"}, {"type": 1, "id": "Sinreigensou", "content": ": \u54c8\u54c8"}, {"type": 1, "id": "Beanoodle", "content": ": \u53cd\u6b63\u5c0f\u82f1\u53ea\u8981\u6703\u558a\u53e3\u865f\u5c31\u597d\uff0c\u4ec0\u9ebc\u90fd\u7ba1"}, {"type": 0, "id": "Beanoodle", "content": ": \u4e0d\u4e86"}, {"type": -1, "id": "ajim36", "content": ": \u4e0d\u80fd\u63d0\u516c\u6295\u55ce"}, {"type": 0, "id": "ABA0525", "content": ": \u7a7a\u5fc3\u83dc\u771f\u7684\u53ea\u6703\u558a\u53e3\u865fXDDD"}, {"type": 1, "id": "Barolo", "content": ": \u723d\u9f41"}, {"type": 0, "id": "tcancer", "content": ": \u8981\u561b\u7279\u8d66\u8981\u561b\u95dc\u56de\u53bb\uff0c\u653e\u500b\u7f6a\u4eba\u5728\u5916\u9762\u4e82\u7832"}, {"type": 1, "id": "eterbless", "content": ": \u8521\u82f1\u6587---\u4e00\u958b\u53e3\u5c31\u662f\u5931\u8a00"}, {"type": 1, "id": "NTUisgood", "content": ": \u721b\u900f"}, {"type": 0, "id": "Cecicly", "content": ": \u64bf\u5230\u69cd\u6bd4\u8f03\u50cf\u6c11\u9032\u9ee8\u53e3\u543b\u8036\uff0c\u6709\u8da3\u4e86"}, {"type": 1, "id": "chyou2003", "content": ": \u5c0f\u82f1\u5c31\u53ea\u662f\u500b\u4eba\u5f62\u770b\u677f\u3001\u8b80\u7a3f\u6a5f\u2026"}, {"type": 1, "id": "velaro", "content": ": \u90fd\u70b8\u5230\u4e00\u534a\u4e86\u624d\u60f3\u5230\u8981\u62c6\u672a\u7206\u5f48......"}, {"type": -1, "id": "gankgf", "content": ": \u4f9d\u6cd5\u884c\u653f\u554a \u559c\u6b61\u653f\u6cbb\u5e72\u9810\u53f8\u6cd5\u53ef\u4ee5\u6efe\u53bb\u652f"}, {"type": 0, "id": "gankgf", "content": ": \u90a3"}, {"type": 0, "id": "louiswei", "content": ": \u53ea\u6703\u63a8\u7d66\u4f9d\u6cd5\u884c\u653f"}, {"type": 1, "id": "cvn21", "content": ": \u6d28\u82f1\u5c31\u5080\u5121\u9f41zzz\uff0c\u4e00\u76f4\u7f75\u5979\u5f88\u7121\u8f9c\u8036"}, {"type": 1, "id": "iAmPtt", "content": ": \u8521\u82f1\u6587:\u5c0d\u963f\u6241\u4f9d\u6cd5\u884c\u653f \u5c0d\u67efP\u50be\u5168\u9ee8\u72c2\u6253\u58d3"}, {"type": 1, "id": "atzer2002", "content": ": \u5c0f\u83f8\u8d95\u5feb\u6d3e\u4eba\u53bb\u8dea\u6c42\u963f\u6241\u9589\u5634 \u4e0d\u7136\u641e\u5230"}, {"type": 0, "id": "atzer2002", "content": ": \u771f\u8981\u8655\u7406\u5927\u5bb6\u6703\u5f88\u5c37\u5c2c"}, {"type": 1, "id": "leo83", "content": ": \u628a\u4ed6\u95dc\u8d77\u4f86\u597d\u55ce"}, {"type": 1, "id": "bigpowerplay", "content": ": \u628a\u963f\u6241\u6253\u6210\u4e2d\u5171\u5c31\u597d"}, {"type": 0, "id": "Zack5813", "content": ": \u963f\u6241\u4e4b\u524d\u505a\u7684\u518d\u597d\uff0c\u73fe\u5728\u5c31\u662f\u4e00\u500b\u6709\u7f6a\u7684"}, {"type": 0, "id": "Zack5813", "content": ": \u4eba\u3002\u5b89\u975c\u597d\u55ce"}, {"type": -1, "id": "gunfighter", "content": ": \u99ac\u82f1\u4e5d\u6700\u611b\u4f9d\u6cd5\u884c\u653f \u82f1\u7c89\u80af\u5b9a\u5f88\u611b\u99ac"}, {"type": 1, "id": "turbomons", "content": ": \u9019\u53ea\u662f\u5f88\u50cf\u7279\u8d66\u7684\u8d85\u4fdd\u5916 \u4e0d\u8981\u8b70\u8ad6 \u5c08"}, {"type": 0, "id": "turbomons", "content": ": \u5fc3\u4e0a\u73ed"}, {"type": 1, "id": "blargelp", "content": ": \u8e29\u7d05\u7dda? \u9019\u53ea\u662f\u8d85\u984d\u4fdd\u5916\u800c\u5df2\u554a"}, {"type": 1, "id": "lain2002", "content": ": \u4f9d\u6cd5\u884c\u653f\u8b1d\u8b1d\u6307\u6559"}, {"type": 1, "id": "lifesoar", "content": ": \u771f\u7684\u662f\u9a19\u767d\u75f4 \u5c31\u662f\u56e0\u70ba\u53f8\u6cd5\u89e3\u6c7a\u4e0d\u4e86 \u624d"}, {"type": 0, "id": "lifesoar", "content": ": \u9700\u8981\u6709\u4eba\u679c\u65b7\u8655\u7406 \u626d\u626d\u634f\u634f\u7684\u721b\u7e3d\u7d71"}, {"type": 0, "id": "lifesoar", "content": ": \u6574\u5929\u53ea\u6703\u63a8\u4e8b\u60c5\u7684\u5783\u573e"}, {"type": 1, "id": "simata", "content": ": \u7121\u80fd"}, {"type": -1, "id": "aether982", "content": ": \u6c92\u7a2e"}, {"type": 1, "id": "way7344", "content": ": \u8e29\u5728\u7d05\u7dda\uff1f\u8b1b\u51fa\u4f86\u90fd\u7b11\u4e86"}, {"type": 1, "id": "ngt047", "content": ": \u600e\u9ebc\u4e0d\u7528\u6279\u9b25\u67ef\u7684\u72e0\u52c1\u53bb\u8655\u7406\u6241\u554a"}, {"type": -1, "id": "lickllll", "content": ": 6666666666\u9019\u7a2e\u83dc\u5305\u662f\u6211\u5011\u7684\u7e3d\u7d71"}, {"type": 0, "id": "lickllll", "content": ": \u5f9e\u79c1\u7159\u5230\u524d\u8caa\u6c61\u7e3d\u7d71\uff0c\u8521\u600e\u9ebc\u90a3\u9ebc\u8edf"}, {"type": 0, "id": "lickllll", "content": ": \u55c6\u67ef\u6587\u54f2\u548c\u55c6\u8001\u5171\u90a3\u7a2e\u9b44\u529b\u5462\uff1f"}, {"type": 0, "id": "ferrinatice", "content": ": \u53f0\u7063\u50f9\u503c"}, {"type": -1, "id": "lickllll", "content": ": \u96e3\u602a\u67ef\u6562\u8aaa\u8521\u8eab\u908a\u90fd\u8caa\u6c61\uff0c\u9762\u5c0d\u9019\u7a2e\u5c31\u8edf"}, {"type": -1, "id": "cli6012", "content": ": \u6211\u7da0\u7684 \u4e5f\u89ba\u5f97\u6241\u6e23\u53ef\u4ee5\u6293\u53bb\u95dc\u4e86 \u770b\u4e86\u6709\u6c23"}, {"type": 0, "id": "cli6012", "content": ": \u6c23\u6c23"}, {"type": 1, "id": "gta1994", "content": ": \u5feb\u628a\u6241\u95dc\u56de\u53bb\uff0c\u6c11\u9032\u9ee8\u7684\u7f6a\u4eba"}, {"type": 1, "id": "Nathanye", "content": ": \u90fd\u80fd\u51fa\u4f86\u4e86\u4e00\u5b9a\u727d\u626f\u5f88\u591a"}, {"type": 1, "id": "ts01232165", "content": ": \u8edf\u4e86"}, {"type": 1, "id": "night957", "content": ": \u6295\u7d66\u85cd\u7684\u628a\u4ed6\u95dc\u56de\u53bb\u4e0d\u6703"}, {"type": 0, "id": "lickllll", "content": ": \u6295\u7d66\u85cd\u7684\uff0c\u5c0d\u9762\u7d05\u7684\u5c31\u9032\u4f86xdd\u6158"}, {"type": 1, "id": "a089111", "content": ": \u6703\u8aaa\u53f8\u6cd5\u6b78\u53f8\u6cd5\uff0c\u653f\u6cbb\u6b78\u653f\u6cbb\u7684\u82e5\u4e0d\u662f\u7121"}, {"type": 0, "id": "a089111", "content": ": \u77e5\uff0c\u5c31\u662f\u6b3a\u9a19"}, {"type": -1, "id": "monkeydog119", "content": ": \u771f \u7a7a\u5fc3\u8521"}, {"type": -1, "id": "yeng1217", "content": ": \u6241\uff1a\u7b11\u59b3\u4e0d\u6562\u5566\u7a7a\u5fc3\u83dc\uff0c\u60f3\u8ddf\u6211\u9b25\uff1f"}, {"type": 1, "id": "heremattis", "content": ": \u8edf\u8edf\u7684"}, {"type": 1, "id": "twnhpssc", "content": ": \u4e94\u6bdb\u8b1b\u5f97\u597d\u50cf\u662f\u8521\u82f1\u6587\u653e\u51fa\u4f86\u7684\u4e00\u6a23"}, {"type": 1, "id": "duncan607", "content": ": \u4e0d\u51fa\u624b\u6709\u8a71\u8aaa\uff0c\u51fa\u624b\u518d\u4f86\u9760\u8170\u5e72\u9810\u53f8\u6cd5"}, {"type": 1, "id": "tokyoto", "content": ": \u963f\u6241\u8eab\u908a\u73fe\u5728\u662f\u4e0d\u662f\u53ea\u5269\u8dd1\u817f\u7684 \u4e00\u500b\u8b00\u58eb"}, {"type": 0, "id": "tokyoto", "content": ": \u90fd\u6c92\u6709\u4e86\uff1f\u8981\u7279\u8d66\u6216\u91cd\u5be9\u4e5f\u4e0d\u662f\u9019\u6a23\u73a9\u7684"}, {"type": -1, "id": "lickllll", "content": ": \u5e79\u5e79\u5e79\u7b11\u6b7b\u8521\u4e0d\u7279\u8d66\u4e5f\u4e0d\u5429\u5490\u8655\u7406"}, {"type": 0, "id": "lickllll", "content": ": \u7da0\u6bdb\u9084\u80fd\u8b77\u822a\uff0c\u9019\u53c8\u4e0d\u95dc\u8521\u82f1\u6587\u7684\u4e8b\uff1f"}, {"type": 0, "id": "tokyoto", "content": ": \u4e00\u76f4\u885d\u649e\u6216\u800d\u8cf4 \u5c0d\u4ed6\u5f62\u8c61\u7684\u56de\u5fa9\u6c92\u6709\u5e6b\u52a9"}, {"type": 0, "id": "lickllll", "content": ": \u4f60\u51fa\u624b\u963f\uff0c\u4fdd\u8b49\u6c92\u6709\u975e\u7da0\u7684\u8b1b\u8a71"}, {"type": 0, "id": "tokyoto", "content": ": \u8b93\u8521\u96e3\u4f5c\u4eba\u8b93\u85cd\u71df\u64bf\u5230\u69cd \u6700\u5f8c\u5c31\u662f\u7167\u898f\u77e9"}, {"type": 0, "id": "tokyoto", "content": ": \u4f86 \u662f\u6e96\u5099\u8001\u6b7b\u5728\u7344\u4e2d\u55ce\uff1f"}, {"type": 0, "id": "linceass", "content": ": \u4e0d\u662f\u554a \u53f8\u6cd5\u5c31\u64fa\u721b\u4e86 \u9084\u7d66\u53f8\u6cd5\u6c7a\u5b9a"}, {"type": 0, "id": "lickllll", "content": ": \u7e3d\u7d71\u4e5f\u662f\u4f60\uff0c\u5e95\u4e0b\u6c92\u6709\u4eba\u8108\u53ef\u4ee5\u8655\u7406\uff1f"}, {"type": 1, "id": "chris590", "content": ": \u4e4b\u524d\u9084\u6703\u7528\u62cd\u5f71\u7247\u8ff4\u907f \u73fe\u5728\u76f4\u63a5\u4e0d\u7529\u4e2d\u76e3"}, {"type": 0, "id": "linceass", "content": ": \u83f8\u7c89\u662f\u4e0d\u662f\u773c\u775b\u6cbe\u5c4e\u554a"}, {"type": -1, "id": "aasawfish", "content": ": \u6700\u6703\u628a\u653f\u6cbb\u548c\u53f8\u6cd5\u641e\u5728\u4e00\u8d77\u7684\u5c31DPP"}, {"type": 0, "id": "lickllll", "content": ": \u53f8\u6cd5\u4f60\u6c92\u6cd5\u65bd\u58d3\uff1f\u5225\u641e\u7b11\u4e86\uff0c\u90fd\u4f60\u7684\u4eba"}, {"type": 0, "id": "lickllll", "content": ": \u67ef\u5728\u8655\u7406\u5927\u5de8\u86cb\u83f8\u7c89\u4e0d\u662f\u5f88\u55c6\uff1f"}, {"type": 0, "id": "lickllll", "content": ": \u73fe\u5728\u600e\u9ebc\u9047\u4e0a\u6241\u7dad\u62c9\u5c31\u9589\u5634\u4e86\uff0c\u6c92\u8fa6\u6cd5"}, {"type": -1, "id": "tanby", "content": ": \u9ad2\u624b"}, {"type": 1, "id": "HIRUMA", "content": ": \u54c8\u54c8\u54c8 \u4f60\u8aaa\u53f0\u7063\u7684\u53f8\u6cd5\u54e6 \u4e0d\u5c31\u4e00\u7fa4\u72d7\uff1f"}, {"type": 0, "id": "lickllll", "content": ": \u4f9d\u6cd5\u884c\u653f\u5c31\u662f\u6293\u56de\u53bb\u963f\u667a\u969c\u8b77\u822a\u8005\u5011"}, {"type": -1, "id": "joyca", "content": ": \u771f\u7684\u662ftrouble maker\uff0c\u5acc\u8521\u82f1\u6587\u7968\u591a\uff1f"}, {"type": 1, "id": "yy222499", "content": ": \u64fa\u721b\u5c31\u597d\u4e86\u963f\u4e0d\u662f\u4e00\u76f4\u90fd\u9019\u6a23\u55ce"}, {"type": 1, "id": "okah", "content": ": \u89e3\u6c7a\u65b9\u6848\u5c31\u662f\u958b\u59cb\u505a\u9055\u898f\u5be9\u67e5\u53ca\u5065\u5eb7\u6aa2\u5b9a\u5687\u6b7b"}, {"type": 0, "id": "okah", "content": ": \u4ed6\uff0c\u7136\u5f8c\u62d6\u5230\u9078\u5f8c\u624d\u505a\u7d50\u679c"}, {"type": 1, "id": "notime", "content": ": \u5475\u5475\uff0c\u7121\u80fd\u653f\u5e9c"}, {"type": 1, "id": "gn02234651", "content": ": \u6cd5\u52d9\u90e8\u6c7a\u5b9a\u80fd\u5426\u4fdd\u5916\u5c31\u91ab\u597d\u55ce"}, {"type": 1, "id": "allenz78", "content": ": \u6293\u9032\u53bb\u95dc\u5566\u5e79"}, {"type": -1, "id": "honnff", "content": ": \u4e0d\u6562\u505a\u6c7a\u5b9a~\u771f\u5b6c"}, {"type": 1, "id": "Beard5566", "content": ": \u6b63\u5e38\u7a7a\u5fc3\u767c\u63ee"}, {"type": 1, "id": "xhung", "content": ": \u6c11\u9032\u9ee8\u7684\u53f8\u6cd5\u6539\u9769 \u7b11\u6b7b\u4eba\u76840\u9032\u5ea6..."}, {"type": 1, "id": "jerrylin1224", "content": ": \u6293\u56de\u53bb\u95dc\u597d\u55ce\u6c92\u770b\u904e\u9019\u9ebc\u9ad8\u8abf\u7684"}, {"type": -1, "id": "james1539", "content": ": \u5b6c\u7e3d\u7d71"}, {"type": -1, "id": "smile810601", "content": ": \u53f8\u6cd5\u6539\u9769"}, {"type": -1, "id": "NavyWind", "content": ": \u5783\u573e\u8521\uff0c\u660e\u660e\u662f\u81ea\u5df1\u641e\u653f\u6cbb\u6c7a\u5b9a\uff0c\u9047\u5230\u8cea"}, {"type": 0, "id": "NavyWind", "content": ": \u7591\u5c31\u8aaa\u7d66\u53f8\u6cd5\u6c7a\u5b9a"}, {"type": 1, "id": "ct412133", "content": ": \u53f8\u6cd5\u6c7a\u5b9a\u6c92\u6709\u932f\uff0c\u524d\u63d0\u662f\u53f8\u6cd5\u9084\u662f\u6b63\u5e38\u7684"}, {"type": 1, "id": "tomxyz", "content": ": \u771f\u5730\u4e0b\u7e3d\u7d71 \u79d1\u79d1"}, {"type": 1, "id": "ChromeHearts", "content": ": \u95dc\u56de\u53bb\uff0c\u62da\u9023\u4efb\u5440\uff0c\u4e0d\u6562\u5594"}, {"type": 1, "id": "DreamYeh", "content": ": \u95dc\u56de\u53bb \u771f\u7684..\u6df1\u7da0\u7684\u7968\u7d42\u7a76\u9084\u662f\u4f60\u7684"}, {"type": 1, "id": "winnerdinner", "content": ": \u82f1\u7c89\u8981\u6df1\u7da0\u7968\u5c31\u4e0d\u6562\u82f1\u6aa2\u56c9~ \u563b\u563b"}, {"type": 1, "id": "eternia0920", "content": ": \u6241\u90fd\u6562\u76f4\u63a5\u55c6\u82f1\u4e86\u6b38"}, {"type": 1, "id": "knightshow", "content": ": \u5176\u5be6\u662f\u6015\u6389\u9078\u7968\u4e0d\u6562\u8655\u7406"}, {"type": 1, "id": "qqqlll666", "content": ": \u53f8\u6cd5\u6c7a\u5b9a\uff1f \u9019\u6a23\u5927\u5bb6\u90fd\u4f86\u4fdd\u5916\u5c31\u8981\u4e86"}, {"type": 0, "id": "h25949", "content": ": \u82f1\u6aa2\u5462\uff1f\u600e\u4e0d\u82f1\u6aa2\u4ed6\uff1f"}, {"type": 1, "id": "lesnaree2", "content": ": \u8521\u82f1\u6587\u771f\u7684\u6709\u5920\u5ee2"}, {"type": 1, "id": "HCG10G8bear", "content": ": \u767d\u7661\u963f\u6241"}, {"type": 0, "id": "Ddylan", "content": ": \u6293\u53bb\u95dc\u4fdd\u8b49\u652f\u6301\u5ea6\u885d\u78345\u6210"}, {"type": -1, "id": "henn", "content": ": \u6301\u7e8c\u4e86\u89e3\u4e2d \u8ffd\u8e64\u4e2d \u89c0\u5bdf\u4e2d \u5e79\u9084\u4e0d\u662f\u60f3\u62d6 \u6c92"}, {"type": 0, "id": "wr", "content": ": \u5176\u5be6\u6241\u6253\u8521\u6253\u90a3\u9ebc\u7528\u529b \u8521\u61c9\u8a72\u662f\u5e0c\u671b\u6241\u88ab\u95dc\u56de\u53bb"}, {"type": 0, "id": "wr", "content": ": \u73fe\u5728\u4e00\u76f4\u5728\u6253\u7562\u696d\u8b49\u66f8\u7684\u5c31\u559c\u6a02\u5cf6\u90a3\u7fa4\u4eba"}, {"type": 1, "id": "wyytw", "content": ": \u6839\u672c\u64fa\u721b"}, {"type": 0, "id": "h25949", "content": ": \u82f1\u6aa2\u662f\u770b\u4eba\u55ce\uff1f"}, {"type": 0, "id": "stvn2567", "content": ": \u984f\u8272\u6b63\u78ba\u4e0d\u8a55\u8ad6"}, {"type": 0, "id": "stvn2567", "content": ": \u4e00\u5207\u4ea4\u7d66\u88d9\u5e36\u5de6\u81a0\u55ac\u597d\u70ba\u6b62"}, {"type": 0, "id": "mudee", "content": ": \u8521\u82f1\u6587\u6068\u6241\u537b\u53c8\u4e0d\u80fd\u95dc\u6241  \u771f\u8f9b\u82e6\u5462"}, {"type": 0, "id": "mudee", "content": ": \u660e\u5e74\u9078\u5b8c\u5c31\u80fd\u52d5\u624b\u4e86  \u662f\u5427\uff1f"}, {"type": 1, "id": "huigo", "content": ": \u6839\u64da2012\u5e743\u6708TVBS \u7684\u6c11\u8abf\uff0c\u5305\u62ec\u85cd\u8ecd\u5728\u5167\uff0c"}, {"type": 0, "id": "huigo", "content": ": \u670967%\u7684\u53f0\u7063\u4eba\u8a8d\u70ba\u6241\u6848\u7684\u5be9\u5224\uff0c\u6709\u5916\u529b\u7684\u5e72"}, {"type": 0, "id": "huigo", "content": ": \u64fe\u3002\u53f0\u7063\u4eba\u5c0d\u65bc\u53f8\u6cd5\u516c\u6b63\u5be9\u5224\u6709\u4fe1\u5fc3\u7684\uff0c\u53ea\u6709"}, {"type": 0, "id": "huigo", "content": ": \u670918%\u3002"}, {"type": 0, "id": "huigo", "content": ": \u53f0\u7063\u7684\u53f8\u6cd5\u88ab\u99ac\u653f\u5e9c\u64cd\u4f5c\u6210\u9019\u500b\u6a23\u5b50\uff0c\u5be6\u5728"}, {"type": 0, "id": "huigo", "content": ": \u4ee4\u4eba\u75db\u5fc3\u3002"}, {"type": 0, "id": "huigo", "content": ": \u6241\u6848\u662f\u6b77\u53f2\u554f\u984c \u653f\u6cbb\u554f\u984c\u8981\u7528\u653f\u6cbb\u89e3\u6c7a"}, {"type": 1, "id": "huigo", "content": ": \u6839\u64da2012\u5e743\u6708TVBS \u7684\u6c11\u8abf\uff0c\u5305\u62ec\u85cd\u8ecd\u5728\u5167"}, {"type": 1, "id": "aneshsiao", "content": ": \u653f\u6cbb\u554f\u984c"}, {"type": 1, "id": "vking223", "content": ": \u570b\u5bb6\u6a5f\u5668\u6e96\u5099\u8981\u52d5\u5f97\u5f88\u53b2\u5bb3"}, {"type": -1, "id": "lickllll", "content": ": \u6241\u6709\u6c92\u6709\u6d17\u9322\uff1f\u8b1b\u5f97\u6241\u7121\u8f9c"}, {"type": 1, "id": "jil", "content": ": \u6cd5\u5f8b\u771f\u7684\u662f\u7d66\u6c92\u8fa6\u6cd5\u7684\u4eba\u9075\u5b88\u7684"}, {"type": -1, "id": "dante45678", "content": ": \u7b11\u6b7b"}, {"type": 0, "id": "RiverMan1", "content": ": \u770b\u59b3\u5c0f\u82f1\u7121\u8def\u7528\uff0c\u4e00\u500b\u5080\u5121"}, {"type": 0, "id": "lologa", "content": ": \u6709\u53f0\u7063\u50f9\u503c\u5c31\u7121\u7f6a"}, {"type": -1, "id": "sincere77", "content": ": \u8b1b\u5f97\u77ef\u6b63\u7f72\u4e0d\u662f\u6c11\u9032\u9ee8\u7ba1\u7684\u4e00\u6a23"}, {"type": 1, "id": "MW1220", "content": ": \u6240\u4ee5\u73fe\u5728\u7e3d\u7d71\u53ef\u4ee5\u628a\u624b\u4f38\u9032\u53f8\u6cd5\u88e1\u9762\u4e86?"}, {"type": 0, "id": "brucefang", "content": ": \u4e0d\u7136\u7d66\u59b3\u6c7a\u5b9a\u597d\u4e0d\u597d\uff0c\u5080\u5121"}, {"type": 1, "id": "sf7877", "content": ": \u6c11\u8abf\u4e0a\u4f86\u53c8\u4e0d\u8fa3\u4e86"}, {"type": 1, "id": "huigo", "content": ": \u6241\u6848\u7684\u5be9\u7406\u6709\u5f88\u591a\u904e\u5931\uff0c\u5305\u62ec\u62bc\u4eba\u53d6\u4f9b\u3001\u4e2d\u9014"}, {"type": 0, "id": "huigo", "content": ": \u63db\u6cd5\u5b98\u7b49\uff0c\u53f8\u6cd5\u4e0d\u80fd\u7576\u653f\u9ee8\u60e1\u9b25\u7684\u5de5\u5177"}, {"type": 0, "id": "huigo", "content": ": \u6241\u6848\u6709\u5f88\u591a\u7591\u9ede\u8207\u722d\u8b70\uff0c\u4e0d\u53ea\u662f\u53f8\u6cd5\u516c\u5e73\u6b63\u7fa9"}, {"type": 0, "id": "huigo", "content": ": \u66f4\u6158\u96dc\u653f\u6cbb\u9b25\u722d\u7684\u554f\u984c\uff0c\u5b83\u662f\u53f8\u6cd5\u53f2\u4e0a\u9996\u4f4d"}, {"type": -1, "id": "wiggins510", "content": ": \u8521\u82f1\u6587 \u5c08\u9577 \u9078\u8209 \u5207\u5272"}, {"type": 0, "id": "huigo", "content": ": \u6c11\u9078\u7e3d\u7d71\u5378\u4efb\u4e4b\u5f8c\u6210\u70ba\u968e\u4e0b\u56da\u7684\u91cd\u5927\u4e8b\u4ef6"}, {"type": 0, "id": "huigo", "content": ": \u8349\u5305\u5149\u53bb\u5e74\u9ad8\u96c4\u5e02\u9577\u9078\u8209\u7684\u52df\u6b3e\u548c\u6bcf\u796830\u5143"}, {"type": -1, "id": "whiteflora6", "content": ": \u88dc\u5145\uff1a\u5beb\u7db2\u8a8c\uff0c\u547c\u547c\u53e3\u865f\u3002"}, {"type": 0, "id": "huigo", "content": ": \u9078\u8209\u88dc\u52a9\u6b3e\uff0c\u8ca1\u7522\u66b4\u589e\u52304559\u842c\u5143\u3002"}, {"type": 1, "id": "ebooktw123", "content": ": \u63a8"}, {"type": -1, "id": "StNeverRush", "content": ": \u5c0f\u5fc3\u628a\u4f60\u95dc\u56de\u53bb \u9084\u6562\u9b27\u554a"}, {"type": -1, "id": "aaice", "content": ": \u4ec0\u9ebc\u53eb\u53f8\u6cd5\u505a\u6c7a\u5b9a \u4e0d\u662f\u5df2\u7d93\u5224\u5211\u5728\u57f7\u884c\u4e2d\u55ce?"}, {"type": 0, "id": "aaice", "content": ": \u5982\u679c\u662f\u8981\u53f8\u6cd5\u505a\u6c7a\u5b9a \u90a3\u662f\u4e0d\u662f\u8981\u91cd\u5be9\u6216\u518d\u5be9"}, {"type": 1, "id": "allgamba", "content": ": \u6241>>>>>>>>>>>>>>>>>>>>>>>>>>>>>>>>>\u8521"}, {"type": 0, "id": "allgamba", "content": ": \u963f\u6241\u667a\u5546\u58d3\u5236\u8521\u82f1\u6587"}, {"type": 1, "id": "venomsoul", "content": ": \u8e22\u76ae\u7403\u597d\u597d\u73a9\uff0c\u958b\u5fc3\uff5e\uff5e\uff5e"}, {"type": 1, "id": "dwighthsu", "content": ": \u9023\u9019\u7a2e\u4e8b\u90fd\u8655\u7406\u4e0d\u4e86\uff0c\u4f60\u8ddf\u6211\u8aaa\u4f60\u8981\u9023"}, {"type": 0, "id": "dwighthsu", "content": ": \u4efb\uff1f1450\u51fa\u4f86\u8b1b\u554a\uff01"}, {"type": -1, "id": "fjucharlie", "content": ": \u5c0f\u83f8\u771f\u5ee2"}, {"type": -1, "id": "mihono", "content": ": \u721b\u7206\u4e86\uff0c\u96e3\u602a\u5b88\u6cd5\u7684\u90fd\u662f\u767d\u7661"}, {"type": 1, "id": "aling1205", "content": ": \u4e0d\u8655\u7406\u963f\u6241\uff0c\u963f\u6241\u5c31\u6703\u8655\u7406\u4f60"}, {"type": 1, "id": "x0003", "content": ": \u5c31\u770b\u59b3\u6c92\u6709\u554a\uff0c\u53cd\u6b63\u6295\u7968\u524d\u4e00\u5b9a\u4e0d\u6562\u8fa6"}, {"type": 1, "id": "wulaw5566", "content": ": \u4ee5\u524d\u5c0f\u83f8\u9084\u6c92\u7576\u9078\u4e0d\u662f\u6574\u5929\u558a\u91cb\u653e\u963f\u6241"}, {"type": -1, "id": "Lucifer7139", "content": ": \u8aaa\u597d\u7684\u53f8\u6539\u5462"}, {"type": 1, "id": "powermousek", "content": ": \u4fd7\u4e86\u55ce"}, {"type": 0, "id": "takenostand", "content": ": \u7b11\u6b7b\u4eba\uff0c\u9019\u7bc7\u6587\u87d1\u8782\u5c31\u6d88\u5931\u4e86"}, {"type": -1, "id": "smallz", "content": ": \u6bcd\u8c6c\u81ed\u5352\u4ed4 \u9019\u6642\u5c31\u7e2e\u4e86"}, {"type": -1, "id": "s0930194", "content": ": \u7b11\u4f60\u9078\u524d\u4e0d\u6562\u52d5\u5566"}, {"type": 0, "id": "UC93", "content": ": \u9178\u79d1\u5c41\u8ddf87\u5149\u982d\u5c31\u5f88\u6703  \u78b0\u5230\u963f\u6241\u5c31\u8f49\u5f4e"}, {"type": 1, "id": "mengche", "content": ": \u770b\u4f86\u5c0f\u83f8\u4e0d\u6562\u95dc\uff0c\u6c92\u4e8b\u4e86"}, {"type": 0, "id": "TarikBlack", "content": ": \u53ef\u60b2"}, {"type": 1, "id": "tsailk", "content": ": \u518d\u4e0d\u8655\u7406\uff0c\u6241\u662f\u8521\u7684\u7e3d\u7d71\u4e4b\u8def\u7d46\u8173\u77f3"}, {"type": 0, "id": "tsailk", "content": ": \u5e0c\u671b\u6241\u53ef\u4ee5\u518d\u56c2\u5f35\u4e00\u9ede\uff0c\u51f8\u986fDPP\u7121\u80fd!!"}, {"type": 1, "id": "derekg8", "content": ": \u310f\u310f"}, {"type": 0, "id": "nikewang", "content": ": \u9673\u6c34\u6241\u5c31\u4e1f\u81c9\u50a2\u4f19 \u770b\u54ea\u500b\u5019\u9078\u4eba\u53ef\u4ee5\u7d66\u4ed6"}, {"type": 0, "id": "nikewang", "content": ": \u7279\u8d66 \u4ed6\u5c31\u53bb\u8e6d\u8ab0 \u770b\u4ed6\u4e4b\u524d\u5c0d\u5c0f\u82f1\u6c23\u5657\u5657"}, {"type": 0, "id": "nikewang", "content": ": \u5c31\u77e5\u9053\u554a \u56e0\u70ba\u5c0f\u82f1\u4e0d\u7279\u8d66\u4ed6"}, {"type": 1, "id": "dearjohn", "content": ": \u9673\u6c34\u6241\u963f~\u5475\u5475\u3002"}, {"type": 0, "id": "darkMood", "content": ": \u6293\u56de\u53bb\u5c31\u4e0d\u7528\u9078\u4e86\uff0c\u5783\u573e\u6c11\u9032\u9ee8"}, {"type": -1, "id": "KENGOD0204", "content": ": \u5783\u573e\uff0c\u53f0\u5357\u5e02\u9577\u624d\u525b\u8aaa\uff0c\u5e0c\u671b\u653e\u5bec\u6a19\u6e96"}, {"type": 0, "id": "KENGOD0204", "content": ": \u793a\uff0c\u8521\u7e3d\u7d71\u8b1b\u6cd5\u53c8\u4e0d\u4e00\u6a23"}, {"type": 0, "id": "jimmyso", "content": ": \u5783\u573e\u7a7a\u5fc3\u83dc"}, {"type": -1, "id": "jimmyso", "content": ": \u5783\u573e \u721b\u9ee8\u6ec5\u6771\u5ee0"}, {"type": -1, "id": "morris", "content": ": \u6bcd\u8c6c\u5565\u90fd\u4e0d\u7ba1"}, {"type": 1, "id": "chenweichih", "content": ": \u7279\u8d66\u7406\u7531\u5c31\u7e3d\u7d71\u7684\u8c93\u751f\u65e5\u597d\u4e86"}, {"type": 0, "id": "rogner7777", "content": ": \u53ea\u8981\u984f\u8272\u5c0d\uff0c\u5c31\u53ef\u4ee5\u72af\u7f6a\u3002"}, {"type": 1, "id": "c902112", "content": ": \u653f\u6cbb\u4ecb\u5165\u53f8\u6cd5"}, {"type": 1, "id": "fashionvino", "content": ": \u67ef\u5c41\u8a8d\u8b49\u7684\u963f\u6241\u6709\u75be\u75c5 \u8b9a\u5c0f\u82f1\u51b7\u8655\u7406"}], "post_ip": "123.204.139.26", "post_content": "\n\n1.\u5a92\u9ad4\u4f86\u6e90:\ntvbs\n\n2.\u8a18\u8005\u7f72\u540d\n\u8a18\u8005 \u674e\u4f5c\u73e9 / \u651d\u5f71 \u5f35\u667a\u921e \u5831\u5c0e\n\n3.\u5b8c\u6574\u65b0\u805e\u6a19\u984c:\n\u9673\u6c34\u6241\u8e29\u7d05\u7dda\u7121\u89e3\uff1f\u3000\u7e3d\u7d71\u5c37\u5c2c\uff1a\u7d66\u53f8\u6cd5\u6c7a\u5b9a\n\n4.\u5b8c\u6574\u65b0\u805e\u5167\u6587:\n\n\u524d\u7e3d\u7d71\u9673\u6c34\u6241\u8fd1\u4f86\u983b\u8e29\u4e2d\u76e3\u7d05\u7dda\uff0c\u8b93\u85cd\u71df\u64bf\u5230\u69cd\uff0c\u5927\u9178\u6c11\u9032\u9ee8\u78b0\u5230\u5c0d\u81ea\u5df1\u4e0d\u5229\u7684\u4e8b\uff0c\u90fd\u8f15\n\u8f15\u653e\u4e0b\uff0c\u5c31\u6015\u9019\u628a\u706b\u71d2\u5230\u9078\u60c5\uff0c\u7da0\u59d4\u5766\u8a00\u4ed6\u5011\u5f88\u5169\u96e3\uff0c\u800c\u7e3d\u7d71\u88ab\u554f\u5230\u8a72\u600e\u9ebc\u8655\u7406\uff0c\u5247\u986f\u5f97\n\u6709\u4e9b\u5c37\u5c2c\uff0c\u8aaa\u6703\u6301\u7e8c\u95dc\u5fc3\u524d\u7e3d\u7d71\u7684\u5065\u5eb7\uff0c\u4f46\u5176\u4ed6\u7684\u4ea4\u7d66\u53f8\u6cd5\u4f86\u6c7a\u5b9a\u3002\n\n\u5716\uff0fTVBS \u7e3d\u7d71\u8521\u82f1\u6587\uff1a\u300c\u8fd1\u4f86\u67ef\u5e02\u9577\u7684\u6307\u6559\u883b\u591a\u7684\uff0c\u90a3\u6211\u662f\u89ba\u5f97\u8207\u5176\u4e8b\u4e8b\u8a55\u8ad6\uff0c\n\u5012\u4e0d\u5982\u5c08\u5fc3\u628a\u4ed6\u7684\u5e02\u653f\u505a\u597d\uff0c\u6211\u5011\u9019\u88e1\u5c31\u6709\u4e00\u500b5\u661f\u5e02\u9577\uff0c(\u8981\u4e0d\u8981\u5148\u8aaa\u4e00\u4e0b)\uff0c\n\u4f86\u4f86\u4f86\u7b2c\u4e00\u540d\u7684\u5148\u8aaa\u3002\u300d\n\n\u770b\u4f86\u9019\u984c\u771f\u7684\u4e0d\u592a\u597d\u7b54\uff0c\u9019\u662f\u5728\u554f\u524d\u7e3d\u7d71\u9673\u6c34\u6241\u983b\u8e29\u4e2d\u76e3\u7d05\u7dda\uff0c\u67ef\u6587\u54f2\u55c6\u8aaa\u8ab0\u53eb\u7e3d\u7d71\n2016\u5e74\u4e0d\u8655\u7406\uff0c\u4f46\u9019\u984c\u7a76\u7adf\u6709\u591a\u96e3\u89e3\uff0c\u770b\u770b\u7e3d\u7d71\u4e00\u807d\u554f\u984c\uff0c\u7709\u982d\u5148\u7dca\u76ba\u3002\n \u7e3d\u7d71\u8521\u82f1\u6587\uff1a\u300c\u9019\u4ef6\u4e8b\u60c5\u75fe\uff0c\u6211\u60f3\u6211\u5011\uff0c\u6301\u7e8c\u95dc\u5fc3\u4ed6\u7684\uff0c\u9673\u524d\u7e3d\u7d71\u7684\u5065\u5eb7\u72c0\u6cc1\uff0c\n\u4ed6\u4e8b\u60c5\u7531\u53f8\u6cd5\u6a5f\u95dc\u4f86\u6c7a\u5b9a\u3002\u300d\n\n\u5716\uff0f\nTVBS \u600e\u9ebc\u8aaa\u90fd\u5169\u96e3\uff0c\u78ba\u5be6\u9673\u524d\u7e3d\u7d71\u8fd1\u4f86\u52d5\u4f5c\u983b\u983b\uff0c\u8b93\u7da0\u71df\u5f88\u982d\u75bc\u3002 \u6c11\u9032\u9ee8\u7acb\u59d4\u4f55\u5fd7\u5049\uff1a\n\u300c\u7684\u78ba\u6211\u5011\u6709\u9762\u81e8\u6211\u5011\u7684\u5169\u96e3\uff0c\u9019\u500b\u5169\u96e3\u5f88\u5927\u4e00\u689d\uff0c\u90a3\u6211\u60f3\u53f0\u7063\u61c9\u8a72\u6709\u4e00\u500b\u5171\u8b58\u5566\uff0c\n\u53f8\u6cd5\u6b78\u53f8\u6cd5\u653f\u6cbb\u6b78\u653f\u6cbb\u3002\u300d\n\n\u770b\u5f97\u51fa\u7da0\u71df\u7126\u616e\uff0c\u5c31\u7b97\u5929\u4e0b\u96dc\u8a8c\u6c11\u8abf\u986f\u793a\uff0c\u8521\u7e3d\u7d71PK\u85cd\u71df\u7684\u97d3\u570b\n\u745c\uff0c\u516d\u90fd\u4e2d\u5927\u7372\u5168\u52dd\uff0c\u5373\u4f7f\u662f\u97d3\u570b\u745c\u7684\u5927\u672c\u71df\u9ad8\u96c4\u5e02\uff0c\u7e3d\u7d71\u4e5f\u8d0f12\u500b\u767e\u5206\u9ede\uff0c\u4f46\u9019\u672a\u7206\u5f48\n\u4e00\u5929\u672a\u62c6\uff0c\u6050\u6015\u4e00\u5929\u5c0d\u7da0\u71df\u9078\u60c5\u9020\u6210\u5a01\u8105\u3002\n\n\u5716\uff0fTVBS \u570b\u6c11\u9ee8\u7acb\u59d4\u8cbb\u9d3b\u6cf0\u4e2d\u76e3\uff1a\u300c\u77ef\u6b63\u7f72\u9084\u6709\u6cd5\u52d9\u90e8\u9019\u500b\u553e\u9762\u81ea\u4e7e\uff0c\u8acb\u554f\u5225\u7684\u53d7\u5211\u4eba\n\uff0c\u53ef\u4ee5\u6709\u8ddf\u9673\u6c34\u6241\u4e00\u6a23\u7684\u5f85\u9047\u55ce\u3002\u300d \u85cd\u71df\u4f5c\u58c1\u4e0a\u89c0\uff0c\u5927\u9178\u6c11\u9032\u9ee8\u78b0\u5230\u5c0d\u81ea\u5df1\u4e0d\u5229\u7684\u4e8b\uff0c\n\u90fd\u8f15\u8f15\u653e\u4e0b\uff0c\u9019\u71d9\u624b\u5c71\u828b\u4e00\u5929\u4e0d\u89e3\u6c7a\uff0c\u6050\u6015\u4e0d\u53ea\u662f\u8b93\u5c0d\u624b\u64bf\u5230\u69cd\uff0c\u800c\u662f\u64bf\u5230\u70ae\u3002\n\n\n5.\u5b8c\u6574\u65b0\u805e\u9023\u7d50 (\u6216\u77ed\u7db2\u5740):\n\nhttps://news.tvbs.com.tw/politics/1198397\n\n6.\u5099\u8a3b:\n\n\u8a71\u8aaa\u6b7b\u5211\u72af\u56db\u5e74\u624d\u57f7\u884c\u4e00\u500b \u7b49\u65bc\u5be6\u8cea\u5ee2\u6b7b\n\n\n--\n\u6cd5\u52d9\u90e8\u4e0d\u662f\u53f8\u6cd5\u6a5f\u95dc \u4e0d\u7136\u4e5f\u4e0d\u6703\u6709\u7576\u5e74\u7684\u99ac\u82f1\u4e5d\u63db\u6389\u738b\u6e05\u5cf0\u7684\u4e8b\u4ef6\n\u5c0f\u82f1\u5728\u9a19\u4f60 \u4f60\u9084\u771f\u597d\u9a19.\n\u203b \u7de8\u8f2f: ivorysoap (123.204.139.26 \u81fa\u7063), 09/11/2019 08:39:21\n"}