{"ptt_id": "liusim", "post_url": "https://www.ptt.cc/bbs/Gossiping/M.1564895127.A.D72.html", "post_type": "\u65b0\u805e", "post_title": "\u723a\u723a\u66fe\u662f\u89e3\u653e\u8ecd \u4e94\u89d2\u5927\u5ec8\u89e3\u9664\u4e2d\u570b\u7c4d\u58eb\u5175", "post_time": "2019-08-04 13:05:25", "post_score": 42, "post_pushes": [{"type": 1, "id": "kps1247", "content": ": \u7b2c\u4e8c\u500b\u4e5f\u592a\u96d6\u5c0f \u88ab\u8650\u5f85\u5b6b\u5b50\u9084\u4e0d\u80fd\u7576\u7f8e\u570b"}, {"type": 0, "id": "kps1247", "content": ": \u4eba"}, {"type": 1, "id": "fish10241", "content": ": \u6211\u7576\u904e\u7fa9\u52d9\u5f79\u4e5f\u4e0d\u884c\u4e86\u55ce\uff0cQQ"}, {"type": 1, "id": "zz71", "content": ": \u5c0f\u7c89\u7d05"}, {"type": 1, "id": "BLACKLIONS", "content": ": \u88ab\u8650\u4e5f\u4e0d\u884c\u54e6"}, {"type": 1, "id": "ziff", "content": ": \u8868\u793a\u570b\u6c11\u9ee8\u4e5f\u662f\u6f5b\u5728\u7684\u9593\u8adc\u3002"}, {"type": 1, "id": "lovetweet", "content": ": \u6316 \u9023\u723a\u723a\u88ab\u963f\u5171\u8650\u5f85\u90fd\u77e5\u9053"}, {"type": 0, "id": "peggy345", "content": ": \u5e7e\u5e74\u524d\u4e0d\u662f\u4e00\u500b\u570b\u6c11\u9ee8\u5c07\u8ecd\u7684\u5b6b\u5973\u7b2c\u4e00\u540d"}, {"type": 0, "id": "peggy345", "content": ": \u5f9e\u897f\u9ede\u7562\u696d"}, {"type": 0, "id": "darkbrigher", "content": ": \u6bcf\u500b\u4e2d\u570b\u4eba\u90fd\u662f\u5167\u5978\u9810\u5099\u72af\u554a"}, {"type": 0, "id": "lovetweet", "content": ": \u610f\u601d\u662f \u570b\u5171\u5169\u9ee8\u90fd\u4e0d\u53ef\u4fe1\u554a......"}, {"type": 0, "id": "iqeqicq", "content": ": \u53f0\u7063\u61b2\u5175\u90fd\u8981\u67e5\u7956\u4e0a\u4e09\u4ee3\u8eab\u5bb6\u80cc\u666f\u5462"}, {"type": 0, "id": "ziff", "content": ": \u7b2c\u4e8c\u7a2e\u5c31\u662f9.2\u554a"}, {"type": 0, "id": "darkbrigher", "content": ": \u4e2d\u570b\u6cd5\u5f8b\u898f\u5b9a\u4e2d\u570b\u4eba\u6709\u7fa9\u52d9\u63d0\u4f9b\u60c5\u5831"}, {"type": 1, "id": "li118", "content": ": \u7cbe\u7f8e\u4efd\u5b50"}, {"type": 1, "id": "s81048112", "content": ": \u56e0\u70ba\u5783\u573ekmt\u4e0d\u53ef\u4fe1"}, {"type": 1, "id": "peggy345", "content": ": \u770b\u61c2\u4e86 \u9019\u7a2e\u72c0\u6cc1\u9650\u5b9aMAVNI \u672c\u8eab\u5c31\u662f\u7f8e\u570b"}, {"type": 0, "id": "peggy345", "content": ": \u7c4d\u7684\u83ef\u4eba\u6c92\u6709\u9019\u7a2e\u72c0\u6cc1"}, {"type": 1, "id": "venni", "content": ": \u63a8\u6587\u4e00\u5806\u6c92\u770b\u5b8c\u7684\uff0c\u4e0d\u662f\u6392\u83ef\u662f\u6392\u4e9e"}, {"type": 1, "id": "zkow5566", "content": ": \u7576\u521d\u627e\u592a\u591a\u4eba\u4e86 \u627e\u7406\u7531\u88c1\u54e1\u800c\u5df2\u5427 XDD"}, {"type": 0, "id": "Xaymaca", "content": ":     \u614b\u52e2\u5f88\u660e\u986f\u4e86   \u963fQ\u9084\u5728\u81ea\u6170"}, {"type": 0, "id": "CostDown", "content": ": \u5e73\u7b49\u81ea\u7531\u662f\u500b\u7b11\u8a71"}, {"type": 1, "id": "vwpassat", "content": ": 1861~1865\u5e74\uff0c\u7f8e\u570b\u5167\u6230\uff0c\u5e7e\u4e4e\u53ef\u4ee5\u8aaa\u662f"}, {"type": 0, "id": "vwpassat", "content": ": \u611b\u723e\u862d\u7db2\u5167\u4e92\u6253\u3002"}, {"type": 0, "id": "liusim", "content": ": \u6392\u4e2d\u5566"}, {"type": 1, "id": "linweijie", "content": ": \u4e0d\u6703\u7576\u89e3\u653e\u8ecd?\u7576\u89e3\u653e\u8ecd\u5f88\u53ef\u6065\u5f88\u4e1f\u81c9?"}, {"type": 1, "id": "MinoltaSTF", "content": ": \u5c0d  \u5e73\u7b49\u81ea\u7531\u662f\u500b\u7b11\u8a71  \u4e2d\u570b\u4eba\u4e0d\u914d"}, {"type": 0, "id": "MinoltaSTF", "content": ": \u4ee5\u5f8c\u4e0d\u6703\u6709\u9ed1\u540d\u55ae\uff0c\u800c\u662flist\u767d\u540d\u55ae"}, {"type": 0, "id": "MinoltaSTF", "content": ": \u767d\u540d\u55ae\u4ee5\u5916\uff0c\u5168\u662f\u9ed1\u7684"}, {"type": 1, "id": "amos30627", "content": ": \u6392\u83ef\u5566"}, {"type": 1, "id": "relize", "content": ": \u7576\u5175\u5c31\u4e0d\u80fd\u5165\u7c4d\u7684\u8a71 \u7da0\u7da0\u90fd\u7576\u66ff\u4ee3\u5f79\u7684 \u7576"}, {"type": 0, "id": "relize", "content": ": \u7136\u958b\u5fc3 \u56e0\u70ba\u90fd\u4e0d\u53d7\u5f71\u97ff"}, {"type": 1, "id": "ERT312", "content": ": \u6392\u570b\u5171\u5169\u9ee8"}, {"type": 1, "id": "LordOfCS", "content": ": \u4e2d\u570b\u4eba\u90fd\u662f\u7121\u6cd5\u4fe1\u4efb\u7684"}, {"type": 1, "id": "spa41260", "content": ": \u4f60\u771f\u4ee5\u70ba\u7f8e\u570b\u4eba\u6703\u53bb\u7d30\u5206\u539f\u56e0\uff1f\u9084\u4e0d\u662f\u770b"}, {"type": 0, "id": "spa41260", "content": ": \u819a\u8272\u3001\u770b\u7a2e\u65cf\u3002\u4ee5\u524d\u8ddf\u4e2d\u570b\u95dc\u4fc2\u597d\uff0c\u83ef\u88d4"}, {"type": 0, "id": "bruce79", "content": ": \u6700\u5f8c\u4e00\u6bb5\u770b\u6e05\u695a\u554a"}, {"type": 0, "id": "spa41260", "content": ": \u7576\u5175\u7576\u7136\u6c92\u554f\u984c\uff0c\u73fe\u5728\u7ba1\u4f60\u662f\u54ea\u88e1\u7684\u83ef\u4eba"}, {"type": 0, "id": "bruce79", "content": ": \u9019\u500b\u60c5\u6cc1\u4e0d\u50c5\u9650\u65bc\u4e2d\u570b\u7c4d\u58eb\u5175\u3002"}, {"type": 0, "id": "spa41260", "content": ": \uff0c\u6253\u56de\u7968\u6a5f\u7387\u5927\u589e\u3002"}, {"type": 0, "id": "bruce79", "content": ":"}, {"type": 0, "id": "bruce79", "content": ":"}, {"type": 0, "id": "bruce79", "content": ": \u4e00\u540d\u51fa\u751f\u5728\u5370\u5ea6\u800c\u901a\u904eMAVNI\u5165\u4f0d\u7684\u58eb\u5175\u56e0"}, {"type": 0, "id": "bruce79", "content": ": \u70ba"}, {"type": 0, "id": "bruce79", "content": ":"}, {"type": 0, "id": "bruce79", "content": ": \u300c\u5bb6\u4eba\u66fe\u5728\u5370\u5ea6\u8ecd\u968a\u670d\u5f79\u300d\u800c\u88ab\u958b\u9664\uff0c\u800c\u4f86"}, {"type": 0, "id": "bruce79", "content": ": \u81ea\u5357\u97d3\u7684\u5165\u4f0d\u58eb\u5175\u4e5f\u56e0\u70ba"}, {"type": 0, "id": "bruce79", "content": ":"}, {"type": 0, "id": "bruce79", "content": ": \u300c\u4ed6\u5011\u7684\u7236\u89aa\u66fe\u88ab\u5fb5\u5175\u300d\u800c\u88ab\u8996\u70ba\u4e0d\u9069\u5b9c\u5728"}, {"type": 0, "id": "bruce79", "content": ": \u7f8e\u570b\u8ecd\u968a\u670d\u5f79\u3002"}, {"type": 1, "id": "jokc7839", "content": ": \u5168\u6c11\u7686\u5077 \u53ef\u4e0d\u662f\u5047\u7684"}, {"type": 1, "id": "BuriBuri", "content": ": \u660e\u986f\u7684\u6b67\u8996\uff0c\u975e\u5e38\u4e0d\u516c\u5e73"}, {"type": 0, "id": "plusonezero", "content": ": \u88ab\u4e2d\u5171\u8650\u5f85\u4e5f\u4e0d\u884c\uff1f"}, {"type": 1, "id": "garyyang0529", "content": ": \u4e0d\u770b\u5167\u6587\u55ce?\u67e5\u900f\u904eMAVNI\u8a08\u756b\u5165\u4f0d\u7684"}, {"type": 0, "id": "combo896", "content": ": \u5f88\u68d2\u554a"}, {"type": 1, "id": "chenweichih", "content": ": \u88ab\u8650\u5f85\u904e\u6015\u60f3\u5831\u4ec7\u55ce\uff1f"}, {"type": 1, "id": "weiprincess", "content": ": \u7406\u7531\u662f\u63b0\u7684\u5427\uff0c\u8aaa\u4e86\u4ee5\u5f8c\u5c31\u6703\u9632\u4e86"}, {"type": 0, "id": "stvn2567", "content": ": \u591a\u534a\u6015\u806f\u7e6b\u900f\u9732\u4ec0\u9ebc\uff0c\u800c\u8001\u5171\u53c8\u6703\u76e3\u770b\u8a0a"}, {"type": 0, "id": "stvn2567", "content": ": \u606f"}, {"type": 1, "id": "dreamerV", "content": ": \u9019\u7a2e\u4eba~\u7576\u521d\u9304\u7528\u5c31\u8a72\u64cb\u4e0b"}, {"type": 0, "id": "stvn2567", "content": ": \u66f4\u6b63\uff1a\u6015\u806f\u7e6b\u6642\u4e0d\u5c0f\u5fc3\u900f\u9732\u4ec0\u9ebc"}, {"type": 0, "id": "CrushQQ", "content": ": \u4e0d\u662f\uff0c\u963f\u516c\u662f\u89e3\u653e\u8ecd\u5c31\u7b97\u4e86\uff0c\u88ab\u89e3\u653e\u8ecd\u8650\u5f85"}, {"type": 0, "id": "CrushQQ", "content": ": \u4e5f\u4e0d\u884c\u5594"}, {"type": 1, "id": "allenatptt", "content": ": \u770b\u770b\u7f8e\u570b\u591a\u56b4\u8b39\uff0c\u9019\u624d\u53eb\u570b\u5bb6\u5b89\u5168\uff0c\u53cd"}, {"type": 0, "id": "allenatptt", "content": ": \u89c0\u53f0\u7063\u5171\u8adc\u6eff\u8857\u8dd1\uff0c\u5a92\u9ad4\u9084\u80fd\u5439\u6367\u6575\u570b"}, {"type": 1, "id": "k70113", "content": ": \u652f\u90a3\u72d7\u5d29\u6f70"}, {"type": 1, "id": "mdkn35", "content": ": \u6c92\u4eba\u7de3"}, {"type": 1, "id": "Expressotea", "content": ": \u53f0\u7063\u6709\u5e7e\u4f4d\u4e0d\u662f\u5728\u7f8e\u8ecd\u670d\u5f79\u54ea\u88e1\u6392\u83ef\u4e86"}, {"type": 1, "id": "givar", "content": ": \u524d\u79d1\u592a\u591a \u61c9\u8a72"}, {"type": 0, "id": "ao5566", "content": ": \u5c31\u8ddf228\u53d7\u5bb3\u8005\u907a\u65cf\u662f\u570b\u6c11\u9ee8\u6b7b\u5fe0\u652f\u6301\u8005\u4e00\u6a23"}, {"type": 0, "id": "ao5566", "content": ": \u6709\u6642\u5019\u89e3\u9664\u7406\u7531\u662f\u4e0d\u80fd\u5beb\u7684\u592a\u660e\u767d\u7684"}, {"type": 0, "id": "kaodio", "content": ": \u8ecd\u968a\u672c\u4f86\u5c31\u9019\u6a23 \u5168\u4e16\u754c\u90fd\u4e00\u6a23 \u5225\u4ee5\u70ba\u7c73\u570b"}, {"type": 0, "id": "kaodio", "content": ": \u5c31\u4e0d\u6703\u7279\u5225\u91dd\u5c0d\u7279\u5225\u80cc\u666f\u7684\u4eba\u597d\u4e0d\u597d"}, {"type": 1, "id": "KGB13", "content": ": \u63a8"}, {"type": 1, "id": "H914", "content": ": \u4e00\u770b\u5c31\u77e5\u9053\u662f\u70ba\u4e86cost down\u3001\u8ecd\u65b9\u53cd\u6094\u6216\u5176\u5b83"}, {"type": 0, "id": "H914", "content": ": \u7406\u7531\u6240\u4ee5\u60f3\u628a\u9019\u500b\u8a08\u756b\u62db\u4f86\u7684\u4eba\u80fd\u780d\u5c31\u780d\u3002\u5357"}, {"type": 0, "id": "H914", "content": ": \u97d3\u8ddf\u53f0\u7063\u4e00\u6a23\u6709\u7fa9\u52d9\u5f79\uff0c\u62ff\u8001\u7238\u88ab\u5fb5\u904e\u5175\u505a\u7406"}, {"type": 0, "id": "H914", "content": ": \u7531\u7684\u8a71\u64fa\u660e\u662f\u8981\u8e22\u6389\u5168\u90e8\u7684\u97d3\u4e8c\u4ee3"}, {"type": 0, "id": "tiuseensii", "content": ": \u5616\u5616\u7f8e\u7248\u8a85\u4e5d\u65cf\u54e6"}, {"type": 1, "id": "vikingman", "content": ": \u5c31\u662f\u5254\u9664\u53bb\u7576\u5175\u62ff\u516c\u6c11\u7684\u554a\uff0c\u4ee5\u524d\u6709\u500b"}, {"type": 0, "id": "vikingman", "content": ": \u4e2d\u570b\u540c\u5b78\u771f\u7684\u52a0\u5165USNavy"}, {"type": 1, "id": "poltmer990", "content": ": \u6709\u6b7b\u55ce\uff1f\u6c92\u6b7b\u54ea\u53eb\u8a85"}, {"type": 1, "id": "apple790815", "content": ": \u723d"}, {"type": 1, "id": "jeromeshih", "content": ": \u97d3\u570b\u4e0d\u662f\u7fa9\u52d9\u5f79\uff0c\u9019\u6a23\u9664\u975e\u9003\u5175\u6216\u514d\u75ab"}, {"type": 0, "id": "jeromeshih", "content": ": \u7684\u624d\u6709\u53ef\u80fd\u6c92\u7576\u5175\u5427"}, {"type": 1, "id": "ferrinatice", "content": ": \u7f8e\u570b\u5df2\u7d93\u8ddf\u4ee5\u524d\u4e0d\u4e00\u6a23"}, {"type": 1, "id": "Brucetsai541", "content": ": \u770b\u6a23\u5b50\u53ea\u8981\u662f\u4e2d\u570b\u4eba\u5c31\u62d2\u7d55\u5427"}, {"type": 0, "id": "notneme159", "content": ": \u4e0d\u610f\u5916"}, {"type": 1, "id": "ducke", "content": ": \u7236\u6bcd\u9084\u5728\u4e2d\u570b\u672c\u4f86\u5c31\u4e0d\u9069\u5408\u7559\u7f8e\u8ecd\uff0c\u88ab\u5a01\u8105\u7ba1"}, {"type": 0, "id": "ducke", "content": ": \u4f60\u591a\u611b\u570b\u90fd\u3127\u6a23"}, {"type": 1, "id": "Rickyyy", "content": ": \u5168\u9762\u6392\u83ef\u7684\u7bc0\u594f\uff0c\u60f3\u8ddf\u8457\u4e00\u8d77\u966a\u846c\u55ce?"}, {"type": 1, "id": "rayonwu", "content": ": \u63a8"}, {"type": 0, "id": "gwenwoo", "content": ":  \u4e2d\u5171\u6b66\u5668=\u75c5\u6b7b\u8c6c+\u5783\u573e  \u98c4\u6d0b\u904e\u6d77"}, {"type": 1, "id": "Becuzlove", "content": ": \u5f88\u5408\u7406\u5440 \u6709\u5565\u554f\u984c \u81ea\u7531\u4e0d\u662f\u7d66\u4f60\u4e82\u7528\u7684"}, {"type": 0, "id": "blackphantom", "content": ": \u9019\u6a23\u771f\u7684\u53ea\u80fd\u4e2d\u570b\u5922\u4e86"}, {"type": 0, "id": "ad86315", "content": ": \u88c1\u54e1\u561b\uff5e\u5148\u5f9e\u7c21\u55ae\u7684\u4e0b\u624b"}, {"type": 0, "id": "TauriCrab", "content": ": \u7f8e\u570b\u4eba\u53ea\u662f\u7b28\u4e0d\u662f\u50bb\uff0c\u5feb\u901f\u7da0\u5361\u5c31\u6709\u7be9"}, {"type": 0, "id": "TauriCrab", "content": ": \u6e1b\u6a5f\u5236"}], "post_ip": "36.235.129.226", "post_content": "\n1.\u5a92\u9ad4\u4f86\u6e90:\u4e2d\u592e\u901a\u8a0a\u793e\n2.\u8a18\u8005\u7f72\u540d\uff1a\u7de8\u8f2f\uff1a\u5468\u6167\u76c8/\u90b1\u570b\u5f37\n3.\u5b8c\u6574\u65b0\u805e\u6a19\u984c:\u723a\u723a\u66fe\u662f\u89e3\u653e\u8ecd \u4e94\u89d2\u5927\u5ec8\u89e3\u9664\u4e2d\u570b\u7c4d\u58eb\u5175\u8ecd\u7c4d\n4.\u5b8c\u6574\u65b0\u805e\u5167\u6587:\n\n\u4e2d\u592e\u793e\u53f0\u53174\u65e5\u96fb\uff09\n\n\u7f8e\u570b\u4e4b\u97f3\u5831\u5c0e\uff0c\u904e\u53bb\u4e00\u500b\u6708\uff0c\n\u7f8e\u570b\u570b\u9632\u90e8\u958b\u9664\u4e86\u5169\u540d\u5fb5\u6536\u5165\u4f0d\u7684\u4e2d\u570b\u7c4d\u58eb\u5175\uff0c\n\u539f\u56e0\u662f\u4ed6\u5011\u5df2\u7d93\u53bb\u4e16\u7684\u723a\u723a\u66fe\u70ba\u89e3\u653e\u8ecd\u6216\u66fe\u906d\u4e2d\u5171\u8650\u5f85\u3002\n\n\u7f8e\u570b\u4e4b\u97f3\uff08VOA\uff09\u4e2d\u6587\u7db23\u65e5\u5831\u5c0e\uff0c\n\u9019\u540d\u9678\u8ecd\u58eb\u5175\u7684\u59d4\u8a17\u5f8b\u5e2b\u53f2\u6258\u514b\uff08Margret Stock\uff09\u8868\u793a\uff0c\n\u300c\u6709\u4e00\u540d\u5e74\u8f15\u4eba\u88ab\u544a\u77e5\u4ed6\u4e0d\u9069\u5408\u670d\u5f79\uff0c\u56e0\u70ba\u4ed6\u7684\u723a\u723a\u66fe\u7d93\u662f\u89e3\u653e\u8ecd\u300d\uff0c\n\u800c\u300c\u4ed6\u7684\u723a\u723a\u5728\u4ed6\u51fa\u751f\u4e4b\u524d\u5c31\u53bb\u4e16\u4e86\u300d\u3002\n\n\n\u53f2\u6258\u514b\u8aaa\uff0c\u53e6\u4e00\u540d\u5979\u4ee3\u7406\u7684\u5e74\u8f15\u8ecd\u4eba\u88ab\u8ecd\u968a\u958b\u9664\u7684\u539f\u56e0\n\u662f\u4ed6\u7684\u723a\u723a\u66fe\u7d93\u56e0\u70ba\u5728\u570b\u6c11\u9ee8\u8ecd\u968a\u4efb\u8077\u800c\u906d\u4e2d\u5171\u8650\u5f85\u3002\n\n\u5831\u5c0e\u8aaa\uff0c\u9019\u4e9b\u88ab\u5fb5\u53ec\u5165\u4f0d\u7684\u4e2d\u570b\u7c4d\u58eb\u5175\n\u90fd\u662f\u56e0\u70ba\u7121\u6cd5\u901a\u904e\u5b89\u5168\u5be9\u67e5\u800c\u88ab\u8feb\u96e2\u958b\u8ecd\u968a\u3002\n\u8a31\u591a\u4eba\u88ab\u958b\u9664\u662f\u56e0\u70ba\u4ed6\u5011\u8207\u5916\u570b\u806f\u7e6b\u3002\n\u4e00\u4e9b\u6d3b\u52d5\u4eba\u58eb\u5c0d\u4e94\u89d2\u5927\u6a13\u7684\u5b89\u5168\u5be9\u67e5\u63d0\u51fa\u8cea\u7591\uff0c\n\u8a8d\u70ba\u4e26\u6c92\u6709\u63d0\u4f9b\u660e\u78ba\u8b49\u64da\u8b49\u660e\u9019\u4e9b\u4eba\u5982\u4f55\u69cb\u6210\u5b89\u5168\u5a01\u8105\u3002\n\n\u9019\u4e9b\u5916\u570b\u7c4d\u58eb\u5175\u662f\u7d93\u7531\u4e00\u500b\u5df2\u7d93\u505c\u6b62\u7684\u570b\u9632\u90e8\u7279\u5225\u8a08\u756b\u800c\u5fb5\u53ec\u5165\u4f0d\u3002\n\u6b64\u524d\uff0c\u7f8e\u570b\u570b\u9632\u90e8\u8a8d\u70ba\u62db\u6536\u5177\u6709\u7279\u5225\u91ab\u7642\u6280\u80fd\u548c\u8a9e\u8a00\u6280\u80fd\u7684\u5916\u570b\u4eba\u624d\n\u7b26\u5408\u7f8e\u570b\u8ecd\u968a\u7684\u9700\u8981\uff0c\u9019\u500b\u7279\u5225\u7684\u9805\u76ee\u56e0\u6b64\u61c9\u904b\u800c\u751f\u3002\n\n\u64da\u5831\u5c0e\uff0c\u7dca\u7f3a\u4eba\u624d\u5fb5\u5175\u8a08\u5283\uff08MAVNI\uff09\u610f\u5716\u975e\u5e38\u6e05\u6670\uff0c\n\u4e5f\u5c31\u662f\u8ecd\u968a\u5fb5\u53ec\u5177\u6709\u6230\u7565\u8a9e\u8a00\u548c\u91ab\u8b77\u80fd\u529b\u7684\u79fb\u6c11\uff0c\n\u4f86\u88dc\u5145\u7f8e\u570b\u8ecd\u968a\u5728\u9019\u65b9\u9762\u7684\u4eba\u54e1\u88dc\u7d66\u3002\n\u5fb5\u53ec\u9019\u4e9b\u79fb\u6c11\u88ab\u8996\u70ba\u7f8e\u570b\u570b\u5bb6\u5b89\u5168\u7684\u8feb\u5207\u9700\u8981\u3002\n\u5831\u540d\u4eba\u58eb\u9700\u8981\u6301\u6709\u5408\u6cd5\u7684\u975e\u79fb\u6c11\u8eab\u4efd\uff0c\u4f8b\u5982\u5b78\u751f\u7c3d\u8b49\u6216\u5de5\u4f5c\u7c3d\u8b49\uff0c\n\u5fc5\u9808\u5728\u61c9\u5fb5\u524d\u5728\u7f8e\u570b\u5883\u5167\u5c45\u4f4f\u5169\u5e74\u4ee5\u4e0a\u3002\n\n\u64da\u5831\u5c0e\uff0c2016\u5e74\u7d04\u67095000\u540d\u79fb\u6c11\u9032\u5165\u9019\u500b\u9805\u76ee\uff0c\n\u76ee\u524d\u4f30\u8a08\u6709\u4e00\u842c\u4eba\u4ecd\u5728\u670d\u5f79\u3002\u5f81\u53ec\u7684\u4eba\u5927\u90e8\u5206\u9032\u5165\u9678\u8ecd\uff0c\n\u4e5f\u6709\u4eba\u9032\u5165\u5176\u4ed6\u8ecd\u7a2e\u3002\n\n\u7dca\u6025\u4eba\u624d\u5fb5\u5175\u8a08\u756b\u5728\u904e\u53bb10\u5e74\u62db\u52df\u4e86\u903e1\u842c4000\u540d\u5728\u5916\u570b\u51fa\u751f\u7684\u58eb\u5175\uff0c\n\u900f\u904e\u8003\u8a66\u9032\u5165\u8ecd\u968a\u670d\u5f79\uff1b\u4f5c\u70ba\u56de\u5831\uff0c\u5916\u570b\u58eb\u5175\u80fd\u5920\u8df3\u904e\u7533\u8acb\u7da0\u5361\uff0c\n\u4e26\u5728\u5f88\u77ed\u7684\u6642\u9593\u5167\u7372\u5f97\u7f8e\u570b\u516c\u6c11\u8eab\u4efd\u3002\n\n\u5831\u5c0e\u8aaa\uff0c\u524d\u7f8e\u570b\u7e3d\u7d71\u5c0f\u5e03\u5e0c\u70ba\u64f4\u5927\u8ecd\u529b\uff0c\n\u57282002\u5e74\u4e0b\u4ee4\u8b93\u79fb\u6c11\u58eb\u5175\u80fd\u5920\u5feb\u901f\u5165\u7c4d\u3002\n\u57282009\u5e74\uff0c\u7dca\u6025\u4eba\u624d\u5fb5\u5175\u8a08\u756b\u88ab\u7d0d\u5165\u6b63\u5f0f\u7684\u5fb5\u5175\u8a08\u756b\u3002\n\u6b64\u5f8c\u9019\u9805\u8a08\u756b\u4e00\u76f4\u5438\u5f15\u8457\u6709\u8208\u8da3\u7684\u5916\u570b\u4eba\u54e1\u9032\u5165\u7f8e\u8ecd\u3002\n\n\u4e0d\u904e\uff0c\u7f8e\u570b\u653f\u5e9c\u57282016\u5e749\u6708\u8981\u6c42\u5c0d\u5df2\u901a\u904eMAVNI\u8a08\u756b\u7684\u4eba\u54e1\u9032\u884c\u80cc\u666f\u8abf\u67e5\uff0c\n\u5305\u62ec\u6b63\u5728\u670d\u5f79\u548c\u6e96\u5099\u63a5\u53d7\u57fa\u672c\u8a13\u7df4\u7684\u4eba\u54e1\u3002\n\u8207\u6b64\u540c\u6642\uff0c\u7531\u65bc\u5b89\u5168\u8003\u91cf\u548c\u9593\u8adc\u96b1\u60a3\uff0c\u9019\u500b\u8a08\u756b\u88ab\u53eb\u505c\u3002\n\n\u5831\u5c0e\u6307\u51fa\uff0c\u8a31\u591a\u4eba\u6536\u5230\u7684\u90fd\u662f\u4e00\u5230\u5169\u53e5\u8a71\u7684\u901a\u77e5\u3002\n\u53f2\u6258\u514b\u544a\u8a34\u7f8e\u570b\u4e4b\u97f3\uff0c\u4e00\u540d\u4e2d\u570b\u7c4d\u58eb\u5175\u6536\u5230\u7684\u89e3\u9664\u8ecd\u7c4d\u4fe1\u4ef6\u4e2d\u5beb\u5230\uff0c\n\u300c\u4f60\u8207\u4f60\u5c45\u4f4f\u5728\u4e2d\u570b\u7684\u4e2d\u570b\u7c4d\u7236\u6bcd\u9032\u884c\u806f\u7e6b\u300d\u3002\n\u5979\u8aaa\uff0c\u300c\u8207\u5916\u570b\u6709\u5bb6\u5ead\u806f\u7e6b\u662f\u570b\u9632\u90e8\u5728\u8a66\u5716\u958b\u9664\u9019\u4e9b\u79fb\u6c11\u58eb\u5175\u6642\u4f7f\u7528\u6700\u591a\u7684\u7406\u7531\u300d\uff0c\n\u300c\u53ef\u662f\u5728\u9304\u53d6\u4ed6\u5011\u7684\u6642\u5019\u570b\u9632\u90e8\u5c31\u77e5\u9053\u4ed6\u5011\u7684\u7236\u6bcd\u662f\u5916\u570b\u4eba\uff0c\n\u800c\u6b63\u5e38\u4eba\u81ea\u7136\u6703\u8ddf\u7236\u6bcd\u806f\u7e6b\u300d\u3002\n\n\u9019\u500b\u60c5\u6cc1\u4e0d\u50c5\u9650\u65bc\u4e2d\u570b\u7c4d\u58eb\u5175\u3002\n\u4e00\u540d\u51fa\u751f\u5728\u5370\u5ea6\u800c\u901a\u904eMAVNI\u5165\u4f0d\u7684\u58eb\u5175\u56e0\u70ba\n\u300c\u5bb6\u4eba\u66fe\u5728\u5370\u5ea6\u8ecd\u968a\u670d\u5f79\u300d\u800c\u88ab\u958b\u9664\uff0c\u800c\u4f86\u81ea\u5357\u97d3\u7684\u5165\u4f0d\u58eb\u5175\u4e5f\u56e0\u70ba\n\u300c\u4ed6\u5011\u7684\u7236\u89aa\u66fe\u88ab\u5fb5\u5175\u300d\u800c\u88ab\u8996\u70ba\u4e0d\u9069\u5b9c\u5728\u7f8e\u570b\u8ecd\u968a\u670d\u5f79\u3002\n\n\uff08\u7de8\u8f2f\uff1a\u5468\u6167\u76c8/\u90b1\u570b\u5f37\uff091080804\n\n5.\u5b8c\u6574\u65b0\u805e\u9023\u7d50 (\u6216\u77ed\u7db2\u5740):\nhttps://www.cna.com.tw/news/aopl/201908040057.aspx\n\n6.\u5099\u8a3b: \u53cd\u6ef2\u900f\uff1f\n\u662f\u8aaa\u53eb\u4f60\u5225\u7576\u5175\uff0c\u6c92\u9001\u56de\u4e2d\u570b\u9084\u53ef\u4ee5\u5427\n\u53cd\u6b63\u4f4f\u7f8e\u662f\u751f\u6d3b \u53cd\u7f8e\u662f\u5de5\u4f5c\u561b\n\n--\n\u53ef\u80fd\u6709\u8ddf\u7236\u6bcd\u901a\u4fe1\u901a\u8a0a\u4e4b\u985e\u7684\u5427 \u5f8c\u9762\u662f\u8aaa\u9019\u7406\u7531\u6700\u591a\n\u611f\u89ba\u5fae\u5999\uff5e\n\u203b \u7de8\u8f2f: liusim (36.235.129.226 \u81fa\u7063), 08/04/2019 13:08:34\n\u4e5f\u53ef\u80fd\u662f\u4e00\u7a2e\u90e8\u968a\u6392\u83ef\u7684\u8868\u793a \u53ea\u662f\u627e\u7406\u7531\u800c\u5df2\n\u203b \u7de8\u8f2f: liusim (36.235.129.226 \u81fa\u7063), 08/04/2019 13:09:22\n"}