{"ptt_id": "kasumi5566", "post_url": "https://www.ptt.cc/bbs/Gossiping/M.1562681753.A.7EA.html", "post_type": "\u554f\u5366", "post_title": "\u70ba\u4ec0\u9ebc\u54c6\u5566a\u5922=\u6012\u7f85\u6c5f\u9580\uff1f\uff1f", "post_time": "2019-07-09 22:15:51", "post_score": 4, "post_pushes": [{"type": 0, "id": "gvvg5566", "content": ": \u4e94\u6a13\u6012\u7f85\u809b\u9580"}, {"type": 0, "id": "bamama56", "content": ": \u73fe\u5be6\u6211\u53ea\u770b\u904e\u52d5\u6f2b\u793e\u6b7b\u80a5\u5b85\u6703\u9019\u6a23\u8b1b"}, {"type": 1, "id": "ggyy60910", "content": ": \u4e94\u6a13\u88ab\u6012\u809b\u809b\u5011\u597d\u8212\u670d"}, {"type": 0, "id": "ggyy60910", "content": ": \u9580 \u9806\u4fbf\u84cb"}, {"type": 1, "id": "icou", "content": ": DO\u6012RA\u7f85E\u6c5fMON\u9580"}, {"type": 1, "id": "D122", "content": ": \u56e0\u70ba\u4e94\u6a13\u6bcf\u5929\u88ab6\u6a13\u52aa\u809b1000\u6b21"}, {"type": 0, "id": "D122", "content": ": \u5e79"}, {"type": 0, "id": "purin3333", "content": ": \u5433\u723e\u7f85\u8868\u793a"}, {"type": 0, "id": "gginin007", "content": ": \u6771\u4eac\u534d\u6703"}, {"type": 1, "id": "XDDDpupu5566", "content": ": \u6c5f\u6236Edo"}, {"type": 0, "id": "alex00089", "content": ": \u591c\u9dfa\u6b7b\u82e6"}, {"type": 0, "id": "randy211161", "content": ": \u9285\u947c\u885b\u9580\u624d\u5c0dhttp://i.imgur.com/VVR"}, {"type": 0, "id": "randy211161", "content": ": qUyy.jpg"}], "post_ip": "39.3.246.14", "post_content": "\n\u5c0f\u5f1f\u6211\u5728\u770bGTO\u7684\u6642\u5019\n\u9b3c\u585a\u66fe\u628a\u81ea\u5df1\u626e\u6f14\u7684\u54c6\u5566a\u5922\u53eb\u505a\u6012\u7f85\u6c5f\u9580\n\n\u54c6\u5566a\u5922=Doraemon=\u6012\u7f85\u6c5f\u9580\uff08\uff1f\uff09\n\n\u70ba\u4ec0\u9ebc\u6703\u9019\u6a23\u963f\uff1f\n\n--\n"}