{"ptt_id": "rubberking", "post_url": "https://www.ptt.cc/bbs/Gossiping/M.1563260807.A.BA8.html", "post_type": "\u554f\u5366", "post_title": "\u53ea\u505a\u4e86\u4e00\u6b21\u7b97\u4e0d\u7b97\u51fa\u8ecc? \u8981\u4e0d\u8981\u548c\u8001\u516c\u5766", "post_time": "2019-07-16 15:06:45", "post_score": 5, "post_pushes": [{"type": -1, "id": "james732", "content": ": \u54ea\u90e8\u7cde\u4f5c\u76f4\u63a5\u8b1b\u597d\u3107"}, {"type": 1, "id": "wuyiulin", "content": ": \u5e79\u6b7b\u5979"}, {"type": 0, "id": "victoryss", "content": ": \u8d85\u904e\u56db\u5341\u4e94\u6b21\u624d\u7b97"}, {"type": -1, "id": "Luwan", "content": ": \u5e79\u5979"}, {"type": 1, "id": "bluebluelan", "content": ": \u4f60\u4e0d\u8981\u5f71\u5c04\u7af9\u79d1\u56de\u6536\u696d\u5594"}, {"type": 1, "id": "dans", "content": ": \u653e\u9032\u53bb\u586b\u6eff\u5979\u7684\u5fc3\u9748"}, {"type": 0, "id": "kingtama", "content": ": \u653e\u5bec\u5fc3 \u904e\u5e7e\u500b\u6708\u5c31\u6703\u80d6\u56de\u4f86\u4e86"}, {"type": 0, "id": "Mandheling", "content": ": \u8b93\u5979\u5fd8\u8a18\u5979\u8001\u516c"}, {"type": 0, "id": "kinmengon", "content": ": \u4f60\u518d\u5e6b\u5979\u8212\u670d\u4e00\u4e0b\u8f49\u79fb\u6ce8\u610f\u529b"}, {"type": -1, "id": "wayne0215", "content": ": \u66ab\u6642\u6027\u6d88\u7626\u800c\u5df2\uff0c\u672a\u4f86\u5341\u500b\u6708\u5167\u9ad4\u91cd\u6703\u9010"}, {"type": 0, "id": "wayne0215", "content": ": \u6b65\u589e\u52a0\uff0c\u4ed6\u8001\u516c\u778e\u64cd\u5fc3"}, {"type": 1, "id": "RRADA", "content": ": \u5712\u5340\u8001\u516c  \u4e0d\u662f\u7af9\u79d1\u5c31\u662f\u5357\u6e2f\u5427"}, {"type": 0, "id": "lostbook", "content": ": \u4ea4\u7d66\u6211,\u6211\u6709\u7d93\u9a57,\u4f60\u4f86\u4fe1\u5fc5\u6709\u6240\u5f97"}, {"type": 1, "id": "glion", "content": ": \u591a\u4f86\u5e7e\u6b21\u3001\u627e\u500b\u540c\u4f34  \u7f6a\u60e1\u611f\u5c31\u6703\u6d88\u5931\u4e86"}, {"type": 1, "id": "james0146", "content": ": \u54ea\u90e8\u5566"}, {"type": 0, "id": "enigmabp", "content": ": 1\u6b21\u800c\u5df2\u5f88\u6b63\u5e38\uff0c\u5076\u723e\u63db\u500b\u83dc\u8272\u561b"}, {"type": 0, "id": "bluu", "content": ": \u9304\u97f3 \u5a01\u8105\u4ed6 \u7247\u5b50\u90fd\u662f\u9019\u6a23\u6f14\u7684"}, {"type": 1, "id": "clala", "content": ": \u5922\u4e00\u5834\u5566"}, {"type": 1, "id": "magicchase", "content": ": \u591a\u505a\u500b\u5e7e\u6b21\u7fd2\u6163\u5c31\u6c92\u7f6a\u60e1\u611f\u4e86"}], "post_ip": "125.227.160.211", "post_content": "\n\n\u65b0\u4f86\u7684\u59b9\u4ed4\u6709\u9ede\u604d\u795e \u5de5\u4f5c\u51fa\u4e86\u5c0f\u5305\u5305\n\n\u60f3\u60f3\u5947\u602a \u62c9\u5230\u65c1\u908a\u79c1\u4e0b\u554f\u4e86\u554f\n\n\u539f\u4f86\u662f\u524d\u5e7e\u5929 \u8ddf\u8001\u516c\u5435\u67b6 \u51fa\u53bblounge bar\u559d\u4e86\u4e9b\u9152\n\n\u90a3\u5929\u4e5f\u8ddf\u500b\u5931\u5a5a\u7537\u5b50\u642d\u4e0a\u4e86\u7dda \u904e\u4e86\u4e00\u665a... \u96d6\u7136\u883b\u8212\u670d\u7684\n\n\u53ea\u662f\u59b9\u4ed4\u73fe\u5728\u5fc3\u7406\u4e0a\u6709\u4e9b\u6298\u78e8\uff0c\u5df2\u904e2\u6708\u4e86\uff0c\u8eab\u9ad4\u4e0d\u77e5\u4e0d\u89ba\u7626\u4e865\u516c\u65a4\n\n\u72c0\u614b\u6709\u9ede\u4e0d\u597d\uff0c\u5712\u5340\u8001\u516c\u56de\u4f86\u53ea\u554f\u4e86\u597d\u50cf\u7626\u4e86\u5440?? \u61c9\u8a72\u662f\u6c92\u767c\u73fe\u5427\n\n\u53ef\u662f\u7e3d\u662f\u7591\u795e\u7591\u9b3c\uff0c\u968f\u4fbf\u8aaa\u4e9b\u8a71\uff0c\u90fd\u6703\u53cd\u61c9\u904e\u5ea6\uff0c\u80e1\u601d\u4e82\u60f3\n\n\u8001\u516c\u6628\u5929\u554f\u4e86\u6700\u8fd1\u600e\u9ebc\u6709\u4e9b\u5931\u795e\u4e86\uff0c\u59b9\u4ed4\u90fd\u8b0a\u7a31\u5de5\u4f5c\u58d3\u529b\u5927....\n\n\n\u8aaa\u771f\u7684 \u6211\u89ba\u5f97\u9019\u662f\u5c0f\u4e8b\u60c5\u5566 \u73fe\u5728\u53f0\u5973\u6709\u5c0f\u79d8\u5bc6\u4e5f\u662f\u6b63\u5e38\u7684\n\n\u53ea\u662f\u59b9\u4ed4\u6709\u9ede\u80e1\u601d\u4e82\u60f3  \u8a72\u600e\u6a23\u958b\u5c0e\u5462\n\n--\n"}