{"ptt_id": "f17690815", "post_url": "https://www.ptt.cc/bbs/Gossiping/M.1566235106.A.340.html", "post_type": "\u554f\u5366", "post_title": "\u738b\u525b\u65b0\u5f71\u7247\u65c1\u7684\u59b9\u5b50\u662f\u8ab0\u554a", "post_time": "2019-08-20 01:18:24", "post_score": 8, "post_pushes": [{"type": 0, "id": "frommr", "content": ": \u6211\u77e5\u9053 \u4e2d\u570b\u4eba"}, {"type": 0, "id": "PADvsToS", "content": ": \u8ab0\uff1f\u770b\u540d\u5b57\u5f88\u652f\u90a3"}, {"type": 0, "id": "peggy345", "content": ": \u5f92\u5f1f"}, {"type": 0, "id": "butmyass", "content": ": \u8ddf\u4ed6\u5b78locking\u7684\u5f92\u5f1f\u5427"}, {"type": 0, "id": "jack70134", "content": ": \u4f60\u662f\u4e0d\u662f\u6545\u610f\u622a\u9019\u500b\u81c9"}, {"type": 0, "id": "Dcwei", "content": ": \u738b\u525b\u4e0d\u662f\u6f14\u5bb0\u76f8\u5289\u7f85\u934b\u7684\u90a3\u500b\u548c\u73c5\u55ce"}, {"type": 1, "id": "Watanabe", "content": ": \u5148\u5bec\u6cb9"}, {"type": 1, "id": "gundam0079", "content": ": \u6f06\u4e8c\u5a03"}, {"type": -1, "id": "corlos", "content": ": \u516b\u6210\u662f\u89aa\u621a\u5427\uff0c\u83ef\u8fb2\u90a3\u908a\u4e5f\u591a\u4e00\u5806\u4eba"}, {"type": 1, "id": "LEDG", "content": ": \u4ed6\u592a\u592a\u5427?!"}, {"type": 1, "id": "LiberalDog", "content": ": \u5979\u7a31\u547c\u738b\u525b\u70ba\u525b\u54e5"}, {"type": 1, "id": "hermionex", "content": ": \u4ed6\u54e1\u5de5"}, {"type": 0, "id": "LiberalDog", "content": ": \u4ed6\u592a\u592a\u8ddf\u5973\u5152\u9732\u9762\u904e \u4e0d\u662f\u9019\u500b"}, {"type": 1, "id": "adon0313", "content": ": \u89aa\u621a\u5427 \u4e00\u500b\u6a23"}, {"type": 1, "id": "angraer", "content": ": \u4ed6\u8aaa\u662f\u65b0\u6536\u4f86\u6253\u96dc\u7684\uff0c\u61c9\u8a72\u5c31\u662f\u5f92\u5f1f\u4e86"}, {"type": -1, "id": "Golbeza", "content": ": \u6efe"}, {"type": 1, "id": "hhoo32", "content": ": \u9577\u5f97\u6709\u9ede\u50cf\u83ef\u8fb2\u5144\u5f1f\u90a3\u908a\u51fa\u73fe\u904e\u7684\u4e00\u500b\u4eba"}, {"type": 0, "id": "beyoursky", "content": ": \u561f\u561f"}, {"type": 0, "id": "s880st", "content": ": \u5e72\u59b9\u59b9"}, {"type": -1, "id": "MoShinA", "content": ": \u904e\u6c23"}, {"type": 1, "id": "lucid1994", "content": ": \u8ddf\u4e5d\u9762\u7684\u4e7e\u59b9\u59b9\u4e00\u6a23"}, {"type": 1, "id": "soyghcg", "content": ": \u83ef\u8fb2\u525b\u9001\u904e\u53bb\u525b\u54e5\u90a3\u56db\u5ddd\u65c5\u904a\u7684\u7af9\u9f20"}, {"type": 0, "id": "soyghcg", "content": ": \u6c92\u5bec\u6cb9\u7af9\u9f20\u7684\u5831\u6069--> \u59b9\u5b50\u5316"}, {"type": 1, "id": "dobioptt", "content": ": \u4ed6\u6cb9\u985e\u7684\u4f9b\u61c9\u5546"}], "post_ip": "27.52.107.222", "post_content": "\n\u5982\u984c\u5566\uff0c\u738b\u525b\u5f71\u7247\u6700\u8fd1\u65c1\u908a\u90fd\u6709\u4e00\u500b\u59b9\u5b50\uff0c\u5979\n\n\u662f\u8ab0\u554a\uff1f\u662f\u738b\u525b\u6536\u7684\u5f92\u5f1f\u9084\u662f\u89aa\u621a\u963f\uff0c\u6709\u4eba\u77e5\n\n\u9053\u55ce\uff1f\nhttps://i.imgur.com/SDYEVYC.jpg\n\n--\n"}