{"ptt_id": "zxc1357959", "post_url": "https://www.ptt.cc/bbs/Gossiping/M.1565164312.A.707.html", "post_type": "\u554f\u5366", "post_title": "\u7f85\u5927\u4f51\u600e\u9ebc\u8fa6?", "post_time": "2019-08-07 15:51:50", "post_score": 11, "post_pushes": [{"type": 1, "id": "VVizZ", "content": ": \u767d\u5929\u5403\u4e86\u4ec0\u9ebc"}, {"type": 0, "id": "liusim", "content": ": \u6a13\u4e0b\u7ffb\u8b6f\u7ffb\u8b6f"}, {"type": 0, "id": "kevin751231", "content": ": \u6211\u53ea\u77e5\u9053\u7f85\u5927\u4f50"}, {"type": 0, "id": "kevin751231", "content": ": \u6ec5\u9738\u4e4b\u934a\u91d1\u8853\u5e2b"}, {"type": 1, "id": "flyer1998", "content": ": \u54c8\u54c8"}, {"type": 1, "id": "peacewalker0", "content": ": \u518d\u56de\u53bb\u770b\u4e00\u6b21\u9ec3\u91d1\u4e4b\u98a8\u554a"}, {"type": 1, "id": "asd410828", "content": ": \u6211\u662f\u7f85\u5927\u4f51\u770b\u8457\u6211"}, {"type": 1, "id": "CKRO", "content": ": https://i.imgur.com/QT3ckyw.jpg"}, {"type": 0, "id": "hisashiaska", "content": ": \u6839\u672c\u4e0d\u50cf"}, {"type": 1, "id": "turbomons", "content": ": \u73fe\u5728\u90fd\u6539\u6f31\u6f31\u59b9\u4e86"}, {"type": 1, "id": "funk6478", "content": ": \u6211\u662f\u7f85\u5927\u4f51 \u770b\u8457\u6211"}, {"type": 1, "id": "henry455235", "content": ": \u770b\u8457\u6211"}, {"type": 1, "id": "JackTheRippe", "content": ": \u6211\u4e0d\u662f\u7f85\u5927\u4f51 \u6a13\u4e0b\u624d\u662f"}, {"type": 1, "id": "Muma5566", "content": ": \u6211\u662f\u7f85\u5927\u4f51 \u770b\u8457\u6211"}, {"type": 1, "id": "Op53", "content": ": \u4ed6\u662f\u66fe\u5fd7\u5049"}], "post_ip": "111.242.133.248", "post_content": "\n\u7f85\u5927\u4f51\u600e\u9ebc\u8fa6\n\u5df2\u7d93\u6c92\u6709\u8fa6\u6cd5\u51fa\u5834\u8b93\u4eba\u770b\u8457\u4ed6\u4e86\n\u597d\u60f3\u5ff5\u7f85\u5927\u4f51\n\u597d\u4f60\u500b\u982d\u5566 \u4ec0\u9ebc\u8cc7\u683c\n\u4f9d\u8cf4\u90a3\u500b\u52d5\u7269\n\u4e00\u310e\u4e00\u5abd\u5496\u5695 \u6b7b\u8cbc\u8cbc~~~!\n\n--\n"}