{"ptt_id": "AsamiImai", "post_url": "https://www.ptt.cc/bbs/Gossiping/M.1564548279.A.DD2.html", "post_type": "\u65b0\u805e", "post_title": "\u65e5\u672c\u4e09\u83f1\u7684\u822a\u7a7a\u91ce\u671b\uff1a\u5ba2\u6a5f\u88fd\u9020\u300cSpaceJet", "post_time": "2019-07-31 12:44:34", "post_score": 37, "post_pushes": [{"type": 0, "id": "yoyodiy", "content": ": \u505a\u539f\u5b50\u7b46\u7684\u8dd1\u4f86\u641e\u98db\u6a5f \u6709\u641e\u932f\u55ce \u96d6\u8aaa\u7b46"}, {"type": 0, "id": "yoyodiy", "content": ": \u883b\u597d\u5beb\u7684 \u4f46\u98db\u6a5f\u6839\u672c\u4e0d\u540c\u5c64\u6b21\u5440"}, {"type": 1, "id": "r98192", "content": ": \u4e09\u83f1\u539f\u672c\u5c31\u662f\u91cd\u5de5\u2026"}, {"type": 1, "id": "botnet", "content": ": \u9019\u65b0\u805e\u6709\u7528\u5fc3"}, {"type": 1, "id": "backoc39", "content": ": \u4eba\u5bb6\u9084\u505a\u6c7d\u8eca\u8ddf\u8ecd\u8266\u54e6"}, {"type": 1, "id": "boogieman", "content": ": \u807d\u8aaa\u4e2d\u570b\u4eba\u539f\u5b50\u7b46\u73e0\u505a\u4e0d\u51fa\u4f86"}, {"type": 1, "id": "GolfR32", "content": ": \u4e2d\u570b\u4eba\u9023\u539f\u5b50\u7b46\u73e0\u90fd\u505a\u4e0d\u51fa\u4f86"}, {"type": 1, "id": "kinghtt", "content": ": \u4e09\u83f1\u672c\u4f86\u5c31\u662f\u505a\u5de5\u696d\u7684...\u6587\u5177\u662f\u7e5e\u51fa\u53bb\u7684"}, {"type": 1, "id": "teremy", "content": ": \u672c\u7530\u4e0d\u662f\u4e5f\u6709\u505a\u53e6\u4e00\u6b3e\u98db\u6a5f?!"}, {"type": 1, "id": "poisonB", "content": ": \u9019\u7bc7\u65b0\u805e\u6709\u7528\u5fc3"}, {"type": 0, "id": "dasuininder", "content": ": \u53bbgoogle\u4e00\u4e0b\u96f6\u6230\u8ab0\u505a\u7684"}, {"type": 1, "id": "kinghtt", "content": ": \u672c\u7530\u6c92\u7814\u767c\u98db\u6a5f,\u662f\u4e09\u83f1\u7684\u5fc3\u795e\u5427"}, {"type": 1, "id": "doomhammer", "content": ": \u4e2d\u5cf6\u8868\u793a:"}, {"type": 0, "id": "kinghtt", "content": ": \u4e0d\u7528\u4f30\u72d7,\u6587\u7ae0\u5167\u5c31\u6709\u5beb\u4e09\u83f1\u7684\u96f6\u6230"}, {"type": 0, "id": "kinghtt", "content": ": \u662f\u6709\u4eba\u7e5e\u904e\u5167\u6587\u767c\u8a00\u800c\u5df2"}, {"type": 1, "id": "gogoforever", "content": ": \u9019\u8a18\u8005\u4e5f\u592a\u5f37"}, {"type": 1, "id": "darkbrigher", "content": ": \u505a\u539f\u5b50\u7b46\u7684\u662f\u4e0d\u540c\u516c\u53f8 \u53ea\u662f\u540c\u540d"}, {"type": 0, "id": "darkbrigher", "content": ": wiki\u5c31\u6709\u5beb\u4e86 \u56e0\u70ba\u696d\u52d9\u7bc4\u570d\u6c92\u91cd\u8907\u6240"}, {"type": 0, "id": "darkbrigher", "content": ": \u4ee5\u5171\u4eab\u5546\u6a19"}, {"type": 1, "id": "web2150", "content": ": \u597d\u8a73\u7d30 \u63a8"}, {"type": 1, "id": "MAGICMCGRADY", "content": ": \u97d3\u570b\u4eba\u505a\u5f97\u51fa\u4f86\u55ce"}, {"type": 0, "id": "MAGICMCGRADY", "content": ": \u597d\u5947"}, {"type": 1, "id": "sdflskj", "content": ": \u8b93\u6211\u5011\u770b\u770b\u4e16\u754c\u7b2c\u4e00\u5f37\u570b\u652f\u90a3\u505a\u4e86\u4e9b\u4ec0\u9ebc\u5de5"}, {"type": 0, "id": "sdflskj", "content": ": \u7a0b\u5947\u8e5f"}, {"type": 1, "id": "MAGICMCGRADY", "content": ": \u73fe\u4ee3\u98db\u6a5f\u505a\u5f97\u5982\u4f55\u4e86\uff0c\u5feb\u53cd\u65e5\u554a"}, {"type": -1, "id": "XJY13", "content": ": mrj\u4f55\u6642\u5546\u8f49\u554a"}, {"type": 1, "id": "Cassander", "content": ": SJ"}, {"type": 1, "id": "assistancer", "content": ": \u671f\u5f85ZGMF\u7cfb\u5217"}, {"type": 1, "id": "brad001", "content": ": \u9019\u500b\u8a18\u8005\u503c\u5f97\u63a8 \u96d6\u7136\u6c92\u7814\u7a76\u4e5f\u611f\u89ba\u5f97\u5230\u5beb"}, {"type": 0, "id": "brad001", "content": ": \u7684\u5f88\u8a73\u7d30"}, {"type": 1, "id": "carwho", "content": ": \u597d\u597d\u7684\u7b46\u4e0d\u505a\u8dd1\u53bb\u505a\u4e09\u5c0f\u98db\u6a5f\uff08\uff1f"}, {"type": 1, "id": "jkg200", "content": ": \u96e3\u5f97\u770b\u65b0\u805e\u5b78\u77e5\u8b58"}, {"type": 1, "id": "iceyeman", "content": ": \u9084\u6d3b\u8457\u5594 \u5f88\u4e45\u6c92\u8072\u97f3\u4e86"}, {"type": 1, "id": "callmeryan", "content": ": \u95a5\u9580\u7cfb\u7d71\uff1f"}, {"type": 1, "id": "eterbless", "content": ": yo\u53d4\u53c8\u5728\u53cd\u4e32\u4e86"}, {"type": 1, "id": "kis28519", "content": ": \u63a8"}, {"type": 1, "id": "Nerv", "content": ": \u96f6\u6230\u518d\u8d77\uff1f"}, {"type": 1, "id": "lonelysin", "content": ": \u8a8d\u771f\u8a18\u8005\u8b9a\u8b9a"}, {"type": 1, "id": "houting", "content": ": \u8981\u5c0d\u6c7aEMB\u56c9~"}, {"type": 0, "id": "zzff92", "content": ": \u65e5\u672c\u771f\u7684\u53ef\u60dc \u6230\u5f8c\u88ab\u7981\u6b62\u9020\u98db\u6a5f \u504f\u504f\u6230\u5f8c"}, {"type": 0, "id": "zzff92", "content": ": \u7d2f\u7a4d\u4e86\u5927\u91cf\u7684\u767c\u52d5\u6a5f\u79d1\u6280 \u73fe\u5728\u60f3\u7e5e\u904e\u90a3\u4e9b"}, {"type": 0, "id": "zzff92", "content": ": \u5c08\u5229\u883b\u56f0\u96e3\u7684"}, {"type": 1, "id": "spector66", "content": ": \u63a8"}, {"type": 1, "id": "sonyvaio", "content": ": \u65e5\u672c\u6230\u6a5f\u540d\u5b57\u597d\u6f6e"}, {"type": 1, "id": "smonke", "content": ": \u6230\u8266\u4e5f\u5f88\u6f6e \u51fa\u96f2 \u65e5\u5411 \u8ff4\u5929 \u5927\u548c"}, {"type": 0, "id": "demangel", "content": ": \u9580\u6abb\u88ab\u5efa\u7acb\u8d77\u4f86\u4e86  \u6709\u62fc"}, {"type": 1, "id": "mko00kimo", "content": ": \u4e5f\u6709\u5728\u505a\u51b7\u6c23 \u84cb\u767c\u96fb\u5ee0\u5728\u6797\u53e3"}, {"type": 1, "id": "lain2002", "content": ": \u65e5\u672c\u8981\u89e3\u9664\u62d8\u675f\u5668\u4e86\u55ce"}, {"type": 0, "id": "james7890", "content": ": \u6709\u4eba\u56e0\u70ba\u539f\u5b50\u7b46\u5f88\u597d\u505a\u55ce"}, {"type": 1, "id": "kimura0701", "content": ": \u63a8"}, {"type": 0, "id": "jay0215", "content": ": \u65e5\u672c\u8d85\u5f37!"}, {"type": 1, "id": "hellam", "content": ": \u8a73\u7d30\u63a8"}, {"type": 1, "id": "howard1267", "content": ": \u56de\u67d0\u6a13"}, {"type": 0, "id": "howard1267", "content": ": \u672c\u7530\u662f\u505a\u79c1\u4eba\u98db\u6a5f\uff085\u4eba\u5ea7\u7684\u6a23\u5b50\uff09"}, {"type": 1, "id": "newland", "content": ": \u9019\u7bc7\u4e5f\u5beb\u592a\u597d"}, {"type": 1, "id": "Kamelie", "content": ": \u63a8"}], "post_ip": "82.196.11.192", "post_content": "\n\u65e5\u672c\u4e09\u83f1\u7684\u822a\u7a7a\u91ce\u671b\uff1a\u5ba2\u6a5f\u88fd\u9020\u300cSpaceJet\u300d\u7a31\u9738\u5929\u7a7a\uff1f\n\nhttp://uc.udn.com.tw/photo/2019/07/23/99/6628700.jpg\n\u4e09\u83f1\u88fd\u9020\u3001\u4e5f\u662f\u6230\u5f8c\u7b2c\u4e8c\u67b6\u300cMade in Japan\u300d\u7684\u5ba2\u6a5f\uff0c\u80a9\u8ca0\u8457\u65e5\u672c\u4e9f\u6b32\u91cd\u8fd4\u6c11\u822a\u6a5f\u88fd\u9020\u9738\u696d\u7684\u5922\u60f3\u3002\u4f46\u4e09\u83f1\u7684\u822a\u7a7a\u91ce\u671b\u80fd\u5c31\u6b64\u6210\u771f\u55ce\uff1f \u5716\uff0f\u7f8e\u806f\u793e\n\n\u5169\u5e74\u4e00\u5ea6\u7684\u300c\u5df4\u9ece\u822a\u7a7a\u5c55\u300d\u5728\u4eca\u5e746\u6708\u958b\u5e55\u3002\u9019\u9805\u570b\u969b\u4e0a\u6700\u5bcc\u76db\u540d\u3001\u81ea1908\u5e74\u9996\u6b21\u8209\u8fa6\u4ee5\u4f86\u5df2\u6709\u8d85\u904e110\u5e74\u6b77\u53f2\u7684\u822a\u7a7a\u5c55\uff0c\u4e0d\u4f46\u5438\u5f15\u5404\u570b\u8ecd\u65b9\u8207\u8cb7\u5bb6\uff0c\u4e5f\u8b93\u822a\u7a7a\u8ff7\u8da8\u4e4b\u82e5\u9da9\u3002\u70ba\u671f\u4e00\u9031\u7684\u822a\u7a7a\u5c55\uff0c\u7e3d\u5171\u5438\u5f15\u4e8632\u842c\u4eba\u6b21\u9032\u5834\u3002\n\n\u4eca\u5e74\u7684\u822a\u7a7a\u5c55\u7576\u4e2d\uff0c\u6709\u4e00\u67b6\u76f8\u7576\u7279\u6b8a\u7684\u98db\u6a5f\u2014\u2014\u5168\u6a5f\u4ee5\u767d\u8272\u70ba\u5e95\uff0c\u524d\u65b9\u5beb\u6709\u300cSpaceJet\u300d\u7684\u5b57\u6a23\uff0c\u5f8c\u65b9\u8207\u5782\u76f4\u5c3e\u7ffc\u5247\u5857\u4e0a\u7d05\u8272\u5e95\u5716\u8207\u9280\u7d0b\uff0c\u4e26\u6709\u8457\u85cd\u8272\u8207\u91d1\u8272\u7684\u7dda\u689d\uff0c\u6fc3\u6fc3\u7684\u65e5\u672c\u98a8\u5f88\u96e3\u4e0d\u88ab\u4eba\u6ce8\u610f\u5230\u3002\n\n\u9019\u67b6\u5168\u65e5\u672c\u88fd\u7684\u5ba2\u6a5f\uff0c\u662f\u7531\u4e09\u83f1\u88fd\u9020\uff0c\u4e5f\u662f\u6230\u5f8c\u7b2c\u4e8c\u67b6\u300cMade in Japan\u300d\u7684\u5ba2\u6a5f\uff0c\u80a9\u8ca0\u8457\u65e5\u672c\u4e9f\u6b32\u91cd\u8fd4\u6c11\u822a\u6a5f\u88fd\u9020\u9738\u696d\u7684\u5922\u60f3\u3002\u4f46\u4e09\u83f1\u7684\u822a\u7a7a\u91ce\u671b\u80fd\u5c31\u6b64\u6210\u771f\u55ce\uff1f\u65e5\u672c\u822a\u7a7a\u4e8b\u696d\u5728\u904e\u53bb\u4e00\u500b\u4e16\u7d00\uff0c\u53c8\u662f\u5982\u4f55\u5cf0\u8ff4\u8def\u8f49\uff1f\n\nhttp://uc.udn.com.tw/photo/2019/07/23/99/6628796.jpg\n\u5716\u70ba2019\u5e74\u300c\u5df4\u9ece\u822a\u7a7a\u5c55\u300d\u3002\u81ea1908\u5e74\u9996\u6b21\u8209\u8fa6\u4ee5\u4f86\u5df2\u6709\u8d85\u904e110\u5e74\u6b77\u53f2\u7684\u822a\u7a7a\u5c55\uff0c\u4e0d\u4f46\u5438\u5f15\u5404\u570b\u8ecd\u65b9\u8207\u8cb7\u5bb6\uff0c\u4e5f\u8b93\u822a\u7a7a\u8ff7\u8da8\u4e4b\u82e5\u9da9\u3002\u70ba\u671f\u4e00\u9031\u7684\u822a\u7a7a\u5c55\uff0c\u7e3d\u5171\u5438\u5f15\u4e8632\u842c\u4eba\u6b21\u9032\u5834\u3002 \u5716\uff0f\u8def\u900f\u793e\n\n\u258c\u9ad8\u9ad8\u98db\u8d77\u91cd\u91cd\u843d\u4e0b\uff1f\u65e5\u672c\u822a\u7a7a\u4e8b\u696d\u7684\u8d77\u843d\n\n\u65e5\u672c\u6295\u5165\u822a\u7a7a\u4e8b\u696d\u7684\u6b77\u53f2\u76f8\u7576\u65e9\u30021903\u5e74\u7f8e\u570b\u840a\u7279\u5144\u5f1f\u6240\u88fd\u9020\u7684\u8f15\u578b\u52d5\u529b\u6a5f\u8a66\u98db\u6210\u529f\uff0c\u6b63\u5f0f\u5ba3\u544a\u4eba\u985e\u9032\u5165\u822a\u7a7a\u6642\u4ee3\u5f8c\uff0c\u6b50\u7f8e\u5148\u9032\u570b\u5bb6\u4fbf\u7d1b\u7d1b\u6295\u5165\u822a\u7a7a\u6a5f\u7684\u7814\u7a76\u3002\u6253\u8d0f\u65e5\u4fc4\u6230\u722d\uff0c\u7d42\u65bc\u64e0\u5165\u5148\u9032\u570b\u7684\u65e5\u672c\uff0c\u4e5f\u5f88\u5feb\u5730\u5c31\u8ddf\u9032\uff1b\u4e0d\u5c11\u8ecd\u65b9\u8207\u6280\u8853\u4eba\u54e1\uff0c\u958b\u59cb\u5c07\u8996\u91ce\u653e\u5230\u9019\u500b\u65b0\u8208\u7522\u696d\u3002\n\n1910\u5e74\uff0c\u5e1d\u570b\u9678\u8ecd\u6b65\u5175\u5927\u5c09\uff08\u4e0a\u5c09\uff09\u65e5\u91ce\u718a\u85cf\u8207\u5fb7\u5ddd\u597d\u654f\uff0c\u524d\u5f80\u6b50\u6d32\u8996\u5bdf\u822a\u7a7a\u767c\u5c55\uff0c\u4e26\u5b78\u7fd2\u5982\u4f55\u98db\u884c\uff0c\u6210\u70ba\u65e5\u672c\u6700\u65e9\u7684\u52d5\u529b\u98db\u6a5f\u98db\u884c\u54e1\u3002\u5169\u4eba\u5b78\u6210\u6b78\u570b\uff0c\u4e26\u4e14\u5e36\u56de\u4e86\u65e5\u672c\u653f\u5e9c\u8cfc\u8cb7\u7684\u4e00\u67b6\u6cd5\u570b\u88fd\u9020\u7684\u6cd5\u723e\u66fc\u4e09\u578b\u6a5f\uff0c\u8207\u4e00\u67b6\u5fb7\u570b\u88fd\u7684\u683c\u62c9\u8482\u4e8c\u578b\u6a5f\u30021910\u5e7412\u670819\u65e5\uff0c\u5169\u4eba\u5728\u4ee3\u4ee3\u6728\u7df4\u5175\u5834\uff08\u73fe\u5728\u7684\u4ee3\u4ee3\u6728\u516c\u5712\uff09\u9032\u884c\u516c\u958b\u98db\u884c\u5c55\u793a\uff0c\u5f9e\u6b64\u98db\u6a5f\u4fbf\u958b\u59cb\u7ff1\u7fd4\u5728\u65e5\u672c\u7684\u5929\u7a7a\u3002\n\n\u9019\u9805\u98db\u884c\u8868\u6f14\u5728\u65e5\u672c\u570b\u5167\uff0c\u5f15\u8d77\u5f88\u5927\u7684\u9707\u64bc\uff0c\u9084\u6380\u8d77\u4e86\u4e00\u9663\u822a\u7a7a\u71b1\u3002\u4e0d\u4f46\u65e5\u672c\u653f\u5e9c\u5c07\u767c\u5c55\u822a\u7a7a\u5217\u70ba\u570b\u7b56\uff0c\u6c11\u9593\u4e5f\u7d1b\u7d1b\u6210\u7acb\u822a\u7a7a\u4ff1\u6a02\u90e8\u3002\n\n\u81f3\u65bc\u5e1d\u570b\u9678\u6d77\u8ecd\uff0c\u5247\u5404\u81ea\u6210\u7acb\u822a\u7a7a\u968a\uff0c\u521d\u671f\u81ea\u6cd5\u570b\u3001\u82f1\u570b\u7b49\u8cfc\u8cb7\u98db\u6a5f\uff0c\u9032\u884c\u98db\u884c\u54e1\u8a13\u7df4\uff0c\u4e4b\u5f8c\u5247\u9678\u7e8c\u4ee5\u6388\u6b0a\u751f\u7522\u7684\u65b9\u5f0f\uff0c\u5728\u65e5\u672c\u570b\u5167\u88fd\u9020\uff0c\u9806\u4fbf\u6276\u6301\u65e5\u672c\u570b\u5167\u7684\u822a\u7a7a\u5de5\u696d\u3002\n\nhttp://uc.udn.com.tw/photo/2019/07/23/99/6628702.jpg\n\u5716\u70ba\u5fb7\u5ddd\u597d\u654f\u30021910\u5e74\u5e1d\u570b\u9678\u8ecd\u6b65\u5175\u5927\u5c09\u65e5\u91ce\u718a\u85cf\u8207\u5fb7\u5ddd\u597d\u654f\uff0c\u524d\u5f80\u6b50\u6d32\u8996\u5bdf\u822a\u7a7a\u767c\u5c55\uff0c\u4e26\u5b78\u7fd2\u5982\u4f55\u98db\u884c\uff0c\u6210\u70ba\u65e5\u672c\u6700\u65e9\u7684\u52d5\u529b\u98db\u6a5f\u98db\u884c\u54e1\u3002 \u5716\uff0f\u7dad\u57fa\u5171\u4eab\n\n\u7b2c\u4e00\u6b21\u4e16\u754c\u5927\u6230\u7206\u767c\u4e4b\u5f8c\uff0c\u822a\u7a7a\u5175\u5668\u6210\u70ba\u65b0\u8208\u7684\u6230\u722d\u578b\u614b\uff0c\u4e5f\u4fc3\u9032\u98db\u6a5f\u7684\u79d1\u6280\u8e8d\u9032\uff1b\u800c\u591a\u5e74\u7684\u6388\u6b0a\u751f\u7522\uff0c\u4e5f\u9678\u7e8c\u57f9\u80b2\u51fa\u8a31\u591a\u512a\u79c0\u5de5\u7a0b\u5e2b\uff0c\u52a0\u4e0a\u65e5\u672c\u653f\u5e9c\u6709\u8a08\u5283\u7684\u6574\u8ecd\u7d93\u6b66\uff0c\u4e0d\u5c11\u65e5\u672c\u7684\u5927\u8ca1\u95a5\u76f8\u4e2d\u9019\u500b\u5546\u6a5f\uff0c\u7d1b\u7d1b\u6295\u5165\u8ecd\u7528\u822a\u7a7a\u6a5f\u7684\u958b\u767c\uff0c\u5305\u62ec\u4e09\u83f1\u91cd\u5de5\u3001\u5ddd\u5d0e\u91cd\u5de5\u3001\u4e2d\u5cf6\u98db\u884c\u6a5f\u7b49\uff0c\u4e5f\u8b93\u65e5\u672c\u6210\u70ba\u822a\u7a7a\u958b\u767c\u7684\u5148\u9032\u570b\u3002\n\n\u4e8c\u6230\u671f\u9593\uff0c\u65e5\u672c\u7684\u9678\u6d77\u8ecd\u958b\u767c\u51fa\u4e0d\u5c11\u7d93\u5178\u7684\u8ecd\u7528\u6a5f\u3002\u5305\u62ec\u4e09\u83f1\u7684\u96f6\u5f0f\u8266\u4e0a\u6230\u9b25\u6a5f\uff08\u6d77\u8ecd\uff09\u3001\u4e2d\u5cf6\u7684\u4e00\u5f0f\u6230\u9b25\u6a5f\u300c\u96bc\u300d\uff08\u9678\u8ecd\uff09\u3001\u5ddd\u5d0e\u7684\u4e09\u5f0f\u6230\u9b25\u6a5f\u300c\u98db\u71d5\u300d\uff08\u9678\u8ecd\uff09\u3001\u5ddd\u897f\u98db\u884c\u6a5f\u7684\u7d2b\u96fb\u6539\uff08\u6d77\u8ecd\uff09\u3001\u611b\u77e5\u98db\u884c\u6a5f\u7684\u4e5d\u4e5d\u8266\u7206\uff08\u6d77\u8ecd\uff09\u7b49\uff0c\u4e0d\u4f46\u66fe\u8b93\u76df\u8ecd\u5403\u8db3\u82e6\u982d\uff0c\u4e5f\u8b93\u6b50\u7f8e\u9a5a\u8a1d\u65bc\u65e5\u672c\u7684\u822a\u7a7a\u767c\u5c55\u3002\n\n\u4e8c\u6230\u4e4b\u5f8c\u65e5\u672c\u7531\u76df\u8ecd\u4f54\u9818\uff0cGHQ\uff08\u99d0\u65e5\u76df\u8ecd\u7e3d\u53f8\u4ee4\u90e8\uff09\u4e0b\u4ee4\u7981\u6b62\u65e5\u672c\u767c\u5c55\u4efb\u4f55\u822a\u7a7a\u5de5\u696d\uff0c\u5305\u62ec\u6c11\u7528\u822a\u7a7a\u5728\u5167\uff0c\u9019\u4e0d\u4f46\u8b93\u6578\u5341\u5e74\u7684\u767c\u5c55\u6bc0\u65bc\u4e00\u65e6\uff0c\u5c31\u9023\u6230\u524d\u7684\u5927\u65e5\u672c\u822a\u7a7a\u4e5f\u88ab\u8feb\u89e3\u6563\uff0c\u6c11\u822a\u696d\u4e5f\u53ea\u80fd\u62f1\u624b\u8b93\u7d66\u7f8e\u570b\u3002\n\n\u76f4\u52301950\u5e74\u4e4b\u5f8c\uff0c\u97d3\u6230\u7206\u767c\uff0c\u76df\u8ecd\u6025\u9700\u65e5\u672c\u7684\u5de5\u696d\u6280\u8853\u8207\u7522\u80fd\uff0cGHQ\u624d\u958b\u59cb\u9b06\u7d81\u65e5\u672c\u7684\u822a\u7a7a\u696d\u9650\u5236\u3002\u65e5\u672c\u653f\u5e9c\u4e5f\u57281951\u5e74\u9996\u5148\u6210\u7acb\u65e5\u672c\u822a\u7a7a\uff08JAL\uff09\uff1b1952\u5e74\u300a\u820a\u91d1\u5c71\u548c\u7d04\u300b\u7c3d\u8a02\u5be6\u65bd\u4e4b\u5f8c\uff0c\u65e5\u672c\u570b\u6b63\u5f0f\u7368\u7acb\uff0c\u65e5\u672c\u7684\u822a\u7a7a\u9650\u5236\u5f9e\u6b64\u89e3\u7981\uff0c\u6c11\u9593\u53c8\u91cd\u71c3\u8d77\u539f\u672c\u7684\u822a\u7a7a\u71b1\u6f6e\u3002\n\nhttp://uc.udn.com.tw/photo/2019/07/23/99/6629037.jpg\n\u4e8c\u6230\u671f\u9593\u65e5\u672c\u7684\u9678\u6d77\u8ecd\u958b\u767c\u51fa\u4e0d\u5c11\u7d93\u5178\u7684\u8ecd\u7528\u6a5f\uff0c\u5305\u62ec\u4e09\u83f1\u7684\u96f6\u5f0f\u8266\u4e0a\u6230\u9b25\u6a5f\u3002 \u5716\uff0f\u7dad\u57fa\u5171\u4eab\n\n\u258c\u6230\u5f8c\u9996\u67b6\u300c\u65e5\u672c\u88fd\u9020\u300d\uff1aYS-11\u7684\u822a\u7a7a\u5de5\u696d\u5927\u5fa9\u8208\n\n\u822a\u7a7a\u79d1\u6280\u7684\u5de8\u5e45\u6210\u9577\uff0c\u8b93\u98db\u6a5f\u8d8a\u98db\u8d8a\u9060\uff0c\u4e5f\u8d8a\u98db\u8d8a\u5feb\uff0c\u6c11\u822a\u4e8b\u696d\u4e5f\u8e8d\u5347\u6210\u70ba\u666e\u53ca\u7684\u4ea4\u901a\u5de5\u5177\u3002\u65e5\u672c\u570b\u5167\u9678\u7e8c\u6210\u7acb\u8a31\u591a\u822a\u7a7a\u516c\u53f8\uff0c\u52a0\u4e0a\u7f8e\u570b\u5c0d\u65bc\u65e5\u672c\u822a\u7a7a\u5de5\u696d\u767c\u5c55\u7684\u614b\u5ea6\uff0c\u5f9e\u7981\u6b62\u8f49\u70ba\u6276\u6301\uff0c\u56e0\u6b64\u4e0d\u5c11\u6230\u524d\u5373\u64c1\u6709\u98db\u6a5f\u88fd\u9020\u7d93\u9a57\u7684\u5ee0\u5546\uff0c\u958b\u59cb\u751f\u7522\u76f8\u95dc\u96f6\u4ef6\uff0c\u85c9\u4ee5\u88dc\u5145\u97d3\u6230\u8207\u8d8a\u6230\u6642\uff0c\u7f8e\u8ecd\u7684\u9700\u6c42\u3002\n\n1955\u5e74\u5ddd\u5d0e\u91cd\u5de5\uff08\u7576\u6642\u7a31\u70ba\u5ddd\u5d0e\u822a\u7a7a\u6a5f\uff09\u8207\u4e09\u83f1\u91cd\u5de5\uff08\u7576\u6642\u7a31\u70ba\u65b0\u4e09\u83f1\u91cd\u5de5\uff09\uff0c\u958b\u59cb\u4ee5\u6388\u6b0a\u751f\u7522\u7684\u65b9\u5f0f\uff0c\u88fd\u9020\u822a\u7a7a\u81ea\u885b\u968a\u5411\u7f8e\u570b\u63a1\u8cfc\u7684T-33\u6559\u7df4\u6a5f\u8207F-86\u6230\u9b25\u6a5f\uff0c\u6210\u70ba\u6230\u5f8c\u65e5\u672c\u822a\u7a7a\u5de5\u696d\u5fa9\u8208\u7684\u8d77\u9ede\u3002\n\n\u800c\u7576\u6642\u65e5\u672c\u570b\u5167\u822a\u7a7a\u6240\u4f7f\u7528\u7684\u6a5f\u578b\uff0c\u5927\u591a\u662fDC-3\u7b49\u8001\u820a\u7684\u6a5f\u7a2e\uff0c\u70ba\u4e86\u66ff\u63db\u9019\u4e9b\u8001\u820a\u98db\u6a5f\uff0c\u901a\u7522\u7701\uff08\u73fe\u5728\u7684\u7d93\u7522\u7701\uff09\u6c7a\u5b9a\u81ea\u884c\u767c\u5c55\u4e2d\u578b\u5ba2\u6a5f\uff0c\u4e0d\u4f46\u63d0\u5347\u65e5\u672c\u570b\u5167\u7684\u822a\u7a7a\u5de5\u696d\uff0c\u4e5f\u80fd\u5728\u7576\u6642\u6c11\u822a\u5de5\u696d\u767e\u767c\u9f4a\u653e\u7684\u5e74\u4ee3\u4e2d\uff0c\u4f54\u6709\u4e00\u5e2d\u4e4b\u5730\u3002\n\n1959\u5e74\uff0c\u5728\u901a\u7522\u7701\u7684\u53ec\u96c6\u4e0b\uff0c\u65e5\u672c\u822a\u7a7a\u6a5f\u88fd\u9020\u682a\u5f0f\u6703\u793e\u6210\u7acb\uff0c\u9032\u884c\u6a5f\u9ad4\u958b\u767c\u8207\u7cfb\u7d71\u6574\u5408\u7684\u5de5\u4f5c\uff0c\u800c\u98db\u6a5f\u7684\u5404\u500b\u96f6\u4ef6\u8207\u8a2d\u5099\uff0c\u5247\u7531\u4e09\u83f1\u3001\u5ddd\u5d0e\u3001\u5bcc\u58eb\uff08\u73fe\u5728\u7684\u901f\u9738\u9678\uff09\u3001\u65b0\u660e\u548c\u3001\u6771\u829d\u3001\u4f4f\u53cb\u3001\u65e5\u672c\u96fb\u6c23\uff08\u73fe\u5728\u7684NEC\uff09\u7b49\u516c\u53f8\u751f\u7522\uff0c\u53ef\u4ee5\u8aaa\u9019\u9805\u8a08\u756b\uff0c\u96c6\u5408\u4e86\u65e5\u672c\u5de5\u696d\u751f\u7522\u7684\u5be6\u529b\u3002\n\nhttp://uc.udn.com.tw/photo/2019/07/23/99/6628701.jpg\n\u300cYS-11\u300d\u6210\u70ba\u65e5\u672c\u6230\u5f8c\u81ea\u884c\u8a2d\u8a08\u751f\u7522\u7684\u7b2c\u4e00\u6b3e\u98db\u6a5f\uff0c\u4f46\u4e4b\u5f8c\u537b\u56e0\u70ba\u906d\u9047\u77f3\u6cb9\u5371\u6a5f\uff0c\u5c0e\u81f4\u822a\u7a7a\u7522\u696d\u4e00\u8e76\u4e0d\u632f\uff0c\u5f8c\u671f\u4e0d\u65b7\u8667\u640d\u4e0b\uff0c\u6700\u5f8c\u57281973\u5e74\u8349\u8349\u6536\u6524\uff0c\u7d50\u675f\u751f\u7522\u3002 \u5716\uff0f\u7f8e\u806f\u793e\n\n1962\u5e74\u9019\u67b6\u63a1\u7528\u6e26\u8f2a\u87ba\u65cb\u69f3\u52d5\u529b\u7684\u4e2d\u578b\u5ba2\u6a5f\u6b63\u5f0f\u51fa\u5834\u8a66\u98db\uff0c\u4e26\u4e14\u547d\u540d\u70ba\u300cYS-11\u300d\u3002\u9019\u6b3e\u98db\u6a5f\u6210\u70ba\u65e5\u672c\u6230\u5f8c\u81ea\u884c\u8a2d\u8a08\u751f\u7522\u7684\u7b2c\u4e00\u6b3e\u98db\u6a5f\uff0c\u4e0d\u4f46\u65e5\u672c\u570b\u5167\u822a\u7a7a\u696d\u8005\u4f7f\u7528\uff0c\u5305\u62ec\u7f8e\u570b\u3001\u83f2\u5f8b\u8cd3\u3001\u97d3\u570b\u3001\u5df4\u897f\u3001\u5370\u5c3c\u3001\u963f\u6839\u5ef7\u8207\u5e0c\u81d8\u7b49\u570b\u5916\u822a\u7a7a\uff0c\u4e5f\u6709\u63a1\u8cfc\uff0c\u5c31\u9023\u83ef\u822a\u7576\u5e74\u90fd\u66fe\u8cfc\u5165\u5169\u67b6\u3002\n\n\u6b64\u5916\uff0c\u5305\u62ec\u6d77\u4e0a\u81ea\u885b\u968a\u3001\u822a\u7a7a\u81ea\u885b\u968a\u3001\u6d77\u4e0a\u4fdd\u5b89\u5ef3\u8207\u822a\u7a7a\u5c40\u7b49\uff0c\u4e5f\u8cfc\u5165\u591a\u67b6\uff0c\u90e8\u5206\u98db\u6a5f\u7d93\u904e\u6539\u88dd\u5f8c\uff0c\u6210\u70ba\u96fb\u5075\u6a5f\u8207\u5de1\u908f\u6a5f\uff0c\u7528\u9014\u76f8\u7576\u5ee3\u6cdb\u3002\u96d6\u7136\u4e00\u958b\u59cbYS-11\u8ce3\u5f97\u9084\u4e0d\u932f\uff0c\u4f46\u4e4b\u5f8c\u537b\u56e0\u70ba\u906d\u9047\u77f3\u6cb9\u5371\u6a5f\uff0c\u5c0e\u81f4\u822a\u7a7a\u7522\u696d\u4e00\u8e76\u4e0d\u632f\uff0c\u52a0\u4e0a\u5b98\u50da\u7f3a\u4e4f\u5546\u696d\u61c9\u8b8a\u80fd\u529b\uff0c\u5f8c\u671f\u4e0d\u65b7\u8667\u640d\u4e0b\uff0c\u6700\u5f8c\u57281973\u5e74\u8349\u8349\u6536\u6524\uff0c\u7d50\u675f\u751f\u7522\uff0c\u7e3d\u8a08\u53ea\u751f\u7522\u4e86182\u67b6\u3002\n\nYS-11\u8a08\u756b\u4e26\u4e0d\u7b97\u6210\u529f\u3002\u7531\u65bc\u822a\u7a7a\u7522\u696d\u7684\u9ad8\u9580\u6abb\uff0c\u52a0\u4e0a\u76f8\u95dc\u7684\u696d\u8005\u76f4\u63a5\u5e6b\u6ce2\u97f3\u6216\u7a7a\u5df4\u751f\u7522\u95dc\u9375\u96f6\u7d44\u4ef6\uff0c\u7372\u5229\u6bd4\u81ea\u5df1\u641e\u98db\u6a5f\u66f4\u6709\u8cfa\u982d\uff0c\u56e0\u6b64\u9664\u975e\u662f\u8ecd\u6b66\u65b9\u9762\uff0c\u6c92\u6709\u696d\u8005\u9858\u610f\u6295\u8eab\u81ea\u884c\u7814\u767c\u6c11\u7528\u4e2d\u5927\u578b\u5ba2\u6a5f\uff0c\u9019\u4e5f\u5c0e\u81f4\u65e5\u672c\u5728\u63a5\u4e0b\u4f86\u7684\u4e09\u5341\u5e7e\u5e74\uff0c\u6c92\u80fd\u518d\u7e7c\u7e8c\u81ea\u884c\u8a2d\u8a08\u751f\u7522\u4e2d\u578b\u6c11\u822a\u6a5f\u3002\u4e0d\u904e\uff0c\u9019\u500b\u8a08\u756b\u537b\u5b8c\u6574\u5efa\u69cb\u8d77\u65e5\u672c\u7684\u822a\u7a7a\u7522\u696d\u93c8\uff0c\u9664\u4e86\u5546\u7528\u5c0f\u578b\u6a5f\u4e4b\u5916\uff0c\u4e5f\u6210\u70ba\u4e16\u754c\u4e0a\u76f8\u7576\u91cd\u8981\u7684\u822a\u7a7a\u96f6\u4ef6\u751f\u7522\u57fa\u5730\u3002\n\nhttp://uc.udn.com.tw/photo/2019/07/23/99/6628845.jpeg\n\u7531\u65bc\u822a\u7a7a\u7522\u696d\u7684\u9ad8\u9580\u6abb\uff0c\u52a0\u4e0a\u76f8\u95dc\u7684\u696d\u8005\u76f4\u63a5\u5e6b\u6ce2\u97f3\u6216\u7a7a\u5df4\u751f\u7522\u95dc\u9375\u96f6\u7d44\u4ef6\uff0c\u7372\u5229\u6bd4\u81ea\u5df1\u641e\u98db\u6a5f\u66f4\u6709\u8cfa\u982d\uff0c\u56e0\u6b64\u9664\u975e\u662f\u8ecd\u6b66\u65b9\u9762\uff0c\u5e7e\u4e4e\u6c92\u6709\u696d\u8005\u9858\u610f\u6295\u8eab\u81ea\u884c\u7814\u767c\u6c11\u7528\u4e2d\u5927\u578b\u5ba2\u6a5f\u3002\u5716\u70ba\u4e09\u83f1\u88fd\u9020\u7684F-2\u6230\u9b25\u6a5f\u3002 \u5716\uff0f\u7dad\u57fa\u5171\u4eab\n\n\u258c\u300cMRJ\u300d\u8a08\u756b\uff1a\u4e09\u83f1\u5ba2\u6a5f\u958b\u767c\u7684\u574e\u5777\u8def\n\n\u6642\u5e8f\u9032\u51651990\u5e74\u4ee3\u4e4b\u5f8c\u3002\u52a0\u62ff\u5927\u7684\u9f90\u5df4\u8fea\u516c\u53f8\uff0c\u63a8\u51fa\u4e86\u5d84\u65b0\u768450-70\u4eba\u5ea7\u4e2d\u5c0f\u578b\u5674\u5c04\u5ba2\u6a5fCRJ\u7cfb\u5217\uff0c\u4ee5\u66f4\u5feb\u7684\u901f\u5ea6\u8207\u8212\u9069\u7684\u5ea7\u8259\uff0c\u64ca\u6557\u4e86\u904e\u53bb\u7a31\u9738\u6b64\u7d1a\u8ddd\u7684\u6e26\u8f2a\u87ba\u65cb\u69f3\u7cfb\u5217\uff0c\u4e26\u6539\u8b8a\u4e86\u904e\u53bb\u822a\u7a7a\u7522\u696d\u7684\u578b\u614b\u3002\n\n\u7531\u65bc\u4e2d\u5927\u578b\u822a\u7a7a\u7522\u696d\u7d55\u5927\u90e8\u5206\u7684\u5e02\u5834\uff0c\u90fd\u5df2\u88ab\u7f8e\u570b\u6ce2\u97f3\u516c\u53f8\u8207\u6b50\u6d32\u7a7a\u4e2d\u5df4\u58eb\u5169\u5927\u96c6\u5718\u6240\u628a\u6301\uff0c\u9019\u500b\u5168\u65b0\u7684\u822a\u7a7a\u5e02\u5834\uff0c\u5728CRJ\u7684\u6210\u529f\u5f8c\uff0c\u5438\u5f15\u5404\u570b\u7684\u6ce8\u610f\u3002\u65e5\u672c\u4e5f\u4e0d\u4f8b\u5916\uff0c\u7531\u7d93\u7522\u7701\u4e3b\u5c0e\u4e2d\u5c0f\u578b\u5340\u57df\u5ba2\u6a5f\u767c\u5c55\u8a08\u756b\uff0c\u4e26\u7531\u570b\u5167\u822a\u7a7a\u76f8\u95dc\u7522\u696d\uff0c\u5404\u81ea\u9032\u884c\u767c\u5c55\u8a55\u4f30\u3002\n\n\u6700\u5f8c\u4e09\u83f1\u6c7a\u5b9a\u9032\u884c\u5ba2\u6a5f\u958b\u767c\uff0c\u4e26\u5c07\u8a08\u756b\u547d\u540d\u70ba\u300cMRJ\u300d\uff08\u4e09\u83f1\u5340\u57df\u5674\u5c04\u5ba2\u6a5f\uff0cMitsubishi Regional Jet\uff09\uff0c\u70ba\u6b64\u9084\u6210\u7acb\u4e09\u83f1\u822a\u7a7a\u6a5f\u3002\u9664\u7d93\u7522\u7701\u7684\u88dc\u52a9\u5916\uff0c\u4e5f\u7372\u5f97\u901f\u9738\u9678\u7b49\u5176\u4ed6\u516c\u53f8\u7684\u6280\u8853\u652f\u63f4\uff0c\u4ee5\u53ca\u8c50\u7530\u6c7d\u8eca\u7684\u8cc7\u91d1\u6339\u6ce8\u3002\n\n\u7576\u6642\u4e09\u83f1\u822a\u7a7a\u6a5f\u8a55\u4f30\uff0c\u4e94\u5e74\u5167\u5373\u53ef\u958b\u767c\u5b8c\u6210\uff0c\u7d04\u9700500\u5104\u65e5\u5143\u7684\u8cc7\u91d1\uff0c\u4f46\u4e4b\u5f8c\u537b\u9677\u5165\u958b\u767c\u74f6\u9838\uff0c\u671f\u9593100\u4eba\u5ea7\u4ee5\u4e0b\u7684\u5e02\u5834\uff0c\u537b\u9010\u6f38\u7531\u9f90\u5df4\u8fea\u7684CRJ\uff0c\u8207\u6ce2\u97f3\u6240\u6276\u6301\u7684\u5df4\u897f\u822a\u7a7a\u5de5\u696dERJ\u6240\u7368\u4f54\uff0c\u6210\u70ba\u5e02\u5834\u4e3b\u6d41\u3002\n\nhttp://uc.udn.com.tw/photo/2019/07/23/99/6628704.jpg\n\u6700\u5f8c\u4e09\u83f1\u6c7a\u5b9a\u9032\u884c\u5ba2\u6a5f\u958b\u767c\uff0c\u4e26\u5c07\u8a08\u756b\u547d\u540d\u70ba\u300cMRJ\u300d\uff08\u4e09\u83f1\u5340\u57df\u5674\u5c04\u5ba2\u6a5f\uff0cMitsubishi Regional Jet\uff09\uff0c\u70ba\u6b64\u9084\u6210\u7acb\u4e09\u83f1\u822a\u7a7a\u6a5f\u3002\u5716\u70ba\u4e09\u83f1\u91cd\u5de5\u7684\u8463\u4e8b\u9577\u4f43\u548c\u592b\u8207MRJ\u7684\u8a18\u8005\u6703\u3002 \u5716\uff0f\u6cd5\u65b0\u793e\n\nhttp://uc.udn.com.tw/photo/2019/07/23/99/6628843.jpg\n\u7576\u6642\u4e09\u83f1\u822a\u7a7a\u6a5f\u8a55\u4f30\uff0c\u4e94\u5e74\u5167\u5373\u53ef\u958b\u767c\u5b8c\u6210\uff0c\u7d04\u9700500\u5104\u65e5\u5143\u7684\u8cc7\u91d1\uff0c\u4f46\u4e4b\u5f8c\u537b\u9677\u5165\u958b\u767c\u74f6\u9838\u3002 \u5716\uff0f\u7f8e\u806f\u793e\n\n\u6700\u521d\u4e09\u83f1MRJ\u7684\u8a08\u756b\uff0c\u662f\u751f\u752270\u4eba\u5ea7\u7684MRJ70\u820790\u4eba\u5ea7\u7684MRJ90\uff0c\u4e26\u5c0d\u5916\u92b7\u552e\u3002\u9664\u65e5\u672c\u4e4b\u5916\uff0c\u9084\u7372\u5f97\u4f86\u81ea\u7f8e\u570b\u3001\u6b50\u6d32\u8207\u6771\u5357\u4e9e\u5404\u570b\u7684\u8a02\u55ae\uff0c\u8b93\u4e09\u83f1\u559c\u51fa\u671b\u5916\uff0c\u5ba3\u793a\u5c07\u53ef\u92b7\u552e3,500\u67b6\u3002\n\n2015\u5e74\uff0c\u9996\u67b6\u539f\u578b\u6a5f\u7d42\u65bc\u5b8c\u5de5\uff0c\u4e26\u5728\u540c\u5e74\u768411\u670811\u65e5\u8a66\u98db\u6210\u529f\u3002MRJ\u7684\u5ba2\u8259\u8a2d\u8a08\uff0c\u627f\u8972\u4e86\u65e5\u672c\u4eba\u6536\u7d0d\u4ee5\u53caAll in One\u7684\u50b3\u7d71\uff0c\u5ba2\u8259\u7a7a\u9593\u6bd4\u8d77ERJ\u8207CRJ\u66f4\u52a0\u5bec\u5ee3\u3002\u6b64\u5916\uff0c\u5927\u91cf\u63a1\u7528\u8907\u5408\u6750\u6599\uff0c\u4e26\u642d\u914d\u7368\u7279\u8a2d\u8a08\u7684\u6a5f\u9f3b\u8207\u4e3b\u7ffc\uff0c\u8b93\u6a5f\u9ad4\u91cd\u91cf\u8207\u540c\u578b\u6a5f\u76f8\u6bd4\uff0c\u6e1b\u5c11\u4e86\u5169\u6210\uff0c\u4e0d\u4f46\u6709\u6548\u964d\u4f4e\u6cb9\u8017\uff0c\u964d\u4f4e\u64cd\u4f5c\u6210\u672c\uff0c\u7e2e\u77ed\u8dd1\u9053\u8d77\u964d\u8ddd\u96e2\uff0c\u9084\u80fd\u64c1\u6709\u8d85\u904e3,500\u516c\u91cc\u7684\u822a\u7a0b\uff0c\u53ef\u6db5\u84cb\u7d55\u5927\u591a\u6578\u7684\u5340\u57df\u822a\u7dda\uff0c\u53ef\u8aaa\u662fMRJ\u6700\u5927\u7684\u512a\u52e2\u3002\n\n\u4f46\u4e4b\u5f8c\u7531\u65bc\u958b\u767c\u5ef6\u5b95\uff0c\u4ea4\u6a5f\u6642\u7a0b\u53c8\u88ab\u8feb\u5ef6\u5f8c\uff0c\u671f\u9593\u4e0d\u4f46\u7d93\u8cbb\u4e0d\u65b7\u8ffd\u52a0\uff0c\u6700\u5927\u5c0d\u624b\u5df4\u897f\u822a\u7a7a\u5de5\u696d\u7684ERJ\u7cfb\u5217\uff0c\u9084\u63a8\u51fa\u4e86\u7b2c\u4e8c\u4ee3\uff0c\u63a1\u7528\u8207MRJ\u76f8\u540c\u7684\u7f8e\u570b\u666e\u60e0PW1000G\u767c\u52d5\u6a5f\uff0c\u52a0\u4e0a2017\u5e74\u795e\u6236\u88fd\u92fc\u7684\u6578\u64da\u9020\u5047\u4e8b\u4ef6\uff0c\u8b93\u4f7f\u7528\u5176\u7269\u6599\u7684MRJ\u7121\u7aef\u88ab\u6372\u5165\uff0c\u88ab\u8feb\u8b8a\u66f4\u6599\u4ef6\u3002\n\n\u7a2e\u7a2e\u539f\u56e0\u5c0e\u81f4MRJ\u6b63\u5f0f\u670d\u5f79\u7684\u6642\u7a0b\uff0c\u7b2c\u56db\u6b21\u5ef6\u5f8c\u30022018\u5e7410\u6708\uff0c\u53e6\u4e00\u500b\u5c0d\u624b\u52a0\u62ff\u5927\u9f90\u5df4\u8fea\uff0c\u63a7\u544a\u4e09\u83f1\u822a\u7a7a\u6a5f\u7aca\u53d6\u6a5f\u5bc6\uff0c\u4e5f\u8b93\u5916\u754c\u5c0dMRJ\u7684\u524d\u666f\u582a\u616e\u3002\n\nhttp://uc.udn.com.tw/photo/2019/07/23/99/6628824.jpg\n\u7a2e\u7a2e\u539f\u56e0\u5c0e\u81f4MRJ\u6b63\u5f0f\u670d\u5f79\u7684\u6642\u7a0b\uff0c\u7b2c\u56db\u6b21\u5ef6\u5f8c\u30022018\u5e7410\u6708\uff0c\u53e6\u4e00\u500b\u5c0d\u624b\u52a0\u62ff\u5927\u9f90\u5df4\u8fea\uff0c\u63a7\u544a\u4e09\u83f1\u822a\u7a7a\u6a5f\u7aca\u53d6\u6a5f\u5bc6\uff0c\u4e5f\u8b93\u5916\u754c\u5c0dMRJ\u7684\u524d\u666f\u582a\u616e\u3002 \u5716\uff0f\u7f8e\u806f\u793e\n\n\u258c\u4e2d\u77ed\u8ddd\u96e2\u822a\u7dda\u65b0\u6230\u5834\uff1a\u4e09\u83f1\u300cSpaceJet\u300d\u7684\u8c6a\u8ced\uff1f\n\n\u76ee\u524d\u7684\u6c11\u822a\u5e02\u5834\uff0c\u65e9\u5df2\u5f9e\u904e\u53bb\u5148\u5728\u5927\u578b\u8f49\u904b\u7ad9\u8f49\u6a5f\uff0c\u518d\u642d\u4e58\u8fd1\u8ddd\u96e2\u4ea4\u901a\u8def\u7dda\u7684\u6a21\u5f0f\uff0c\u6539\u70ba\u55ae\u7d14\u9ede\u5c0d\u9ede\u7684\u71df\u904b\u6a21\u5f0f\uff0c\u4e5f\u56e0\u6b64400\u4eba\u5ea7\u4ee5\u4e0a\u7684\u5927\u578b\u5ba2\u6a5f\uff0c\u5982\u6ce2\u97f3747-8\u3001A380\u7b49\u5df2\u4e0d\u53d7\u9752\u775e\uff0c\u53cd\u800c\u662f200-350\u4eba\u5ea7\u7684\u9577\u8ddd\u96e2\u5ba2\u6a5f\u6ce2\u97f3787\u3001A350\u7b49\u6a5f\u7a2e\uff0c\u6210\u70ba\u5e02\u5834\u4e3b\u6d41\u3002\n\n\u9019\u6a23\u7684\u6539\u8b8a\u4e5f\u9593\u63a5\u5f71\u97ff\u5230\u539f\u672c\u7684\u8fd1\u8ddd\u96e2\u822a\u7dda\u3002\u5728\u73fe\u4ee3\u793e\u6703\u6642\u9593\u8d8a\u4f86\u8d8a\u5bf6\u8cb4\u7684\u72c0\u614b\u4e0b\uff0c\u4e8c\u4e09\u7dda\u7684\u6a5f\u5834\u4e2d\u8ddd\u96e2\u5340\u57df\u9ede\u5c0d\u9ede\u98db\u884c\uff08\u50cf\u662f\u53f0\u4e2d-\u6210\u7530\u3001\u53f0\u5357-\u9999\u6e2f\u3001\u8328\u57ce-\u4e0a\u6d77\u7b49\uff09\uff0c\u53cd\u800c\u958b\u59cb\u767c\u5c55\uff0c\u52a0\u4e0a\u5674\u5c04\u5ba2\u6a5f\u7684\u901f\u5ea6\u5feb\uff0c\u98db\u884c\u6642\u9593\u5927\u5e45\u7e2e\u77ed\uff0c\u9019\u4e5f\u662f\u70ba\u4f55\u5982ERJ\u8207CRJ\u80fd\u5728\u5e02\u5834\u5927\u8ce3\u7684\u4e3b\u56e0\u3002\n\n\u6839\u64da\u4e09\u83f1\u7684\u9810\u4f30\uff0c\u4eca\u5f8c\u768420\u5e74\uff0c\u5168\u7403\u5728100\u4eba\u5ea7\u4ee5\u4e0b\u7684\u5340\u57df\u5ba2\u6a5f\u9700\u6c42\uff0c\u5c07\u9ad8\u90545,137\u67b6\u98db\u6a5f\uff0c\u5176\u4e2d\u5317\u7f8e\u5e02\u5834\u5c31\u4f54\u4e8639%\uff0c\u6b50\u6d32\u8207\u4e9e\u592a\u5730\u5340\u5206\u5225\u70ba14%\uff0c\u4e2d\u570b\u5e02\u5834\u4e5f\u670912%\uff0c\u53ef\u4ee5\u8aaa\u9019\u500b\u7d1a\u8ddd\u662f\u9664\u4e86\u5169\u500b\u822a\u7a7a\u9738\u4e3b\u6ce2\u97f3\u8207\u7a7a\u5df4\u4e4b\u5916\uff0c\u5176\u4ed6\u570b\u5bb6\u7684\u822a\u7a7a\u7522\u696d\u5f97\u4ee5\u5165\u4e3b\u7684\u5e02\u5834\u3002\n\nhttp://uc.udn.com.tw/photo/2019/07/23/99/6628720.jpg\n200-350\u4eba\u5ea7\u7684\u9577\u8ddd\u96e2\u5ba2\u6a5f\u6ce2\u97f3787\u3001A350\u7b49\u6a5f\u7a2e\uff0c\u5f8c\u4f86\u6210\u70ba\u5e02\u5834\u4e3b\u6d41\uff0c\u9019\u6a23\u7684\u6539\u8b8a\u4e5f\u9593\u63a5\u5f71\u97ff\u5230\u539f\u672c\u7684\u8fd1\u8ddd\u96e2\u822a\u7dda\u3002\u5716\u70ba\u7a7a\u5df4A350\u3002 \u5716\uff0f\u8def\u900f\u793e\n\nhttp://uc.udn.com.tw/photo/2019/07/23/99/6628722.jpg\n\u64da\u4e09\u83f1\u7684\u9810\u4f30\uff0c\u4eca\u5f8c\u768420\u5e74\uff0c\u5168\u7403\u5728100\u4eba\u5ea7\u4ee5\u4e0b\u7684\u5340\u57df\u5ba2\u6a5f\u9700\u6c42\uff0c\u5c07\u9ad8\u90545,137\u67b6\u98db\u6a5f\u3002\u5716\u70ba\u6ce2\u97f3787\u65e5\u672c\u7684\u661f\u6230R2-D2\u7279\u5225\u4ed5\u6a23\u3002 \u5716\uff0f\u8def\u900f\u793e\n\n\u5118\u7ba1\u5e02\u5834\u524d\u9014\u4e00\u7247\u770b\u597d\uff0c\u4e0d\u904e\u9f90\u5df4\u8fea\u537b\u56e0\u767c\u5c55\u66f4\u5927\u578b\uff0c\u53ef\u4ee5\u642d\u8f09100-160\u4eba\u7684CS\u7cfb\u5217\uff0c\u800c\u8667\u640d\u9023\u9023\u3002\u539f\u672c\u9f90\u5df4\u8fea\u7684\u69cb\u60f3\u662f\uff0c\u6ce2\u97f3737\u8207A320\u7cfb\u5217\u642d\u8f09\u4eba\u6578\u8d85\u904e150\u4eba\uff0c\u4f46\u76ee\u524d\u5e02\u5834\u4e0a\u7684\u5340\u57df\u5ba2\u6a5f\u5927\u591a\u5728100\u4eba\u5ea7\u4ee5\u4e0b\uff0c\u56e0\u6b64CS\u7cfb\u5217\u5ba2\u6a5f\uff0c\u5c07\u53ef\u586b\u88dc\u9019\u500b\u7d1a\u8ddd\u7684\u7a7a\u7f3a\uff0c\u6c92\u60f3\u5230\u537b\u8017\u8cbb\u904e\u591a\u7684\u7d93\u8cbb\u3002\n\n\u518d\u52a0\u4e0a\u7f8e\u570b\u57282017\u5e74\u5c0d\u9f90\u5df4\u8fea\u5be6\u65bd\u53cd\u50be\u92b7\u61f2\u7f70\u6027\u95dc\u7a05\uff0c\u8b93\u9f90\u5df4\u8fea\u6700\u5f8c\u9eef\u7136\u5c07CS\u7cfb\u5217\u8ce3\u7d66\u7a7a\u5df4\uff08\u6539\u7a31A220\uff09\u3002\u6b64\u6642\u4e09\u83f1\u7684MRJ\u539f\u578b\u6a5f\u7576\u4e2d\uff0c1\u865f\u6a5f\u81f34\u865f\u6a5f\u9678\u7e8c\u98db\u5f80\u7f8e\u570b\uff0c\u5c55\u958b\u6e2c\u8a66\u98db\u884c\uff0c\u671f\u671b\u80fd\u5920\u62ff\u5230\u7f8e\u570b\u806f\u90a6\u822a\u7a7a\u7e3d\u7f72\uff08FAA\uff09\u7684\u9069\u822a\u8b49\u660e\u3002\n\n\u9019\u6b21\u7684\u6e2c\u8a66\u9577\u9054\u6578\u5e74\uff0c\u9664\u4e86\u9a57\u8b49\u5ba2\u6a5f\u672c\u8eab\u8207\u5404\u9805\u8a2d\u5099\u7684\u7a69\u5b9a\u5ea6\u3001\u5074\u98a8\u8d77\u964d\u3001\u715e\u8eca\u6027\u80fd\u8207\u60e1\u52a3\u5929\u5019\u8d77\u964d\u4e4b\u5916\uff0c\u4e5f\u5c07\u9a57\u8b49\u98db\u6a5f\u672c\u8eab\u5c0d\u65bc\u9177\u6691\u8207\u56b4\u5bd2\u6c23\u5019\u7684\u5c0d\u61c9\uff0c\u5982\u80fd\u901a\u904e\u56b4\u82db\u7684\u8003\u9a57\uff0c\u5c31\u53ef\u53d6\u5f97FAA\u7684\u9069\u822a\u8b49\u660e\u3002\n\nhttp://uc.udn.com.tw/photo/2019/07/23/99/6629062.jpg\nMRJ\u539f\u578b\u6a5f\u7576\u4e2d\uff0c1\u865f\u6a5f\u81f34\u865f\u6a5f\u9678\u7e8c\u98db\u5f80\u7f8e\u570b\uff0c\u5c55\u958b\u6e2c\u8a66\u98db\u884c\uff0c\u671f\u671b\u80fd\u5920\u62ff\u5230\u7f8e\u570b\u806f\u90a6\u822a\u7a7a\u7e3d\u7f72\uff08FAA\uff09\u7684\u9069\u822a\u8b49\u660e\u3002 \u5716\uff0f\u6cd5\u65b0\u793e\n\n\u7136\u800c\u5916\u754c\u537b\u5c0dMRJ\u7684\u524d\u666f\u4f9d\u7136\u4e0d\u770b\u597d\uff0c\u5e02\u5834\u4e0a\u5c62\u5c62\u50b3\u51fa\u4e09\u83f1\u6490\u4e0d\u4e0b\u53bb\uff0c\u6216\u662fMRJ\u505a\u4e0d\u51fa\u4f86\u7684\u50b3\u8a00\u3002\u76f4\u5230\u4eca\u5e746\u6708\uff0c\u5728\u5a92\u9ad4\u8207\u5e02\u5834\u50b3\u805e\u5168\u7136\u4e0d\u77e5\u7684\u72c0\u6cc1\u4e0b\uff0c\u4e0d\u4f46\u5c07MRJ\u66f4\u540d\u70baSpaceJet\uff0c\u9a5a\u559c\u4eae\u76f8\u5df4\u9ece\u822a\u7a7a\u5c55\uff0c\u7cfb\u5217\u6a5f\u7a2e\u9084\u5927\u5e45\u5ea6\u8b8a\u66f4\u3001\u8b93\u5916\u754c\u8dcc\u7834\u773c\u93e1\u3002\n\n\u5728\u5168\u65b0\u898f\u5283\u7684\u6a5f\u7a2e\u5340\u5206\uff0c\u9664\u4e86M90\uff08\u539f\u672c\u7684MRJ90\uff0c76-88\u4eba\u5ea7\uff0c\u6700\u5927\u8d77\u98db\u91cd\u91cf42\u5678\uff09\u8207M70\uff08\u539f\u672c\u7684MRJ70\uff0c69-76\u4eba\u5ea7\uff0c\u6700\u5927\u8d77\u98db\u91cd\u91cf37-40\u5678\uff09\u4e4b\u5916\uff0c\u9084\u91dd\u5c0d\u7f8e\u570b\u5e02\u5834\uff0c\u63a8\u51fa\u5168\u65b0\u7684M100\uff08\u4ee5M70\u70ba\u85cd\u672c\u9032\u884c\u958b\u767c\uff0c\u5317\u7f8e\u5f0f\u6a23\u4e09\u8259\u7b4976\u5e2d\uff0c\u6700\u5927\u8d77\u98db\u91cd\u91cf39\u5678\uff09\uff0c\u4ee5\u56e0\u61c9\u7f8e\u570b\u570b\u5167\u822a\u904b\u5354\u5b9a\u4e2d\uff0c\u898f\u5b9a\u5340\u57df\u5ba2\u6a5f\u9650\u5236\u572876\u4eba\u5ea7\u8207\u6700\u5927\u8d77\u98db\u91cd\u91cf\u4e0d\u5f97\u8d85\u904e39\u5678\u7684\u898f\u5b9a\u3002\n\n\u9019\u500b\u5927\u6539\u8b8a\u51fa\u4e4e\u5916\u754c\u7684\u610f\u6599\uff0c\u5728\u5df4\u9ece\u822a\u7a7a\u5c55\u4e4b\u5f8c\uff0c\u4e09\u83f1\u66f4\u5ba3\u5e03\u5c07\u4ee55.5\u5104\u7f8e\u91d1\uff0c\u6536\u8cfc\u9f90\u5df4\u8fea\u7684CRJ\u90e8\u9580\uff0c\u4e26\u627f\u63a5\u51762\u5104\u7f8e\u5143\u7684\u50b5\u52d9\uff0c\u6b64\u8209\u9707\u64bc\u4e86\u6c11\u822a\u5e02\u5834\u3002\u7531\u65bcCRJ\u662f\u76ee\u524d\u5340\u57df\u5674\u5c04\u5ba2\u6a5f\u7684\u7b2c\u4e8c\u628a\u4ea4\u6905\uff0c\u4e09\u83f1\u6536\u8cfc\u4e4b\u5f8c\uff0c\u9664\u4e86\u89e3\u6c7a\u5148\u524d\u7684\u7aca\u53d6\u6a5f\u5bc6\u5b98\u53f8\u722d\u8b70\uff0c\u4e5f\u8b93\u540c\u7d1a\u5ba2\u6a5f\u6230\u5834\u6210\u70ba\u5df4\u897f\u822a\u7a7a\u5de5\u696d\u8207\u4e09\u83f1\u5c0d\u6c7a\u7684\u5c40\u9762\u3002\n\nhttps://youtu.be/KX3eMOGqULU\n\n\u4e0d\u904e\u5e02\u5834\u4e0a\u5c0d\u65bc\u4e09\u83f1\u6b64\u8209\uff0c\u666e\u904d\u8a8d\u70ba\u98a8\u96aa\u592a\u5927\uff0c\u7562\u7adf7.5\u5104\u7f8e\u91d1\u4e0d\u662f\u5c0f\u6578\u76ee\uff0c\u800c\u4e14\u4e09\u83f1\u8981\u5982\u4f55\u7d93\u71dfCRJ\uff0c\u76ee\u524d\u4e5f\u7121\u6cd5\u5f97\u77e5\uff0c\u8b8a\u6578\u592a\u9ad8\u800c\u5c0e\u81f4\u4e09\u83f1\u7684\u80a1\u50f9\u4e0b\u632b\uff1b\u5012\u662f\u4e09\u83f1\u672c\u8eab\u81ea\u4fe1\u6eff\u6eff\uff0c\u8a8d\u70ba\u6574\u5408CRJ\u8207SpaceJet\u7684\u6280\u8853\uff0c\u5c07\u53ef\u5275\u9020\u66f4\u5927\u7684\u5229\u76ca\uff0c\u800c\u4e14\u4e5f\u80fd\u6975\u5927\u5316\u5317\u7f8e\u5e02\u5834\uff0c\u5305\u62ec\u5229\u7528\u539f\u672c\u9f90\u5df4\u8fea\u5df2\u5efa\u69cb\u7684\u96f6\u7d44\u4ef6\u8207\u822a\u6a5f\u92b7\u552e\u3001\u5f8c\u7e8c\u7684\u4fdd\u990a\u8207\u670d\u52d9\u7b49\u3002\n\n\u66f4\u4f55\u6cc1\uff0c\u76ee\u524dSpaceJet\u5df2\u7d93\u6536\u5230223\u67b6\u78ba\u8a8d\u8a02\u55ae\u8207184\u67b6\u9078\u64c7\u6b0a\u8a02\u55ae\uff0cM90\u9810\u5b9a\u65bc2020\u5e74\u958b\u59cb\u9678\u7e8c\u4ea4\u6a5f\uff0c\u81f3\u65bc\u70ba\u5317\u7f8e\u5e02\u5834\u91cf\u8eab\u7684M100\uff0c\u5247\u662f\u9810\u8a08\u57282023\u5e74\u8a66\u98db\uff0c2024\u5e74\u958b\u59cb\u4ea4\u6a5f\uff0c\u4e09\u83f1\u4e5f\u6709\u6a5f\u6703\u4e00\u8209\u6253\u97ff\u65e5\u672c\u88fdSpaceJet\u7684\u540d\u865f\uff0c\u53d6\u5f97\u66f4\u5927\u7684\u5546\u696d\u5229\u76ca\u3002\n\n\u53ea\u662f\uff0c\u672a\u4f86\u4e09\u83f1\u8981\u5982\u4f55\u517c\u9867CRJ\u8207SpaceJet\u7684\u92b7\u552e\uff0c\u4ee5\u53ca\u96d9\u65b9\u7684\u6a5f\u578b\u5340\u5225\uff1f\u4e09\u83f1\u7684\u8c6a\u8ced\u80fd\u5426\u6210\u529f\uff0c\u751a\u81f3\u5e36\u52d5\u65e5\u672c\u822a\u7a7a\u5de5\u696d\u8d77\u98db\uff1f\u90fd\u9084\u5728\u672a\u5b9a\u4e4b\u5929\u3002\n\nhttp://uc.udn.com.tw/photo/2019/07/23/99/6628697.jpg\n\u672a\u4f86\u4e09\u83f1\u8981\u5982\u4f55\u517c\u9867CRJ\u8207SpaceJet\u7684\u92b7\u552e\uff0c\u4ee5\u53ca\u96d9\u65b9\u7684\u6a5f\u578b\u5340\u5225\uff1f\u4e09\u83f1\u7684\u8c6a\u8ced\u80fd\u5426\u6210\u529f\uff0c\u751a\u81f3\u5e36\u52d5\u65e5\u672c\u822a\u7a7a\u5de5\u696d\u8d77\u98db\uff1f\u90fd\u9084\u5728\u672a\u5b9a\u4e4b\u5929\u3002 \u5716\uff0fMitsubishi SpaceJet\n\nhttp://global.udn.com/global_vision/story/8663/3945311\n\n--\n\u63d0\u8457\u6708\u5a18\u7684\u5149\uff0c\u7167\u8457\u601d\u9109\u7684\u8def\uff0c\u5531\u8d77\u53e4\u65e9\u7684\u6b4c\u3002\n\u6dcb\u8457\u76f8\u601d\u96e8\uff0c\u60c5\u662f\u5922\u4e2d\u7684\u82b1\uff0c\u82b1\u662f\u5fc3\u5167\u6b32\u8b1b\u7684\u8a71\u3002\n\u98a8\u5439\u82b1\u854a\u98db\uff0c\u4e4d\u77e5\u82b1\u958b\u6709\u5e7e\u56de\uff0c\u64a5\u958b\u96f2\u4e2d\u7684\u6708\uff0c\u6625\u5929\u5c07\u4f60\u4f86\u756b\u3002\n\n--\n"}