{"ptt_id": "andyll2", "post_url": "https://www.ptt.cc/bbs/Gossiping/M.1568550707.A.B90.html", "post_type": "\u554f\u5366", "post_title": "Green Day\u7684\u54ea\u9996\u6b4c\u6700\u7d93\u5178\uff1f", "post_time": "2019-09-15 20:31:44", "post_score": 0, "post_pushes": [{"type": 0, "id": "rayxg", "content": ": \u4e94\u6a13\u50b2\u9a55\uff0c\u4ed6\u6700\u611b\u60f9"}, {"type": 0, "id": "james732", "content": ": \u4f60\u8981\u7d66\u4e94\u6a13\u542b\u542b\u770b\u55ce\uff1f"}, {"type": 1, "id": "DAEVA", "content": ": \u4f60\u70ba\u4ec0\u9ebc\u8981\u770b\u7532\u7247"}, {"type": 1, "id": "sober716", "content": ": \u5370\u8c61\u4e2d\u4e4b\u524d\u6709\u4eba\u5be6\u9a57\u904e\u554a"}, {"type": 1, "id": "eatingfish", "content": ": \u4e94\u6a13\u88ab\u7532\u7532\u542b \u723d\u52305\u79d2\u5c31\u5c04"}, {"type": 0, "id": "ANiZan9991", "content": ": \u4f60\u662f\u4e0d\u662f\u63d0\u523021\u9019\u500b\u6578\u5b57"}, {"type": -1, "id": "bravo233295", "content": ": 21 \u6293\u5230 \u4f60\u6b7b\u4e86"}, {"type": -1, "id": "thegreatlcx", "content": ": \u6211\u96e3\u904e\u7684\u662f"}, {"type": 0, "id": "sclbtlove", "content": ": \u4f60\u628a\u4e5d\u6708\u5e95\u53eb\u9192\u6211\u653e\u54ea=="}, {"type": -1, "id": "lianpig5566", "content": ": \u6697\u793a 8888888888"}, {"type": -1, "id": "cwh0105", "content": ": \u653e\u68c4\u4f60 \u653e\u68c4\u611b"}, {"type": -1, "id": "Edco", "content": ": \u660e\u660e\u5c31\u662f\u4e5d\u6708\u7d50\u675f\u53eb\u9192\u6211"}, {"type": -1, "id": "tony121010", "content": ": Wake Me Up When September Ends"}, {"type": 1, "id": "goodjeff", "content": ": American Idiot\u660e\u660e\u6700\u597d\u807d"}, {"type": 0, "id": "Gauss", "content": ": \u660e\u793a \u63b0\u63b0"}, {"type": 1, "id": "laigeorge89", "content": ": 21gun\u6839\u672c\u6284Route209"}, {"type": 1, "id": "vvjmjack", "content": ": Holiday"}, {"type": 1, "id": "liudwan", "content": ": Boulevard of Broken Dreams"}, {"type": -1, "id": "yoyo095235", "content": ": \u5e79\u660e\u5e74\u8981\u4f86\u4f46\u662f\u5728\u661f\u671f\u4e8c\u600e\u9ebc\u53bb\u5566\u5e79"}], "post_ip": "36.224.205.16", "post_content": "\n\u6700\u8fd1FB\u6709\u5ee3\u544a\u597d\u50cf\u8aaa\u4ed6\u5011\u51fa\u4e86\u65b0\u6b4c\n\n\u56de\u653e\u7684\u90fd\u662f\u4ed6\u5011\u7684\u7d93\u5178\u6b4c\u66f2\n\n21 Guns\n\nAmerican Idiot\n\nHoliday\n\nBasket case\n\n\u6211\u500b\u4eba\u8a8d\u70ba\u662f21\u69cd\u5566 \u4e0d\u77e5\u5404\u4f4d\u89ba\u5f97\u662f\u54ea\u9996\uff1f\n\n--\n\n--\n\u6211\u628a\u4ed6\u56de\u653eMV\u7684\u6b4c\u8aaa\u51fa\u4f86\u800c\u5df2..\n\u203b \u7de8\u8f2f: andyll2 (36.224.205.16 \u81fa\u7063), 09/15/2019 20:34:09\n"}