{"ptt_id": "deathdecay", "post_url": "https://www.ptt.cc/bbs/Gossiping/M.1567437954.A.926.html", "post_type": "\u65b0\u805e", "post_title": "\u4eca\u592a\u967d\u5149\u96fb\u518d\u7206\u767c \u7a81\u78342GW\u8d85\u8d8a\u4e00\u5ea7\u6838\u96fb\u5ee0", "post_time": "2019-09-02 23:25:51", "post_score": 4, "post_pushes": [{"type": 0, "id": "litcurler", "content": ": \u6240\u4ee5\u665a\u4e0a\u80fd\u767c\u96fb\u4e86\u55ce?"}, {"type": 0, "id": "james732", "content": ": \u7dad\u6301\u4e86\u5e7e\u5206\u9418\uff1f"}, {"type": 0, "id": "qber", "content": ": URE\u8868\u793a\uff1a\u4eba\u88c1\u7684\u4e0d\u5920\u591a"}, {"type": -1, "id": "nt880245", "content": ": \u53ea\u6709\u4e2d\u5348"}, {"type": 0, "id": "PSptt", "content": ": \u54ea\u4e00\u5bb6\u8981\u80a1\u7968\u51fa\u8ca8\u62c9~~~"}, {"type": 1, "id": "KennethC", "content": ": ...??"}, {"type": 0, "id": "nt880245", "content": ": \u57fa\u8f09\u9084\u662f\u8981\u9760\u71c3\u7164\u53d6\u4ee3"}, {"type": 1, "id": "CREA", "content": ": \u590f\u5929\u591a\u4e45\u4e86"}, {"type": 0, "id": "miloskyman", "content": ": \u6700\u8fd1\u98b1\u98a8\u90fd\u6c92\u767b\u9304~\u6383\u4e00\u6b21\u7dad\u4fee\u4e0d\u77e5\u9053\u8981"}, {"type": -1, "id": "grayoasis", "content": ": \u8c6c\u6cb9\u4e0d\u53ef\u4fe1 \u88ab\u653f\u5e9c\u6587\u5b57\u904a\u6232\u9a19\u592a\u591a\u6b21"}, {"type": 1, "id": "dai26", "content": ": \u9019\u9ebc\u53b2\u5bb3\u600e\u9ebc\u4e0d\u628a\u592a\u967d\u80fd\u7576\u57fa\u8f09\uff0c\u5475\u5475"}, {"type": 0, "id": "winglight", "content": ": \u6211\u6bd4\u8f03\u597d\u5947\u662f\u90a3\u88e1\u7684\u592a\u967d\u80fd\u5728\u767c\u96fb?"}, {"type": -1, "id": "edison", "content": ": \u6838\u4e8c,\u4e09\u76f4\u63a5\u9664\u5f79\u554a! \u7b11\u4f60\u4e0d\u6562,\u54c8\u54c8\u54c8"}, {"type": -1, "id": "victoryuy", "content": ": \u4eca\u8d85\u904e \u554f\u984c\u662f\u6838\u96fb\u5ee0\u6bcf\u5929\u90fd\u80fd\u9054\u5230\u9019\u500b"}, {"type": 0, "id": "eebear", "content": ": \u7528\u4f86\u9a19\u6587\u7d44\u7684!"}, {"type": 0, "id": "victoryuy", "content": ": \u91cf \u592a\u967d\u80fd\u53ef\u4ee5\u9054\u5230\u5e7e\u5929?"}, {"type": 0, "id": "wangisiung", "content": ": \u53c8\u6c92\u5bb6\u5bb6\u6236\u6236\u90fd\u88dd"}, {"type": -1, "id": "linhsiuwei", "content": ": \u4f60\u6587\u7d44\u5594\uff1f\u62ff\u7e3d\u91cf\u8ddf\u65e5\u5747\u91cf\u6bd4\uff1f"}, {"type": 0, "id": "eebear", "content": ": \u9019\u7a2e\u8a71\u8853\u5c31\u6709\u9ede\u50cf\u67d0\u4eba\u5bb6\u6559\u6642\u85aa800,\u6240\u4ee5"}, {"type": -1, "id": "Ashuya", "content": ": \u665a\u4e0a\u767c\u96fb\u91cf\u591a\u5c11\u554a"}, {"type": 0, "id": "eebear", "content": ": \u4ed6\u7684\u5e74\u85aa800*24*365=700\u842c\u4e00\u6a23\u597d\u7b11!!"}, {"type": 1, "id": "qq05", "content": ": \u5c16\u5cf0\u7a81\u78342GW \u53605.89%  ,2020 6.5GW  2025 20"}, {"type": 1, "id": "exceedMyself", "content": ": \u597d\u731b\u5594 \u963f\u767c\u4e86\u5e7e\u5c0f\u6642\uff1f"}, {"type": 0, "id": "qq05", "content": ": GW"}, {"type": 0, "id": "eebear", "content": ": \u5225\u8aaa\u665a\u4e0a\u4e86\u5c31\u7b97\u662f\u65e9\u4e0a6.7\u9ede\u4e5f\u6c92\u767c\u591a\u5c11!!"}, {"type": 1, "id": "iljie", "content": ": \u8003\u9a57\u662f\u518d\u4e94\u5e74\u5f8c\u677f\u5b50\u8870\u9000\u986f\u73fe"}, {"type": 0, "id": "eebear", "content": ": \u4e0d\u7528\u98b1\u98a8,\u53ea\u8981\u5cf0\u9762\u4f86\u5929\u7a7a\u9670\u9670\u7684\u4e00\u6a23\u6c92\u5c41\u7528"}, {"type": 0, "id": "eebear", "content": ": \u770b\u5230\u81ea\u7531\u9019\u7a2e\u5c08\u9580\u9a19\u6587\u7d44\u7528\u7684\"\u771f\"\u65b0\u805e,"}, {"type": 0, "id": "eebear", "content": ": \u5c31\u89ba\u5f97\u4ed6\u5abd\u7684\u5641\u5fc3!"}, {"type": -1, "id": "kenndy", "content": ": \u8a18\u8005\u662f\u6587\u7d44\u9084\u662f\u9a19\u5b50?"}, {"type": 1, "id": "cccon1ine", "content": ": \u5bb6\u6559\u6642\u85aa\u795e\u6bd4\u55bb"}, {"type": 1, "id": "Giuliani", "content": ": \u7528\u96fb\u9ad8\u5cf0\u5c31\u5728\u4e2d\u5348\uff0c\u4e2d\u5348\u767c\u6700\u591a\u96fb\u525b\u597d"}, {"type": 1, "id": "inmee", "content": ": \u770b\u63a8\u6587\u53ea\u80fd\u6416\u982d,\u53f0\u7063\u767d\u5929\u624d\u7f3a\u96fb\u665a\u4e0a\u4e26\u4e0d\u7f3a"}, {"type": 0, "id": "inmee", "content": ": \u7f3a\u96fb\u96c6\u4e2d\u5728\u4e2d\u5348\u3001\u5348\u5f8c\u90a3\u5e7e\u5c0f\u6642"}, {"type": 1, "id": "Giuliani", "content": ": \u665a\u4e0a\u96fb\u529b\u6839\u672c\u904e\u5269\uff0c\u8981\u592a\u967d\u80fd\u5e79\u561b\uff1f\uff1f"}, {"type": 1, "id": "DorisQQ", "content": ": \u54c7 \u7da0\u96fb\u6b63\u592f \u80a1\u7968\u8cb7\u8d77\u4f86\uff01"}, {"type": 0, "id": "Giuliani", "content": ": \u6709\u592a\u967d\u80fd\u6551\u63f4\uff0c\u4e2d\u5348\u5c31\u4e0d\u7528\u52a0\u958b\u706b\u529b\u6a5f\u7d44"}, {"type": 0, "id": "tonybin", "content": ": \u4ec0\u9ebc\u52a0\u958b\u706b\u529b?\u662f\u672c\u4f86\u5c31\u8981\u958b\u597d\u4e0d\u597d \u4ee5\u70ba"}, {"type": 0, "id": "tonybin", "content": ": \u706b\u529b\u767c\u96fb\u662f\u74e6\u65af\u7210\u624b\u4e00\u6273\u96fb\u5c31\u4f86\u4e86\u662f\u5427?"}, {"type": -1, "id": "greprep", "content": ": \u9019\u4e0d\u5653\u6c92\u4eba\u6027"}, {"type": 1, "id": "ishowhand", "content": ": \u5167\u6587\u6c92\u5beb\u53ef\u66ff\u4ee3\u706b\u529b \u662f\u53ef\u767c\u5c55\u7684\u7da0\u96fb"}, {"type": 0, "id": "gwenwoo", "content": ":  \u5c41\u773c\u770b\u4eba/\u767c\u5927\u8ca1/\u5f81\u670d\u5b87\u5b99/\u7fd2\u4e0b\u97d3\u4e0a"}], "post_ip": "118.167.179.92", "post_content": "\n\u81ea\u7531\u6642\u5831\n\n\u4eca\u592a\u967d\u5149\u96fb\u518d\u7206\u767c \u7a81\u78342GW\u8d85\u8d8a\u4e00\u5ea7\u6838\u96fb\u5ee0\n\n\u3014\u8a18\u8005\u9ec3\u4f69\u541b\uff0f\u53f0\u5317\u5831\u5c0e\u3015\u4eca\u897f\u534a\u90e8\u9ad8\u6eab\u708e\u71b1\uff0c\u5305\u62ec\u53f0\u5317\u5e02\u3001\u65b0\u5317\u5e02\u3001\u6843\u5712\u5e02\u90fd\u639b\u51fa\u9ad8\u6eab\n\u9ec3\u8272\u71c8\u865f\uff0c\u4f46\u592a\u967d\u5149\u96fb\u6301\u7e8c\u767c\u5a01\uff0c\u5348\u9593\u5c16\u5cf0\u767c\u96fb\u6b63\u5f0f\u8d85\u8d8a2GW\u9580\u6abb\uff0c\u6bd4\u53f0\u7063\u767c\u96fb\u91cf\u6700\u9ad8\u7684\n\u6838\u4e8c\u3001\u6838\u4e09\u5ee0\u4efb\u4f55\u4e00\u5ee0\u9084\u8981\u4f86\u5f97\u9ad8\uff0c\u4e5f\u8b49\u660e\u592a\u967d\u5149\u96fb\u4f9b\u96fb\u543b\u5408\u590f\u5b63\u708e\u71b1\u5c16\u5cf0\uff0c\u53ef\u6210\u70ba\u53f0\u7063\n\u4f9b\u96fb\u5f8c\u76fe\u3002\n\n\u4eca\u5929\u897f\u534a\u90e8\u6574\u9ad4\u9ad8\u6eab\u708e\u71b1\uff0c\u6843\u5712\u4ee5\u5317\u9ad8\u6eab\u4e0a\u770b36\u5ea6\uff0c\u53f0\u96fb\u9810\u4f30\u7528\u96fb\u57283500\u842c\u74e9\u3001\u76ee\u524d\u89c0\u5bdf\n\u5c16\u5cf0\u7528\u96fb\u53ef\u80fd\u843d\u57283520\u842c\u74e9\uff1b\u800c\u4eca\u5929\u6700\u5927\u4f9b\u96fb\u80fd\u529b\u90543961.7\u842c\u74e9\u3001\u5099\u8f49\u738713.19%\uff0c\u4eae\u51fa\u4f9b\n\u96fb\u5145\u88d5\u7da0\u71c8\u3002\n\n\u503c\u5f97\u6ce8\u610f\u7684\u662f\uff0c\u4eca\u8c54\u967d\u9ad8\u7167\u4e5f\u4f7f\u592a\u967d\u5149\u96fb\u5c16\u5cf0\u6b63\u5f0f\u7a81\u78342GW\u9580\u6abb\uff0c\u9760\u8fd1\u4e2d\u534811\u9ede40\u5206\u5de6\u53f3\n\u5df2\u885d\u7834203.6\u842c\u74e9\uff0c\u4f54\u4f9b\u96fb\u90545.89%\uff0c\u8d85\u8d8a\u53f0\u7063\u767c\u96fb\u91cf\u6700\u5927\u7684\u6838\u4e8c\u5ee0\uff081.97GW\uff09\u6216\u6838\u4e09\u5ee0\uff08\n1.9GW\uff09\u3002\n\n\u76ee\u524d\u592a\u967d\u5149\u96fb\u5169\u5e74\u8a08\u756b\u5df2\u5c46\u671f\u6eff\uff0c\u7d93\u6fdf\u90e8\u8a02\u4e0b\u65b0\u7248\u5169\u5e74\u8a08\u756b\uff0c\u539f\u9810\u8a082025\u5e74\u592a\u967d\u5149\u96fb20GW\n\u76ee\u6a19\u4e0d\u8b8a\uff0c\u800c2019\u5e74\u52302020\u5e74\u5169\u5e74\u8a2d\u5b9a3.7GW\u76ee\u6a19\u3001\u52302020\u5e74\u7d2f\u8a086.5GW\u3002\n\n\u800c\u904e\u53bb2016\u5e747\u6708\u958b\u59cb\u7684\u5169\u5e74\u8a08\u756b\uff0c\u8a2d\u5b9a1.52GW\u76ee\u6a19\uff0c\u5230\u53bb\u5e74\u5e95\u4e5f\u5df2\u7d2f\u7a4d\u8a2d\u7f6e1.78GW\u9054\u6a19\n\uff0c\u5176\u4e2d\u5c4b\u9802\u578b1.491GW\u3001\u5730\u9762\u578b0.28GW\u3002\n\nhttps://ec.ltn.com.tw/article/breakingnews/2903522\n\n--\n"}