{"ptt_id": "linchen1121", "post_url": "https://www.ptt.cc/bbs/Gossiping/M.1568820000.A.D27.html", "post_type": "\u554f\u5366", "post_title": "\u5982\u679c\u6c38\u91ce\u82bd\u90c1\u8b8a\u91d1\u9aee\u59b9~", "post_time": "2019-09-18 23:19:53", "post_score": 10, "post_pushes": [{"type": 0, "id": "Rrrxddd", "content": ": \u9084\u7f3a\u5ee2\u6587\u6263\u6253\u55ce \u6211\u9084\u6709\u56db\u7bc7"}, {"type": 1, "id": "ruizachi", "content": ": \u4ed6\u662f\u8ab0\uff1f"}, {"type": 1, "id": "fack3170", "content": ": \u91d1\u9aee\u597d\u770b\u6b38"}, {"type": 1, "id": "allanbrook", "content": ": \u6211\u89ba\u5f97\u5979\u5728\u5de6\u6c5f\u5167\u7684\u6642\u5019\u6700\u597d\u770b"}, {"type": 1, "id": "MetalSlime", "content": ": \u6709\u5716\u6709\u63a8"}, {"type": 0, "id": "frtwwilo", "content": ": \u597d\u770b"}, {"type": -1, "id": "redmool", "content": ": \u6211\u8001\u5a46\u8acb\u64a4\u7167"}, {"type": 1, "id": "alonous", "content": ": \u8b8a\u4e0d\u826f\u5c11\u5973\u4e86"}, {"type": 1, "id": "a9113112000", "content": ": \u597d\u770b+1"}, {"type": 1, "id": "F16V", "content": ": \u5e74\u8f15\u7684\u6e6f\u552f"}, {"type": 1, "id": "TonyAsa", "content": ": \u9ed1\u9aee\u6bd4\u8f03\u597d\u770b \u91d1\u9aee\u4e00\u9ede\u7279\u8272\u90fd\u6c92\u6709"}, {"type": 1, "id": "hmt17", "content": ": 8+9"}, {"type": 1, "id": "hatephubbing", "content": ": \u770b\u8d77\u4f86\u9f3b\u5b50\u5c0f\u4e86\u9ede"}, {"type": 1, "id": "pinktogether", "content": ": \u4e52\u4e53\u88e1\u9762\u6700\u6b63"}], "post_ip": "220.143.186.195", "post_content": "\nhttps://imgur.com/TJ85PGJ.jpg\nhttps://imgur.com/7GCkjKH.jpg\nhttps://imgur.com/e4BzydB.jpg\nhttps://imgur.com/NqXg0Hv.jpg\nhttps://imgur.com/accG981.jpg\n\n\u5982\u679c\u6c38\u91ce\u82bd\u90c1\u662f\u91d1\u9aee\u7684\u8a71~~~\n\u4e0d\u77e5\u9053\u9069\u4e0d\u9069\u5408\u5462\n\u5927\u5bb6\u89ba\u5f97\u5462?\n\u4e0d\u904e\u70ba\u751a\u9ebc\u6709\u6050\u9f8d?\n\n\u807d\u8aaa\u9019\u500b\u9020\u578b\u9084\u6703\u66f4\u65b0\u7167\u7247\u548c\u52d5\u614b\u7684\u6a23\u5b50\n\n--\n\u6c38\u9060\u652f\u6301\u5c0f\u677e\u83dc\u5948\nhttps://imgur.com/KyewbSX.jpg https://imgur.com/jCwq1Tm.jpg\nhttps://imgur.com/DvuZDcH.jpg https://imgur.com/BuMt3oW.jpg\n\n--\n\u6211\u6c92\u6897\u4e86@@\n\u5973\u8d85\u4eba\u597d\u770b\n\u4f60\u5a46\u501f\u5927\u5bb6\u6b23\u8cde\n\u611f\u53d7\u4e0d\u5230\u7f85\u8389\u5854\u98a8?\n\u8ddf\u6211\u8a18\u61b6\u4e2d\u7684\u6e6f\u552f\u6709\u9ede\u5dee\u7570\n\u9ed1\u9aee\u597d\u770b\u662f\u771f\u7684\n\u5979\u8aaa\u5979\u4ee5\u524d\u6709\u9663\u5b50\u662f\u91d1\u9aee~\u8aaa\u4e0d\u5b9a...\n\u6709\u5594~\u771f\u7684\u9f3b\u5b50\u6bd4\u8f03\u6c92\u90a3\u9ebc\u6436\u6232\u4e86\n\u203b \u7de8\u8f2f: linchen1121 (220.143.186.195 \u81fa\u7063), 09/18/2019 23:46:30\n"}