{"ptt_id": "neverlean", "post_url": "https://www.ptt.cc/bbs/Gossiping/M.1570038012.A.012.html", "post_type": "\u554f\u5366", "post_title": "\u670b\u53cb\u71b1\u8877\u653f\u6cbb\u904b\u52d5 \u7576\u521d\u537b\u662f\u7576\u66ff\u4ee3\u5f79 @@?", "post_time": "2019-10-03 01:40:09", "post_score": -6, "post_pushes": [{"type": 0, "id": "Rrrxddd", "content": ": \u81ea\u5df1\u6c92\u8fa6\u6cd5\u5c31\u9589\u5634 \u770b\u4eba\u773c\u7d05\u5594"}, {"type": 0, "id": "Dinenger", "content": ": \u54c8\u54c8\u66ff\u4ee3\u5f79"}, {"type": -1, "id": "a81255316", "content": ": \u6211\u4e5f\u60f3\u53bb4\u500b\u6708\u590f\u4ee4\u71df\u554a\u5abd\u7684"}, {"type": -1, "id": "sorrywow", "content": ": \u8aaa\u4e0d\u5b9a\u4ed6\u54ea\u6709\u554f\u984c\u554a"}, {"type": 1, "id": "CharleneTsai", "content": ": \u770b\u4f86\u770b\u53bb\u53ea\u6709\u5433\u6021\u8fb2\u6bd4\u8f03OK"}, {"type": 0, "id": "CharleneTsai", "content": ": \u5176\u4ed6\u4ec0\u9ebc\u66ff\u4ee3\u5f79\u9084\u662f\u9583\u5175\u7684 \u4e0d\u7528\u6307\u671b"}, {"type": 0, "id": "CharleneTsai", "content": ": \u9019\u4e9b\u8aaa\u4e00\u5957\u505a\u4e00\u5957\u7684\u4eba"}, {"type": -1, "id": "gotohikaru", "content": ": \u6574\u5929\u5167\u90e8\u5435\u9019\u500b \u96e3\u602a\u88ab9.25\u6bdb\u67ef\u7cde\u800d"}, {"type": -1, "id": "giaour", "content": ": \u8ddf\u4ed6\u8aaa\u66ff\u4ee3\u5f79\u6c92\u6709\u6708\u9818\u4e5d\u842c\u7684\u8a71\u5c31\u662f\u5783\u573e"}, {"type": -1, "id": "vizjeco", "content": ": \u5565\u908f\u8f2f  \u5728\u53f0\u7063\u6bcf\u5929\u552c\u721b\u90fd\u80fd\u9078\u7e3d\u7d71\u4e86"}, {"type": 1, "id": "Julian9x9x9", "content": ": \u6211\u5c31\u4e0d\u66c9\u5f97\u56e0\u70ba\u7576\u66ff\u4ee3\u5f79\u5c31\u6c92\u8cc7\u683c\u5634"}, {"type": 0, "id": "Julian9x9x9", "content": ": \u4e2d\u5171\u4e86\uff1f\u7167\u4f60\u908f\u8f2f\u5927\u90e8\u5206\u5973\u4eba\u8ddf\u8001\u4eba"}, {"type": 0, "id": "Julian9x9x9", "content": ": \u90fd\u4e0d\u51c6\u5c0d\u4e2d\u5171\u611f\u5230\u53cd\u611f\u56c9\uff1f"}, {"type": -1, "id": "sl11pman", "content": ": \u4f60\u5e7e\u68af\u7684\uff1f"}, {"type": 0, "id": "sl11pman", "content": ": \u83dc\u6bd4\u516b\u7d1b\u7d1b\u8df3\u51fa\u4f86\u5e6b\u7d05\u5171\u8aaa\u8a71\u4e86\uff1f"}, {"type": -1, "id": "jetalpha", "content": ": \u6d2a\u4ef2\u4e18\u9000\u4f0d\u524d\u6b7b\u4ea1\u597d\u50cf\u4e5f\u662f\u516d\u5e74\u524d\uff1f"}, {"type": -1, "id": "sugigu", "content": ": \u5c0d\u554a \u7576\u6700\u4e45\u7684\u8dd1\u53bb\u4e2d\u570b\u95b1\u5175 \u8d85\u4e0d\u71b1\u8877\u653f\u6cbb"}, {"type": 0, "id": "sugigu", "content": ": \u7684"}, {"type": -1, "id": "SDKSDKSDK", "content": ": \u2026"}, {"type": 1, "id": "nolovemore", "content": ": \u9084\u80fd\u7576\u526f\u79d8\u66f8\u9577\u54e9"}], "post_ip": "182.234.203.238", "post_content": "\n\u5982\u984c\n\n\u6709\u670b\u53cb\u73fe\u5728\u5f88\u71b1\u8877\u6e2f\u751f\u4e2d\u69cd\u4e8b\u4ef6 \u7a4d\u6975\u7684\u8207\u5468\u906d\u670b\u53cb\u8aaa\"\u4e00\u570b\u5169\u5236\"\u7684\u56b4\u91cd\u6027\n\n\u60f3\u60f3\u70ba\u5565\u7576\u521d\u4ed6\u53ef\u4ee5\u7576\u5175\u537b\u60f3\u8fa6\u6cd5\u628a\u81ea\u5df1\u7528\u5230\u8b8a\u66ff\u4ee3\u5f79\n\n\u9000\u4f0d\u5feb\u516d\u5e74\u4e86 \u5df2\u7d93\u5fd8\u8a18\u7576\u521d\u7576\u5175\u7684\u7a2e\u7a2e\n\n\u4f46\u807d\u5230\u4ed6\u8aaa\u7684\u5f88\u6709\u9053\u7406 \u537b\u6709\u4e00\u7a2e\u8aaa\u4e0d\u4e0a\u4f86\u7684\u611f\u89ba\n\n\u54c0 \u70ba\u5565\u6211\u4e5f\u6703\u8b8a\u6210\u9019\u7a2e\u7528\u7576\u5175\u53bb\u5224\u65b7\u4eba\u7684\u5783\u573e\u5462?\n\n\u600e\u8fa6\u5462\n\n\n--\n"}