{"ptt_id": "cena0605", "post_url": "https://www.ptt.cc/bbs/Gossiping/M.1566382132.A.314.html", "post_type": "\u554f\u5366", "post_title": "\u7518\u9053\u592b\u70ba\u4ec0\u9ebc\u4e0d\u4e00\u958b\u59cb\u547c\u53eb\u5de8\u9df9\u53bb\u4e1f\u6212\u6307\uff1f", "post_time": "2019-08-21 18:08:50", "post_score": 8, "post_pushes": [{"type": 1, "id": "heyd", "content": ": \u8aaa\u4e0d\u5b9a\u8ddf\u897f\u904a\u8a18\u7406\u7531\u5dee\u4e0d\u591a"}, {"type": -1, "id": "Dcwei", "content": ": \u98db\u5230\u4e00\u534a\u5c31\u88ab\u72d9\u64ca\u4e0b\u4f86\u4e86\u597d\u55ce"}, {"type": -1, "id": "charlietk3", "content": ": \u7b2c\u4e00\u6b21\u770b\u5230\u9019\u554f\u984c\u597d\u50cf\u662f\u5341\u5e74\u524d"}, {"type": 1, "id": "lkrichard", "content": ": \u9001\u7d66\u6212\u9748\u7684\u5de8\u9f8d\u7576\u70e4\u96de\u5403\u55ce"}, {"type": 1, "id": "suichui", "content": ": \u4f60\u6709\u770bHISHE\u5594"}, {"type": 1, "id": "yy222499", "content": ": \u6c92\u6709\u5206\u6563\u6ce8\u610f\u529b\u8001\u9df9\u9084\u6c92\u98db\u5230\u5c31\u88ab\u6253\u6b7b\u4e86"}, {"type": 1, "id": "aggressorX", "content": ": \u8036\u8036\u8036\u8036\u8036\u8036\u8036 \u5566\u5566\u5566\u5566"}, {"type": 0, "id": "raincsmu", "content": ": \u9019\u6a23\u8981\u6f14\u4ec0\u9ebc"}, {"type": 0, "id": "Qaaaa", "content": ": \u7576\u5e74\u53bb\u96fb\u5f71\u9662\u6642 \u9019\u5e55\u51fa\u73fe\u771f\u7684\u5168\u5834\u50bb\u773c"}, {"type": 1, "id": "toto3527", "content": ": \u90a3\u5de8\u9df9\u8ddf\u7518\u9053\u592b\u540c\u7b49\u7d1a\u7684 \u4e0d\u662f\u60f3\u53eb\u5c31\u53eb"}, {"type": 1, "id": "Pttsheep", "content": ": \u5b89\u5b89\uff0c\u592a\u9ad8\u8abf\u6212\u9748\u6703\u767c\u73fe"}, {"type": 0, "id": "linzero", "content": ": \u8981\u7684\u8a71\u4e00\u5982\u76f4\u63a5\u51fa\u624b\u7b97\u4e86"}, {"type": 1, "id": "Ipadhotwater", "content": ": \u5de8\u9df9\u5730\u4f4d\u9ad8 \u4e0d\u80fd\u8aaa\u53eb\u5c31\u53eb"}, {"type": 0, "id": "beyoursky", "content": ": \u8981\u554f\u5e7e\u767e\u904d"}, {"type": 1, "id": "eugene7983", "content": ": \u5de8\u9df9\u662f\u7d22\u502b\u639b\u4e86\u624d\u80fd\u98db\u53bb\u554a"}, {"type": 0, "id": "Qaaaa", "content": ": \u4e0d\u6d3e\u4ea1\u9748\u79d2\u6bba\u9b54\u591a\u597d\u6b79\u6709\u8aaa\u4e00\u500b\u52c9\u5f37\u7406\u7531"}, {"type": -1, "id": "Vassili242", "content": ": \u9019\u6a23\u4e00\u53e5\u8a71\u53ef\u4ee5\u5beb\u5b8c\u4f60\u770b\u500b\u5c41"}, {"type": 1, "id": "glenmarlboro", "content": ": \u5de8\u9df9\u662f\u795e\u7684\u5bf5\u7269 \u5730\u4f4d\u6bd4\u767d\u888d\u9ad8 \u5c6c\u795e"}, {"type": 0, "id": "glenmarlboro", "content": ": \u968e \u5deb\u5e2b\u5011\u662f\u795e\u7684\u4f7f\u8005 \u534a\u795e\u968e"}, {"type": -1, "id": "s72005ming", "content": ": \u5de8\u9df9\u7684\u7b49\u7d1a\u2026\u2026"}, {"type": 0, "id": "agong", "content": ": \u6703\u767c\u4f5c"}, {"type": 1, "id": "abram", "content": ": \u5de8\u9df9\u4e0d\u53ef\u4fe1"}, {"type": 0, "id": "cacoi", "content": ": \u8acb\u5091\u68ee\u53f2\u5854\u68ee\u958b\u8eca\u9001\u904e\u53bb\u5c31\u597d\u4e86 \u9806\u4fbf\u79d2\u7d22\u502b"}, {"type": 0, "id": "hermit777", "content": ": \u6700\u7c21\u55ae\u5c31\u81ea\u5df1\u628a\u4ed6\u57cb\u8d77\u4f86\u5f8c\u81ea\u6bba\uff0c\u4e0d\u5c31\u6c92"}, {"type": 0, "id": "hermit777", "content": ": \u4eba\u627e\u7684\u5230"}, {"type": -1, "id": "Leo4891", "content": ": \u5de8\u9df9\u4f4d\u968e\u4e5f\u662f\u534a\u795e \u76f4\u63a5\u9001\u706b\u5c71\u6703\u8b8a\u6210\u795e\u7684"}, {"type": 0, "id": "Leo4891", "content": ": \u6230\u722d"}, {"type": 1, "id": "finger213", "content": ": \u56e0\u70ba\u4ed6\u4e0d\u662f\u81ed\u87f2"}, {"type": 0, "id": "qqq87112", "content": ": 87\u6b50 \u6c92\u770b2\u5f8c\u9762 \u7d22\u502b\u7684\u767d\u888d\u4e5f\u6709\u8001\u9df9"}, {"type": 1, "id": "lionet", "content": ": \u5e36\u5de8\u77f3\u5f37\u68eeJohn Wick\u5091\u68ee\u53f2\u5766\u68ee\u963f\u8afe\u5c31\u5920\u4e86"}], "post_ip": "153.214.179.185", "post_content": "\n\n\u4f5b\u7f85\u591a\u6700\u5f8c\u4e1f\u5b8c\u6212\u6307\u5c11\u534a\u689d\u547d\u8d70\u51fa\u4f86\n\n\u7d50\u679c\u770b\u5230\u7518\u9053\u592b\u5750\u8457\u5de8\u9df9\u98db\u4f86 \u50bb\u773c\n\n\u70ba\u4ec0\u9ebc\u4e0d\u4e00\u958b\u59cb\u5750\u5de8\u9df9\u98db\u5230\u706b\u5c71\u4e1f\u5c31\u597d\u4e86?\n\n\u6258\u723e\u91d1\u662f\u4e0d\u662f\u908f\u8f2f\u4e0d\u592a\u597d\uff1f\n\n--\n"}