{"ptt_id": "ohmylove347", "post_url": "https://www.ptt.cc/bbs/Gossiping/M.1566806855.A.B9D.html", "post_type": "\u554f\u5366", "post_title": "\u4e94\u6bdb\u89ba\u5f97\u570b\u53f0\u8fa6\u548c\u5916\u4ea4\u90e8\u662f\u5f31\u667a\u55ce\uff1f", "post_time": "2019-08-26 16:07:30", "post_score": 4, "post_pushes": [{"type": 0, "id": "monitor", "content": ": \u725b\u76ae\u88ab\u6233\u7834\u7576\u7136\u6703\u751f77"}, {"type": 0, "id": "monitor", "content": ": \u5176\u5be6\u990a\u7d71\u5a92\u6492\u7684\u9322\u66f4\u591a\u5427"}, {"type": 0, "id": "F04E", "content": ": \u6211\u8ddf\u4f60\u8b1b,\u5c0f\u7c89\u7d05\u5011\u4e0d\u662f\u667a\u5546\u9ad8\u4f4e\u554f\u984c"}, {"type": 0, "id": "F04E", "content": ": \u800c\u662f\u4ed6\u5011\u6839\u672c\u5c31\u7121\u8166"}, {"type": 1, "id": "sl11pman", "content": ": 9.25\u6bdb\u667a\u969c\u542b\u7c89\u85cd\u5171\u600e\u9ebc\u8b8a\u6210\u540c\u7fa9\u8a5e\u7684\uff1f"}, {"type": 1, "id": "ckbdfrst", "content": ": \u4e94\u6bdb \u4e00\u5927\u90e8\u5206\u4f86\u81ea\u76e3\u7344\u72af\u4eba \u7576\u514d\u8cbb\u4e94\u6bdb"}, {"type": 0, "id": "ckbdfrst", "content": ": \u5b83\u5011\u81ea\u7136\u6c92\u4ec0\u9ebc\u7a0b\u5ea6 \u662f\u6700\u4f4e\u7b49\u7684"}, {"type": 0, "id": "sumins", "content": ": \u67ef\u5c41\u8aaa\u8cb7\u6241\u947d\u800c\u5df2"}, {"type": 0, "id": "jkreg", "content": ": \u56e0\u70ba\u4ed6\u5011\u7684\u6b66\u5668\u662f\u771f\u7684\u5f88\u721b\uff0cf16\u76f8\u8f03\u592a\u5f37"}, {"type": 0, "id": "ohfulow", "content": ": \u4e94\u6bdb\u570b\u7684\u5916\u4ea4\u90e8"}, {"type": 1, "id": "sai0613", "content": ": https://i.imgur.com/xyTY8z5.jpg"}, {"type": 1, "id": "lhsieh", "content": ": \u4e09\u65b9\u90fd\u5408\u7406\u6c7a\u7b56\u7684\u524d\u984c\u4e0b,\u8ddf\u53e6\u5169\u65b9\u77db\u76fe\u7684\u5c31"}, {"type": 0, "id": "lhsieh", "content": ": \u53ea\u6709\u4e94\u6bdb"}, {"type": 0, "id": "gwenwoo", "content": ":  \u4e2d\u5171\u6b66\u5668=\u4e94\u6bdb+\u75c5\u6b7b\u8c6c+\u5783\u573e ~\u98c4\u6d0b\u904e\u6d77~"}], "post_ip": "117.19.198.184", "post_content": "\n\n\u7f8e\u570b\u628a\u62d4\u8ce3\u6211\u5011F-16V\u4e00\u5806\u4e94\u6bdb\u89ba\u5f97\u53f0\u7063\u8d85\u5f31\u667a\n\u8cb7\u721b\u6b66\u5668\u9084\u82b1\u8d85\u591a\u9322\uff0c\u6839\u672c\u5f31\u667a\n\u7d50\u679c\u570b\u53f0\u8fa6\u6c23\u5230\u767c\u6296\uff0c\u767c\u8a00\u72c2\u7f75\n\u803f\u723d\u4e0d\u723d\uff0c\u5916\u4ea4\u90e8\u4e5f\u662f\u6c23\u5657\u5657\n\u4e0d\u662f\u89ba\u5f97\u53f0\u7063\u5927\u50bb\u5e63\u55ce\uff1f\u5916\u4ea4\u90e8\u61c9\u8a72\u8981\u5f88\u723d\u624d\u5c0d\u554a\n\u816b\u6478\u6703\u53cd\u5c0d\u6210\u9019\u6a23\u5462\uff1f\n\u4e94\u6bdb484\u89ba\u5f97\u5916\u4ea4\u90e8\u548c\u570b\u53f0\u8fa6\u662f\u5f31\u667a\u554a\uff1f\n\u6709\u6c92\u6709\u4e94\u6bdb\u908f\u8f2f\u7684\u516b\u5366\uff1f\uff1f\n\n-----\nSent from JPTT on my Google Pixel 2.\n\n--\n"}