{"ptt_id": "asdfg012345", "post_url": "https://www.ptt.cc/bbs/Gossiping/M.1566180887.A.0F9.html", "post_type": "\u554f\u5366", "post_title": "\u53f0\u7063\u54ea\u88e1\u53ef\u4ee5\u770b\u843d\u7d05\u2665", "post_time": "2019-08-19 10:14:45", "post_score": 5, "post_pushes": [{"type": 1, "id": "jaychou515", "content": ": \u5993\u9662"}, {"type": -1, "id": "ivorysoap", "content": ": \u4e94\u6a13\u7684\u5c41\u80a1"}, {"type": 0, "id": "xkmcandy", "content": ": \u9435\u652f\u8def\u554a\u61f7\u7591\uff1f"}, {"type": 1, "id": "RRADA", "content": ": \u6697\u7db2"}, {"type": 0, "id": "zxcv3147", "content": ": \u4f60\u662f\u4e0d\u662f\u60f3\u770b12\u6b72\u7684\u310b\u310b"}, {"type": 1, "id": "jokc7839", "content": ": \u76f4\u63a5\u53bb\u6771\u5357\u4e9e\u770b\u554a \u4e00\u5806\u96db\u5993"}, {"type": 0, "id": "login", "content": ": \u8c46\u5e72\u539d\u627e\u627e..."}, {"type": 0, "id": "RRADA", "content": ": \u8aaa\u5be6\u5728\u7684\u5566  12\u6b72\u7834\u8655\u7684  \u53f0\u7063\u591a\u7684\u662f"}, {"type": 0, "id": "somefatguy", "content": ": \u6027\u677f"}, {"type": 1, "id": "jidytri815", "content": ": \u4e32\u6d41\u5e73\u81fa\u5e7e\u500b\u6708\u524d\u5c31\u6709\u4e86"}, {"type": 1, "id": "data1728", "content": ": mod\u4e4b\u524d\u6709\u64a5\u5440\uff01\u57fa\u672c\u4e0a\u662f\u4e00\u90e8\u597d\u96fb\u5f71"}, {"type": 1, "id": "i8067", "content": ": \u5e7c\u7a1a\u5712"}, {"type": 1, "id": "don323", "content": ": \u2665\u2708\u263a\u2708\u260e\u2601\u2602\u266a"}, {"type": -1, "id": "ILOYO", "content": ": \u83dc\u982d"}], "post_ip": "223.140.152.125", "post_content": "\n\u5982\u984c\u2282(\u30fb\u03c9\u30fb\u2282)\n\nhttps://i.imgur.com/kQwFCk0.png\n\n\u843d\u7d05\u662f\u8d8a\u5357\u51fa\u7522\u768418\u7981\u96fb\u5f71\n\n\u807d\u8aaa\u5728\u570b\u969b\u9593\u4e5f\u6709\u7372\u734e\n\n\u5f88\u53ef\u60dc\u7684\u662fQQ\n\n\u807d\u8aaa\u4e0a\u6620\u5e7e\u5929\u5f8c\u5c31\u88ab\u7981\u4e86\n\n\u90a3\u6211\u5011\u53f0\u7063\u9084\u80fd\u770b\u561b\n\n\u6709\u6c92\u6709\u9019\u65b9\u9762\u7684\u516b\u5366\n\n--\n\u203b \u7de8\u8f2f: asdfg012345 (223.140.152.125 \u81fa\u7063), 08/19/2019 10:16:20\n"}