{"ptt_id": "bubblebeauty", "post_url": "https://www.ptt.cc/bbs/Gossiping/M.1564408227.A.32A.html", "post_type": "\u554f\u5366", "post_title": "\u9928\u9577pk\u9f3b\u5b50\uff0c\u8ab0\u8d0f", "post_time": "2019-07-29 21:50:25", "post_score": 2, "post_pushes": [{"type": 1, "id": "Dreamer48763", "content": ": jackie\u7684\u9f3b\u5b50\u6709\u5e7e\u500b"}, {"type": 0, "id": "gamania0515", "content": ": http://i.imgur.com/moFeoA0.jpg"}, {"type": 0, "id": "johnwu", "content": ": \u9f3b\u5b50\u4e00\u5806\u66ff\u8eab\u597d\u55ce \u4ed6\u771f\u80fd\u6253?"}, {"type": 0, "id": "wwf0322", "content": ": \u6253\u5b8c\u6703\u6709NG\u756b\u9762"}, {"type": 0, "id": "dbjdx", "content": ": \u66ff\u8eab\u4f7f\u8005 \u4e0d\u662f\u53ea\u80fd\u6709\u4e00\u500b\u66ff\u8eab"}, {"type": 0, "id": "mikemagic88", "content": ": \u9f3b\u5b50\u63cd\u5230\u9928\u9577\u6703\u7529\u624b"}, {"type": 1, "id": "KittyDog", "content": ": \u6c92\u6905\u5b50\u7528\u9f3b\u5b50\u624d\u4e0d\u6703\u51fa\u5834"}, {"type": 0, "id": "ArgusX", "content": ": \u770b\u5834\u5730, \u570d\u8d77\u4f86\u55ae\u6311\u7684\u8a71, \u9f3b\u5b50\u6b7b\u5b9a\u4e86"}, {"type": 0, "id": "wbreeze", "content": ": \u6709\u6c34\u679c\u6524 \u906e\u96e8\u68da \u6905\u5b50\u7684\u8a71 \u9928\u9577\u7a69\u8f38\u7684"}, {"type": 0, "id": "storilau", "content": ": \u6210\u9f8d\u5df2\u7d93\u8001\u4e86\uff0c\u932f\u904e\u7d04\u6230\u4ed6\u7684\u6642\u9593\u4e86\u3002"}], "post_ip": "110.50.146.166", "post_content": "\n\u7576\u7136\n\u9f3b\u5b50\u8ddf\u9928\u9577\u6253\u4e00\u5b9a\u88ab\u6253\u8db4\n\u53ef\u662f\u4e0d\u8981\u5fd8\u4e86\n\u9f3b\u5b50\u6700\u5f37\u4e0d\u662f\u529f\u592b\n\u800c\u662f\u6563\u8eb2\u6280\u5de7\n\u5de6\u9583\u53f3\u6253\uff0c\u51fa\u5176\u4e0d\u610f\n\u9f3b\u5b50\u53ef\u4ee5\u5f9e\u4e0a\u9762\u6a13\u5c64\n\u6ed1\u4e0b\u4f86\u7a81\u7136\u7d66\u9928\u9577\u4e00\u8173\n\u5982\u679c\u9f3b\u5b50\u8ddf\u9928\u9577pk\n\u8ab0\u6703\u8d0f\n\n\n--\n"}