{"ptt_id": "kingtama", "post_url": "https://www.ptt.cc/bbs/Gossiping/M.1569572293.A.D71.html", "post_type": "\u554f\u5366", "post_title": "nipple free\u9084\u6f6e\u55ce??", "post_time": "2019-09-27 16:18:11", "post_score": 2, "post_pushes": [{"type": -1, "id": "A0091127", "content": ": \u84cb"}, {"type": 0, "id": "ltyintw", "content": ": A\u7f69\u676f\u624d\u6709FREE\u7684\u8cc7\u683c  B\u4ee5\u4e0a\u5c0f\u5fc3\u4e0b\u5782"}, {"type": 0, "id": "firemothra", "content": ": \u80a5\u5b85\u4e0d\u884c\uff0c\u53ea\u6709\u6b63\u59b9\u53ef\u4ee5"}, {"type": 1, "id": "plutox", "content": ": \u4f60\u770b\u904e\u516d\u4eba\u884c\u7684\u8a71\uff0c\u88e1\u9762\u6fc0\u51f8\u8d85\u591a\u7684"}, {"type": 0, "id": "kent", "content": ": \u4e94\u6a13nipple free\u6703\u78b0\u5230\u5730\u4e0a"}, {"type": -1, "id": "hsunting2000", "content": ": \u6a13\u4e0b\u90fdlampafree"}, {"type": -1, "id": "gx9900824", "content": ": \u4e4b\u524d\u9732\u5976\u7684\u5973\u80d6\u5b50\u5716..."}, {"type": 0, "id": "rcro", "content": ": \u4e0d\u662ffree the nipple\u55ce"}, {"type": 1, "id": "Strasburg", "content": ": \u5979\u6709\u7a7f\u5566 \u6c92\u8ddf\u53f0\u5973\u4e00\u6a23\u585e\u6c34\u9903\u588a\u800c\u5df2"}, {"type": 1, "id": "winnietslock", "content": ": \u4f60\u6709\u770b\u904e\u617e\u671b\u57ce\u5e02\u5c31\u77e5\u9053\u5047\u4e73\u982d\u5f88\u591a"}, {"type": 1, "id": "MADAOTW", "content": ": \u81ea\u50b71000\uff0c\u6575+1000\u7684\u793e\u6703\u904b\u52d5"}, {"type": -1, "id": "nippleman", "content": ": \u6f6e\u554a\u5e79"}, {"type": 1, "id": "kawazakiz2", "content": ": https://i.imgur.com/vjcGMzH.jpg"}, {"type": 1, "id": "kavengany", "content": ": \u80a5\u5b85\u88dd\u5973\u7684 \u5614\u5614\u5614\u5614"}], "post_ip": "60.251.130.136", "post_content": "\n\u90fd\u5df2\u7d932019\u5e74\u4e86\n\nnipple free\n\n\u9084\u7b97\u6f6e\u55ce??\n\n\u9000\u4e00\u842c\u6b65\n\n\u50cf\u5ddd\u666e\u5973\u5152\u9019\u6a23\n\n\u4e0d\u7a7fbra\n\n\u53ef\u4ee5\u5728\u53f0\u7063\u9020\u6210\u98a8\u6f6e\u55ce??\n\n\u6709\u6c92\u6709\u8def\u4e0a\u4e0d\u7a7fbra\u7684\u90fd\u662f\u6b50\u5df4\u6851\u7684\u5366??\n\n--\n\u919c\u4eba\u591a\u4f5c\u602a\n\u203b \u7de8\u8f2f: kingtama (60.251.130.136 \u81fa\u7063), 09/27/2019 16:20:58\n"}