{"ptt_id": "peter02as", "post_url": "https://www.ptt.cc/bbs/Gossiping/M.1566835338.A.523.html", "post_type": "\u554f\u5366", "post_title": "\u4e2d\u570b\u53e4\u5178\u97f3\u6a02\u70ba\u4f55\u7121\u6cd5\u8d85\u8d8a\u897f\u65b9\u5462\uff1f", "post_time": "2019-08-27 00:02:15", "post_score": 8, "post_pushes": [{"type": -1, "id": "VVax", "content": ": \u4f60\u4e0d\u95dc\u5fc3\u5370\u5ea6\u97f3\u6a02 \u95dc\u5fc3\u4e2d\u570b\u5e79\u561b\uff1f"}, {"type": 1, "id": "goodjeff", "content": ": \u56e0\u70ba\u53ea\u6709\u4e94\u8072\u97f3\u968e"}, {"type": 1, "id": "Julian9x9x9", "content": ": \u5403\u6211\u7684\u4f0f\u7fb2\u795e\u5929\u97ff"}, {"type": 0, "id": "woaifafewen", "content": ": \u5357\u7ba1\u4e0d\u5dee \u53f0\u7063\u4e5f\u5f88\u591a\u4eba\u5b78"}, {"type": 0, "id": "SnakeO", "content": ": \u897f\u65b9\u53e4\u5178\u97f3\u6a02\u63a5\u53d7\u5ea6\u6709\u5f88\u9ad8\u55ce?"}, {"type": 1, "id": "luciffar", "content": ": \u5b97\u6559\u5427 \u6559\u6703 \u8a69\u6b4c\u9019\u4e9b\u7684"}, {"type": 0, "id": "SnakeO", "content": ": \u5927\u90e8\u5206\u7684\u4eba\u4e0d\u90fd\u662f\u807d\u6d41\u884c\u97f3\u6a02\u55ce@@"}, {"type": 0, "id": "Julian9x9x9", "content": ": \u597d\u5566\u8a8d\u771f\u8aaa\u6211\u89ba\u5f97\u4e0d\u5b8c\u5168\u662f\u4f5c\u54c1\u6df1\u5ea6"}, {"type": 1, "id": "pucca068", "content": ": \u53ea\u80fd\u7528\u4e94\u500b\u97f3\u628a\u81ea\u5df1\u7d81\u6b7b\uff5e"}, {"type": 1, "id": "friedrich", "content": ": \u897f\u65b9\u53e4\u5178\u6a02\u4e0d\u53ea\u662f\u85dd\u8853 \u9084\u662f\u79d1\u5b78\u3002"}, {"type": 0, "id": "Julian9x9x9", "content": ": \u554f\u984c \u4e3b\u8981\u662f\u83ef\u4eba\u5f88\u5c11\u5c0d\u85dd\u8853\u5bb6\u6709\u8a72\u6709"}, {"type": 0, "id": "Julian9x9x9", "content": ": \u7684\u5c0a\u91cd"}, {"type": 0, "id": "pucca068", "content": ": \u897f\u65b9\u807d\u53e4\u5178\u6a02\u662f\u7fd2\u6163\uff5e\u53bb\u770b\u4e00\u4e0b\u85a9\u723e\u8332\u5821"}, {"type": 0, "id": "pucca068", "content": ": \u97f3\u6a02\u7bc0\u6709\u591a\u53d7\u6b61\u8fce\uff5e"}, {"type": 0, "id": "pucca068", "content": ": \u97f3\u6a02\u5e95\u5c64\u662f\u79d1\u5b78\u554a\uff5e\u5b8c\u5168\u6c92\u932f\uff5e"}, {"type": 1, "id": "luciffar", "content": ": \u897f\u65b9\u6a02\u5668\u88fd\u4f5c\u5de5\u85dd\u4e5f\u6bd4\u8f03\u9ad8\u53ef\u4ee5\u5b8c\u6574\u6f14\u594f"}, {"type": 0, "id": "luciffar", "content": ": \u5341\u4e8c\u500b\u97f3"}, {"type": 0, "id": "KurakiMaki", "content": ": \u4f60\u7684\u897f\u65b9\u5f88\u5927\u8036\uff0c\u77e5\u9053\u6709\u5e7e\u570b\u55ce\uff1f"}, {"type": 1, "id": "darkbrigher", "content": ": \u4e2d\u570b\u6a02\u8b5c\u5f88\u5c11\u6d41\u50b3"}, {"type": 0, "id": "KurakiMaki", "content": ": \u6771\u65b9\u4e5f\u4e0d\u53ea\u6709\u4e2d\u570b\u554a..."}, {"type": 0, "id": "KurakiMaki", "content": ": \u4f60\u7684\u6bd4\u8f03\u65b9\u5f0f\u6703\u4e0d\u6703\u592a\u504f\u9817\uff1f"}, {"type": 0, "id": "darkbrigher", "content": ": \u800c\u4e14\u5730\u4f4d\u4f4e \u88ab\u7a31\u70ba\u4e0b\u4e5d\u6d41"}, {"type": 1, "id": "pucca068", "content": ": \u800c\u4e14\u4e2d\u570b\u7528\u7c21\u8b5c\uff5e\u8ddf\u4e94\u7dda\u8b5c\u5b8c\u5168\u4e0d\u80fd\u6bd4\uff5e"}, {"type": 0, "id": "pucca068", "content": ": \u4f5c\u66f2\u5bb6\u5beb\u66f2\u5b50\u7684\u8907\u96dc\u5ea6\u5c31\u5dee\u8d85\u591a\u4e86\uff5e"}, {"type": -1, "id": "pauljet", "content": ": \u62ff\u4e94\u97f3\u8ddf\u4e03\u97f3\u6bd4\uff1f"}, {"type": 0, "id": "luciffar", "content": ": \u4e2d\u570b\u662f\u7528\u6587\u5b57\u8b5c\u4e0d\u662f\u7c21\u8b5c \u800c\u4e14\u7c21\u8b5c\u6bd4\u8f03"}, {"type": 0, "id": "luciffar", "content": ": \u79d1\u5b78\u597d\u5b78 \u597d\u50cf\u662f\u8fd1\u4ee3\u65e5\u672c\u4eba\u767c\u660e\u7684"}, {"type": 1, "id": "WeGoYuSheng", "content": ": \u897f\u65b9\u7684\u97f3\u6a02\u662f\u79d1\u5b78"}, {"type": 0, "id": "WeGoYuSheng", "content": ": \u554a\u9760\u524d\u9762\u4e5f\u6709\u4eba\u8ddf\u6211\u8b1b\u4e00\u6a23XD"}, {"type": 0, "id": "rv0918", "content": ": \u4f60\u6307\u7684\u662f\u6709\u79d1\u5b78\u5316\u7684\u97f3\u6a02\u90e8\u5206\u554a \u5982\u679c\u662f\u6709\u4e9b"}, {"type": 0, "id": "rv0918", "content": ": \u9748\u4fee\u985e\u7684\u97f3\u6a02 \u6771\u65b9\u5c4c\u8650 \u751a\u81f3\u897f\u65b9\u4f86\u6771\u65b9\u5b78"}, {"type": 0, "id": "rv0918", "content": ": \u6240\u4ee5\u5404\u6709\u6240\u9577\u5566"}, {"type": 0, "id": "luciffar", "content": ": \u6d41\u884c\u97f3\u6a02\u5c31\u662f\u62dc\u7c21\u8b5c\u624d\u80fd\u6d41\u50b3\u90a3\u9ebc\u5feb\u901f\u7684"}, {"type": 0, "id": "rv0918", "content": ": \u5149\u662f\u6309\u6469 \u82b3\u7642 \u745c\u4f3d  \u79aa\u4fee \u653e\u9b06\u97f3\u6a02 \u5f88\u591a"}, {"type": 0, "id": "rv0918", "content": ": \u90fd\u662f\u6771\u65b9\u98a8\u683c\u7684"}, {"type": 0, "id": "luciffar", "content": ": \u51a5\u60f3\u97f3\u6a02\u90fd\u5f88\u7c21\u55ae\u5427 \u5c31\u9577\u97f3\u5f88\u5e73\u7a69\u4e0d\u8907\u96dc"}, {"type": 0, "id": "generic", "content": ": \u91cd\u8996\u7a0b\u5ea6\u5b8c\u5168\u4e0d\u540c"}, {"type": 0, "id": "luciffar", "content": ": \u5df4\u54c8\u4e2d\u53e4\u4e16\u7d00\u5c31\u7528\u6578\u5b78\u5728\u8a08\u7b97\u97f3\u6a02\u4e86"}, {"type": 0, "id": "rv0918", "content": ": \u73fe\u5728\u5f88\u591a\u653e\u9b06\u97f3\u6a02\u90fd\u662f\u5373\u8208\u6f14\u51fa\u7684 \u6a02\u5668\u6771\u65b9"}, {"type": 0, "id": "rv0918", "content": ": \u88fd\u4f5c\u7684\u8a71\u4e0d\u6703\u53bb\u523b\u610f\u8abf\u97f3 \u53ef\u662f\u897f\u65b9\u6703\u523b\u610f\u8abf"}, {"type": 0, "id": "rv0918", "content": ": \u97f3 \u5f88\u660e\u986f\u7684\u601d\u7dad\u6709\u5dee"}, {"type": 0, "id": "f1731025", "content": ": \u88ab\u65e5\u672c\u8d85\u8eca \u8b8a\u5f97\u66f4\u7d93\u5178 \u771f\u7684\u6158"}, {"type": 0, "id": "pigwayne", "content": ": \u8aaa\u5be6\u5728\u5168\u4e16\u754c\u90fd\u897f\u5316\u4e86 \u53ea\u662f\u7a0b\u5ea6\u6709\u5225\u800c\u5df2"}, {"type": 1, "id": "christopherl", "content": ": \u7f8e\u570b\u7684\u50b3\u7d71\u97f3\u6a02\u662f\uff1f"}, {"type": 0, "id": "sjclivelo", "content": ": \u97f3\u7b26\u90fd\u5c11\u5169\u500b \u8981\u600e\u9ebc\u8d0f"}, {"type": 0, "id": "gwenwoo", "content": ":  \u4e2d\u5171\u6b66\u5668=\u75c5\u6b7b\u8c6c+\u4e94\u6bdb+\u5783\u573e ~\u98c4\u6d0b\u904e\u6d77~"}], "post_ip": "42.77.29.160", "post_content": "\n\u5b89\u5b89\n\n\u4e2d\u570b\u865f\u7a31\u4e94\u5343\u5e74\u7684\u6b77\u53f2\uff0c\u97f3\u6a02\u4e5f\u81ea\u7136\u96a8\u8457\u4e0d\u540c\u671d\u4ee3\u6f14\u5316\u6210\u4e0d\u540c\u7684\u98a8\u683c\u3002\n\n\u4f46\u597d\u50cf\u5728\u97f3\u6a02\u754c\u4e2d\uff0c\u4e3b\u6d41\u88ab\u5927\u5bb6\u63a5\u53d7\u7684\u662f\u897f\u65b9\u7684\u7684\u53e4\u5178\u97f3\u6a02\u3002\n\n\u5230\u5e95\u66fe\u5e7e\u4f55\u6642\u897f\u65b9\u53e4\u5178\u5c4c\u6253\u4e2d\u570b\u97f3\u6a02\u5462\uff1f\n\n--\n\u9ebb\u7169\u63a8\u85a6\u4e00\u4e0b\n\u96fb\u5f71\u914d\u6a02 \u9023\u7e8c\u5287\u7b49\u7b49\u5e38\u807d\u5230\u4e0d\u4e0d\u5c11\u53e4\u5178\u97f3\u6a02\u7576\u63d2\u66f2\u554a\n\u203b \u7de8\u8f2f: peter02as (42.77.29.160 \u81fa\u7063), 08/27/2019 00:05:58\n"}