{"ptt_id": "jerry9233", "post_url": "https://www.ptt.cc/bbs/Gossiping/M.1563321241.A.BB1.html", "post_type": "\u554f\u5366", "post_title": "\u7576\u521dNvidia\u600e\u9ebc\u628a3dfx\u5e79\u7ffb\u7684\uff1f", "post_time": "2019-07-17 07:53:59", "post_score": 9, "post_pushes": [{"type": 0, "id": "DongWooNeKo", "content": ": \u4e0d\u60f3\u770b"}, {"type": 0, "id": "ivorysoap", "content": ": \u56e0\u70ba3dfx \u4e0d\u80af\u958b\u653e\u6676\u7247\u8b93\u5927\u5bb6\u4e00\u8d77\u8cfa"}, {"type": 0, "id": "ivorysoap", "content": ": \u518d\u4f86\u5c31DIRECT 3D\u7684\u51fa\u73fe"}, {"type": 1, "id": "kinmenGD", "content": ": 3dfx\u5f8c\u4f86\u6253\u7b97\u81ea\u7522\u81ea\u92b7 \u628a\u4e4b\u524d\u5408\u4f5c\u7684\u5361\u677f"}, {"type": 0, "id": "kinmenGD", "content": ": \u696d\u8005\u7576\u767d\u75f4......\u9444\u4e0b\u6557\u4ea1\u7684\u5927\u932f"}, {"type": 0, "id": "ivorysoap", "content": ": \u8b93\u4e0d\u75283dfx\u6676\u7247\u7684\u4e5f\u80fd\u958b\u767c3d game"}, {"type": 0, "id": "catatonic", "content": ": 3dfx....\u597d\u8001\u5594"}, {"type": 0, "id": "ivorysoap", "content": ": \u7c21\u55ae\u8aaa 3dfx\u592a\u8caa\u4e86 \u81ea\u627e\u7684"}, {"type": 1, "id": "chinhan1216", "content": ": \u6975\u5ba2\u7063\u6709\u505a\u4e00\u96c6\u4ecb\u7d39"}, {"type": 0, "id": "raku", "content": ": 3dfx\u5546\u696d\u7b56\u7565\u5931\u6557 \u7522\u54c1\u7814\u767c\u4e5f\u8f38\u4eba"}, {"type": 0, "id": "ivorysoap", "content": ": VOODOO3 \u4e4b\u524d \u6676\u7247\u662f\u958b\u653e\u7684"}, {"type": 0, "id": "chinhan1216", "content": ": 3dfx\u6280\u8853\u8f38 \u53c8\u53ea\u60f3\u81ea\u5df1\u505a\u986f\u5361\u5f97\u7f6a\u4eba"}, {"type": 0, "id": "chinhan1216", "content": ": \u70ba\u4e86\u4e0a\u5e02\u5f97\u7f6asega"}, {"type": 0, "id": "doubleperson", "content": ": A\u724c\u6c92\u4f60\u8b1b\u7684\u4e0d\u582a\uff0c\u4eba\u5bb6CP\u503c\u5c4c\u8650n\u724c"}, {"type": 0, "id": "doubleperson", "content": ": \u3002 \u5594\uff0c\u5c0d\u4e86\uff0c\u6211n\u724c\u7528\u5341\u5e74\u4ee5\u4e0a\uff0cA"}, {"type": 0, "id": "doubleperson", "content": ": \u724c\u7528\u4e00\u5e74\u4e86"}, {"type": 0, "id": "doubleperson", "content": ": \u5e72\uff0c\u6211\u4ee5\u70ba\u4f60\u8b1bA\u724c\uff0csorry"}, {"type": 1, "id": "aowen", "content": ": \u8166\u5305\u9ad8\u5c64"}, {"type": 1, "id": "sugigu", "content": ": \u60f3\u8981\u81ea\u5e79\u554a \u63a8\u8cb4\u68ee\u68ee\u539f\u5ee0\u5361\u4e4b\u5f8c\u5c31\u5012\u4e86"}, {"type": 0, "id": "roywow", "content": ": A\u7cde\u7b11\u6b7b== \u9019\u908a\u4e5f\u5d29\u6f70"}, {"type": 1, "id": "Vincent8026", "content": ": \u60f3\u81ea\u5df1\u505a\u5361\uff0c\u8caa"}, {"type": 1, "id": "violegrace", "content": ": https://youtu.be/JsVfKeJKJu0"}, {"type": 1, "id": "b9211028", "content": ": \u9589\u9580\u9020\u5361"}, {"type": 1, "id": "juicedrink", "content": ": voodoo banshee 2D+3D\u8b9a"}, {"type": 1, "id": "somopuff", "content": ": \u5deb\u6bd2\u81ea\u7206"}], "post_ip": "123.195.152.216", "post_content": "\n\u5982\u984c \u5404\u4f4d\u65e9\u5b89\n\u73fe\u5728nvidia \u5df2\u7d93\u662fgpu\u5e02\u5834\u7684\u9f8d\u982d\u8001\u5927\uff0c\u751f\u7522\u7684\u986f\u5361\u529f\u8017\u8ddf\u6548\u80fd\u5c4c\u6253\u53e6\u4e00\u5bb6\u7684\u986f\u5361\uff0c\u7522\u54c1\n\u7684\u50f9\u683c\u5340\u9593\u4e5f\u662f\u5200\u6cd5\u76f8\u7576\u7cbe\u6e96\uff0c\u8b93\u4eba\u4e0d\u77e5\u4e0d\u89ba\u5c31\u76f4\u4e0a\u9802\u7d1a\u7248\uff0c\u6bcf\u4ee3\u540c\u7d1a\u7522\u54c1\u4e5f\u662f\u5e74\u5e74\u6f32\u50f9\n\uff0c\u63d0\u5347\u7522\u54c1\u7684\u5c0a\u7235\u4e0d\u51e1\u611f\n\n\u4f46\u662f\u57281990-2000\u5e74\u4ee3\u6709\u53e6\u4e00\u5bb6\u6280\u8853\u66f4\u5f37 \u8cc7\u672c\u66f4\u591a\u7684\u516c\u53f83dfx,\u751f\u7522\u7684\u5deb\u6bd2\u5361\u4e5f\u662f\u76f8\u7576\u53d7\n\u5230\u6b61\u8fce\uff0c\u4f46\u662f\u5f8c\u4f86nvidia \u63a8\u51fa\u7684GeForce 256 \u5e7e\u4e4e\u628a\u4ed6\u5e79\u7ffb \uff0c\u6700\u5f8c\u5fae\u8edfxbox\u4e5f\u4e0d\u8ddf3dfx\n\u5408\u4f5c\n\n\u6709\u6c92\u67093dfx\u600e\u9ebc\u628a\u6eff\u624b\u597d\u724c\u6253\u58de\u7684\u516b\u5366\uff1f\n\n--\n\u203b \u7de8\u8f2f: jerry9233 (114.137.165.201 \u81fa\u7063), 07/17/2019 08:03:10\n"}