{"ptt_id": "mefenamic", "post_url": "https://www.ptt.cc/bbs/Gossiping/M.1566121043.A.DA1.html", "post_type": "\u554f\u5366", "post_title": "\u5bb6\u5ead\u6708\u6536\u516510\u842c\u9069\u5408\u751f\u5c0f\u5b69\u55ce\uff1f", "post_time": "2019-08-18 17:37:21", "post_score": 166, "post_pushes": [{"type": 1, "id": "applejone", "content": ": \u5341\u842c\u5176\u5be6\u4e0d\u591a"}, {"type": 0, "id": "a50104", "content": ": \u5225\u5bb3\u4eba\u597d\u4e0d\u5bb9\u6613\u6295\u80ce\u53c8\u8981\u53d7\u56f0\u597d\u55ce"}, {"type": 1, "id": "Satansblessi", "content": ": \u53f0\u5317\u4e0d\u9069\u5408"}, {"type": 0, "id": "jim924211", "content": ": \u53ef\u4ee5\u5427\uff0c\u6211\u540c\u4e8b\u4ed6\u5011\u96d9\u85aa10\u842c\u904e\u5f97\u5c0f\u8212"}, {"type": -1, "id": "Delyan", "content": ": \u4f60\u9019\u6a23\u4e0d\u751f \u96e3\u904e\u53f0\u7063\u4eba\u53e3\u8ca0\u6210\u9577"}, {"type": 0, "id": "jim924211", "content": ": \u9069\u963f"}, {"type": 0, "id": "popy8789", "content": ": \u5f88\u9069\u5408"}, {"type": 1, "id": "moneygg", "content": ": \u770b\u6709\u6c92\u6709\u623f\u8cb8"}, {"type": 0, "id": "jim924211", "content": ": \u963f\uff0c\u4e0d\u904e\u8ddf\u63a8\u6587\u8aaa\u7684\u4e00\u6a23\uff0c\u53f0\u5317\u4e0d\u9069\u5408"}, {"type": 0, "id": "ev331", "content": ": \u5bb6\u88e1\u6709\u623f \u623f\u9593\u5920\u5c31\u53ef\u4ee5"}, {"type": -1, "id": "totte", "content": ": \u4e0d\u9069\u5408 \u592a\u592a\u89c0\u5ff5\u6b63\u78ba"}, {"type": 0, "id": "ev331", "content": ": \u592a\u592a\u85aa\u6c34\u592a\u4f4e \u4ed6\u5011\u770b\u6709\u6c92\u6709\u8fa6\u6cd5\u4e00\u500b\u670813\u842c"}, {"type": 1, "id": "MacBookAir1", "content": ": \u4e0d\u9069\u5408\uff0c\u7c97\u990a300-500 \u842c\uff0c\u5bcc\u990a\u8b80\u570b"}, {"type": -1, "id": "viger", "content": ": \u5bb6\u5ead\u6536\u5165\u5341\u842c\u4e5f\u592a\u9b6f\u4e86\u5427\u2026"}, {"type": 0, "id": "MacBookAir1", "content": ": \u5167\u5927\u5b78\u81f3\u5c111000\uff0c\u518d\u52a0\u51fa\u570b\u8b80\u7814\u7a76\u624050"}, {"type": 1, "id": "versailles94", "content": ": \u6211\u670b\u53cb\u53ea\u9760\u55ae\u85aa3\u842c\u751f\u4e86\u5169\u500b\u6b38"}, {"type": 0, "id": "MacBookAir1", "content": ": 0\uff0c\u5982\u679c\u51fa\u570b\u8b80\u5927\u5b78\u5230\u7814\u7a76\u6240\u81f3\u5c112000"}, {"type": 0, "id": "ev331", "content": ": \u9b6f\u4e09\u5c0f"}, {"type": 0, "id": "yanluan", "content": ": \u4e0d\u8981\u751f\uff0c\u672a\u4f86\u5b69\u5b50\u65e5\u5b50\u5f88\u96e3\u904e\uff0c\u9664\u975e\u7559\u5e7e"}, {"type": 0, "id": "yanluan", "content": ": \u5343\u842c\u5bb6\u7522\u8ddf\u623f\u5b50\u4e00\u68df"}, {"type": 0, "id": "ev331", "content": ": \u592a\u592a\u516c\u52d9\u54e1\u61c9\u8a72\u5c31ok\u5566"}, {"type": 1, "id": "waloloo", "content": ": \u5167\u5730\u9084\u53ef\u4ee5\uff0c\u53f0\u5317\u4e0d\u884c"}, {"type": 1, "id": "cchart", "content": ": \u53ef\u4ee5\u5566\uff0c\u7bc0\u7701\u7528\u5f88\u8db3\u5920\u4e86"}, {"type": 0, "id": "jim924211", "content": ": \u5bb6\u5ead\u6536\u516510\u842c\u5728\u53f0\u7063\u61c9\u8a72\u662f\u4e2d\u9ad8\u6a19\u4e86\u5427"}, {"type": 1, "id": "squard", "content": ": \u6211\u56db\u842c\u751f\u4e09\u500b\u5c0f\u5b69"}, {"type": 0, "id": "jim924211", "content": ": \u9084\u9b6f=.="}, {"type": 0, "id": "Iron56", "content": ": \u5bb6\u5ead\u6536\u516510\u842c\u4e0d\u932f\u4e86\u5566"}, {"type": 1, "id": "sourbait", "content": ": 10\u842c \u653f\u5e9c\u90fd\u8981\u8ddf\u4f60\u62bd\u7a05\u4e86 \u600e\u9ebc\u6703\u4e0d\u5920"}, {"type": 1, "id": "realmd", "content": ": \u6709\u623f\u53ef,\u7121\u623f\u5c31\u7b97\u4e86"}, {"type": 1, "id": "AFTER25", "content": ": \u4e09\u842c\u4e5f\u53ef\u4ee5\u751f\uff0c\u770b\u4f60\u60f3\u904e\u600e\u6a23\u7684\u751f\u6d3b\u54c1\u8cea"}, {"type": 0, "id": "ev331", "content": ": \u4e00\u5806\u623f\u79df\u90fd\u8d85\u904e\u4e00\u842c \u5bb6\u88e1\u6709\u623f\u5c31\u6c92\u554f\u984c"}, {"type": 0, "id": "cchart", "content": ": \u6559\u597d\u4e00\u9ede\u4e00\u8def\u570b\u7acb\u6e38\u5203\u6709\u9918"}, {"type": 0, "id": "jason138", "content": ": \u904e\u4e0d\u53bb\u7684\u662f\u751f\u6d3b\u591a\u5962\u83ef\u2026"}, {"type": -1, "id": "Delyan", "content": ": \u73fe\u5728\u7684\u4eba\u592a\u70ba\u81ea\u5df1\u6d3b\u4e86 \u904e\u592a\u723d"}, {"type": 1, "id": "lapis1999", "content": ": \u5b8c\u5168\u4e0d\u5920"}, {"type": 0, "id": "waloloo", "content": ": \u770b\u53f0\u7063\u662f\u4e2d\u6a19\uff0c\u53f0\u5317\u6bd4\u8ca7\u6236\u9084\u6158"}, {"type": 1, "id": "JohnLackey", "content": ": \u81f3\u5c1115\u624d\u80fd\u751f\u5427"}, {"type": 0, "id": "waloloo", "content": ": \u6c92\u8ca7\u6236\u793e\u798f\uff0c\u958b\u92b7\u53c8\u5927"}, {"type": 1, "id": "MoWilliams", "content": ": \u4ee5\u524d\u4e0d\u5230\u4e09\u842c\u90fd\u80fd\u751f\u4e86 \u5341\u842c\u70ba\u4f55\u4e0d\u884c\uff1f"}, {"type": 1, "id": "elacon", "content": ": \u592b\u59bb\u90fd\u5de5\u4f5c\u52a0\u8d77\u4f86\u53ea\u6709\u5341\u842c\u7684\u8a71\u5f88\u62fc"}, {"type": 0, "id": "elacon", "content": ": \u5982\u679c\u4e08\u592b\u4e00\u500b\u4eba\u5c31\u5341\u842c\u90a3\u5b8c\u5168\u6c92\u554f\u984c"}, {"type": 0, "id": "aisitelu", "content": ": 10\u842c \u5982\u679c\u8981\u8cb7\u9084\u53ef\u4ee5\u7684\u623f \u8981\u7701\u5403\u5109\u7528"}, {"type": -1, "id": "josemora", "content": ": \u5efa\u8b70\u63db\u4e00\u500b\u8001\u5a46"}, {"type": 0, "id": "diabolica", "content": ": \u4e0d\u9069\u5408"}, {"type": 1, "id": "squard", "content": ": \u6211\u56db\u842c\u751f\u4e09\u500b\uff0c\u70ba\u4f55\u4e0d\u80fd\u751f\u963f?"}, {"type": 1, "id": "silvertime", "content": ": \u53f0\u5317\u55ce\uff1f \u6708\u516520\u4ee5\u4e0a\u6211\u624d\u6562\u751f\u4e00\u500b= ="}, {"type": 1, "id": "jasd1786", "content": ": 10\u53ef\u4ee5\u554a\uff0c\u770b\u5728\u54ea"}, {"type": 1, "id": "memory0527", "content": ": \u53f0\u5317\u5f88\u96e3"}, {"type": 1, "id": "zephyr105", "content": ": \u76ae\u86cb\u662f\u6bcd\u7684\u4e0d\u60f3\u751f \u6211\u770b\u96e2\u4e00\u96e2\u5427"}, {"type": 1, "id": "renu186667", "content": ": \u53f0\u5317\u5e02\u96e3\uff0c\u5176\u5b83\u5730\u65b9\u4e0d\u6311\u623f\u9084\u904e\u5f97\u53bb"}, {"type": 1, "id": "ramirez", "content": ": \u53f0\u5317\u4e0d\u9069\u5408 \u5357\u90e8hen\u53ef\u4ee5"}, {"type": 0, "id": "MoWilliams", "content": ": \u73fe\u5728\u5c0f\u5b69\u6709\u6bd4\u4ee5\u524d\u96e3\u990a\u55ce \u554f\u4e00\u4e0b"}, {"type": 1, "id": "taco13", "content": ": \u5bb6\u5ead\u6708\u653623\u842c\u53ea\u6562\u751f\u4e00\u500b"}, {"type": 1, "id": "peggy345", "content": ": \u7537\u65b9\u7236\u6bcd\u592a\u96f7\u4e86 \u5403\u5b9a\u5152\u5b50\u90a3\u7a2e"}, {"type": 0, "id": "aisitelu", "content": ": \u4f60\u60f3\u8ddf8+9\u4e00\u6a23\u96a8\u4fbf\u990a\u7576\u7136\u5f88\u7c21\u55ae\u554a"}, {"type": 0, "id": "renu186667", "content": ": \u5982\u679c\u8001\u5a46\u53ea\u6709\u4e09\u842c\u4e0d\u5982\u7576\u5168\u8077\u5abd\u5abd\u81ea\u5df1"}, {"type": 0, "id": "renu186667", "content": ": \u5e36"}, {"type": 0, "id": "peggy345", "content": ": \u800c\u4e14\u4e00\u76f4\u5f37\u8abf\u5cb3\u5bb6\u6709\u9322 \u611f\u89ba\u5c31\u662f\u751f\u51fa\u4f86"}, {"type": 0, "id": "peggy345", "content": ": \u5230\u6642\u5019\u6c92\u9322\u5f37\u8feb\u5cb3\u5bb6\u8cc7\u52a9"}, {"type": 1, "id": "hasegawa", "content": ": \u63db\u8001\u5a46"}, {"type": -1, "id": "xxxluke", "content": ": \u5efa\u8b70\u990a\u72d7\u5c31\u597d"}, {"type": 1, "id": "u9596g12", "content": ": \u770b\u623f\u8cb8\u8eca\u8cb8\u6709\u6c92\u6709\u8981\u7e73 \u4e0d\u7528\u5c31\u53ef\u4ee5\u751f"}, {"type": 1, "id": "mecca", "content": ": \u4e00\u5806\u9375\u76e4\u990a\u5c0f\u5b69"}, {"type": 1, "id": "Combatant", "content": ": \u5e73\u5747\u85aa\u8cc7\u4e94\u842c \u96d9\u85aa\u5341\u842c\u5df2\u7d93\u662f\u5e73\u5747\u6c34\u6e96"}, {"type": 0, "id": "zucca", "content": ": \u6211\u54e5\u5ac2\u6c92\u5341\u842c\u90fd\u751f\u5169\u500b\u4e86"}, {"type": 0, "id": "Combatant", "content": ": \u4e4b\u4e0a\u4e86\u597d\u55ce...  \u9019\u6a23\u9084\u4e0d\u80fd\u990a\u662f\u8981\u591a\u5c11"}, {"type": 0, "id": "Combatant", "content": ": \u624d\u80fd\u990a"}, {"type": 0, "id": "zucca", "content": ": \u4e0d\u904e\u5c0f\u5b69\u662f\u6211\u7238\u5abd\u8ddf\u6211\u5e6b\u5fd9\u5e36"}, {"type": 0, "id": "zucca", "content": ": \u6c92\u6709\u82b1\u5230\u4fdd\u6bcd\u8cbb"}, {"type": 0, "id": "aisitelu", "content": ": \u91cd\u9ede\u5c31\u662f\u6709\u6c92\u6709\u8981\u8cb7\u623f\u62c9 1\u5343\u842c\u7684\u623f"}, {"type": 1, "id": "koxinga", "content": ": \u53ef\u4ee5\u597d\u55ce\uff1f"}, {"type": 1, "id": "ChungLi5566", "content": ": \u623f\u8cb8\u4e94\u842c \u751f\u6d3b\u8cbb\u4e00\u4eba\u4e00\u842c"}, {"type": 0, "id": "aisitelu", "content": ": \u81ea\u5df1\u7b97\u8981\u9084\u591a\u4e45"}, {"type": 1, "id": "astroaceg", "content": ": \u4f60\u6f0f\u4e86\u91cd\u9ede\uff0c\u4ed6\u5011\u6c92\u6709\u623f\u3002"}, {"type": 0, "id": "ChungLi5566", "content": ": \u4e00\u9593\u623f\u5b50\u5927\u6982\u7b49\u65bc\u4e09\u500b\u5c0f\u5b69"}, {"type": 1, "id": "ptt987654321", "content": ": \u6c92\u623f\u5594 \u5225\u751f\u60f9 \u6709\u623f10\u842c\u53ef\u4ee5\u60f9"}, {"type": 1, "id": "wylscott", "content": ": \u81ea\u5df1\u6709\u623f\u7684\u8a71 \u7701\u4e00\u9ede\u53ef\u4ee5\u751f"}, {"type": 0, "id": "u9596g12", "content": ": \u592a\u592a\u89c0\u5ff5\u975e\u5e38\u6b63\u78ba\u5594 \u990a\u4e0d\u8d77\u4e0d\u8981\u5831\u5fa9\u793e\u6703"}, {"type": -1, "id": "prankcc", "content": ": \u5efa\u8b70\u7d50\u7d2e"}, {"type": 1, "id": "bigbirdfly", "content": ": \u8001\u5a46\u4e0d\u60f3\u5c0f\u5b69\u6d3b\u7684\u8f9b\u82e6   \u7d66\u7261\u8823"}, {"type": 1, "id": "NTULioner", "content": ": \u770b\u623f\u5b50\u963f"}, {"type": 0, "id": "NTULioner", "content": ": \u4e0d\u7528\u623f\u79df\u623f\u8cb8 \u5c31\u5f88\u5920"}, {"type": 1, "id": "remember246", "content": ": \u6708\u85aa10\u842c\u751f\u4e00\u500b\uff0c20\u842c\u751f\u5169\u500b\u3002"}, {"type": 1, "id": "squard", "content": ": \u56db\u842c\u5c31\u53ef\u4ee5\u751f\u4e86\u5566 \u4e00\u5806\u4e0d\u751f\uff0c\u4ee5\u5f8c\u5c11\u5b50\u600e\u8fa6"}, {"type": -1, "id": "penny1119", "content": ":"}, {"type": 1, "id": "huskysaga", "content": ": \u9019\u660e\u986f\u5c31\u592a\u592a\u62d6\u6cb9\u74f6 \u8001\u516c\u61c9\u8a72\u53e6\u53d6\u5713\u5922"}, {"type": 0, "id": "huskysaga", "content": ": \u96e2\u5a5a\u5427"}, {"type": 1, "id": "snsd1223", "content": ": \u5176\u5be6\u751f\u4e86\u5f8c\uff0c\u600e\u6a23\u90fd\u60f3\u5f97\u51fa\u4f86\u6d3b\u4e0b\u53bb"}, {"type": 1, "id": "siyaoran", "content": ": \u8ddf\u8001\u516c\u8a0e\u8ad6\u5b5d\u89aa\u8cbb\u6709\u5c0f\u5b69\u5c31\u4e0d\u7d66\u4e86"}, {"type": 1, "id": "clamperni", "content": ": \u592a\u4f4e\u5566"}, {"type": 0, "id": "squard", "content": ": \u4f60\u8981\u77e5\u9053\uff0c\u5c11\u5b50\u5316\u662f\u9019\u4e00\u4ee3\u5e74\u8f15\u4eba\u8981\u627f\u64d4"}, {"type": 0, "id": "zucca", "content": ": \u70ba\u4ec0\u9ebc\u4e00\u5b9a\u8981\u8cb7\u623f?"}, {"type": 1, "id": "lukeworld", "content": ": \u53f0\u5317\u4ee5\u5916\u53ef\u4ee5"}, {"type": 0, "id": "iam0718", "content": ": \u5728\u53f0\u7063 \u751f\u51fa\u4f86\u4e00\u5b9a\u990a\u7684\u4e86"}, {"type": -1, "id": "silentence", "content": ": \u91ab\u7642\u4fdd\u96aa\u662f\u8981\u4fdd\u591a\u8cb4"}, {"type": 0, "id": "nimby", "content": ": \u4f60\u770b\u932f\u4e86\uff0c\u662f\u7537\u65b9\u8981\u4ed8\u539f\u751f\u5bb6\u623f\u8cb8\u5169\u842c\uff0c\u800c\u4e14"}, {"type": 0, "id": "nimby", "content": ": \u4ed6\u7236\u6bcd\u6c92\u4fdd\u96aa\uff0c\u4ee5\u5f8c\u9084\u8981\u4ed8\u5b5d\u89aa\u8cbb\uff0c\u800c\u4e14\u662f\u6d88"}, {"type": 0, "id": "nimby", "content": ": \u9632\u54e1\uff0c\u53c8\u60f3\u8cb7\u81ea\u5df1\u7684\u623f"}, {"type": 1, "id": "stu10807", "content": ": \u592a\u5c11"}, {"type": 1, "id": "evamyth", "content": ": \u6700\u591a\u4e00\u500b"}, {"type": 1, "id": "kyoiori2580", "content": ": \u6c92\u623f\u8cb8\u5dee\u5f88\u591a"}, {"type": 1, "id": "wtfhell", "content": ": \u5bb6\u5ead\u6536\u5165\u4e0d\u91cd\u8981\u554a \u751f\u4e00\u500b\u6211\u5abd\u7d66\u62111000\u8f15"}, {"type": 0, "id": "wtfhell", "content": ": \u9b06\u5beb\u610f"}, {"type": 0, "id": "silentence", "content": ": \u770b\u623f\u8cb8\u652f\u51fa\u624d\u77e5\u9053\u5566 \u5475\u5475"}, {"type": 0, "id": "peggy345", "content": ": \u539f\u4f86\u662f\u6d88\u9632\u5916\u52e4 \u96e3\u602a\u8001\u5a46\u4e0d\u60f3\u751f"}, {"type": 0, "id": "ytw8216", "content": ": \u4e0d\u7528\u7e73\u623f\u8cb8\u548c\u4fdd\u59c6\u8cbb\uff0c\u5341\u842c\u9084\u5920"}, {"type": 0, "id": "peggy345", "content": ": \u9019\u7a2e\u80b2\u5152\u4e00\u5b9a\u662f\u55ae\u6253\u7368\u9b25"}, {"type": -1, "id": "kenlin0105", "content": ": op"}, {"type": 0, "id": "phenix1014", "content": ": \u623f\u8cb8\u8eca\u8cb8\u5462"}, {"type": 0, "id": "ev331", "content": ": \u6d88\u9632\u53ef\u4ee5\u4e86\u5566 \u5728\u5357\u90e8\u53ef\u4ee5\u904e\u5f88\u723d"}, {"type": -1, "id": "popgsct", "content": ": \u5c31\u8001\u5a46\u60f3\u904e\u723d\u65e5\u5b50\uff0c\u6c92\u4ec0\u9ebc\u597d\u8aaa"}, {"type": 1, "id": "jwy", "content": ": \u592a\u5c11"}, {"type": 1, "id": "gene51604", "content": ": \u5c31\u662f\u611b\u5c0f\u5b69\u624d\u4e0d\u60f3\u751f\u554a \u9322\u4e0d\u5920\u5c31\u7576\u5974\u96b8"}, {"type": 1, "id": "smileswan", "content": ": \u73fe\u5728\u4e00\u500b\u4eba\u8d85\u904e20\uff0c\u4f46\u662f\u53ea\u60f3\u990a\u4e00\u500b"}, {"type": 1, "id": "peggy345", "content": ": \u8aaa\u8001\u5a46\u53ea\u60f3\u723d\u7684\u6709\u990a\u904e\u5c0f\u5b69\u55ce\uff1f"}, {"type": 1, "id": "feliz5566", "content": ": 10\u842c\u751f1\u500b\u9084\u884c\u5427"}, {"type": 1, "id": "stupidje", "content": ": \u8cc7\u8a0a\u8981\u7d66\u5b8c\u6574\uff0c\u7537\u65b9\u5bb6\u88e12\u8001\u672a\u523060\u5c31\u9000\u531d"}, {"type": 0, "id": "nakomone", "content": ": \u6709\u623f\u5b50\u6c92\u8cb8\u6b3e\u53ef\u4ee5"}, {"type": 0, "id": "stupidje", "content": ": \u5f8c\u5b5d\u89aa\u3001\u9577\u7167\u3001\u91ab\u7642\u90fd\u662f\u7537\u65b9\u8981\u51fa\u7684\u9322\u3002`"}, {"type": 0, "id": "stupidje", "content": ": \u9632\u54e1\uff0c\u5973\u65b9\u8166\u888b\u6e05\u695a\u4e0d\u751f\u662f\u5c0d\u7684"}, {"type": 1, "id": "byrt", "content": ": \u5f88\u8f9b\u82e6\u5594"}, {"type": 0, "id": "peggy345", "content": ": \u771f\u7684 \u6d88\u9632\u54e1\u53c8\u6c92\u5132\u84c4 \u4e0d\u751f\u624d\u662f\u5c0d\u7684"}, {"type": 0, "id": "alliana", "content": ": \u770b\u4f4f\u54ea\uff0c\u6709\u6c92\u6709\u7121\u623f\u8cb8\u7684\u623f\u5b50\u3002"}, {"type": -1, "id": "Harionago", "content": ": \u767d\u7661\u554f\u984c"}, {"type": -1, "id": "cordeliatai", "content": ": \u4f60\u6c92\u770b\u7537\u7684\u9084\u5e6b\u7236\u6bcd\u4ed8\u623f\u8cb8\u55ce\uff1f"}, {"type": 1, "id": "yeh0416", "content": ": \u7aae\u990a\u4e5f\u662f\u53ef\u4ee5\u554a"}, {"type": 0, "id": "ali210", "content": ": \u7537\u539f\u751f\u5bb6\u5ead\u5169\u8001\u662f\u5927\u9322\u5751\u624d\u662f\u9019\u5c0d\u7684\u4e3b\u8981\u554f"}, {"type": 0, "id": "ali210", "content": ": \u984c"}, {"type": 1, "id": "crustancean", "content": ": \u5065\u5eb7\u9577\u5927\u9019\u9322\u6839\u672c\u8db3\u5920\u597d\u55ce\uff1f\u53c8\u4e0d\u662f\u6559"}, {"type": 0, "id": "yeh0416", "content": ": \u5225\u4eba\u5c0f\u5b69\u6691\u5047\u51fa\u570b \u4f60\u5e36\u4f60\u5bb6\u5c0f\u5b69\u53bb\u901b\u611b\u8cb7"}, {"type": 0, "id": "crustancean", "content": ": \u80b2\u8cbb"}, {"type": 0, "id": "cordeliatai", "content": ": \u8cc7\u8a0a\u4e0d\u7d66\u6e05\u695a\u5230\u5e95\u662f\u4ec0\u9ebc\u76ee\u7684\uff1f"}, {"type": 1, "id": "fransiceyho", "content": ": \u8cb7\u623f\u5b50\u5c31\u990a\u4e0d\u8d77\u4e86"}, {"type": 1, "id": "korzen", "content": ": \u6709\u623f\u4f4f\u5c31\u6c92\u554f\u984c \u751f\u4e0d\u4e0b\u53bb\u7684\u90fd\u662f\u623f\u8cb8\u623f\u79df"}, {"type": 0, "id": "fransiceyho", "content": ": \u4e00\u5343\u842c\u623f\u8cb8\u8cb7\u6708\u7e73\u56db\u842c\u53c3\u8003\u4e00\u4e0b"}, {"type": 1, "id": "peggy345", "content": ": \u7aae\u990a\u4e0d\u5982\u4e0d\u8981\u990a \u5982\u679c\u8981\u8981\u6211\u5c0f\u5b69\u8ddf\u6211\u7ae5\u5e74"}, {"type": 1, "id": "yel203zxc", "content": ": \u9084\u597d\u5427\uff0c\u6211\u5bb6\u5dee\u4e0d\u591a\uff0c\u5169\u500b\u5c0f\u5b69\u4e5f\u662f\u570b\u7acb"}, {"type": -1, "id": "popgsct", "content": ": \u5e36\u5c0f\u5b69\u51fa\u570b\u5e79\u561b\uff1f\u9577\u5927\u5c31\u5fd8\u4e86"}, {"type": 0, "id": "yel203zxc", "content": ": \u524d\u9762\u5927\u5b78\u7562\u696d"}, {"type": 0, "id": "peggy345", "content": ": \u4e00\u6a23\u6691\u5047\u53ea\u80fd\u5403\u5927\u8ce3\u5834\u724c\u6ce1\u9eb5\u7576\u4e09\u9910 \u6211\u7d55"}, {"type": 0, "id": "yel203zxc", "content": ": \u8a72\u6709\u7684\u6709"}, {"type": 0, "id": "peggy345", "content": ": \u5c0d\u4e0d\u6703\u751f"}, {"type": 1, "id": "rommel046", "content": ": \u6211\u5b5d\u89aa\u5169\u842c \u623f\u8cb8\u5169\u842c\u4e94 \u751f\u5169\u500b \u4f46\u662f\u5f88"}, {"type": 0, "id": "rommel046", "content": ": \u8f9b\u82e6"}, {"type": 1, "id": "lawabe", "content": ": \u975e\u96d9\u5317\u52a0\u6e1b\u990a \u5c31\u662f\u5e73\u51e1\u9577\u5927\u9019\u6a23"}, {"type": 1, "id": "crustancean", "content": ": \u5e36\u5c0f\u5b69\u51fa\u570b\u73cd\u771fd\u6d6a\u8cbb \u4ed6\u53ea\u6703\u8a18\u5f97\u81ea\u5df1"}, {"type": 0, "id": "crustancean", "content": ": \u53bb\u7684"}, {"type": 1, "id": "dinel7821967", "content": ": \u5357\u90e8\u53ef"}, {"type": -1, "id": "lukelove", "content": ": \u6c92\u6709\u623f"}, {"type": 1, "id": "chocopoodle", "content": ": \u5973\u65b9\u89c0\u5ff5\u6b63\u78ba"}, {"type": 1, "id": "ex876", "content": ": \u6709\u623f\u6709\u7522\u53ef\u7e7c\u627f\u7576\u7136\u53ef\u4ee5"}, {"type": 1, "id": "fransiceyho", "content": ": \u5728\u5317\u90e8\u8cb7\u623f \u6536\u5165\u4e00\u534a\u7d66\u623f\u8cb8\u5403\u6389\u4e86"}, {"type": 1, "id": "han77920", "content": ": \u52c9\u5f37\u53ef\u4ee5"}, {"type": 1, "id": "wcpsgb", "content": ": \u770b\u592b\u59bb\u5169\u4eba\u7684\u5bb6\u5ead\u652f\u51fa\u5427\uff1f\u5982\u679c\u4e00\u500b\u6708\u9918\u88d5"}, {"type": 0, "id": "wcpsgb", "content": ": \u4e94\u842c\u4ee5\u4e0a\u6211\u89ba\u5f97\u5c31\u53ef\u4ee5\u723d\u723d\u751f"}, {"type": 1, "id": "nk", "content": ": \u6c92\u623f\u79df\u58d3\u529b\u53ef  \u6709\u7684\u8a71\u4e5f\u53ef \u53ea\u662f\u8981\u4f4f\u5c0f \u58d3\u529b\u5927"}, {"type": 1, "id": "dodomilk", "content": ": \u5341\u842c\u751f\u51fa\u4f86\u6839\u672c\u6c92\u9322\u6c92\u6642\u9593\u683d\u57f9"}, {"type": 0, "id": "dodomilk", "content": ": \u9577\u5927\u4e5f\u53ea\u662f\u7d66\u4eba\u7576\u5974\u96b8\uff0c\u82e6\u7684\u53ea\u662f\u5c0f\u5b69"}, {"type": -1, "id": "soyghcg", "content": ": \u990a\u5c0f\u5b69\u54ea\u6709\u9019\u9ebc\u82b1\u9322 \u5927\u4eba\u82b1\u7684\u9084\u6bd4\u8f03\u591a"}, {"type": 1, "id": "tanby", "content": ": \u770b\u5728\u54ea\u88e1 \u6709\u6c92\u6709\u623f\u8cb8"}, {"type": 0, "id": "dodomilk", "content": ": \u4e0d\u82b1\u9322\u4e00\u6a23\u80fd\u990a\uff0c\u990a\u5927\u4f86\u7d66\u4eba\u505a\u5974\u96b8\u800c\u5df2"}, {"type": 0, "id": "soyghcg", "content": ": \u990a\u5230\u9ad8\u4e2d\u7562 \u54ea\u9700\u8981\u82b1\u5f88\u591a"}, {"type": 0, "id": "kevin1221", "content": ": \u9019\u6a23\u9084\u80fd\u7bc0\u4e5f\u6eff\u731b\u7684\uff0c\u6c92\u623f\u5b50\u73fe\u5728\u8ab0\u8981"}, {"type": 0, "id": "soyghcg", "content": ": \u5b78\u6b77\u9ad8 \u4e5f\u4e0d\u4e00\u5b9a\u5c31\u4e0d\u662f\u5974\u96b8\u5566"}, {"type": 0, "id": "turtle24", "content": ": \u9577\u8f29\u5e6b\u5fd9\u5e36 \u5b5d\u89aa\u8cbb\u7d66\u591a\u4e00\u9ede\u5c31ok"}, {"type": 1, "id": "sjayyan", "content": ": \u6c9230\u90fd\u4e0d\u7528\u60f3"}, {"type": 1, "id": "rayxg", "content": ": \u9084\u597d\u5566\u7aae\u990a\u5bcc\u990a\u90fd\u8981\u6559\u80b2"}, {"type": 0, "id": "soyghcg", "content": ": \u4e0d\u662f\u8ca1\u52d9\u81ea\u7531 \u54ea\u500b\u4e0d\u662f\u91d1\u9322\u7684\u5974\u96b8?"}, {"type": 0, "id": "yanluan", "content": ": \u9084\u8981\u8003\u616e\u4f60\u5b69\u5b50\u8981\u5de5\u4f5c\uff0c\u90fd204x\u5e74\u4e86\uff0c\u90a3"}, {"type": 0, "id": "yanluan", "content": ": \u6642\u5019\u8001\u4eba\u90fd\u898130%\uff0c\u4e00\u5806\u8001\u4eba\u8981\u990a"}, {"type": 1, "id": "jeffky", "content": ": \u6703\u9019\u6a23\u554f\u7684\u5c31\u4e0d\u8981\u751f\u4e86\u5427\u3002"}, {"type": 0, "id": "officina", "content": ": \u5c31\u7b97\u9322\u5920 \u4f60\u89ba\u5f97\u53f0\u7063\u672a\u4f86\uff1f\u5927\u74b0\u5883\u6703\u5f71\u97ff"}, {"type": 0, "id": "officina", "content": ": \u4ed6\u7684\u767c\u5c55\u8ddf\u4eba\u683c\u990a\u6210 \u9084\u6709\u592b\u59bb\u6709\u591a\u5c11\u6642\u9593"}, {"type": 0, "id": "officina", "content": ": \u53ef\u4ee5\u548c\u5c0f\u5b69\u4e92\u52d5 \u5c0f\u5b69\u4e0d\u662f\u751f\u4e86\u5c31\u4e1f\u7d66\u5b78\u6821"}, {"type": 1, "id": "iamsosorry", "content": ": \u96d9\u5317\u4ee5\u5916\u61c9\u8a72\u90fd\u662f\u723d\u723d\u904e\u5566 \u751f\u4e00\u500b\u53ef\u4ee5"}, {"type": 0, "id": "ppptofff", "content": ": \u8a8d\u771f\u56de\u6211\u89ba\u5f97\u4e00\u500b\u53ef\u4ee5 \u4e0d\u80fd\u518d\u591a"}, {"type": 0, "id": "ppptofff", "content": ": \u800c\u4e14\u904e\u7684\u4e5f\u4e0d\u81f3\u65bc\u592a\u7bc0\u5109\u5230\u96e3\u53d7"}, {"type": 0, "id": "ppptofff", "content": ": \u5076\u723e\u53ef\u4ee5\u6709\u5962\u4f88\u7684\u82b1\u8cbb"}, {"type": 1, "id": "hsiao28", "content": ": \u4f60\u6c92\u8aaa\u5230\u5148\u751f\u7684\u8077\u696d\uff0c\u9084\u6709\u5148\u751f\u7684\u7236\u6bcd\u6c92"}, {"type": 0, "id": "hsiao28", "content": ": \u6709\u4fdd\u96aa\uff0c\u4ee5\u5f8c\u6709\u9577\u7167\u9700\u6c42\u4e5f\u662f\u8003\u91cf\u539f\u56e0\u4e4b\u4e00"}, {"type": -1, "id": "soyghcg", "content": ": \u7b11\u6b7b\u4eba \u66f4\u591a\u4e1f\u7d66\u88dc\u7fd2\u73ed\u52d2"}, {"type": 1, "id": "officina", "content": ": \u98df\u7269\u8c50\u6c9b\uff08\u4ee5\u4eba\u8aaa\u5c31\u4e3b\u8981\u662f\u9322\u5427\uff1f\uff09\u7576\u7136"}, {"type": 0, "id": "soyghcg", "content": ": \u624d\u5728\u90a3\u908a\u9760\u676f \u990a\u5c0f\u5b69\u5f88\u82b1\u9322"}, {"type": 0, "id": "officina", "content": ": \u751f\u80b2\u7387/\u5b58\u6d3b\u7387\u5c31\u6703\u63d0\u9ad8 \u4f46\u5982\u679c\u74b0\u5883\u4e0d\u5c0d"}, {"type": 0, "id": "officina", "content": ": \u5f88\u591a\u52d5\u7269\u5c31\u662f\u6703\u505c\u6b62\u751f\u80b2 \u9019\u4e5f\u5f88\u6b63\u5e38\u7684"}, {"type": 0, "id": "officina", "content": ": \u6c34\u65cf\u7f38\u7684\u7d05\u84ee\u71c8 \u4f60\u990a\u5f97\u518d\u80a5 \u4e5f\u4e0d\u6703\u751f\u7684"}, {"type": 1, "id": "TWidpd", "content": ": \u5341\u842c\u9084\u4e0d\u80fd\u990a \u600e\u6a23\u624d\u80fd\u990a"}, {"type": 1, "id": "Eric0605", "content": ": \u53f0\u5317\u4e0d\u884c \u5176\u4ed6\u61c9\u8a72\u53ef\u4ee5"}, {"type": 1, "id": "rufus7", "content": ": 10\u842c\u5f88\u5920\u4e86\u5427 \u6771\u897f\u4e0d\u8981\u4e82\u8cb7 \u8cb7\u582a\u7528\u7684\u5c31\u884c`"}, {"type": 0, "id": "rufus7", "content": ": \u5927\u5bb6\u662f\u628a\u81ea\u5df1\u5c0f\u5b69\u7576\u738b\u5b50\u516c\u4e3b\u5728\u990a\u5594"}, {"type": 1, "id": "officina", "content": ": \u91cd\u9ede\u662f\u4ed6\u592a\u592a\u89ba\u5f97\u4e0d\u9069\u5408 \u90a3\u5c31\u5c0a\u91cd\u500b\u4eba"}, {"type": -1, "id": "s87269x", "content": ": \u5341\u842c\u8981\u7e73\u6771\u7e73\u897f\u9084\u662f\u5b8c\u5168\u53ef\u81ea\u7531\u904b\u7528\u5dee\u5f88\u591a"}, {"type": 1, "id": "hultese", "content": ": \u592a\u592a\u85aa\u6c34\u592a\u4f4e \u81f3\u5c11\u4e5f\u8981\u4e94\u842c\u5427"}, {"type": -1, "id": "WWIII", "content": ": \u592a\u5c11 \u9802\u591a\u990a\u5df4\u897f\u9f9c \u8ddf\u9b25\u9b5a"}, {"type": 1, "id": "i83154867", "content": ": \u5dee\u4e0d\u591a\u5566\uff0c\u4e00\u5806\u6bd4\u8457\u4f4e\u5f88\u591a\u7684\u9084\u751f"}, {"type": 0, "id": "bsunset", "content": ": \u751f\u4e86\u6703\u6709\u8ddf\u516c\u5a46\u4f4f\u7684\u5371\u96aa\uff5e\u6240\u4ee5\u4e0d\u9069\u5408"}, {"type": 0, "id": "cayalst", "content": ": \u592a\u592a\u60f3\u751f \u751f\u5b8c\u9806\u4fbf\u4e0d\u7528\u5de5\u4f5c\u500b\u5e7e\u5e74 \u8070\u660e"}, {"type": 1, "id": "menshuei", "content": ": \u5c0f\u5b69\u5f88\u82b1\u9322\uff0c\u81f3\u5c11\u8981\u6709\u4e00\u7b46\u767e\u842c\u7d1a\u7684\u5b58\u6b3e"}, {"type": 0, "id": "menshuei", "content": ": \u5099\u7528\uff0c\u4e0d\u7136\u5973\u65b9\u53ef\u80fd\u6700\u5c11\u4e00\u5e74\u6c92\u6536\u5165\uff1b\u6c92"}, {"type": 0, "id": "menshuei", "content": ": \u751f\u904e\u7684\u7576\u7136\u89ba\u5f97\u5341\u842c\u5f88\u591a\u554a\u3002"}, {"type": 0, "id": "menshuei", "content": ": \u990a\u4e00\u500b\u5b69\u5b50\u53c8\u4e0d\u662f\u53ea\u6709\u967d\u5149\u7a7a\u6c23\u6c34\u800c\u5df2\u3002"}, {"type": 1, "id": "pipiayin", "content": ": \u9019\u500b\u6536\u5165\u8981\u79df\u623f \u9084\u6709\u53ef\u80fd\u8981\u8ca0\u64d4\u7236\u6bcd"}, {"type": 0, "id": "pipiayin", "content": ": \u771f\u7684\u4e0d\u8981\u73fe\u5728\u751f\u6bd4\u8f03\u597d"}, {"type": 1, "id": "nullife", "content": ": \u5bb6\u5ead\u6708\u6536\u516510w\u7d66\u4f60\u8cfa25-65\uff0c\u7e3d\u517110*12*4"}, {"type": 0, "id": "nullife", "content": ": 0=4800\u4f60\u81ea\u5df1\u7b97\u4ee5\u4e0b\u4f60\u53ef\u4ee5\u7528\u591a\u5c11\uff0c\u53ef\u4ee5"}, {"type": 0, "id": "nullife", "content": ": \u6295\u8cc7\u5c0f\u5b69\u591a\u5c11"}, {"type": 0, "id": "mouse07", "content": ": \u95dc\u4f60\u5c41\u4e8b"}, {"type": 0, "id": "OyAlbert", "content": ": \u53f0\u5317\u4ee5\u5916\u5176\u5be6ok\uff0c\u751f\u6d3b\u54c1\u8cea\u7565\u4e0b\u964d"}, {"type": 1, "id": "beta0907", "content": ": \u56db\u842c\u4e2d\u5357\u90e8\u53ef\u4ee5 \u5317\u90e8\u9913\u6b7b"}, {"type": 0, "id": "z030060374", "content": ": \u623f\u8cb8\u7e73\u5b8c\u518d\u4f86\u8aaa \u4e0d\u8981\u903c\u6b7b\u81ea\u5df1"}, {"type": 1, "id": "Formalin", "content": ": \u5341\u842c\u5927\u6982\u5c0f\u670b\u53cb\u5c0f\u5b78\u6703\u88ab\u9738\u51cc\u5427\u54c8\u54c8\u54c8"}, {"type": 0, "id": "cafeiouiou", "content": ": \u9ad8\u96c4\u96d9\u85aa\u4e94\u842c\u521d\u4e5f\u662f\u751f\u5169\u500b\u7684\uff0c\u6c92\u90a3\u9ebc"}, {"type": 1, "id": "c40110y", "content": ": \u53f0\u5317\u4e0d\u884c"}, {"type": 0, "id": "cafeiouiou", "content": ": \u96e3\u5566\uff0c\u7701\u9ede\u5c31\u597d"}, {"type": 1, "id": "dodo577", "content": ": \u53f0\u5317\u4e0d\u9069\u5408"}, {"type": 1, "id": "offstage", "content": ": \u8d85\u6709\u9322\u4eba\u624d\u9700\u8981\u5e6b\u5c0f\u5b69\u4fdd\u96aa"}, {"type": 0, "id": "aasslleepp", "content": ": \u7763\u9032\u53bb\u5c31\u751f\u4e86    \u6015\u5565\u5c0f"}, {"type": 1, "id": "DALUGI", "content": ": \u592a\u592a\u6536\u5165\u592a\u5c11\u4e86...."}, {"type": 1, "id": "brad0104", "content": ": \u53f0\u5317\u7684\u8a71\u4e0d\u884c \u4e2d\u5357\u90e8\u53ef\u4ee5\u8003\u616e"}, {"type": 0, "id": "offstage", "content": ": \u5a36\u500b\u6708\u85aa\u516d\u842c\u7684\u592a\u592a\uff0c\u751f\u6d3b\u54c1\u8cea\u6703\u597d\u5f88\u591a"}, {"type": 1, "id": "apolloapollo", "content": ": \u5176\u5be6\u5f88\u5c11"}, {"type": 1, "id": "KKB", "content": ": \u5341\u842c\u6c92\u8cb8\u6b3e\u5f88\u5920\u4e86 \u60f3\u751f\u8981\u5feb \u4ee5\u5f8c\u751f\u4e0d\u51fa\u4e00\u8f29\u5b50"}, {"type": 0, "id": "KKB", "content": ": \u907a\u61be"}, {"type": 1, "id": "squarerinoa", "content": ": Ptt\u81f3\u5c11\u90fd20\u842c\u8d77\u8df3\u624d\u751f"}, {"type": 1, "id": "bureka", "content": ": \u4ec0\u9ebc\u90fd\u8981\u7d66\u7684\u5f88\u5b8c\u6574\uff0c10\u842c\u771f\u7684\u4e0d\u5920"}, {"type": -1, "id": "hunter05469", "content": ": \u4f60\u6839\u672c\u6c92\u63d0\u5230\u7537\u65b9\u7236\u6bcd\u672a\u4f86\u7167\u8b77\u554f\u984c"}, {"type": 1, "id": "frank75623", "content": ": \u6709\u5fc3\u5c31\u80fd\u751f\u4e86\uff0c\u4e00\u5806\u96d9\u85aa\u4e0d\u523010\u842c\u9084\u4e0d"}, {"type": 1, "id": "yeashieh", "content": ": \u621114\u842c \u990a\u4e00\u500b\u6c92\u623f\u8cb8 \u904e\u5f97\u5f88\u8f9b\u82e6"}, {"type": 1, "id": "dyyang", "content": ": \u6211\u5011\u592b\u59bb\u90fd\u53f0\u5317\u4eba18\u842c\u4e0d\u6562\u751f"}, {"type": -1, "id": "a180310444a", "content": ": \u5c0f\u5b69\u91ab\u7642\u4fdd\u96aa?\u9019\u5973\u7684\u662f\u8166\u6b98\u5427"}, {"type": 1, "id": "kamisanma", "content": ": \u770b\u8ca0\u50b5\u554a\u3002\u7aae\u4eba\u5c31\u4e0d\u8981\u5e7b\u60f3\u80fd\u7d66\u5c0f\u5b69\u904e\u591a"}, {"type": 0, "id": "kamisanma", "content": ": \u597d\u7684\u751f\u6d3b"}, {"type": 1, "id": "o1o1o", "content": ": --------------\u4ee5\u4e0b\u958b\u653e\u751f\u904e\u7684------------"}, {"type": 1, "id": "peggy345", "content": ": \u4e00\u5806\u558a\u591a\u5c11\u591a\u5c11\u5c31\u80fd\u751f\u7684 \u662f\u4ee5\u70ba\u6bcf\u5929\u585e\u500b"}, {"type": 0, "id": "peggy345", "content": ": 100\u7d66\u5b30\u5152\u4ed6\u5c31\u6703\u81ea\u5df1\u8655\u7406\u5403\u559d\u62c9\u6492\u55ce\uff1f\u5f88"}, {"type": 1, "id": "DKPCOFGS", "content": ": \u6c92\u670920\u842c\u9084\u662f\u990a\u990a\u5bf5\u7269\u5c31\u597d \u5225\u5bb3\u5c0f\u5b69"}, {"type": 0, "id": "peggy345", "content": ": \u591a\u9ad8\u85aa\u662f\u7528\u9ad8\u5de5\u6642\u62fc\u51fa\u4f86\u7684 \u90a3\u7a2e\u8981\u600e\u9ebc\u80b2"}, {"type": 0, "id": "peggy345", "content": ": \u5152\uff1f"}, {"type": 1, "id": "edwardtp", "content": ": \u5c0f\u5b69\u4e1f\u7d66\u4fdd\u6bcd\u990a..\u5c31\u7b97\u6708\u6536\u767e\u842c\u90fd\u4e0d\u9069\u5408"}, {"type": -1, "id": "chienyu2001", "content": ": \u5bb6\u5ead.......\u5225\u5bb3\u5c0f\u5b69\u597d\u55ce"}, {"type": 0, "id": "romeie06", "content": ": \u8b1b\u7684\u597d\u50cf\u8981\u570b\u7acb\u6709\u5565\u96e3\u7684\u4e00\u6a23"}, {"type": 1, "id": "feb7923", "content": ": \u53f0\u5317\u6c92\u623f10\u842c\u6709\u9ede\u8f9b\u82e6"}, {"type": 1, "id": "lisimanthus", "content": ": \u662f\u6211\u6211\u4e0d\u60f3"}, {"type": 0, "id": "lisimanthus", "content": ": \uff08\u5728\u53f0\u5317\u7684\u8a71\uff09"}, {"type": 0, "id": "Nishikino252", "content": ": \u6c92\u8cb8\u6b3e\u8ca0\u50b5\u9084\u884c"}, {"type": -1, "id": "ppttpptt", "content": ": \u9084\u8001\u5a46\uff0c\u771f\u7684\uff0c\u73fe\u4ee3\u4eba\u6bcf\u500b\u4e0d\u8981\u8cac\u4efb\uff0c\u4f46"}, {"type": 0, "id": "ppttpptt", "content": ": \u4ec0\u9ebc\u723d\u7684\u90fd\u8981"}, {"type": 0, "id": "ppttpptt", "content": ": \u63db"}, {"type": 1, "id": "james1539", "content": ": \u4e00\u5806\u9ad8\u6a19\u6e96XD\uff0c\u96e3\u602a\u53f0\u842c\u751f\u80b2\u7387\u9019\u9ebc\u4f4e"}, {"type": -1, "id": "a594020419", "content": ": \u5e6b\u7236\u6bcd\u4ed8\u623f\u8cb8\uff1f"}, {"type": -1, "id": "kamayer", "content": ": \u4f60\u6c92\u63d0\u5230\u5973\u65b9\u5bb6\u88e1\u6c92\u9577\u7167\u554f\u984c \u7537\u65b9\u5bb6\u88e1\u6709"}, {"type": -1, "id": "cordeliatai", "content": ": \u4f60\u6839\u672c\u6a19\u984c\u6bba\u4eba"}, {"type": 1, "id": "s7503228", "content": ": \u8981\u662f\u4f60\u4e0d\u6703\u6210\u70ba\u570b\u5bb6\u7684\u6210\u672c \u570b\u5bb6\u5c31\u6703\u6210\u70ba"}, {"type": 0, "id": "s7503228", "content": ": \u4f60\u7684\u6210\u672c \u63a8\u4e0d\u751f"}, {"type": 1, "id": "mutom", "content": ": \u6709\u5730\u65b9\u4f4f\u7684\u8a71\uff0c\u5176\u5be6\u5f88\u53ef\u4ee5"}, {"type": 1, "id": "lin0129", "content": ": \u8981\u4e0d\u8981\u5148\u7b97\u4e00\u4e0b\u662f\u4e0d\u662f\u4e00\u8f29\u5b50\u4e0d\u8cb7\u623f\uff1f"}, {"type": 1, "id": "kenji047", "content": ": 3\u842c\u723d\u723d\u751f"}, {"type": -1, "id": "PttDreaming", "content": ": \u6708\u516510\u842c\u6c92\u57fa\u672c\u751f\u6d3b\u6c34\u6e96\u9a19\u8096\u6b38\u54e6"}, {"type": 1, "id": "enock11", "content": ": \u7537\u65b9\u7236\u6bcd\u89aa \u662f\u8cb7\u591a\u8cb4\u7684\u623f\u5b50"}, {"type": 0, "id": "lin0129", "content": ": \u5982\u679c\u8981\u5b8c\u6574\u4e00\u9ede\uff0c\u990a\u5230\u51fa\u793e\u6703800\u842c\u5427"}, {"type": 0, "id": "kamayer", "content": ": \u4f60\u7684\u6a19\u984c\u5f88\u53f0\u7063\u8a18\u8005\u6c34\u6e96\u4e00"}, {"type": 1, "id": "jimmy115", "content": ": \u6709\u623fok \u6c92\u623f\u5225\u5bb3\u4eba"}, {"type": 0, "id": "neoa01", "content": ": \u6c92\u623f\u8eca\u8cb8\u623f\u79df\u7b49\uff0c1\u500b\u5427\uff1f"}, {"type": 0, "id": "lin0129", "content": ": \u5305\u542b\u9001\u5230\u570b\u5916\u5538\u5b8c\u78a9\u58eb"}, {"type": -1, "id": "icelaw", "content": ": \u6211\u670b\u53cb\u96d9\u85aa\u5171\u516d\u842c \u990a\u4e09\u500b"}, {"type": 0, "id": "Aurestor", "content": ": \u63a8\u6587\u662f\u90fd\u5bcc\u4e8c\u4ee3\u55ce\uff1f \u6211\u5011\u5bb6\u6536\u5165\u6c92\u904e\u5341\u842c"}, {"type": 0, "id": "Aurestor", "content": ": \u6211\u9084\u4e0d\u662f\u597d\u597d\u7684\u9577\u5927\u4e86"}, {"type": 0, "id": "icelaw", "content": ": 35k+25k"}, {"type": 0, "id": "icelaw", "content": ": \u7aae\u4eba\u7aae\u990a\uff0c\u6015\u4ec0\u9ebc"}, {"type": 1, "id": "NewPassat", "content": ": 20\u842c\u624d\u80fd\u751f\u5427"}, {"type": 1, "id": "atapu", "content": ": \u4ed6\u96d6\u7136\u85aa\u6c34\u670970k\u4f46\u662f\u6263\u6389\u7d66\u7236\u6bcd\u7684 \u5176\u5be6\u4ed6\u85aa"}, {"type": 0, "id": "atapu", "content": ": \u6c34\u624d45k\u800c\u5df2 \u800c\u4e14\u6703\u96a8\u8457\u7236\u6bcd\u5e74\u7d00\u589e\u52a0\u958b\u59cb\u75be"}, {"type": 0, "id": "atapu", "content": ": \u75c5\u91ab\u7642 \u4ed6\u7684\u85aa\u6c34\u6703\u6253\u6298\u66f4\u591a \u9664\u975e\u4ed6\u8abf\u85aa\u7684\u901f"}, {"type": 0, "id": "atapu", "content": ": \u5ea6\u8ffd\u5f97\u4e0a\u4ed6\u7236\u6bcd\u7684\u82b1\u9322\u901f\u5ea6 \u8981\u561b\u60f3\u8fa6\u6cd5\u7406\u8ca1"}, {"type": 0, "id": "atapu", "content": ":  \u8981\u561b\u63db\u500b\u66f4\u6703\u8cfa\u7684\u8001\u5a46"}, {"type": -1, "id": "cordeliatai", "content": ": \u4ed6\u7684\u4e03\u842c\u9084\u8981\u4ed8\u7236\u6bcd\u7684\u623f\u8cb8\uff0c\u7136\u5f8c\u7236"}, {"type": 0, "id": "peggy345", "content": ": \u5728\u90a3\u908a\u5634\u81ea\u5df1\u9084\u4e0d\u662f\u9577\u5927\u7684 \u4f60\u6703\u60f3\u751f\u55ce\uff1f"}, {"type": 0, "id": "cordeliatai", "content": ": \u6bcd\u6c92\u6709\u4fdd\u96aa\u8036"}, {"type": 1, "id": "redyu", "content": ": \u6709\u623f\u6709\u8eca\u7686\u7121\u8cb8\uff0c10\u842c\u5f88\u8212\u9069\u4e86..."}, {"type": 1, "id": "jimmyasd456", "content": ": \u770b\u4f4f\u54ea\u5427"}, {"type": 1, "id": "dougie", "content": ": \u7167\u9019\u6a23\u8aaa\u6cd5\uff0c\u5168\u53f0\u7063\u5927\u6982\u4e00\u534a\u4ee5\u4e0a\u90fd\u4e0d\u7528\u751f"}, {"type": 1, "id": "citronlemon", "content": ":  \u7e3d\u6536\u5165\u5341\u842c\u4f46\u7121\u623f\uff0c\u9084\u662f\u6d17\u6d17\u7761\u5427"}, {"type": 1, "id": "onion1030", "content": ": \u6211\u5bb67\u842c\u90fd\u751f\u5169\u500b\u4e86"}, {"type": 1, "id": "gjo3i", "content": ": \u4e00\u5806\u53eb\u4eba\u4e0d\u8981\u751f\u7684\uff0c\u4e5f\u4e0d\u770b\u770b\u81ea\u5df1\u7236\u6bcd\uff0c\u518d\u770b"}, {"type": 0, "id": "gjo3i", "content": ": \u770b\u81ea\u5df1"}, {"type": 1, "id": "menshuei", "content": ": \u689d\u4ef6\u5c31\u662f\u9019\u9ebc\u82db\u523b\u963f\uff0c\u6240\u4ee5\u5168\u53f0\u7063\u8d85\u904e\u4e00"}, {"type": 0, "id": "menshuei", "content": ": \u534a\u4e0d\u5a5a\u4e0d\u751f\uff0c\u9019\u662f\u4e8b\u5be6\u3002"}, {"type": 1, "id": "facio124", "content": ": \u5357\u90e8\u61c9\u8a72ok"}, {"type": 1, "id": "noname78531", "content": ": \u770b\u5730\u65b9 \u5357\u90e8\u9109\u4e0b\u53ef\u4ee5 \u53f0\u5317\u592a\u5c11"}, {"type": 1, "id": "lmf770410", "content": ": \u53ef\u4ee5 \u4f46\u5c31\u525b\u597d"}, {"type": 1, "id": "kingyes", "content": ": \u7b49\u623f\u8cb8\u4ed8\u5b8c\u518d\u751f 10\u842c\u751f1-2\u500b\u90fd\u53ef\u4ee5 \u4e0d\u7136"}, {"type": 0, "id": "kingyes", "content": ": \u5c31\u5148\u4e00\u500b \u7b49\u5728\u85aa\u6c34\u591a\u4e00\u9ede\u518d\u751f\u4e00\u500b"}, {"type": 1, "id": "CT204R", "content": ": \u4e0d\u9069\u5408"}, {"type": 1, "id": "poo1989", "content": ": \u53f0\u5317\u7684\u8a71\u53ea\u80fd1\u500b"}, {"type": 1, "id": "gg889g8", "content": ": \u6709\u623f\u8cb8\u4e0d\u884c\u592a\u786c \u6c92\u6709\u53ef\u4ee5"}, {"type": 1, "id": "ColaLing", "content": ": \u6c92\u623f\u8cb8\u7684\u8a71\u53ef\u4ee5\u751f \u6709\u7d55\u5c0d\u4e0d\u884c"}, {"type": 1, "id": "IHD", "content": ": \u770b\u6709\u6c92\u6709\u4e2d\u5947\u884c\u7a2e\u5427 \u5c0d\u81ea\u5df1\u7684\u7a2e\u4fe1\u5fc3\u5920\u55ce?"}, {"type": 0, "id": "IHD", "content": ": \u518d\u4f86\u5c31\u662f\u6bcd\u8a9e\u554f\u984c \u6bcd\u8a9e\u5f37\u5927\u55ce? \u9019\u4e5f\u5dee\u5f88\u591a"}, {"type": 0, "id": "daye2012", "content": ": \u6797\u5fd7\u73b245\u624d\u6e96\u5099\u751f\uff0c\u5c31\u597d\u597d\u5b78\u5427\uff0c\u54c8\u54c8"}, {"type": 1, "id": "bigbigcc", "content": ": \u6709\u623f\u8cb8\u7d55\u5c0d\u4e0d\u884c \u9664\u975e\u4f60\u60f3\u8b93\u4f60\u5c0f\u5b69\u4ee5\u5f8c\u6068"}, {"type": 0, "id": "bigbigcc", "content": ": \u4f60 \u73fe\u5728\u6c92\u8cc7\u6e90\u751f\u51fa\u4f86\u53ea\u662f\u8b93\u5c0f\u5b69\u6068\u4f60\u800c\u5df2"}, {"type": -1, "id": "eqhibiki", "content": ": \u70ab\u8000\u6587\u55ce"}, {"type": -1, "id": "ldeathkiller", "content": ": \u7d50\u5a5a\u9084\u8981\u7d66\u5b5d\u89aa\u8cbb \u9019\u7a2e\u7236\u6bcd\u9084\u771f\u6050"}, {"type": 0, "id": "ldeathkiller", "content": ": \u6016"}, {"type": 0, "id": "kess", "content": ": \u592a\u592a3\u842c\u9084\u5c41\u8a71\u4e00\u5806......"}, {"type": 1, "id": "swatchcat", "content": ": \u5f88\u53ef\u4ee5\u4e86\u5566"}, {"type": 1, "id": "x1134b", "content": ": \u6211\uff0c\u53f0\u4e2d\uff0c\u53ef\u4ee5"}, {"type": -1, "id": "bc1007", "content": ": \u6211\u5c0f\u6642\u5019\u5bb6\u88e1\u4ec0\u9ebc\u90fd\u6c92\u9084\u4e0d\u662f\u4e00\u6a23\u9577\u5230\u73fe\u5728"}, {"type": 1, "id": "a0930192264", "content": ": \u96d9\u5317\u4ee5\u5916\u53ef\u4ee5"}, {"type": 1, "id": "booloo", "content": ": \u592a\u592a\u8cfa\u592a\u5c11\u53c8\u4e0d\u60f3\u751f\uff0c\u9019\u4e0d\u5c31\u662f\u5178\u578b\u53f0\u5973\u55ce?"}, {"type": 1, "id": "aiweisen", "content": ": \u4e0d\u9069\u5408 \u6211\u8aaa \u592a\u592a\u4e0d\u9069\u5408\u4f60"}, {"type": 1, "id": "AAA891216", "content": ": \u9069\u5408\u554a......"}, {"type": 0, "id": "jones2011", "content": ": \u5317\u90e8\u4ee5\u5916\u53ef\u80fd\u53ef\u4ee5"}, {"type": 1, "id": "cholly90512", "content": ": \u591a\u5c11\u9322\u591a\u5c11\u990a\u6cd5\u800c\u5df2\u554a= ="}, {"type": 0, "id": "buwa56", "content": ": \u4f4f\u54ea\u88e1\u6709\u5dee"}, {"type": 1, "id": "Zombieslayer", "content": ": \u6700\u591a\u751f\u4e00\u500b \u4e0d\u7136\u5f88\u6158"}, {"type": 0, "id": "SquareFang", "content": ": \u5c0f\u5b69\u6b20\u4f60\u591a\u5c11 \u4f60\u8981\u751f\u4ed6\u51fa\u4f86"}, {"type": 0, "id": "CumCumCum", "content": ": \u5c4f\u6771ok"}, {"type": 1, "id": "knight0121", "content": ": \u4e0d\u9069\u5408"}, {"type": 1, "id": "kendavid001", "content": ": \u53f0\u5317\u4e0d\u9069\u5408"}, {"type": 0, "id": "houjay", "content": ": \u53f0\u7063\u90fd\u4f4e\u6536\u5165\u5728\u751f\u554a\uff0c\u751f\u4e86\u4e5f\u65e9\u6b7b"}, {"type": -1, "id": "s891050", "content": ": \u7d05\u660e\u986f\uff0c\u9084\u662f\u8981\u770b\u8ca1\u52d9\u72c0\u6cc1\u5566"}, {"type": -1, "id": "Ta152", "content": ": \u9322\u6bd4\u4f60\u5c11\u7684\u4eba\u90fd\u5728\u751f\u4e86"}, {"type": 0, "id": "walithey", "content": ": \u5929\u9f8d\u4eba\u7684\u7169\u60f1\u55ce"}, {"type": 1, "id": "heyman0303", "content": ": \u5920\u4e86\u5566  \u662f\u8981\u904e\u5f97\u591a\u723d"}, {"type": 0, "id": "s891050", "content": ": \u6709\u670b\u53cb\u6708\u6536\u516530\u7684\uff0c\u4e00\u9593700\u7684\u623f\u5b50\u982d\u671f\u6b3e"}, {"type": 0, "id": "s891050", "content": ": \u4ed8\u4e0d\u51fa\u4f86\uff0c\u4f60\u8aaa\u9019\u6a23\uff1f"}, {"type": 1, "id": "usoppp", "content": ": \u5341\u842c\u990a\u81ea\u5df1\u90fd\u8ddf\u72d7\u4e00\u6a23"}, {"type": -1, "id": "apolloapollo", "content": ": \u592a\u592a\u662f\u4e0d\u662f\u5b78\u5e97\u751f\u554a 3\u842c\u4e5f\u592a\u5ee2\u4e86\u5427"}, {"type": -1, "id": "qazemma159", "content": ": \u50bb\u773c"}, {"type": -1, "id": "SQOneal", "content": ": \u62dc\u8a17 \u4ee5\u524d\u9760\u6211\u72383w\u5c31\u990a\u5169\u500b\u4e86"}, {"type": 1, "id": "awj32jo", "content": ": \u8001\u5a46\u6b63\u89e3 \u5c0f\u5b69\u662f\u7121\u8f9c\u7684"}, {"type": -1, "id": "Uzak", "content": ": 10\u842c\u751f\u4e09\u5c0f\u963f 10\u842c\u6839\u672c\u5403\u571f\u963f"}, {"type": -1, "id": "catyawned", "content": ": \u4ed6\u592b\u59bb\u5006\u6709\u958b\u96d9B\u4f4f\u8c6a\u5b85\u8b80\u96d9\u8a9e\u8499\u7279\u68ad\u5229"}, {"type": 0, "id": "catyawned", "content": ": \u4e0a\u5fa9\u8208\u5ef6\u5e73\u55ce\uff1f\u6c92\u6709\uff01\uff1f\u4e0d\u5982\u81ea\u76e1\uff0c\u4e09\u842c"}, {"type": 0, "id": "catyawned", "content": ": \u7684\u90a3\u500b\u6d3b\u5f97\u66f4\u82e6\uff0c\u6c92\u8cc7\u683c\u6d3b"}, {"type": 0, "id": "martin32637", "content": ": \u8aaa\u771f\u7684\u6703\u990a\u4e0d\u8d77..."}, {"type": 1, "id": "sellgd", "content": ": \u83dc\u5305\u7684\u5eda\u5e2b\u90fd6\u842c\u4e86 \u5979\u9019\u6a23\u9084\u4e0d\u6562\u751f\u5462"}, {"type": 1, "id": "usoppp", "content": ": \u5c0f\u5b69\u9577\u5927\u7d55\u5c0d\u6068\u7236\u6bcd\u4e00\u8f29\u5b50"}, {"type": 1, "id": "a8662875", "content": ": 10\u842c\u5728\u9ad8\u96c4\u53ef\u4ee5...\u623f\u5b50\u5225\u8cb7\u592a\u8cb4"}, {"type": 0, "id": "gin10791", "content": ": \u53ef\u4ee5\u904e\u5f97\u5f88\u5e73\u51e1\u7684\u65e5\u5b50"}, {"type": 0, "id": "joyce1590", "content": ": 10\u842c \u771f\u7684\u4e0d\u591a \u4f46\u5fc5\u9808\u9f13\u52f5\u751f\u5c0f\u5b69"}, {"type": 1, "id": "cuteyy", "content": ": \u5728\u53f0\u5317\u4e0d\u7528\u60f3\u4e86...\u771f\u7684...\u9664\u975e\u96a8\u4fbf\u990a"}, {"type": 1, "id": "sgsboyxl", "content": ": \u6709\u7121\u623f\u5b50\uff1f"}, {"type": 1, "id": "sunflower304", "content": ": \u9ad8\u7aef\u4eba\u53e3\u4e0d\u751f \u4f4e\u7aef\u751f\u4e00\u5806"}, {"type": 1, "id": "cuteyy", "content": ": \u8981\u662f\u91cd\u8996\u6559\u80b2...\u4e00\u500b\u6708\u6e96\u50993\u842c\u73fe\u91d1\u4f86\u82b1\u5728"}, {"type": 1, "id": "cuteyy", "content": ": \u5c0f\u5b69\u8eab\u4e0a\uff0c\u9019\u6a23\u52c9\u5f37\u53ef\u4ee5"}, {"type": 0, "id": "sunflower304", "content": ": \u5341\u842c\u5df2\u7d93\u4e2d\u4e0a\u4e86 \u9019\u6a23\u9084\u4e0d\u751f\u53f0\u7063\u5b8c\u86cb"}, {"type": -1, "id": "every70213", "content": ": \u96e3\u602a\u4e00\u5806\u55ae\u8eab\u72d7"}, {"type": 1, "id": "lepidoptera", "content": ": \u5bb6\u5ead\u6536\u5165\u5341\u842c\u5df2\u7d93\u8d85\u904e\u5747\u6a19\u4e86"}, {"type": 0, "id": "lepidoptera", "content": ": \u63a8\u6587\u8aaa\u4eba\u5bb6\u9b6f\u7684\u662f\u9084\u6c92\u51fa\u793e\u6703\u55ce"}, {"type": 1, "id": "jdkcupid", "content": ": \u63db\u4e00\u500b\u4e94\u842c\u85aa\u6c34\u7684\u8001\u5a46\u5c31\u89e3\u6c7a\u4e86"}, {"type": 1, "id": "cloudpart2", "content": ": \u751f\u4e86\u5c31\u6709\u9322\u990a\u4e86"}, {"type": 1, "id": "w6010946", "content": ": \u4e00\u5806\u6c92\u9322\u990a\u53c8\u4e0d\u60f3\u597d\u597d\u6559\u80b2\u5c0f\u5b69\u7684\u767d\u7661\u5783"}, {"type": 0, "id": "w6010946", "content": ": \u573e\u90fd\u5728\u751f\u4e86 \u6709\u5dee\u55ce"}, {"type": 0, "id": "jdkcupid", "content": ": \u4ee5\u70ba\u4eba\u5bb6\u6c92\u51fa\u793e\u6703\u7684\u662f\u82f1\u6587\u6bcd\u8a9e\uff1f\u53cd\u8af7\u61c9"}, {"type": 0, "id": "jdkcupid", "content": ": \u8a72\u5c0f\u5b78\u5c31\u6559\u4e86"}, {"type": 0, "id": "g92323", "content": ": \u6211\u7238\u958b\u8a08\u7a0b\u8eca\u6211\u5abd\u5e02\u5834\u64fa\u6524\u5bb6\u4f4f\u5927\u5b89\u5340(\u623f\u5b50"}, {"type": 1, "id": "a00819102", "content": ": \u6211\u8ddf\u8001\u5a46\u8a0811\u842c\u5728\u9ad8\u96c4\u90fd\u4e0d\u6562\u751f\u4e86 \u642c\u53bb"}, {"type": 0, "id": "a00819102", "content": ": \u5357\u6295 \u53f0\u6771\u53ef\u80fd\u53ef\u4ee5"}, {"type": 1, "id": "officina", "content": ": \u96d6\u7136\u53f0\u7063\u751f\u80b2\u7387\u66f4\u4f4e \u4f46\u65e5\u672c\u751f\u80b2\u7387\u4e5f\u8d85\u4f4e"}, {"type": 1, "id": "mhmichelle", "content": ": 10\u6709\u623f\u6c92\u8cb8\u6b3e\u53ef\u4ee5\u5427"}, {"type": 1, "id": "xoy232", "content": ": \u592a\u592a\u89c0\u5ff5\u6b63\u78ba \u53f0\u7063\u53ea\u6703\u8ca7\u5bcc\u5dee\u8ddd\u8d8a\u4f86\u8d8a\u5927"}, {"type": 0, "id": "penny949", "content": ": \u4ec0\u9ebc\u53eb\u57fa\u672c\u7684\u751f\u6d3b\uff0c\u6a19\u6e96 \uff1f"}, {"type": 0, "id": "flare5566", "content": ": \u96e2\u5a5a\u6bd4\u8f03\u5feb"}, {"type": 1, "id": "p23j8a4b9z", "content": ": \u770b\u5728\u54ea \u53f0\u5317\u7684\u8a71 \u53ef\u80fd\u7121\u6cd5 \u5176\u4ed6\u5730\u65b9\u9084"}, {"type": 1, "id": "color5787", "content": ": \u5341\u842c\u6709\u5341\u842c\u7684\u990a\u6cd5 \u4e8c\u5341\u842c\u4e5f\u6709\u4e8c\u5341\u842c\u7684"}, {"type": 0, "id": "p23j8a4b9z", "content": ": \u597d"}, {"type": 1, "id": "sun123456tw", "content": ": 3\u842c\u7684\u8b1b\u8a71\u6bd47\u842c\u7684\u5927\u8072\uff1f"}, {"type": 1, "id": "albertep0623", "content": ": 8+9 \u90fd\u4e0d\u77e5\u9053\u9322\u54ea\u88e1\u4e5f\u662f\u7e7c\u7e8c\u751f"}, {"type": 1, "id": "zero11995", "content": ": \u4e0d\u9069\u5408 \u81f3\u5c11\u8981\u6de8\u6536\u5165150k\u4e00\u500b\u6708"}, {"type": 1, "id": "sample", "content": ": \u662f\u8aaa\u592a\u592a\u89ba\u5f97\u8981\u7d66\u5c0f\u5b69\u4ec0\u9ebc\u6a23\u7684\u751f\u9577\u689d\u4ef6\uff1f"}, {"type": 0, "id": "sample", "content": ": \u5f88\u597d\u5947\u592a\u592a\u7684\u60f3\u6cd5"}, {"type": 0, "id": "Nevhir", "content": ": \u4e5f\u5c31\u662f\u8aaa\u660e\u5e74\u5341\u6708\u5f8c \u4e00\u500b\u67089\u842c\u5bb6\u7528 \u5920\u4e86\u5427"}, {"type": 1, "id": "Cleopatre", "content": ": \u4e00\u5806\u4f4e\u85aa\u7684\u81ea\u4ee5\u70ba\u585e\u7d66\u5b69\u5b50\u8cb4\u65cf\u6559\u80b2\uff0c\u5c31"}, {"type": 0, "id": "Cleopatre", "content": ": \u662f\u611b\u4ed6\u6216\u5b69\u5b50\u672a\u4f86\u6703\u7ffb\u8eab\uff0c\u771f\u6b63\u7aae\u7684\u4e0d\u662f"}, {"type": 1, "id": "sample", "content": ": \u6708\u65367\u842c\u67097\u842c\u7684\u990a\u6cd5\uff0c10\u842c\u670910\u842c\u7684\u990a\u6cd5\uff0c"}, {"type": 0, "id": "Cleopatre", "content": ": \u6536\u5165\uff0c\u662f\u8166\u888b"}, {"type": 0, "id": "sample", "content": ": \u751f\u5728\u9023\u5bb6\u6709\u9023\u5bb6\u7684\u990a\u6cd5\uff0c\u539f\u6587\u592a\u592a\u5e0c\u671b\u600e\u9ebc"}, {"type": 0, "id": "Nevhir", "content": ": 10\u842c\u670910\u842c\u6d3b\u6cd5 \u8981\u50cf\u8cb4\u65cf\u4e00\u6a23\u5c31\u773c\u9ad8\u624b\u4f4e\u4e86"}, {"type": 0, "id": "sample", "content": ": \u6a23\u5462\uff1f"}, {"type": 1, "id": "versailles94", "content": ": \u4e0d\u751f\u624d\u5831\u5fa9\u793e\u6703\u5427..."}, {"type": 1, "id": "Ericcws", "content": ": \u990a\u5c0f\u5b69\u82b1\u9322(X) \u4e0d\u60f3\u8ddf\u4f60\u751f(O)"}, {"type": 1, "id": "ikko", "content": ": \u8aaa10\u842c\u4e0d\u591a\u7684\uff0c\u81ea\u5df1\u662f\u5f88\u6703\u8cfa\u55ce\uff1f\u4e0d\u8981\u7b11\u6b7b\u4eba"}, {"type": 1, "id": "hotrain13", "content": ": \u5341\u842c\u9084\u53ef\u4ee5\u5427"}, {"type": 0, "id": "hotrain13", "content": ": \u5c0f\u5b69\u53ea\u8981\u751f\u4e86\uff0c\u4e00\u5b9a\u6709\u8fa6\u6cd5\u990a"}, {"type": 1, "id": "andy78714", "content": ": \u6709\u4e8b\u55ce\uff1f10W\u9084\u4e0d\u80fd\u751f \u96e3\u602a\u53f0\u7063\u4eba\u53e3\u8ca0"}, {"type": 0, "id": "hotrain13", "content": ": \u5c31\u53ea\u662f\u81ea\u5df1\u7684\u5a1b\u6a02\u5c11\u4e00\u9ede\u4e86"}, {"type": -1, "id": "jocabyu", "content": ": \u6709\u623f\u6709\u8eca\u5269\u5169\u500b\u9435\u5b9a\u6c92\u554f\u984c"}, {"type": 0, "id": "hotrain13", "content": ": \u4e00\u5806\u96d9\u85aa\u9084\u4e0d\u52307\u842c\u90fd\u5728\u751f\u4e86"}, {"type": 1, "id": "pillliq", "content": ": \u80fd\u529b\u8d8a\u5f37\u8cac\u4efb\u8d8a\u91cd \u4f60\u4e0d\u751f\u8981\u6211\u501122K\u7684\u751f\u55ce"}, {"type": 1, "id": "j6ru8jp6", "content": ": \u96d9\u5317\u5916\u61c9\u8a72\u53ef\u4ee5\uff0c\u4f46\u8981\u72a7\u7272\u73fe\u6709\u751f\u6d3b\u54c1\u8cea"}, {"type": 1, "id": "a123zyx", "content": ": \u500b\u4eba\u89ba\u5f97\u53ef\u4ee5 \u53ef\u662f\u597d\u591a\u540c\u8f29\u90fd\u4e00\u500b\u4eba\u4e00\u500b"}, {"type": 1, "id": "sandmans", "content": ": \u6211\u540c\u4e8b\u4f5c\u696d\u54e1\u6708\u85aa\u4e0d\u52303\u842c5\uff0c\u8001\u5a46\u5df2\u7d93\u751f"}, {"type": 0, "id": "a123zyx", "content": ": \u6708\u82b1\u56db\u4e94\u842c....."}, {"type": 0, "id": "sandmans", "content": ": \u5169\u500b\uff0c\u800c\u4e14\u9084\u4e00\u76f4\u7533\u8acb\u80b2\u5b30\u7559\u505c\uff0c\u7d66\u4f60\u53c3"}, {"type": 0, "id": "sandmans", "content": ": \u8003"}, {"type": 1, "id": "kent9178", "content": ": \u751f\u990a\u5bb9\u6613\u3001\u6559\u80b2\u96e3\u554a\uff01\u5927\u74b0\u5883\u4e0d\u53cb\u5584\u5225\u751f"}, {"type": 0, "id": "kent9178", "content": ": \u6700\u597d"}, {"type": 1, "id": "cheko", "content": ": \u8001\u5a46\u89c0\u5ff5\u6b63\u78ba\u963f"}, {"type": 1, "id": "ikko", "content": ": \u6211\u5bb6\u55ae\u85aa10\u842c\uff0c\u751f\u4e00\u500b\uff0c\u751f\u6d3b\u54c1\u8cea\u5f88\u597d\uff0c\u8cb7\u6771"}, {"type": 0, "id": "ikko", "content": ": \u897f\u6c92\u5728\u7701\u7684"}, {"type": 1, "id": "auxiliary11", "content": ": \u5c0f\u5b69\u8b80\u5b8c\u9ad8\u8077\u5c31\u53ef\u4ee5\u8b93\u4ed6\u5011\u81ea\u751f\u81ea\u6ec5\uff0c"}, {"type": 0, "id": "auxiliary11", "content": ": \u6536\u5b5d\u89aa\u8cbb\uff0c\u5927\u5b78\u7ba1\u4ed6\u53bb\u6b7b"}, {"type": 0, "id": "vanurd", "content": ": \u4f4f\u862d\u5dbc\u7684\u8a71\u53ef\u4ee5"}, {"type": 1, "id": "cuteama", "content": ": \u91cd\u9ede\u592a\u592a\u4e0d\u60f3\u751f\u554a\uff01\u4e0d\u7136\u4e0d\u5728\u53f0\u5317\uff0c\u751f\u4e00"}, {"type": 0, "id": "cuteama", "content": ": \u500b\u9084\u904e\u5f97\u53bb\u3002"}, {"type": 0, "id": "Tawara", "content": ": \u975e\u53f0\u5317\u5e02\u9084\u597d\u5566"}, {"type": -1, "id": "elle0001tw", "content": ":  10\u842c\u751f\u4ec0\u9ebc\u5c0f\u5b69\uff1f\u4f60\u5357\u90e8\u4eba\uff1f"}, {"type": -1, "id": "b09134", "content": ": ptt\u5f88\u591a\u90fd\u6253\u5634\u70ae\u5566\uff0c\u5565\u5b78\u5e97\u9b6f\u86c7\u7cde\u9752....."}, {"type": 0, "id": "b09134", "content": ": \u53cd\u6b63\u4e00\u5806\u5634\u70ae\u4e0d\u7528\u8a8d\u771f"}, {"type": 0, "id": "Saphyyy", "content": ": \u592a\u592a\u4e09\u842c\u592a\u4f4e\u60f9\u516b"}, {"type": 1, "id": "Gaidiac", "content": ": \u6709\u9ede\u5c11"}, {"type": 1, "id": "protoss666", "content": ": 10\u842c\u6709\u8eca\u3001\u6709\u623f\u7684\u8a71 \u5176\u5be6\u53ef\u4ee5"}, {"type": 1, "id": "ja1295", "content": ": \u9019\u6a23\u4e0d\u751f \u53f0\u7063\u5b78\u6821\u6e96\u5099\u5012\u5149"}, {"type": 1, "id": "dswing", "content": ": \u6709\u623f\u4f46\u4e0d\u9700\u4ed8\u623f\u8cb8\u7684\u8a71\uff0c\u9019\u500b\u6536\u5165\u990a\u4e00\u500b\u9084"}, {"type": 0, "id": "dswing", "content": ": \u53ef\u4ee5\u7684\u3002\u5982\u679c\u8981\u4ed8\u623f\u8cb8\u8eca\u8cb8\u53c8\u53ea\u670912\u500b\u6708\u7684"}, {"type": 0, "id": "dswing", "content": ": \u5bb6\u5ead\u5e74\u6536\u5c31\u771f\u7684\u8d85\u5361"}, {"type": 1, "id": "charter7", "content": ": \u53f0\u5317\u4e0d\u9069\u5408"}, {"type": 0, "id": "TonyStuck", "content": ": \u660e\u5e74\u5341\u6708\u800c\u5df2  \u58d3\u529b\u9084\u597d\u5427"}, {"type": 1, "id": "zzzpopo", "content": ": \u516d\u6b72\u524d\u570b\u5bb6\u990a\uff0c\u53ef\u4ee5"}, {"type": 0, "id": "ronale", "content": ": \u91cd\u9ede\u662f\u8001\u516c\u6d88\u9632\u54e1 \u5a46\u5bb6\u5169\u8001\u90fd\u9000\u4f11\u62ff\u5b5d\u89aa"}, {"type": -1, "id": "Refauth", "content": ": \u770b\u4f86\u53f0\u7063\u5065\u4fdd\u5728\u53f0\u7063\u4eba\u773c\u4e2d\u662f\u570b\u969b\u5927\u7b11\u8a71\u54c8"}, {"type": 0, "id": "Refauth", "content": ": \u5f88\u591a\u9109\u6c11\u90fd\u8a8d\u70ba\u5bb6\u5ead\u6536\u516510\u842c\u53ea\u80fd\u7b97\"\u4e0d\u932f\""}, {"type": 1, "id": "shi21", "content": ": \u6709\u623f\u53ef\uff0c\u6c92\u623f\u5c31\u7b97\u4e86"}, {"type": 1, "id": "elaymutter", "content": ": \u4e2d\u5357\u90e8\u5920\u7528\u3002"}, {"type": 0, "id": "yankeehater", "content": ": 10\u842c\u670910\u842c\u7684\u990a\u6cd5"}, {"type": -1, "id": "edayyamayday", "content": ": \u63db\u8001\u5a46"}, {"type": 1, "id": "SEVEnMonth", "content": ": 10\u842c\u8981\u770b\u5730\u5340\u5427\u53f0\u5317\u771f\u7684\u4e0d\u8981\uff0c\u5176\u4ed6\u5730"}, {"type": 0, "id": "SEVEnMonth", "content": ": \u5340\u53ef\u4ee5\u8003\u616e"}, {"type": 1, "id": "starmiau", "content": ": \u8001\u5a46\u6b63\u78ba \u7537\u65b9\u5bb6\u5ead\u592a\u96f7"}, {"type": -1, "id": "ryan2001", "content": ": \u751f\u4e0d\u751f\u662f\u4eba\u5bb6\u81ea\u7531 \u83ef\u5112\u9053\u5fb7\u9b54\u4eba\u6efe\u53bb\u6b7b\u5566"}, {"type": 1, "id": "nbcb", "content": ": \u53f0\u5317\u5e02\u597d\u5b78\u5340\u7684\u5340\u57df\u662f\u4e0d\u5920\u7684\uff0c20\u6bd4\u8f03\u7a69"}, {"type": -1, "id": "coolkidcc", "content": ": \u4e0d\u60f3\u751f\u5c31\u5225\u62ff\u6536\u5165\u7576\u85c9\u53e3"}, {"type": 1, "id": "as920051", "content": ": \u9019\u500b10\u842c\u662f\u96d9\u65b9\u52a0\u8d77\u4f86\u7684\u8a71\u9084\u662f\u8003\u616e\u4e00\u4e0b"}, {"type": 1, "id": "HSBCiti", "content": ": \u7121\u6cd5\u5b58\u9322..."}, {"type": 0, "id": "oberatri", "content": ": \u6211\u751f\u4e09\u500b"}, {"type": 0, "id": "a002255889", "content": ": 10\u842c\u771f\u7684\u5f88\u5c11"}, {"type": 1, "id": "kuoeight", "content": ": \u53ef\u4ee5\u751f\u4e94\u500b"}, {"type": 1, "id": "ace4", "content": ": \u53ef\u4ee5\u751f\u5566 \u60f3\u592a\u591a\u53cd\u800c\u4e0d\u6562\u751f"}, {"type": 0, "id": "h7705060", "content": ": \u4e00\u500b\u670830\u53ea\u6562\u751f\u4e00\u500b"}, {"type": 0, "id": "u9596g12", "content": ": \u4eba\u5bb6\u9019\u6536\u5165\u4e0d\u60f3\u751f\u5b69\u5b50\u4f86\u6028\u5606\u81ea\u5df1\u5427"}, {"type": 0, "id": "u9596g12", "content": ": \u6263\u6389\u623f\u8cb8 \u5b5d\u89aa \u4ee5\u5f8c\u9577\u7167\u8cbb\u7528 \u6709\u591a\u5c11\u8cc7\u6e90"}, {"type": 0, "id": "u9596g12", "content": ": \u9084\u662f\u771f\u5f97\u6709\u5929\u624d\u76f8\u4fe1\u570b\u5bb6\u514d\u8cbb\u5e6b\u4f60\u990a"}, {"type": 1, "id": "kinomon", "content": ": \u4e0d\u884c"}, {"type": 1, "id": "Juuumper", "content": ": \u751f\u4e0d\u751f\u7684\u7406\u7531\uff0c\u4ed6\u4eba\u7121\u6cd5\u8a55\u50f9\u3002"}, {"type": 0, "id": "spiritia", "content": ": \u7121\u8cb8\u6b3e\u3001\u78ba\u4fdd\u6709\u4efb\u4f55\u610f\u5916\u7121\u6536\u5165\u5bb6\u4e2d\u6490\u5f97"}, {"type": 0, "id": "spiritia", "content": ": \u4f4f\u4e09\u5e74\u4ecd\u4fdd\u6301\u73fe\u5728\u6c34\u6e96\uff1b\u4e14\u4e4b\u5f8c\u6301\u7e8c\u6709\u6708"}, {"type": 0, "id": "spiritia", "content": ": \u516510\u842c\u3001\u5c0f\u5b69\u6709\u4eba\u7167\u9867\u518d\u8aaa\u5427\u3002"}, {"type": 0, "id": "spiritia", "content": ": \u9084\u6709\uff0c\u7948\u79b1\u5c0f\u5b69\u5bb6\u4eba\u7121\u91cd\u5927\u75c5\u75c7\u3002"}, {"type": 1, "id": "LENMAN", "content": ": \u53c8\u662f\u88ab\u7236\u6bcd\u641e\u57ae\u4eba\u751f\u7684\u5f8c\u4ee3"}, {"type": -1, "id": "Juuumper", "content": ": \u9019\u6a23\u90fd\u4e0d\u80fd\u751f\uff0c\u7406\u8ca1\u65b9\u9762\u53ef\u80fd\u8981\u7814\u7a76\u4e00\u4e0b"}, {"type": -1, "id": "hitokoi", "content": ": \u91cd\u9ede\u662f\u7537\u65b9\u9084\u8981\u990a\u6c92\u6709\u4fdd\u96aa\u7684\u9ad8\u9f61\u7236\u6bcd"}, {"type": -1, "id": "hitokoi", "content": ": \u9019\u6839\u672c\u4e0d\u662f\u5bb6\u5ead\u6708\u653610\u842c\u597d\u55ce"}, {"type": -1, "id": "knuckles1982", "content": ": \u6bcf\u6b21\u9019\u7a2e\u6587\u90fd\u4e00\u5806\u5acc\u68c410\u842c\u7684"}, {"type": 0, "id": "knuckles1982", "content": ": \u53f0\u7063\u76ee\u524d\u7684\u72c0\u6cc1\u592b\u59bb\u6708\u6536\u5341\u842c\u7b97\u5f88\u524d"}, {"type": 0, "id": "knuckles1982", "content": ": \u9762\u4e86 \u4f46\u9084\u662f\u5b8c\u5168\u4e0d\u6562\u60f3\u8cb7\u623f\u751f\u5b50 \u5f88"}, {"type": 0, "id": "knuckles1982", "content": ": \u60b2\u54c0"}, {"type": 1, "id": "coolaru", "content": ": \u5728\u90a3\u908a\u8aaa\u4ec0\u9ebc\u4ee5\u524d\u5e7e\u842c\u5c31\u80fd\u990a\u5e7e\u500b\u5c0f\u5b69\u7684\uff0c"}, {"type": 0, "id": "coolaru", "content": ": \u8acb\u554f\u4f60\u4e0d\u89ba\u5f97\u5c0f\u6642\u5019\u770b\u7238\u5abd\u88ab\u9322\u8ffd\u8457\u8dd1\u5f88\u75db"}, {"type": 0, "id": "coolaru", "content": ": \u82e6\u55ce\uff1f\u66f4\u4f55\u6cc1\u73fe\u5728\u7269\u50f9\u9019\u9ebc\u9ad8"}, {"type": -1, "id": "lolicat", "content": ": \u5317\u90e8\u4e0d\u9069\u5408 \u4f46\u5317\u90e8\u8cc7\u6e90\u591a"}, {"type": 0, "id": "lolicat", "content": ": \u4ee5\u524d\u5e7e\u842c\u5c31\u80fd\u990a\u4e00\u5806 \u662f\u7269\u8cea\u751f\u6d3b\u689d\u4ef6\u5dee"}, {"type": 0, "id": "lolicat", "content": ": \u73fe\u5728\u7684\u5c0f\u5b69\u5403\u597d\u7a7f\u597d\u7528\u597d \u689d\u4ef6\u5dee\u592a\u591a"}, {"type": 0, "id": "lolicat", "content": ": \u85aa\u6c34\u53c8\u6c92\u5e73\u5747\u6210\u9577 \u7269\u50f9\u5012\u662f\u6f32\u5f88\u5feb"}, {"type": 1, "id": "creecree5252", "content": ": \u8001\u5a46\u592a\u6c92\u7528\u8cfa\u4e09\u842c\u990a\u72d7\u5c31\u597d"}, {"type": 0, "id": "lolicat", "content": ": \u6487\u958b\u85aa\u6c34\u4e0d\u8aaa \u90a3\u500b\u623f\u50f9\u5594 \u9084\u662f\u4e0d\u8981\u751f\u4e86"}, {"type": 0, "id": "lolicat", "content": ": \u653e\u8457\u9b3c\u5cf6\u8b93\u5b83\u6bc0\u6ec5\u597d\u4e86"}, {"type": 0, "id": "powermousek", "content": ": \u4e0d\u662f\u4e0d\u60f3\u751f\u662f\u4e0d\u60f3\u8ddf\u4f60..."}, {"type": -1, "id": "longway0906", "content": ": \u5bb6\u5ead\u6708\u6536\u516510\u842c\u4e0d\u751f \u90a3\u8ab0\u751f?\u4e00\u5806\u5305\u8396"}, {"type": 0, "id": "longway0906", "content": ": \u9b6f\u86c7\u53ea\u6703\u6253\u624b\u69cd  \u54ea\u61c2\u4ec0\u9ebc\u53eb\u5bb6\u5ead  \u5728"}, {"type": 0, "id": "longway0906", "content": ": \u516b\u5366\u554f\u4e0d\u6e96\u5566"}, {"type": -1, "id": "ryancij", "content": ": \u5341\u842c\u9084\u4e0d\u884c \u9109\u6c11\u5230\u5e95\u6536\u5165\u591a\u5c11\u554a"}, {"type": 1, "id": "VischDonahue", "content": ": \u6263\u4e00\u6263\u5176\u5be6\u4e5f\u7b97\u4e0d\u4e0a\u6708\u85aa10\u842c"}, {"type": 1, "id": "princebanana", "content": ": \u53f0\u5317\u6c92\u623f\u4e0d\u884c......"}, {"type": -1, "id": "AGITOH", "content": ": \u6709\u592a\u592a\u9019\u7a2e\u89c0\u5ff5\uff0c\u6708\u653630\u842c\u624d\u80fd\u751f"}, {"type": 1, "id": "Leaflock", "content": ": \u770b\u60f3\u8981\u4ec0\u9ebc\u751f\u6d3b\u54c1\u8cea\u554a"}, {"type": 0, "id": "leveger0903", "content": ": \u53f0\u5317\u5176\u5be61\u500b\u53ef\u4ee5\u5566 \u67d0\u53f0\u5317\u53cb\u4eba\u592b\u5a66"}, {"type": 0, "id": "leveger0903", "content": ": \u6708\u51659\u842c\u5916\u9762\u79df\u5c4b \u5929\u5929\u505a\u83dc \u6709\u4e00\u500b\u5973"}, {"type": 0, "id": "leveger0903", "content": ": \u5152 \u9084\u662f\u80fd\u5b58\u9322"}, {"type": 1, "id": "stratuss", "content": ": \u5bb6\u5ead\u6536\u5165\u6c9225\u842c\u771f\u7684\u5225\u751f\uff0c\u5bb3\u5c0f\u5b69\u800c\u5df2"}, {"type": 1, "id": "sawaman", "content": ": \u53ef\u4ee5\u751f\uff0c\u4f46\u662f\u4ee5\u5f8c\u7d55\u5c0d\u662f\u7d66\u4eba\u505a\u5974\u96b8"}, {"type": 1, "id": "pearlQQ", "content": ": \u73fe\u5728\u7269\u50f9\u771f\u7684\u9ad8\u7684\u8a87\u5f35\u554a"}, {"type": 1, "id": "luten", "content": ": \u4e0d\u5920\u90a3\u5c31\u8b93\u5341\u842c\u4ee5\u4e0b\u7684\u53bb\u751f \u4ee5\u5f8c\u6eff\u88578\uff0b9\u6b3a"}, {"type": 0, "id": "luten", "content": ": \u4fae\u4f60\u5011\u8001\u4eba\uff0c\u723d"}, {"type": 1, "id": "snowenvoy", "content": ": \u78ba\u5be6\u4e0d\u9069\u5408 \u751f\u51fa\u4f86\u4e00\u8d77\u82e6 \u4e0d\u5982\u5225\u751f"}, {"type": 0, "id": "uice", "content": ": \u826f\u5fc3\u8aaa\uff0c\u4e0d\u9069\u5408\u3002\u7238\u5abd\u62ff\u8d70\u5b5d\u89aa\u8cbb\uff0c\u9810\u7559\u5c0f\u5b69"}, {"type": 0, "id": "uice", "content": ": \u8cbb\u7528\uff0c\u9084\u80fd\u5269\u591a\u5c11\uff1f\u82e5\u662f\u4f4f\u65b0\u7af9\u4ee5\u5317\uff0c\u7b97\u4e0a\u5730"}, {"type": 0, "id": "uice", "content": ": \u50f9\u5f71\u97ff\u6703\u66f4\u6158\u3002"}, {"type": -1, "id": "SapphireNoah", "content": ": \u56db\u842c\u751f\u4e09\u500b\u662f\u60f3\u8868\u9054\u6709\u591a\u611a\u8822\u55ce"}, {"type": 0, "id": "SapphireNoah", "content": ": \u623f\u5b50\u5148\u8cb7\u4e86\u518d\u8003\u616e\u5c0f\u5b69\u5427 \u9084\u6709\u5bb6\u6559"}, {"type": 0, "id": "SapphireNoah", "content": ": \u6c92\u6642\u9593\u8cc7\u6e90\u7684\u8a71 \u751f\u6bba\u4eba\u72af\u4e0d\u5982\u5225\u751f"}, {"type": 1, "id": "cool9203", "content": ": \u770b\u5728\u54ea\u5566\uff0c\u53f0\u5317\u611f\u89ba\u4e0d\u592a\u884c"}, {"type": 0, "id": "eyeschi", "content": ": \u76ee\u524d\u5bb6\u5ead\u6708\u6536130k\u990a3\u500b\u6709\u9ede\u5403\u529b"}, {"type": 0, "id": "vans914", "content": ": \u592a\u592a\u4e09\u842c\u600e\u9ebc\u4e0d\u770b\u770b\u81ea\u5df1"}, {"type": 1, "id": "smallz", "content": ": \u592a\u592a\u88dd\u6b7b \u624d\u4e09\u842c\u9084\u6709\u81c9\u5630\u5630\u6b6a\u6b6a"}, {"type": 0, "id": "hsyumi1026", "content": ": \u53ef\u4ee5\u751f\uff0c\u4f46\u5317\u90e8+\u8cb7\u623f\u5c31\u7b97\u4e86\u5427"}, {"type": 0, "id": "hodj", "content": ": \u5225\u59a8\u7919\u4eba\u5bb6\u9996\u62bd"}, {"type": 1, "id": "eroha90021", "content": ": \u8001\u5a46\u4e0d\u60f3\u72a7\u7272\u751f\u6d3b\u54c1\u8cea\u963f \u751f\u5c0f\u5b69\u4e00\u5b9a\u6703"}, {"type": 0, "id": "eroha90021", "content": ": \u72a7\u7272\u5230\u7684"}, {"type": 1, "id": "hunder31", "content": ": \u4e0d\u8981\u9b27\u4e86"}, {"type": 1, "id": "yjm520520", "content": ": \u9322\u4e0d\u5920\u4e0d\u8981\u751f\uff0c\u5c0f\u5b69\u5168\u8077\u5e36\u5c0f\u5b69\uff0c\u6bcf\u5929"}, {"type": 0, "id": "yjm520520", "content": ": \u8ddf\u8001\u516c\u70ba\u4e86\u5bb6\u5ead\u6536\u652f\u5435\u4f86\u5435\u53bb\uff0c\u5c0f\u5b69\u6703"}, {"type": 0, "id": "yjm520520", "content": ": \u5feb\u6a02\u55ce\uff1f"}, {"type": 0, "id": "yjm520520", "content": ": \u6211\u8868\u59d0\u5168\u8077\u5e36\u5c0f\u5b69\uff0c\u6574\u5929\u558a\u7aae\uff0c\u8b8a\u5f97\u61a4\u4e16"}, {"type": 0, "id": "yjm520520", "content": ": \u5ac9\u4fd7"}, {"type": 1, "id": "u04rmp", "content": ": \u6708\u85aa\u516d\u842c\u7684\u592a\u592a\u4e0d\u6703\u8981\u6708\u85aa\u516d\u842c\u7684\u4ed6\u7576\u5148\u751f"}, {"type": 1, "id": "rndsulgye", "content": ": \u7da0"}, {"type": 0, "id": "u04rmp", "content": ": \u3002"}, {"type": 0, "id": "u04rmp", "content": ": \u592a\u592a\u4e09\u842c\u53c8\u4e0d\u7528\u990a\u539f\u751f\u5bb6\u5ead \u5979\u990a\u81ea\u5df1\u5920\u4e86\u554a"}, {"type": 0, "id": "u04rmp", "content": ":  \u5148\u751f\u85aa\u6c34\u516d\u842c \u4e5f\u662f\u990a\u81ea\u5df1+\u990a\u81ea\u5df1\u7236\u6bcd\u5920\u4e86"}, {"type": 0, "id": "u04rmp", "content": ": \u554a \u602a\u592a\u592a\u5e79\u561b \u4eba\u5bb6\u9818\u4e09\u842c\u85aa\u6c34\u4f46\u6c92\u6709\u505a\u516d"}, {"type": 0, "id": "u04rmp", "content": ": \u842c\u7684\u5922"}, {"type": 1, "id": "janpo216", "content": ": \u6211\u89ba\u5f97\u4e0d\u592a\u9069\u5408"}, {"type": 1, "id": "gbb03514", "content": ": \u592a\u592a\u89c0\u5ff5\u6b63\u78ba"}, {"type": 1, "id": "Biboy", "content": ": 4\u842c\u6562\u751f\u7684\uff0c\u6709\u8003\u616e\u904e\u672a\u4f86\u53ef\u80fd\u9700\u8981\u9760\u5b69\u5b50\u990a?"}, {"type": -1, "id": "Cain13", "content": ": \u4e0d\u9069\u5408"}, {"type": -1, "id": "jasonortiz", "content": ": \u5065\u5eb7\u9577\u5927\u7684\u689d\u4ef6\u662f\u4e0d\u662f\u5225\u4eba\u6709\u7684\u4f60\u4e5f\u8981"}, {"type": 0, "id": "jasonortiz", "content": ": \u6709\u554a\uff1f"}, {"type": 1, "id": "negotiating", "content": ": \u6211\u5bb6\u6c92\u5341\u842c\u5169\u96bb\u9084\u4e0d\u662f\u6d3b\u7684\u597d\u597d\u7684"}, {"type": 1, "id": "jauruyu", "content": ": \u592a\u592a\u9019\u7a2e\u60f3\u6cd5\u9084\u662f\u5225\u751f\u4e86"}, {"type": -1, "id": "BeastJAY", "content": ": \u62dc\u8a17\u5225\u751f  \u75db\u82e6\u5230\u5c0f\u5b69"}, {"type": -1, "id": "iamfreeze", "content": ": \u4e0d\u9069\u5408 \u4f46\u4e0d\u662f\u4e0d\u9069\u5408\u5728\u9322"}, {"type": 0, "id": "moomin12515", "content": ": \u8001\u5a46\u8cfa\u592a\u5c11 \u62d6\u7d2f"}, {"type": 0, "id": "TOEY", "content": ": \u63a8\u5653\u6587\u7684\uff0c\u81f3\u5c11\u7d50\u904e\u5a5a\u518d\u7d66\u610f\u898b\u4e2d\u80af\u9ede\u5427\uff0c\u4e0d"}, {"type": 1, "id": "bcmaple", "content": ": 10\u842c\u771f\u7684\u9760\u5317\u5c11 \u990a\u6d3b\u81ea\u5df1\u90fd\u5f88\u5403\u529b"}, {"type": -1, "id": "remember318", "content": ": \u62ff\u9019\u554f\u984c\u4f86\u4e00\u5806\u9023\u5973\u670b\u53cb\u90fd\u6c92\u6709\u7684\u5730"}, {"type": 0, "id": "remember318", "content": ": \u65b9\u554f\uff0c\u6703\u6709\u751a\u9ebc\u597d\u7b54\u6848\u55ce?"}, {"type": 1, "id": "xavier08", "content": ": \u4ed6\u8001\u5a463\u842c\u81ea\u5df1\u4e0d\u60f3\u751f\u9084\u602a\u9322\u5c11\uff0c\u8981\u6240\u8b02"}, {"type": 0, "id": "xavier08", "content": ": \u751f\u6d3b\u54c1\u8cea\u7684\u6a19\u6e96\u81ea\u79c1\u5973"}, {"type": 1, "id": "ohya7533", "content": ": \u6211\u7238\u5abd\u6708\u6536\u5165\u52a0\u8d77\u4f86\u5927\u698240\u842c\u4f9b\u53c3\u8003"}, {"type": 0, "id": "mokakami", "content": ": \u6839\u64da\u5a5a\u59fb\u7248\u539f\u6587\uff0c\u672c\u6587\u6c92\u7d66\u5b8c\u6574\u8cc7\u8a0a\u963f\u3002"}, {"type": 0, "id": "mokakami", "content": ": \u7537\u65b9\u5bb6\u5ead\u6839\u672c\u662f\u9322\u5751 \u7121\u6cd5\u8207\u990a\u5c0f\u5b69\u517c\u9867"}, {"type": -1, "id": "PttGod", "content": ":"}, {"type": 1, "id": "Cosmoswalker", "content": ": \u611f\u89ba\u4e00\u5806\u4eba\u51fa\u4f86\u5674\u5341\u842c\u990a\u4e0d\u8d77\u53ea\u662f\u70ba"}, {"type": 0, "id": "Cosmoswalker", "content": ": \u4e86\u8868\u9054\u81ea\u5df1\u5f88\u6703\u8cfa\uff0c\u6a19\u6e96\u5f88\u9ad8"}], "post_ip": "194.99.104.99", "post_content": "\n\u525b\u525b\u5728\u5a5a\u59fb\u677f\u770b\u5230\u4e00\u7bc7\n\n\u8001\u516c7\u842c  \u592a\u592a3\u842c    \n\n\u8001\u516c\u8981\u5e6b\u7236\u6bcd\u4ed8\u623f\u8cb8\u5230\u660e\u5e74\u5341\u6708  \u6bcf\u67082\u842c\n\n\u5f9e\u660e\u5e74\u5341\u6708\u5f8c \u5b5d\u89aa5k\u52301\u842c\n\n\u76ee\u524d\u7121\u623f  \u7121\u623f\u8cb8\n\n\u8001\u516c\u60f3\u751f  \u88ab\u592a\u592a\u6253\u69cd\n\n\u8aaa\u76ee\u524d\u5bb6\u5ead\u6536\u5165\u4e0d\u9069\u5408\uff08\u64da\u8aaa\u592a\u592a\u5f88\u611b\u5c0f\u5b69\uff09\n\n\u592a\u592a\u8868\u793a\uff1a\u8981\u7d66\u5c0f\u5b69\u57fa\u672c\u7684\u751f\u6d3b\u8ddf\u91ab\u7642\u4fdd\u96aa\uff0c\u5982\u679c\u6c92\u8fa6\u6cd5\u8b93\u4ed6\u5065\u5eb7\u9577\u5927\u4f55\u82e6\u751f\u4ed6\u8b93\u4ed6\u4ee5\u5f8c\u53d7\n\u82e6\u3002\n\n\u8acb\u554f\u5bb6\u5ead\u6708\u6536\u516510\u842c\u9069\u5408\u751f\u5c0f\u5b69\u55ce\uff1f\n\n\n\n--\n\nhttps://www.ptt.cc/bbs/Gossiping/M.1566121043.A.DA1.html\n\u203b \u7de8\u8f2f: mefenamic (194.99.104.99 \u897f\u73ed\u7259), 08/18/2019 18:09:53\n"}