{"ptt_id": "TalkToMe", "post_url": "https://www.ptt.cc/bbs/Gossiping/M.1564589800.A.1D5.html", "post_type": "\u554f\u5366", "post_title": "\u6211\u540c\u5b78\u5728\u751f\u6c23\u6c23\u600e\u9ebc\u8fa6\uff1f\uff1f", "post_time": "2019-08-01 00:16:38", "post_score": 5, "post_pushes": [{"type": 0, "id": "ohrring", "content": ": \u809b\u8d77\u4f86"}, {"type": 1, "id": "ayumina11", "content": ": \u5c0f\u5b78\u751f\u8a72\u7761\u4e86\u5427"}, {"type": 1, "id": "Chung1206", "content": ": \u809b\u8d77\u4f86"}, {"type": 0, "id": "shevchen", "content": ": \u809b\u809b\u597d"}, {"type": 1, "id": "wagaili", "content": ": \u4e94\u6a13\u958b\u4e00\u500b\u9a0e\u5175\u885d\u523a\u52a0\u5f37\u7fa4"}, {"type": 0, "id": "tnlomtt", "content": ": \u4e94\u6a13\u958b\u8eca\u56c9"}, {"type": 1, "id": "find1985", "content": ": \u540c\u5b78\u662f\u7da0\u5171?"}, {"type": 1, "id": "SP4B", "content": ": \u9ad8\u7d1a\u9178"}], "post_ip": "114.34.222.101", "post_content": "\n\n\n   \u540c\u5b78\u4ed6\u5011\u4e00\u7fa4\u5f88\u8981\u597d  \u6211\u4ee5\u524d\u4e5f\u8ddf\u4ed6\u5011\u4e0d\u932f\n\n   \u4ed6\u5011\u6709\u4e00\u500bline\u7fa4\u7d44  \u554f\u6211\u8981\u4e0d\u8981\u52a0\u5165\n\n   \u6211\u8aaa\u4e0d\u7528\u62c9   \u6709\u4e8bline\u6211\u6211\u6703\u53bb\u5e6b\u5fd9\u963f\n\n   \u4e00\u524d\u5e74\u540c\u5b78\u8aaa\u6211\u662f\u4e0d\u662f\u8981\u81ea\u5df1\u5275\u4e00\u500b\u7fa4\u7d44\n\n   \u6211\u8aaa\u6c92\u6709\u554a\u6211\u53c8\u6c92\u5275  \u6709\u4e8bline\u6211\u963f\n\n   \u6700\u8fd1\u6211\u767c\u73fe\u5275\u500b\u7fa4\u7d44\u5f88\u65b9\u4fbf  \u5c31\u53bb\u5275\u4e86\n\n   \u540c\u5b78\u8dd1\u4f86\u5f88\u751f\u6c23  \u6211\u4e0d\u592a\u61c2\n\n   \u4ed6\u5011\u53ef\u4ee5\u5275\u6211\u4e0d\u80fd\u5275\uff1f\u6211\u90a3\u6642\u5019\u771f\u7684\u6c92\u6709\u60f3\u8981\u5275\n\n   \u6211\u4e0d\u61c2\u5275\u500b\u7fa4\u7d44\u9a19\u5230\u8ab0\u4e86\uff1f\uff1f\uff1f\n\n   \u6709\u4eba\u8981\u52a0\u5165line\u7fa4\u55ce\uff1f\uff1f\n\n\n\n\n\n--\n"}