{"ptt_id": "iPenis", "post_url": "https://www.ptt.cc/bbs/Gossiping/M.1567423053.A.118.html", "post_type": "\u65b0\u805e", "post_title": "\u6241\u70ba\u9019\u4e8b\u8f5f\u99ac\u82f1\u4e5d\u3001\u97d3\u570b\u745c \u7db2\u6012\u55c6\uff1a8\u5e74\u7e3d", "post_time": "2019-09-02 19:17:30", "post_score": -2, "post_pushes": [{"type": 0, "id": "f78507851", "content": ": \u99ac\u5167\u4efb\u6642\u5c31\u8aaa\u6c92\u5171\u8b58\u600e\u73fe\u5728\u90fd\u9078\u64c7\u6027\u7121\u8996"}, {"type": 0, "id": "AntiCompete", "content": ": \u55c6\u5f97\u597d\uff0c\u6211\u6c7a\u5b9a\u6295\u570b\u6c11\u9ee8\u4e86"}, {"type": -1, "id": "juyac11", "content": ": \u5565\u908f\u8f2f\uff1f"}, {"type": 0, "id": "KENGOD0204", "content": ": \u6211\u88ab\u9a19\u516b\u5e74\uff0c\u6241\u5bb6\u6c92\u6536\u9322"}, {"type": 0, "id": "generic", "content": ": \u55c6\u5f97\u771f\u5f31"}, {"type": -1, "id": "cpz", "content": ": \u81ea\u5df1\u4e5f\u662f\u5728\u9a19\uff0c\u75768\u5e74\u7e3d\u7d71\u600e\u9ebc\u4e0d\u6562\u53f0\u7368\uff1f"}, {"type": 0, "id": "cpz", "content": ": \u81ea\u5df1\u8caa\u6c61\u5c31\u8aaa\u5efa\u570b\u57fa\u91d1\uff0c\u5783\u573e\u653f\u5ba2\uff0c\u5e79\u59b3\u5a18"}, {"type": 0, "id": "cpz", "content": ": \u6709\u5634\u8aaa\u5225\u4eba\uff0c\u6c92\u5634\u8aaa\u81ea\u5df1\uff0c\u8ddf\u67ef\u5c41\u4e00\u6a23\u7684\u5783\u573e"}, {"type": 0, "id": "peterwww", "content": ": \u5f88\u591a\u4eba\u8aaa\u7c3d\u7f72\u548c\u5e73\u5354\u8b70\u5c31\u662f\u89e3\u653e\u8ecd\u5165\u4fb5\u897f"}, {"type": 0, "id": "peterwww", "content": ": \u85cf\u3002\u5176\u5be6\u5f88\u591a\u4e8b\u60c5\u8981\u770b\u7c3d\u7f72\u4ec0\u9ebc"}, {"type": 0, "id": "peterwww", "content": ": \u6211\u5011\u6709\u8ecd\u968a \u8ddf\u897f\u85cf\u5b8c\u5168\u4e0d\u540c"}, {"type": 0, "id": "peterwww", "content": ": \u7c3d\u7f72\u548c\u5e73\u5354\u8b70\u5c31\u662f\u653e\u68c4\u6b66\u529b\u90a3\u5c31\u662f\u81ea\u6bba"}, {"type": 0, "id": "peterwww", "content": ": \u7dad\u6301\u570b\u9632\u529b\u91cf\u4e0d\u53ef\u5c11"}, {"type": 1, "id": "alprazolam", "content": ": \u7c3d\u4ec0\u9ebc\u6709\u7528\u55ce\uff0c\u5230\u982d\u4f86\u90fd\u662f\u6b77\u53f2\u6587\u4ef6"}, {"type": 0, "id": "armorblocks", "content": ": \u6241\u6241\u662f\u552f\u4e00\u4e00\u500b\u5be6\u969b\u884c\u52d5\u53f0\u7368\u7684\u7e3d\u7d71"}, {"type": -1, "id": "cwj9999", "content": ": \u4e2d\u72d7\u5c4e\u9084\u5728\u8214\u8caa\u6c61\u6241\uff1f\u6c92\u6545\u4e8b\u63b0\u4e86\uff1f"}, {"type": 0, "id": "armorblocks", "content": ": \u8981\u628a\u570b\u865f\u6539\u6210\u53f0\u7063\u60f9\u7684\u7f8e\u570b\u7238\u7238\u751f\u6c23"}, {"type": 0, "id": "peterwww", "content": ": \u8981\u5c0d\u65b9\u653e\u68c4\u6b66\u529b\u89e3\u6c7a\u5169\u5cb8\u554f\u984c \u975e\u5e38\u597d"}, {"type": 1, "id": "Spinner3", "content": ": \u671d\u5c0f\u91ce\u5927 \u53f0\u7368\u500b\u61f6\u8db4"}, {"type": -1, "id": "shotakun", "content": ": \u72d7\u5831\u9084\u5728\u95dc\u6ce8\u963f\u6241\u5594\uff1f\u8981\u4e0d\u8981\u5728\u4e2d\u5929\u5fa9\u6d3b"}, {"type": 0, "id": "shotakun", "content": ": 2100\u5168\u6c11\u958b\u8b1b\u8ac7\u6241\u6848\u554a\uff1f"}, {"type": -1, "id": "AUwalker", "content": ": \u667a\u969c\u81a9 \u897f\u85cf\u90a3\u6642\u4e5f\u6709\u6c11\u5175\u5566\u5e79"}, {"type": 1, "id": "gary2563", "content": ": \u4e2d\u5c4e\u7684\u65b0\u805e\u53cd\u8457\u770b\u5c31\u5c0d\u4e86"}, {"type": 1, "id": "kevin86tp", "content": ": \u963f\u6241\u95dc\u56de\u53bb \u97d3\u5c0e\u4e0b\u53f0 \u570b\u6cf0\u6c11\u5b89"}, {"type": 0, "id": "bryan21xxx", "content": ": \u5e79 \u4f60\u600e\u9ebc\u8ddf\u67ef\u6587\u54f2\u4e00\u6a23 \u7ad9\u5728\u4e2d\u570b\u89d2\u5ea6"}, {"type": 0, "id": "bryan21xxx", "content": ": \u767c\u8a00 \uff1f \u597d\u5144\u5f1f\u597d\u6210\u9019\u6a23\u3107"}, {"type": 0, "id": "eebear", "content": ": \u771f\u7684\u7b11\u6b7b\u4eba,\u96e3\u9053\u771f\u7684\u6709\u4eba\u4ee5\u70ba\u897f\u85cf\u4e0d\u7c3d\u548c\u5e73"}, {"type": 0, "id": "eebear", "content": ": \u5354\u8b70\u7684\u8a71,\u89e3\u653e\u8ecd\u5c31\u4e0d\u6703\u9032\u53bb\u897f\u85cf\u4e86\u55ce??"}, {"type": 0, "id": "eebear", "content": ": \u771f\u7684\u6709\u4eba\u4ee5\u70ba\u9999\u6e2f\u8d0a\u6210\u901a\u904e\u9001\u4e2d\u689d\u4f8b,\u5c31\u80fd"}, {"type": 0, "id": "eebear", "content": ": \u6c38\u9060\u7dad\u6301\u4e00\u570b\u5169\u5236\u55ce??"}, {"type": 0, "id": "oilcaptain", "content": ": 92\u5171\u8b58\u5c31\u662f\u81ea\u6b3a\u6b3a\u4eba"}, {"type": 0, "id": "eebear", "content": ": \u6c92\u932f\u554a \u5c31\u662f\u500b\u81ea\u6b3a\u6b3a\u4eba\u7684\u7de9\u5175\u4e4b\u8a08\u800c\u5df2!"}, {"type": 0, "id": "eebear", "content": ": \u722d\u53d6\u6642\u9593\u8ddf\u7f8e\u570b\u8cb7\u6b66\u5668,\u8ddf\u7f8e\u65e5\u6253\u597d\u95dc\u4fc2"}, {"type": 0, "id": "eebear", "content": ": \u6c92\u6709\u6b66\u5668\u62ff\u5728\u624b\u4e0a\u5c31\u8ddf\u5c0d\u65b9\u958b\u5e79\u662f\u767d\u7661\u55ce??"}, {"type": 0, "id": "eebear", "content": ": \u9084\u662f\u6709\u767d\u7661\u4ee5\u70ba\u4eca\u5929\u7f8e\u570b\u7b54\u61c9\u8ce3F-16V\u7d66\u6211\u5011"}, {"type": 0, "id": "eebear", "content": ": \u5c31\u8ddf\u5728PChome\u8a02\u8ca8\u4e00\u6a2324\u5c0f\u6642\u5c31\u5230,\u6240\u4ee5\u53ef\u4ee5"}, {"type": 0, "id": "eebear", "content": ": \u99ac\u4e0a\u8ddf\u4e2d\u5171\u55c6\u8072,\u770b\u89e3\u653e\u8ecd\u8ddfF-16V\u8ab0\u5148\u5230??"}, {"type": 0, "id": "gwenwoo", "content": ":  \u516c\u5b89+\u57ce\u7ba1+\u6e2f\u8b66\u66b4\u529b\u57f7\u6cd5  \u9999\u6e2f\u4eba\u4eba\u81ea\u5371"}, {"type": -1, "id": "Godmyfriend", "content": ": \u4f60\u9084\u9a19\u8ca1\u9a19\u8272\u52d2 \u56de\u53bb\u95dc\u597d\u55ce"}], "post_ip": "1.171.152.206", "post_content": "\n\n\n\n\u6241\u70ba\u9019\u4e8b\u8f5f\u99ac\u82f1\u4e5d\u3001\u97d3\u570b\u745c \u7db2\u6012\u55c6\uff1a8\u5e74\u7e3d\u7d71\u767d\u505a\u4e86\uff01\n\n10:062019/09/01 \u4e2d\u6642\u96fb\u5b50\u5831 \u674e\u4fca\u6bc5\n\n\n\u8fd1\u671f\u9999\u6e2f\u53cd\u4fee\u4f8b\u793a\u5a01\u6d3b\u52d5\u65e5\u76ca\u5347\u6eab\uff0c\u5f9e6\u6708\u521d\u4ee5\u4f86\u5df2\u6709\u6578\u5341\u842c\u9999\u6e2f\u5e02\u6c11\uff0c\u9023\u7e8c\u4e0a\u8857\u982d\u8868\u9054\n\u8a34\u6c423\u500b\u6708\u3002\u76fc\u7279\u5340\u653f\u5e9c\u80fd\u50be\u807d\u6c11\u610f\u3002\u5c0d\u6b64\u524d\u7e3d\u7d71\u9673\u6c34\u6241\u5c31\u8868\u793a\uff0c\u99ac\u82f1\u4e5d\u9a19\u4e868\u5e74\uff0c\u570b\u6c11\u9ee8\n\u9084\u5728\u7e7c\u7e8c\u9a19\u7684\u300c\u4e00\u4e2d\u5404\u8868\u7684\u4e5d\u4e8c\u5171\u8b58\u300d\uff0c\u53ea\u5269\u4e0b\u300c\u4e00\u4e2d\u300d\u6c92\u300c\u5404\u8868\u300d\u3002\u5c0d\u6b64\uff0c\u7db2\u53cb\u7d1b\u7d1b\u5728\n\u963f\u6241\u81c9\u66f8\u7559\u8a00\u8868\u770b\u6cd5\uff0c\u300c\u963f\u6241\u4f60\u9019\u500b\u7e3d\u7d71\u767d\u505a\u4e86\u3002\u4e2d\u5171\u6b63\u6e96\u5099\u6176\u795d\u5176\u5efa\u653f70\u9031\u5e74\uff0c\u9019\u500b\u6642\n\u5019\u600e\u9ebc\u53ef\u80fd\u52d5\u9999\u6e2f\uff1f\u300d\u3002\n\n\n\u9673\u6c34\u6241\u4eca\u5728\u5176\u500b\u4eba\u81c9\u66f8\u300c\u9673\u6c34\u6241\u65b0\u52c7\u54e5\u7269\u8a9e\u300dPO\u6587\u7a31\uff0c\u300c\u4e00\u500b\u4e2d\u570b\u300d\u770b\u65b0\u7586\uff0c\u300c\u548c\u5e73\u5354\u8b70\n\u300d\u770b\u897f\u85cf\uff0c\u300c\u4e00\u570b\u5169\u5236\u300d\u770b\u9999\u6e2f\uff0c\u5982\u679c\u53f0\u7063\u4eba\u518d\u4e0d\u89ba\u9192\uff0c\u5982\u679c\u8521\u653f\u5e9c\u518d\u4e0d\u786c\u8d77\u4f86\uff0c\u300c\u660e\u5929\n\u7684\u53f0\u7063\u300d\u5c31\u662f\u300c\u4eca\u65e5\u7684\u9999\u6e2f\u300d\uff01\uff1f\n\n\u963f\u6241\u89e3\u91cb\uff0c\u5c31\u57288\u670827\u65e5\uff0c\u9999\u6e2f\u7279\u9996\u6697\u793a\u796d\u51fa1967\u5e74\u7528\u904e\u4e00\u6b21\u7684\u300a\u7dca\u6025\u6cd5\u300b\uff0c8\u670829\u65e5\u51cc\u6668\n\u5927\u6279\u300c\u4e2d\u570b\u89e3\u653e\u8ecd\u4ee5\u8f2a\u63db\u70ba\u7531\u958b\u9032\u9999\u6e2f\u7279\u5340\u300d\uff0c8\u670831\u65e5\u7531\u6c11\u9663\u7533\u8acb\u7684\u5927\u904a\u884c\u88ab\u8b66\u65b9\u6b63\u5f0f\n\u99c1\u56de\u524d\u5915\u3002\u6c11\u9663\u53ec\u96c6\u4eba\u5c91\u5b50\u6770\u88ab\u8972\u64ca\u3001\u9999\u6e2f\u773e\u5fd7\u79d8\u66f8\u9577\u9ec3\u4e4b\u92d2\u88ab\u6355\u3001\u9999\u6e2f\u6c11\u65cf\u9ee8\u53ec\u96c6\u4eba\u9673\n\u6d69\u5929\u88ab\u62d2\u7d55\u96e2\u5883\uff0c\u300c\u4e2d\u570b\u6c11\u904b\u4eba\u58eb\u738b\u4e39\u300d\u5728\u81c9\u66f8\u9810\u544a\u300c\u5927\u902e\u6355\u5c31\u8981\u958b\u59cb\u4e86\u300d\uff01\u5927\u9678(\u4e2d\u5171)\n\u986f\u7136\u662f\u8981\u6293\u6355\u5927\u90e8\u5206\u6709\u865f\u53ec\u529b\u7684\u6297\u722d\u7d44\u7e54\u8005\uff0c\u963f\u6241\u8a8d\u70ba\u300c\u93ae\u58d3\u7684\u6642\u523b\u5c31\u8981\u5230\u4e86\u300d\u3002\n\n\n\u4ed6\u4e5f\u6307\u51fa\uff0c\u7f8e\u570b\u524d\u99d0\u806f\u5408\u570b\u5927\u4f7f\u6d77\u5229\uff08Nikki Haley\uff09\u70ba\u6587\u8a55\u8ad6\uff0c\u5982\u679c\u300c\u4e2d\u570b\u51fa\u5175\u93ae\u58d3\u9999\n\u6e2f\uff0c\u4e5f\u53ef\u80fd\u6703\u7528\u6b66\u529b\u63a7\u5236\u53f0\u7063\u300d\uff0c\u7f8e\u570b\u8207\u4e2d\u570b\u5546\u52d9\u95dc\u4fc2\u5fc5\u9808\u8981\u8d70\u5230\u76e1\u982d\u3002\n\n\u4ed6\u8868\u793a\uff0c\u9999\u6e2f\u53cd\u9001\u4e2d\u904b\u52d5\u5f9e3\u670831\u65e5\u5230\u73fe\u5728\u5df2\u7d935\u500b\u6708\u4e86\uff0c\u300c\u4e2d\u570b\u6703\u4e0d\u6703\u5f9e\u9707\u61fe\u5347\u9ad8\u70ba\u9707\u58d3\n\uff1f\u300d\u5168\u4e16\u754c\u90fd\u5728\u770b\uff01\u9127\u5c0f\u5e73\u572897\u9999\u6e2f\u56de\u6b78\u4e2d\u570b\u524d\u4fdd\u8b49\u8aaa\uff0c\u9999\u6e2f\u7279\u5340\u8207\u4e2d\u570b\u300c\u4e00\u570b\u5169\u5236\u300d\u300c\n50\u5e74\u4e0d\u8b8a\u300d\uff0c\u7d55\u5c0d\u4e0d\u6703\u9a19\u4eba\uff0c\u5982\u4eca\u300c\u4e00\u570b\u300d\u662f\u771f\uff0c\u300c\u5169\u5236\u300d\u662f\u5047\u3002\u5012\u662f\u9127\u5c0f\u5e73\u53e3\u4e2d\uff0c\u4e2d\u570b\n\u89e3\u653e\u8ecd\u9032\u99d0\u9999\u6e2f\u662f\u70ba\u4e86\u884c\u4f7f\u4e2d\u570b\u5c0d\u9999\u6e2f\u7684\u4e3b\u6b0a\uff0c\u5fc5\u8981\u6642\u9632\u6b62\u9999\u6e2f\u7684\u52d5\u4e82\uff0c\u771f\u7684\u6c92\u9a19\u4eba\uff01\n\n\u963f\u6241\u91cd\u8a71\u70ae\u8f5f\u524d\u7e3d\u7d71\u300c\u99ac\u82f1\u4e5d\u9a19\u4e868\u5e74\u300d\uff0c\u570b\u6c11\u9ee8\u9084\u5728\u7e7c\u7e8c\u9a19\u7684\u300c\u4e00\u4e2d\u5404\u8868\u7684\u4e5d\u4e8c\u5171\u8b58\u300d\n\uff0c\u4e5f\u53ea\u5269\u4e0b\u300c\u4e00\u4e2d\u300d\u6c92\u6709\u300c\u5404\u8868\u300d\u3002\u66f4\u5f37\u8abf\uff0c\u570b\u6c11\u9ee8\u97d3\u570b\u745c\u7121\u8996\u65bc\u300c\u4e00\u570b\u5169\u5236\u300d\u4e0b\u7684\u9999\u6e2f\n\u4eba\u60b2\u6158\u547d\u904b\uff0c\u300c\u548c\u5e73\u5354\u8b70\u7cd6\u8863\u300d\u4e0b\u767e\u842c\u5716\u535a\u4eba\u7684\u4e0b\u5834\uff0c\u300c\u4ecd\u5984\u60f3\u8ddf\u4e2d\u570b\u5927\u9678\u7c3d\u7f72\u8ce3\u53f0\u7684\u300e\n\u548c\u5e73\u5354\u8b70\u300f\u300d\uff01\n\n\u4ed6\u8a8d\u70ba\uff0c\u5f9e\u9999\u6e2f\u63a5\u53d7\u300c\u4e00\u500b\u4e2d\u570b\uff0c\u5169\u500b\u5236\u5ea6\u300d\u7684\u6158\u75db\u6559\u8a13\uff0c\u8521\u7e3d\u7d71\u53ca\u5176\u653f\u5e9c\u61c9\u8a72\u786c\u8d77\u4f86\uff0c\n\u5805\u6c7a\u62d2\u7d55\u63a5\u53d7\u300c\u4e00\u570b\u5169\u5236\u300d\u5916\uff0c\u66f4\u61c9\u4f9d\u7167\u6c11\u9032\u9ee8\u9ee8\u7db1\u300c\u53f0\u7063\u524d\u9014\u6c7a\u8b70\u6587\u300d\uff0c\u5927\u8072\u5ba3\u793a\u300c\u53cd\n\u5c0d\u4e00\u4e2d\u539f\u5247\u300d\u3002\u6c11\u9032\u9ee8\u4e0d\u505a\uff0c\u300c\u4e00\u908a\u4e00\u570b\u884c\u52d5\u9ee8\u300d\u4f86\u505a\uff1a\u4fee\u6539\u5169\u5cb8\u95dc\u4fc2\u689d\u4f8b\u6709\u95dc\u300c\u4e00\u500b\u4e2d\n\u570b\uff0c\u5169\u500b\u5730\u5340\u300d\u7684\u898f\u5b9a\uff0c\u8d70\u5411\u300c\u53f0\u7063\u4e2d\u570b\uff0c\u4e00\u908a\u4e00\u570b\u300d\uff01\n\n\u5c0d\u6b64\uff0c\u7db2\u53cb\u770b\u5b8c\u963f\u6241PO\u6587\uff0c\u7d1b\u7d1b\u8868\u793a\uff0c\u300c\u601d\u8def\u9019\u9ebc\u6e05\u6670\uff0c\u611f\u89ba\u53ef\u4ee5\u56de\u4e2d\u76e3\u4e86\u300d\u3001\u300c\u4f60\u53ef\u4ee5\n\u652f\u6301\u9999\u6e2f\uff0c\u4f46\u662f\u4e0d\u8981\u77ee\u5316\u81ea\u5df1\uff0c\u62ff\u5728\u4e00\u8d77\u6bd4\u8f03\u300d\u3001\u300c\u9019\u6b21\u8521\u7e3d\u7d71\u786c\u8b93\u540c\u5a5a\u5c08\u6cd5\u904e\u95dc\uff0c\u8a66\u5716\n\u8b93\u540c\u6027\u6200\u5a5a\u59fb\u5217\u5165\u6559\u79d1\u66f8\u5728\u8ab2\u5802\u4e0a\u8b1b\u6388\u4e88\u570b\u4e2d\u5c0f\u5b78\u751f\uff0c\u9019\u771f\u7684\u8b93\u6211\u89ba\u5f972016\u6295\u8521\u82f1\u6587\u5f88\u4e1f\n\u81c9\u300d\u3002\n\n\u4e5f\u6709\u7db2\u53cb\u63d0\u51fa\u770b\u6cd5\u6279\u963f\u6241\uff0c\u300c\u963f\u6241\u963f\uff0c\u4f60\u9019\u500b\u7e3d\u7d71\u767d\u505a\u4e86\u3002\u9678(\u4e2d\u5171)\u6b63\u6e96\u5099\u6176\u795d\u5176\u5efa\u653f70\n\u9031\u5e74\uff0c\u9019\u500b\u6642\u5019\u600e\u9ebc\u53ef\u80fd\u52d5\u9999\u6e2f\uff1f\u6709\u9ede\u982d\u8166\u7684\u4eba\u90fd\u77e5\u9053\u4e0d\u53ef\u80fd\u7684\u561b\u3002\u5373\u4f7f\u771f\u8981\u6212\u56b4\u9999\u6e2f\uff0c\n\u4e5f\u4e0d\u6703\u52d5\u7528\u8ecd\u968a\u7684\uff0c\u6709\u6b66\u88dd\u8b66\u5bdf\u8db3\u5920\u4e86\u3002\u6c11\u9032\u9ee8\u4eba\u5b8c\u5168\u4e0d\u77ad\u89e3\u4e2d\u5171\uff0c\u4ed6\u5011\u4e5f\u4e0d\u60f3\u77ad\u89e3\uff0c\u5c0d\n\u6297\u5c31\u5c0d\u4e86\u3002\u300e\u9999\u6e2f\u554f\u984c\u6c92\u90a3\u9ebd\u56b4\u91cd\uff0c\u4e2d\u5171\u4e0d\u6703\u93ae\u58d3\u7684\u300f\uff0c\u96d9\u65b9\u90fd\u5728\u62d6\uff0c\u770b\u8ab0\u6490\u7684\u6642\u9593\u4e45\u300d\n\u3002\n\n\nhttps://www.chinatimes.com/realtimenews/20190901001018-260407?chdtv\n\n--\nhttps://www.facebook.com/NewHeroStory/ \u6b61\u8fce\u6309\u8b9a\u52a0\u8a02\u95b1\n\n          \u653f\u9ee8\u7968\u652f\u6301  \u4e00\u908a\u4e00\u570b\u884c\u52d5\u9ee8\n\n      \u7d14\u6b63\u53f0\u7063\u50f9\u503c \u53f0\u7063\u4e4b\u5b50 \u4e09\u7d1a\u8ca7\u6236 \u524d\u4efb\u7e3d\u7d71 \u9673\u6c34\u6241 \u53f0\u7063\u653f\u58c7\u6700\u65b0\u4f5c\u54c1\n\n--\n"}