{"ptt_id": "NotLuo", "post_url": "https://www.ptt.cc/bbs/Gossiping/M.1564659752.A.0B1.html", "post_type": "\u554f\u5366", "post_title": "\u6709\u6c92\u6709U2\u54ea\u9996\u6700\u8b9a\u7684\u516b\u5366\uff1f", "post_time": "2019-08-01 19:42:17", "post_score": 8, "post_pushes": [{"type": 1, "id": "bravo233295", "content": ": \u7d04\u66f8\u4e9e\u6a39\u6574\u5f35\u90fd\u597d\u807d"}, {"type": 0, "id": "kent", "content": ": \u62b1\u6795\u6700\u8b9a \u4e00\u5b9a\u8981\u588a\u5c41\u80a1\u5c04\u5728\u4e0a\u9762"}, {"type": 1, "id": "ccchou", "content": ": One"}, {"type": -1, "id": "butmyass", "content": ": \u6295\u7968\u5ee2\u6587\u6efe!"}, {"type": 0, "id": "estupid", "content": ": \u6d77\u6ce2\u6d6a"}, {"type": 1, "id": "Iakane", "content": ": No matter what"}, {"type": 0, "id": "StillAtNight", "content": ": \u5c31\u4f60\u8aaa\u7684\u9019\u9996\u4e86"}, {"type": 1, "id": "bbbyes123", "content": ": I don\u2019t want to miss a thing"}, {"type": 1, "id": "chen0530", "content": ": \u63a8Sunday Bloody Sunday"}, {"type": 0, "id": "chen0530", "content": ": https://youtu.be/EM4vblG6BVQ"}, {"type": 0, "id": "Sinful", "content": ": \u5e7e\u4e4e\u6bcf\u4e00\u9996\u90fd\u7d93\u5178\u5566!"}, {"type": 1, "id": "rrrivz", "content": ": \u7576\u7136\u662fwith or without you=="}, {"type": 1, "id": "idunhav1", "content": ": Vertigo"}, {"type": -1, "id": "rex9999", "content": ":  City Of Blinding Lights"}, {"type": 0, "id": "soumatoro", "content": ": \u5443\u5443"}, {"type": 1, "id": "birdy590", "content": ": Joshua Tree\u795e\u5c08\u8f2f"}, {"type": 0, "id": "birdy590", "content": ": \u63a8Where the streets have no name"}, {"type": 0, "id": "birdy590", "content": ": Edge\u5728\u73fe\u5834\u90a3\u500b\u524d\u594f\u97f3\u5834\u7121\u6575\u5f37"}, {"type": 1, "id": "tomx", "content": ": Beautiful day"}, {"type": 1, "id": "edwardting", "content": ": \u5927\u96e8 \u5927\u96e8 \u4e00\u76f4\u4e0b"}, {"type": -1, "id": "GreenChamber", "content": ": \u5e79\u5b83\u8001\u65af\u6c92\u6709\u6436\u5230\u6a6b\u6ff1\u7684\u7968"}, {"type": 1, "id": "aspired", "content": ": Pride\u3001bad\u3001\u7121\u540d\u8857 \u90fd\u662f\u795e\u66f2"}], "post_ip": "111.71.86.246", "post_content": "\n\n\u4e0d\u662f\u90a3\u500b\u4e8c\u8f2a\u96fb\u5f71\u9662\n\u662f\u4e00\u500b\u611b\u723e\u862d\u7684\u97f3\u6a02\u5718\u9ad4\n\u4e4b\u524d\u807d\u4e86\u4e00\u4e0bwith or without you\u89ba\u5f97\u597d\u807d\u4f46\u6c92\u6709\u7279\u5225\u611b\n\u6700\u8fd1\u7121\u610f\u9593\u53c8\u807d\u4e86\u4e00\u6b21\n\u7a81\u7136\u89ba\u5f97\u771f\u662f\u597d\u807d\n\u5f8c\u4f86\u767c\u73fe\u597d\u50cf\u90a3\u6574\u5f35\u5c08\u8f2f\u90fd\u5f88\u597d\u807d\u8036\n\u90a3\u9ebc\u6709\u6c92\u6709U2\u54ea\u9996\u6700\u8b9a\u7684\u516b\u5366\u5462\uff1f\n-----\nSent from JPTT on my iPhone\n\n--\n"}