{"ptt_id": "sammoon", "post_url": "https://www.ptt.cc/bbs/Gossiping/M.1567421650.A.ABA.html", "post_type": "\u554f\u5366", "post_title": "\u8c9d\u5409\u5854\u70ba\u4ec0\u9ebc\u53ea\u53ebgoku\u70ba\u5361\u5361\u6d1b\u7279", "post_time": "2019-09-02 18:54:08", "post_score": 26, "post_pushes": [{"type": 0, "id": "thegreatlcx", "content": ": \u5361\u5361\u7f85\u7279\u662f\u6bcd\u8a9e\u554a \u5e79"}, {"type": 0, "id": "a27588679", "content": ": \u56e0\u70ba\u90a3\u662f\u53ea\u6709\u4ed6\u6703\u53eb\u7684\u540d\u5b57"}, {"type": 1, "id": "WeGoStyle", "content": ": \u5c31\u50cf\u97d3\u5c0e\u53eb\u4e2d\u9298\u4e00\u6a23\u88dd\u719f"}, {"type": 0, "id": "thegreatlcx", "content": ": \u4f60\u4ed6\u5abd\u6c92\u4e8b\u6703\u53eb\u4f60\u670b\u53cb\u7684\u82f1\u6587\u540d\u5b57\u55ce"}, {"type": 1, "id": "kerogunpla", "content": ": \u56e0\u70ba\u4ed6\u5011\u8a8d\u8b58\u5f88\u4e45\u4e86"}, {"type": 1, "id": "Luciferspear", "content": ": \u56e0\u70ba\u90a3\u662f\u8cfd\u4e9e\u4eba\u7684\u9a55\u50b2"}, {"type": 0, "id": "i7851", "content": ": \u6709\u4e9b\u4eba\u5c31\u89ba\u5f97\u8b1b\u6bcd\u8a9e\u6bd4\u8f03\u56c2\u5f35\u554a"}, {"type": 1, "id": "watashiD", "content": ": \u4f60\u4e0d\u662f\u90fd\u53eb\u4f60\u9130\u5c45\u963f\u9280?"}, {"type": 0, "id": "smalltwo", "content": ": \u4ed6\u5f9e\u5c0f\u5c31\u53eb\u4ed6\u5361\u5361\u6d1b\u7279\u963f"}, {"type": 1, "id": "utcn92", "content": ": \u6211\u65cf\u540d\u53eb\u8d77\u4f86\u6bd4\u8f03\u89aa\u5207\u554a"}, {"type": 0, "id": "v7q4", "content": ": \u5582\uff01\u79bf\u5b50\uff01"}, {"type": 1, "id": "sdf88523", "content": ": \u67d0\u500b\u8caa\u6c61\u4ed4\u4e0d\u4e5f\u7528\u65cf\u540d\uff1f"}, {"type": 1, "id": "winnietslock", "content": ": \u7528\u6bcd\u8a9e\u662f\u5f88\u9a55\u50b2\u7684\u4e00\u4ef6\u4e8b"}, {"type": 1, "id": "CCapocalypse", "content": ": \u56e0\u70ba\u4ed6\u662f\u609f\u7a7a\u8cfd\u4e9e\u4eba\u90a3\u908a\u7684\u8001\u5a46"}, {"type": 1, "id": "sazaby", "content": ": \u5e03\u7f85\u5229\u4e5f\u90fd\u53eb\u5361\u5361\u6d1b\u7279\u554a"}, {"type": 0, "id": "SuperCry", "content": ": \u99ac\u7684\u627e\u4e00\u5806\u8001\u592a\u5a46\u914d\u97f3"}, {"type": 1, "id": "ohmypipi", "content": ": \u88dd\u719f\u5427"}, {"type": 1, "id": "winnietslock", "content": ": \u6211\u662f\u8d85\u7d1a\u852c\u83dc"}, {"type": 1, "id": "iphone55566", "content": ": \u60f3\u641e\u57fa"}, {"type": 0, "id": "smalltwo", "content": ": \u5e03\u7f85\u5229\u4e5f\u662f\u9ad8\u7d1a\u6230\u58eb"}, {"type": 0, "id": "f78507851", "content": ": \u4e0d\u9019\u6a23\u7a31\u547c \u597d\u50cf\u6703\u5fd8\u4e86\u81ea\u5df1\u662f\u8cfd\u4e9e\u4eba?"}, {"type": 0, "id": "f78507851", "content": ": \u5c0d\u4e86 \u9054\u723e\u7684\u53eb\u6cd5\u662f\u54ea\u88e1\u4f86\u7684?"}, {"type": 0, "id": "smalltwo", "content": ": \u65e9\u671f\u7684\u7ffb\u8b6f"}, {"type": 0, "id": "f78507851", "content": ": \u5594 \u6240\u4ee5\u9054\u723e\u624d\u662f\u7ffb\u8b6f\u7684\u554f\u984c \u8b1d\u89e3\u7b54"}, {"type": 1, "id": "coffee112", "content": ": \u6700\u611b\u7684\u4eba\u624d\u6703\u53eb\u4ed6\u5c0f\u540d"}, {"type": 1, "id": "gunfighter", "content": ": \u9019\u8ddf\u5357\u90e8\u4eba\u805a\u4e00\u8d77\u5c31\u81ea\u52d5\u8f49\u95a9\u5357\u8a9e\u983b\u9053"}, {"type": 0, "id": "gunfighter", "content": ": \u4e00\u6a23 \u7528\u9109\u97f3\u624d\u986f\u5f97\u662f\u81ea\u5df1\u4eba"}, {"type": 1, "id": "Aerialy", "content": ": \u4f60\u670b\u53cb\u6703\u7528ptt ID\u7a31\u547c\u4f60\u55ce????"}, {"type": 1, "id": "whitecow", "content": ": \u7d05\u863f\u8514"}, {"type": 1, "id": "hqu", "content": ": \u7b2c\u4e00\u6b21\u767c\u751f\u95dc\u4fc2\u70ba\u95dc\u4fc2"}, {"type": 1, "id": "ccucwc", "content": ": \u5c31\u50cf\u53ea\u6709\u4f60\u80fd\u53eb\u4f60\u5973\u670b\u53cb\u5bf6\u8c9d\u4e00\u6a23\u554a"}, {"type": 1, "id": "Niubert", "content": ": \u96e3\u9053\u4f60\u670b\u53cb\u90fd\u53eb\u4f60sammoon"}, {"type": 1, "id": "daniel3551", "content": ": \u8c9d\u57fa\u5854\u5c31\u50cf\u539f\u4f4f\u6c11\u982d\u76ee \u54ea\u80fd\u53eb\u65cf\u4eba\u6f22\u540d"}, {"type": 0, "id": "Zenta", "content": ": \u6f6e\u554a"}, {"type": 1, "id": "karnoel", "content": ": \u5b98\u65b9cp\u6709\u5c08\u5c6c\u66b1\u7a31\u5f88\u602a\u55ce\uff1f"}, {"type": 1, "id": "Ives20130", "content": ": \u8001\u5a46\u53eb\u8001\u516c\u4e73\u540d\u9084\u597d\u5427"}, {"type": 1, "id": "dk394alal", "content": ": \u611b\u7a31 \u61c2?"}, {"type": 1, "id": "will1118", "content": ": \u4e03\u9f8d\u73e0\u5f88\u591a\u89d2\u8272\u540d\u90fd\u662f\u852c\u83dc"}, {"type": 1, "id": "azytjr", "content": ": \u5c08\u5c6c\u65bc\u4ed6\u7684\u5c0f\u4e73\u540d"}, {"type": 0, "id": "eemail", "content": ": \u963f\u5446 \u609f\u7a7a\u53eb\u5361\u6d1b\u7279 \u5361\u5361\u6d1b\u7279\u662f\u8868\u793a\u4ed6\u8981\u5361"}, {"type": 0, "id": "eemail", "content": ": \u609f\u7a7a \u7b2c\u4e00\u500b\u5361\u662f\u52d5\u8a5e\u5566@@"}, {"type": 1, "id": "bestpop", "content": ": \u852c\u83dc\u548c\u863f\u8514\u554a"}], "post_ip": "49.219.133.218", "post_content": "\n\u8c9d\u5409\u5854\u5f9e\u7b2c\u4e00\u6b21\u767b\u5834\u5c31\u53eb\u609f\u7a7a\u7684\u8cfd\u4e9e\u4eba\u540d\u5b57\n\n\u4e00\u76f4\u5230\u5f8c\u9762\u6211\u770b\u4ed6\u6bcf\u6b21\u90fd\u662f\u8b1b\u5361\u5361\u6d1b\u7279\n\n\u660e\u660e\u4eba\u5bb6\u5728\u5730\u7403\u6709\u500b\u540d\u5b57\u53eb\u5b6b\u609f\u7a7a\n\n\u5f8c\u4f86\u9047\u5230\u5f88\u591a\u6575\u4eba\u4e5f\u90fd\u53eb\u4ed6\u609f\u7a7a\u554a\n\n\u70ba\u4ec0\u9ebc\u8c9d\u5409\u5854\u4e0d\u53eb\u4ed6\u609f\u7a7a\n\n\u4ed4\u7d30\u770b\u597d\u50cf\u6574\u90e8\u9f8d\u73e0\u9664\u4e86\u4ed6\u54e5\u8ddf\u90a3\u500b\u5149\u982d\u8cfd\u4e9e\u4eba\u5c31\u53ea\u6709\u8c9d\u5409\u5854\u53eb\u609f\u7a7a\u70ba\u5361\u5361\u6d1b\u7279\n\n\u8c9d\u5409\u5854\u70ba\u4ec0\u9ebc\u9019\u9ebc\u57f7\u8457\u65bc\u5361\u5361\u6d1b\u7279\u9019\u540d\u5b57\uff1f\n\n--\n"}