{"ptt_id": "godshibainu", "post_url": "https://www.ptt.cc/bbs/Gossiping/M.1562498940.A.041.html", "post_type": "\u65b0\u805e", "post_title": "\u4e16\u5927\u904b\u300b\u518d\u5ea6\u5b8c\u7f8e\u843d\u5730\uff01\u674e\u667a\u51f1\u978d\u99ac\u6458\u91d1", "post_time": "2019-07-07 19:28:57", "post_score": 85, "post_pushes": [{"type": 1, "id": "TMDkid", "content": ": \u611f\u6069\u7537\u5b69 \u8b9a\u5606\u7537\u5b69 \u70ba\u5446\u4e38\u722d\u5149"}, {"type": 0, "id": "Rrrxddd", "content": ": \u4e00\u6a13\u5c04\u4e86"}, {"type": 1, "id": "D12471", "content": ": \u8b9a\u5566\uff5e\u53f0\u7063\u4e4b\u5149\uff01"}, {"type": 1, "id": "miloskyman", "content": ": \u978d\u99ac\u60e1\u5e74"}, {"type": 1, "id": "leon82guy", "content": ": \u5c4c\u6253\u6b38"}, {"type": 1, "id": "kevin05233", "content": ": \u7ffb\u6efe\u5427 \u7537\u5b69"}, {"type": 1, "id": "bearKQG", "content": ": \u771f\u7684\u731b"}, {"type": 1, "id": "Syoshinsya", "content": ": \u63a8\uff01"}, {"type": 1, "id": "xx60824xx", "content": ": \u63a8"}, {"type": 1, "id": "TitusKuo", "content": ": \u63a8"}, {"type": 1, "id": "sorrow0206", "content": ": \u53f0\u7063\u4e4b\u5149"}, {"type": 1, "id": "laurence9947", "content": ": \u53ea\u6c42\u57282020\u524d\u4e0d\u8981\u53d7\u50b7"}, {"type": 1, "id": "cocogg", "content": ": \u63a8\u63a8"}, {"type": 1, "id": "miney", "content": ": \u7ffb\u6efe\u5427\u7537\u5b69"}, {"type": 1, "id": "freaky791011", "content": ": \u5f37"}, {"type": 1, "id": "vespar", "content": ": \u5e79 \u771f\u5c4c!!!"}, {"type": 1, "id": "luckywind", "content": ": \u5f37"}, {"type": 1, "id": "angeltear15", "content": ": \u83dc\u5e02\u5834\u963f\u51f1 \u679c\u7136\u795e!!"}, {"type": 1, "id": "slimfat0202", "content": ": \u5fc3\u7406\u7d20\u8cea\u6975\u4f73\uff0c\u53f0\u7063\u4e4b\u5149"}, {"type": 1, "id": "Lamuneforty", "content": ": \u963f\u51f1 \u8b9a"}, {"type": 1, "id": "grace00912", "content": ": WOW~~~\u63a8"}, {"type": 0, "id": "grace00912", "content": ": \u8d85\u5f37"}, {"type": 1, "id": "kimfor", "content": ": \u63a8\uff01"}, {"type": 1, "id": "joe0528", "content": ": \u63a8 \u5e0c\u671b\u4e0d\u8981\u53d7\u50b7"}, {"type": 1, "id": "mouz", "content": ": CHINA\u4e4b\u5149\uff01 Republic of CHINA\uff01"}, {"type": 0, "id": "sjlee1127", "content": ": \u63a8"}, {"type": 1, "id": "TWsomebody", "content": ": \u771f\u7684\u5f88\u53b2\u5bb3"}, {"type": 1, "id": "ulamong", "content": ": \u63a8"}, {"type": 1, "id": "neverwei", "content": ": \u63a8"}, {"type": 0, "id": "DudeFromMars", "content": ": \u53f0\u7063\u978d\u99ac\u5143\u5e74\uff01"}, {"type": 1, "id": "chinggo", "content": ": \u63a8 \u53f0\u7063\u52a0\u6cb9"}, {"type": 1, "id": "dahlia7357", "content": ": \u5967\u904b\u9760\u4f60\u4e86"}, {"type": 1, "id": "waggamsn", "content": ": \u592a\u5f37\u5566"}, {"type": 1, "id": "Smoltzy", "content": ": \u53f0\u7063\u4e4b\u5149"}, {"type": 0, "id": "cerberi", "content": ": \u63a8"}, {"type": 1, "id": "osioli", "content": ": \u611f\u8b1d\u6709\u4f60"}, {"type": 1, "id": "Tmmontal", "content": ": \u770b\u4ed6\u8868\u6f14\u771f\u662f\u4e00\u7a2e\u4eab\u53d7"}, {"type": 1, "id": "sfxcvgys", "content": ": \u63a8"}, {"type": 0, "id": "tengentoppa", "content": ": \u53f0\u7063\u4e4b\u5149\uff0c\u9ad4\u90aa\u4e00\u6a23\u68d2"}, {"type": 1, "id": "rada118", "content": ": \u53f0\u7063\u4e4b\u5149"}, {"type": 1, "id": "smalldpig", "content": ": \u53f0\u7063\u4e4b\u5149"}, {"type": 1, "id": "zunyu", "content": ": \u63a8"}, {"type": 1, "id": "clala", "content": ": \u63a8"}, {"type": 1, "id": "Slowbro", "content": ": \u63a8"}, {"type": 1, "id": "Mulice0926", "content": ": \u8d85\u5f37\u4e8c\u9023\u9738"}, {"type": 1, "id": "ktonelove", "content": ": \u8b9a\u5566\uff01\uff01\uff01\uff01"}, {"type": 1, "id": "noseng", "content": ": \u63a8"}, {"type": 1, "id": "alau", "content": ": 2020\u6700\u5927\u5e0c\u671b"}, {"type": 1, "id": "FINe0928", "content": ": \u6c34\u5566"}, {"type": 1, "id": "slive", "content": ": \u5e25 \u5967\u904b\u91d1\u724c\u9760\u4f60"}, {"type": 1, "id": "neil9830409", "content": ": \u6efe\u8d77\u4f86"}, {"type": 0, "id": "yuiweq1999", "content": ": \u5b8c\u7f8e\u843d\u5730\uff01\uff01"}, {"type": 1, "id": "zerotoall", "content": ": \u63a8"}, {"type": 1, "id": "ghostl40809", "content": ": \u63a8!!!!!!!!!!!"}, {"type": 1, "id": "chunjunk", "content": ": \u62dc\u8a17\u524d\u9032\u5967\u904b\u767c\u5149"}, {"type": 1, "id": "cymine", "content": ": gj"}, {"type": 1, "id": "saladim", "content": ": GOOOOOOOOD~~~"}, {"type": 1, "id": "zarados", "content": ": \u771f\u7684\u5f37\uff01\uff01\u9ad4\u64cd\u4eba\u63a8\uff01\uff01"}, {"type": 1, "id": "DoDoChu", "content": ": \u771f\u7684\u5f88\u53b2\u5bb3\u554a\uff01\uff01"}, {"type": 1, "id": "ECZEMA", "content": ": \u6709\u5920\u5f37"}, {"type": 1, "id": "feeling1987", "content": ": \u592a\u53b2\u5bb3\u4e86\uff01\uff01"}, {"type": 1, "id": "jexcel", "content": ": \u53f0\u7063\u4e4b\u5149 \u592a\u5f37\u4e86"}, {"type": 1, "id": "x5404145", "content": ": \u592a\u795e\u5566\uff01"}, {"type": 0, "id": "stw0975", "content": ": \u63a8"}, {"type": 1, "id": "qppqqp", "content": ": \u5f37\u8005"}, {"type": 1, "id": "VVax", "content": ": \u5f37"}, {"type": 1, "id": "Eland", "content": ": \u8b9a \u63a8\u63a8\u63a8 \u52a0\u6cb9\u554a\uff01"}, {"type": 1, "id": "eggbird", "content": ": \u5b8c\u7f8e\u843d\u5730!!!"}, {"type": 1, "id": "nsmmsn", "content": ": !"}, {"type": 1, "id": "facewind", "content": ": \u8b9a\u5594"}, {"type": 0, "id": "vikingman", "content": ": \u63a8"}, {"type": 1, "id": "sd785", "content": ": \u63a8"}, {"type": 1, "id": "bai0329", "content": ": \u63a8"}, {"type": 1, "id": "linda3351635", "content": ": \u8b9a"}, {"type": 1, "id": "libracat", "content": ": \u6c34\u6c34\u6c34"}, {"type": 1, "id": "albert1229", "content": ": \u53b2\u5bb3"}, {"type": 1, "id": "prtprt", "content": ": \u63a8"}, {"type": 1, "id": "theword", "content": ": \u5f71\u7247\u88ab\u5c01\u4e86"}, {"type": 1, "id": "Strokes", "content": ": \u63a8"}, {"type": 1, "id": "bader3", "content": ": \u63a8 \u8b9a\u8b9a\u8b9a"}, {"type": 0, "id": "JoeyChen", "content": ": \u4ed6\u662f\u4e0d\u662f\u53c8\u66f4\u58ef\u4e86?"}, {"type": 1, "id": "chocofei", "content": ":"}, {"type": 1, "id": "ctes940008", "content": ": \u6d77\u653e"}, {"type": 1, "id": "silentbear", "content": ": \u63a8\uff01\u731b\u731bder"}, {"type": 1, "id": "abb123456", "content": ": \u5f37"}, {"type": 1, "id": "mra2284", "content": ": \u63a8 \u9ad4\u64cd\u771f\u7684\u8f9b\u82e6"}, {"type": 1, "id": "ooolllddd", "content": ": \u63a8"}, {"type": 1, "id": "xhung", "content": ": \u81fa\u7063\u4e4b\u5149"}, {"type": 1, "id": "wa0989669525", "content": ": \u63a8"}, {"type": 1, "id": "greedmoon", "content": ": \u63a8"}, {"type": 1, "id": "s20030126", "content": ": \u606d\u559c"}, {"type": 1, "id": "fi", "content": ": \u63a8 \u606d\u559c"}, {"type": 1, "id": "mynewid", "content": ": \u5f9e\u73fe\u5728\u6211\u4e0d\u6703\u518d\u9003\u907f"}, {"type": 1, "id": "po210066", "content": ": \u606d\u559c\u606d\u559c"}, {"type": 0, "id": "fashionvino", "content": ": \u53f0\u7063\u4e4b\u5149"}, {"type": 1, "id": "Win7", "content": ": \u63a8\u963f\u51f1\uff0c\u4e0d\u904e\u597d\u50cf\u5f88\u591a\u570b\u5bb6\u958b\u59cb\u5b78\u4e86\uff0c\u65e5\u672c\u5f88"}, {"type": 0, "id": "Win7", "content": ": \u660e\u986f\uff0c\u963f\u51f1\u8ddf\u963f\u4fe1\u8981\u52a0\u6cb9"}], "post_ip": "111.252.90.53", "post_content": "\n\u4e16\u5927\u904b\u300b\u518d\u5ea6\u5b8c\u7f8e\u843d\u5730\uff01\u674e\u667a\u51f1\u978d\u99ac\u6458\u91d1 \u7de0\u9020\u4e8c\u9023\u9738\uff08\u5f71\u97f3\uff09\nhttps://youtu.be/zouovlxA5JM \n\nhttps://i.imgur.com/wE4A9MN.jpg  \u674e\u667a\u51f1\u9806\u5229\u5b8c\u6210\u4e16\u5927\u904b\u978d\u99ac\u4e8c\u9023\u9738\u3002\n\n\u62ff\u5761\u91cc\u4e16\u5927\u904b\u7af6\u6280\u9ad4\u64cd\u55ae\u9805\u6c7a\u8cfd\u4eca\u767b\u5834\uff0c\u4e0a\u5c46\u53f0\u5317\u4e16\u5927\u904b\u978d\u99ac\u6458\u4e0b\u91d1\u724c\u7684\u674e\u667a\u51f1\uff0c\u4eca\u5728\u6c7a\n\u8cfd\u4e2d\u7e73\u51fa15.400\u5206\uff0c\u9806\u5229\u6458\u4e0b\u91d1\u724c\uff0c\u5b8c\u6210\u978d\u99ac\u4e8c\u9023\u9738\u3002\n\n\u674e\u667a\u51f1\u672c\u5c46\u978d\u99ac\u8cc7\u683c\u8cfd\u62ff\u4e0b15.150\u5206\uff0c\u4ee5\u7b2c1\u540d\u633a\u9032\u6c7a\u8cfd\uff0c\u4eca\u5728\u6c7a\u8cfd\u4e2d\u4f7f\u51fa\u62ff\u624b\u7684\u6e6f\u746a\u58eb\n\u8ff4\u65cb\uff0c\u4e14\u7a69\u7a69\u5730\u767c\u63ee\uff0c\u6700\u7d42\u62ff\u4e0b15.400\u5206\u9ad8\u5206\u6458\u91d1\u3002\n\n\u6392\u5728\u7b2c5\u4f4d\u767b\u5834\u7684\u54c8\u85a9\u514b\u5c0f\u5c07\u67ef\u672c\u8afe\uff08Nariman Kurbanov\uff09\u5247\u4ee514.700\u5206\u7372\u5f97\u9280\u724c\uff0c\u65e5\u672c\n\u597d\u624b\u5ba3\u548c\u78e8\u4ee514.500\u5206\u6458\u4e0b\u9285\u724c\u3002\n\n\u674e\u667a\u51f1\u4eca\u5e74\u70ba\u572810\u6708\u5fb7\u570b\u65af\u5716\u52a0\u7279\u4e16\u9326\u8cfd\uff0c\u5c0b\u6c42\u5168\u80fd\u9805\u76ee\u80fd\u62ff\u4e0b\u524d12\u540d\uff0c\u76f4\u53d6\u6771\u4eac\u5967\u904b\u9580\n\u7968\u3002\u4eca\u5e744\u6708\u8d77\uff0c\u6559\u7df4\u6797\u80b2\u4fe1\u7279\u5225\u4fee\u6539\u8ab2\u8868\uff0c\u9664\u4e86\u978d\u99ac\u4ee5\u5916\u7684\u9805\u76ee\u90fd\u5f97\u66f4\u52a0\u7cbe\u9032\uff0c\u4e5f\u8b93\u4ed6\n\u5728\u9019\u6b21\u4e16\u5927\u904b\u8868\u73fe\u5927\u653e\u7570\u5f69\u3002\n\n\u674e\u667a\u51f1\u9996\u65e5\u8207\u5510\u5609\u9d3b\u3001\u5f90\u79c9\u8b19\u596a\u5718\u968a\u9280\u724c\uff0c\u6628\u4ed6\u518d\u6dfb\u5168\u80fd\u9285\u724c\uff0c\u4eca\u5929\u674e\u667a\u51f1\u5728\u978d\u99ac\u55ae\u9805\u6c7a\n\u8cfd\u6458\u4e0b\u91d1\u724c\uff0c\u6211\u570b\u7537\u5b50\u9ad4\u64cd\u5171\u9032\u5e331\u91d1\u30011\u9280\u30011\u9285\uff0c\u6539\u5beb2005\u5e74\u4f0a\u58eb\u9ea5\u4e16\u5927\u904b1\u91d1\u30011\u9285\uff0c\n\u5275\u968a\u53f2\u65b0\u7337\u3002\n\n\u53f0\u7063\u7537\u5b50\u9ad4\u64cd\u968a\u7a0d\u665a\u9084\u67093\u5834\u8cfd\u4e8b\uff0c\u665a\u95937\u9ede\u5510\u5609\u9d3b\u5c07\u5728\u540a\u74b0\u6c7a\u8cfd\u767b\u5834\uff0c11\u9ede\u70ba\u674e\u667a\u51f1\u7684\u96d9\n\u69d3\u6c7a\u8cfd\uff0c\u800c\u53bb\u5e74\u66fe\u5728\u4e9e\u904b\u6458\u4e0b\u55ae\u69d3\u91d1\u724c\u7684\u5510\u5609\u9d3b\uff0c\u5c07\u5728\u51cc\u666812\u9ede\u55ae\u69d3\u6c7a\u8cfd\u4eae\u76f8\uff0c\u529b\u62da\u500b\u4eba\n\u9996\u9762\u4e16\u5927\u904b\u91d1\u724c\u3002\n\nhttps://sports.ltn.com.tw/news/breakingnews/2845641  \u81ea\u7531\n\u5099\u8a3b\nhttps://i.imgur.com/k7xfG2d.jpg  \u7d50\u7b97\u6210\u7e3e\u8868\n\nhttps://youtu.be/li0JlVi1z_8?t=1h8m52s   \u978d\u99ac\u6bd4\u8cfd\u958b\u59cb\nhttps://youtu.be/li0JlVi1z_8?t=1h2025s   \u674e\u667a\u51f1\u6bd4\u8cfd\u958b\u59cb\nhttps://youtu.be/li0JlVi1z_8?t=3h12m14s  \u978d\u99ac\u9812\u734e\u5178\u79ae\n\n\u611f\u89ba\u5404\u570b\u8868\u73fe\u90fd\u4e0d\u932f\uff0c\u73fe\u5834\u638c\u8072\u4e0d\u65b7\uff0c\u9078\u624b\u6bd4\u5b8c\u4e0b\u53f0\u90fd\u5f88\u8208\u596e\n\u53ea\u662f\u674e\u667a\u51f1\u7684\u638c\u8072\u548c\u9a5a\u547c\u66f4\u5927\n\n--\n\u5373\u5c07\u9812\u734e\n\u203b \u7de8\u8f2f: godshibainu (111.252.90.53 \u81fa\u7063), 07/07/2019 20:41:05\n"}