{"ptt_id": "zpeople", "post_url": "https://www.ptt.cc/bbs/Gossiping/M.1563170478.A.036.html", "post_type": "\u554f\u5366", "post_title": "\u8ddf\u57fa\u53cb\u6563\u6b65\u5230\u4e00\u534a\u88ab\u6293\u8d70\u4e86", "post_time": "2019-07-15 14:01:16", "post_score": 0, "post_pushes": [{"type": 0, "id": "n946", "content": ": \u756a\u865f?"}, {"type": 0, "id": "Windcws9Z", "content": ": http://i.imgur.com/8eComvm.jpg"}, {"type": 0, "id": "hmcedamon", "content": ": \u57fa\u98db\u96d9\u715e"}, {"type": 1, "id": "eateate04", "content": ": \u95dc\u516c\u9ee8"}, {"type": -1, "id": "ePaper", "content": ": \u5496\u55b1\u8fa3\u6912"}], "post_ip": "122.147.26.78", "post_content": "\n\u5982\u984c\uff1a\u525b\u525b\u5728\u6563\u6b65\u88ab\u6293\u53bb\u898b\u4e00\u500b\u81c9\u7d05\u7d05\u7684\u5927\u54e5\n\n\u7136\u5f8c\u8aaa\u6211\u8ddf\u57fa\u53cb\u547d\u786c\u4e14\u96d9\u751f\u96d9\u514b\u4e4b\u985e\n\n\u9084\u8aaa\u6211\u5011\u4e00\u5b9a\u8981\u5e79\u504f\u9580\uff0c\u4e0d\u7136\u6a6b\u6b7b\u8857\u982d\n\n\u7136\u5f8c\u6b63\u5f0f\u6536\u6211\u5011\u7576\u5c0f\u5f1f\uff0c\u9084\u7d66\u6211\u5011\u4e00\u7b46\u9322\u53bb\u8cb7\u8863\u670d\n\n\u8acb\u554f\u8a72\u600e\u9ebc\u8fa6\uff0c\u6211\u8ddf\u57fa\u53cb\u60f3\u7576\u597d\u4eba\u554a\n\n--\n"}