{"ptt_id": "ffreakk", "post_url": "https://www.ptt.cc/bbs/Gossiping/M.1565428218.A.424.html", "post_type": "\u554f\u5366", "post_title": "\u70ba\u4ec0\u9ebc\u6c92\u6709\u5e73\u50f9\u6392\u9aa8\u98ef\u9023\u9396\u5e97", "post_time": "2019-08-10 17:10:11", "post_score": 12, "post_pushes": [{"type": 0, "id": "CyrilHuang", "content": ": \u6211\u5bb6\u5df7\u53e3"}, {"type": 0, "id": "G2S", "content": ": \u6b63\u5fe0\u6392\u9aa8\u98ef"}, {"type": 0, "id": "bryanchen98", "content": ": \u6b63\u4e2d\uff1f"}, {"type": 0, "id": "galleon2000", "content": ": \u4e09\u5546\u5de7\u798f\u963f"}, {"type": 1, "id": "Ryonsky", "content": ": \u6b63\u5fe0?"}, {"type": 1, "id": "cherarthur1", "content": ": \u6b63\u5fe0 \u592a\u5e2b\u5085"}, {"type": 0, "id": "theskyofblue", "content": ": \u6b63\u5fe0\u8ddf\u592a\u5e2b\u5085\u4e4b\u985e\u7684\u5427  \u53ea\u662f\u5317\u90e8\u5c11"}, {"type": 0, "id": "theskyofblue", "content": ": \u5317\u90e8\u5c31\u9b0d\u9b1a\u5f35"}, {"type": 1, "id": "Cger", "content": ": \u4e2d\u4e00\u6392\u9aa8\u554a"}, {"type": 0, "id": "sn0w", "content": ": \u6881\u793e\u6f22"}, {"type": 0, "id": "revit", "content": ": \u91d1\u4ed9\u6392\u9aa8"}, {"type": 1, "id": "steffenlee", "content": ": \u6881\u793e\u6f22\u96de\u817f\u6392\u9aa8\u98ef\u90fd110 \u6392\u9aa8\u4e0d\u6bd4\u541b\u6085"}, {"type": 0, "id": "steffenlee", "content": ": \u5c0f\u584a \u4f46\u5473\u9053\u9084\u662f\u541b\u6085\u597d\u4e9b"}, {"type": 1, "id": "Messi100", "content": ": \u5f88\u5c11"}, {"type": 1, "id": "st52112000", "content": ": \u6b63\u5fe0"}, {"type": 1, "id": "botnet", "content": ": \u7532\u4e00\u98ef\u5305\u554a50\u584a\u7532\u7c97\u7238"}, {"type": 1, "id": "tom80114", "content": ": \u300c\u6211\u5bb6\u5df7\u53e3\u300d\u5c31\u662f\u9023\u9396\u5e97\u554a \u6bcf\u500b\u4eba\u5bb6\u5df7\u53e3"}, {"type": 0, "id": "tom80114", "content": ": \u90fd\u6709\u9019\u9593\u5206\u5e97"}, {"type": 1, "id": "hdcc", "content": ": \u6b63\u5fe0\u597d\u5403\uff0c\u98ef\u5f88Q"}, {"type": 1, "id": "ptt0304", "content": ": \u9019\u4e9b\u54ea\u88e1\u5e73\u50f9\u4e86"}, {"type": 1, "id": "std910866e", "content": ": \u6b63\u5fe0\u5f88\u5e73\u50f9\u554a\uff0c\u6a13\u4e0a\u662f\uff1f"}, {"type": 1, "id": "a125567365", "content": ": \u6b63\u5b97\u963f \u53ea\u662f\u53f0\u5317\u6c92\u6709"}, {"type": 1, "id": "fantasy00249", "content": ": \u6b63\u5fe0\u554a"}, {"type": 1, "id": "citizen5566", "content": ": \u798f\u9686\u706b\u8eca\u4fbf\u757650\u5143\u4fbf\u7576\u5f88\u591a\u554a"}, {"type": -1, "id": "s0970761970", "content": ": \u516b\u65b9\u81ea\u5df1\u5c31\u6709\u6392\u9aa8\u98ef\u9023\u9396\u554a"}, {"type": 1, "id": "a0913", "content": ": \u53f0\u5317\u6c92\u6709\u800c\u5df2"}, {"type": -1, "id": "siaojing", "content": ": \u6b63\u4e2d\u5566"}, {"type": -1, "id": "chuegou", "content": ": \u963f\u4e0d\u5c31\u6b63\u5fe0"}], "post_ip": "49.218.34.155", "post_content": "\n\n\u516b\u65b9\u96f2\u96c6\u8ce3\u6c34\u9903\n\n\u53ef\u4ee5\u8ce3\u5230\u8ddf\u7f8e\u5ec9\u793e\u5dee\u4e0d\u591a\u5bc6\u96c6\n\n\u70ba\u4ec0\u9ebc\u6c92\u6709\u5e73\u50f9\u4fbf\u7576\u5e97\n\n\u53ef\u4ee5\u505a\u5230\u9019\u6a23\u7684\u5c55\u5e97\u898f\u6a21?\n\n\u53f0\u9435\u8981\u51fa\u4f86\u55ce\n\n--\n"}