{"ptt_id": "jasd1786", "post_url": "https://www.ptt.cc/bbs/Gossiping/M.1566969690.A.A87.html", "post_type": "\u554f\u5366", "post_title": "\u6015\u71b1\u8a72\u600e\u9ebc\u9032\u5eda\u623f\uff1f", "post_time": "2019-08-28 13:21:28", "post_score": 21, "post_pushes": [{"type": 1, "id": "gaym19", "content": ": \u958b\u51b7\u6c23"}, {"type": 0, "id": "HateAnus", "content": ": \u53eb\u5916\u9001"}, {"type": 1, "id": "frommr", "content": ": \u7838\u9322\u88dd\u51b7\u6c23"}, {"type": 1, "id": "w113353", "content": ": \u53eb\u5916\u8ce3"}, {"type": 0, "id": "ericayou", "content": ": \u4e0d\u8981\u716e \u53eb\u718a\u8c93"}, {"type": 1, "id": "laser789", "content": ": \u62bd\u98a8\u6a5f\u6253\u958b\u554a\u5e79"}, {"type": 0, "id": "cattgirl", "content": ": \u5eda\u623f\u71d2\u8d77\u4f86\u4e86"}, {"type": 0, "id": "wang0301", "content": ": \u958b\u51b7\u6c23\u4e0d\u6703\u81a9"}, {"type": 1, "id": "smalltwo", "content": ": \u7a7f\u9694\u71b1\u8863\u963f"}, {"type": 1, "id": "hayabusa2004", "content": ": \u88dd\u5169\u53f0\u51b7\u6c23"}, {"type": 0, "id": "vancepeng", "content": ": \u8acbfoodpanda"}, {"type": 1, "id": "WeGoStyle", "content": ": \u8239\u90fd\u8981\u6c89\u4e86\u9084\u5728\u7814\u7a76\u50a2\u5177\u600e\u9ebc\u64fa"}, {"type": 1, "id": "xenium", "content": ": \u958b\u51b7\u6c23\u963f"}, {"type": 1, "id": "pohan0921", "content": ": \u88dd\u51b7\u6c23\uff0b\u63db\u96fb\u78c1\u7210"}, {"type": 1, "id": "adk147852", "content": ": \u5916\u9001"}, {"type": -1, "id": "GGrunrundela", "content": ": \u4f60\u4ed6\u5abd\u5973\u7684\u8001\u5b50\u76f4\u64ad\u9732\u5c4c \u5e79"}, {"type": 1, "id": "andrewyllee", "content": ": \u5403\u58fd\u53f8"}, {"type": -1, "id": "iWatch2", "content": ": \u53bb\u5916\u9762\u7532\u677f\u716e\u6bd4\u8f03\u6dbc"}, {"type": 1, "id": "EXGG", "content": ": G\u8edf \u7db2\u5740"}, {"type": 1, "id": "Ilat", "content": ": \u5148\u628a\u5a46\u5a46\u5241\u4e00\u5241\u716e\u7d66\u8001\u516c\u5403 \u4e4b\u5f8c\u5c31\u53eb\u5916\u9001"}, {"type": 1, "id": "antonny", "content": ": https://reurl.cc/oDzy3M"}, {"type": 1, "id": "turbomons", "content": ": \u5178\u578b\u7684\u83ef\u723e\u8857\u4e4b\u72fc\u4f5c\u6cd5"}, {"type": 0, "id": "RAA1144557", "content": ": \u6539\u6210\u958b\u653e\u5f0f\u5eda\u623f\uff0c\u958b\u51b7\u6c23 \u7136\u5f8c\u5c31\u4e0d\u7528"}, {"type": 0, "id": "RAA1144557", "content": ": \u4e0b\u5eda\u4e86"}, {"type": -1, "id": "hkahka", "content": ": \u51b0\u7bb1\u9580\u958b\u8457"}, {"type": 0, "id": "shcjosh", "content": ": \u5eda\u623f\u88dd\u51b7\u6c23"}, {"type": 1, "id": "cclimb", "content": ": \u79fb\u52d5\u5f0f\u51b7\u6c23\uff0c\u4f46\u975e\u5e38\u8017\u96fb"}, {"type": 0, "id": "cclimb", "content": ": \u898b\u6297\u5c31\u662f\u5982\u6b64\u8f9b\u82e6\u63db\u4f86\u7684\uff0c\u4f60\u7684\u5bb6\u4eba\u771f\u5e78\u798f"}, {"type": 0, "id": "cclimb", "content": ": [\u5065\u5eb7]"}, {"type": 0, "id": "yoyodio", "content": ": \u88f8\u9ad4\u9032\u5eda\u623f"}, {"type": 1, "id": "ffreakk", "content": ": \u5403\u97d3\u5f0f\u62cc\u98ef \u767d\u98ef \u6ce1\u83dc \u8c46\u82bd \u751f\u83dc \u62cc\u98ef\u91ac"}, {"type": 0, "id": "ffreakk", "content": ": \u5587\u4e00\u4e0b\u958b\u5403"}, {"type": 1, "id": "BirdPig", "content": ": \u7a7f\u570d\u88d9"}, {"type": 0, "id": "paulsama", "content": ": \u7a7f\u592a\u591a"}, {"type": 1, "id": "LEDG", "content": ": \u8932\u5b50\u812b\u6389"}, {"type": 1, "id": "L9C4iO", "content": ": \u9078\u7e3d\u7d71"}, {"type": 1, "id": "opopkc", "content": ": \u592a\u8ce2\u6167\u4e86\u5427"}, {"type": 1, "id": "ilohoo", "content": ": \u751f\u9b5a\u7247\u6599\u7406\u554a \u70c8\u51b0\u9bae\u9bdb\u5c71\u7df4\u8d77\u4f86"}, {"type": 0, "id": "moomin60129", "content": ": \u611f\u89ba\u982d\u9aee\u597d\u4e7e"}, {"type": 1, "id": "ihooderm3200", "content": ": \u8001\u516c\u53ef\u4ee5\u53eb\u5916\u9001 \u8336"}, {"type": 1, "id": "cccone", "content": ": \u628a\u5eda\u623f\u5ba4\u6eab\u63a7\u5236\u572818\u5ea6\uff0c\u61c9\u8a72\u883bok\u7684"}], "post_ip": "27.246.234.60", "post_content": "\n\u5b89\u5b89\u5927\u5bb6\u597d\n\n\u4e0a\u9031\u6211\u525b\u5ac1\u70ba\u4eba\u59bb\n\n\u73fe\u5728\u6bcf\u5929\u90fd\u8981\u716e\u98ef\n\n\u65e9\u4e2d\u665a\n\n\u7279\u5225\u65e9\u4e0a5\u9ede\u5c31\u8981\u8d77\u5e8a\n\n\u771f\u7684\u5f88\u7d2f\n\n\u716e\u5b8c\u9084\u8981\u8ddf\u5a46\u5a46\u53bb\u8cb7\u83dc\n\n\u4e2d\u5348\u716e\u98ef\u8d85\u71b1\u7684\u99ac\u7684\n\n\u6015\u71b1\u8981\u600e\u9032\u5eda\u623f\u6bd4\u8f03\u597d\uff1f\n\n\u8001\u516c\u8996\u89d2\nhttps://i.imgur.com/0Cz3mJL.jpg\n--\n\u203b \u7de8\u8f2f: jasd1786 (27.246.234.60 \u81fa\u7063), 08/28/2019 13:29:18\n"}