{"ptt_id": "sodistrues", "post_url": "https://www.ptt.cc/bbs/Gossiping/M.1565320078.A.9E3.html", "post_type": "\u554f\u5366", "post_title": "\u70ba\u4ec0\u9ebc\u65e5\u672c\u4eba\u6c92\u6709\u98b1\u98a8\u5047\uff1f", "post_time": "2019-08-09 11:07:56", "post_score": 1, "post_pushes": [{"type": 0, "id": "mikemagic88", "content": ": \u5974"}, {"type": -1, "id": "Hitagi", "content": ": \u56e0\u70ba\u53f0\u7063\u4eba\u6b0a\u6bd4\u8f03\u5148\u9032\u554a"}, {"type": 0, "id": "cp109", "content": ": \u5974\u6027\u5f88\u91cd\u7684\u570b\u5bb6"}, {"type": 0, "id": "mikemagic88", "content": ": \u9084\u6709\u807d\u904e\u63d0\u524d\u53bb\u4f4f\u516c\u53f8\u9644\u8fd1\u65c5\u9928\u7684"}, {"type": 0, "id": "CavendishJr", "content": ": \u6709\uff0c\u53ea\u662f\u4e0d\u662f\u653f\u5e9c\u4f86\u516c\u5e03"}, {"type": -1, "id": "airback76", "content": ": \u4e0d\u6703\u9935\u72d7\u5594"}, {"type": 0, "id": "mikemagic88", "content": ": \u4ed8\u9322\u4e0a\u73ed\u7684\u6982\u5ff5"}, {"type": 1, "id": "i19890813", "content": ": \u98b1\u98a8\u4f86\u4e4b\u524d\u5230\u516c\u53f8\u5c31\u6c92\u554f\u984c\u4e86"}, {"type": 1, "id": "panda816", "content": ": \u793e\u755c\u6c11\u65cf\u6027"}, {"type": 0, "id": "cp109", "content": ": \u96e3\u602a\u6703\u6709\u4eac\u963f\u5c3c\u7e31\u706b\u4e8b\u4ef6..."}, {"type": -1, "id": "seiya2000", "content": ": https://i.imgur.com/aY4CURf.png"}, {"type": 0, "id": "obdv", "content": ": \u4ed6\u5011\u5047\u5920\u591a\u554a"}, {"type": 0, "id": "hakuoro", "content": ": \u6709\u554a \u96fb\u8eca\u505c\u99db\u5dee\u4e0d\u591a\u5c31\u653e\u5047\u4e86"}, {"type": 0, "id": "GABA", "content": ": \u96fb\u8eca\u505c\u99db\u7528\u8d70\u7684"}, {"type": 1, "id": "lain2002", "content": ": \u98b1\u98a8\u524d\u591c\u7761\u516c\u53f8\u5c31\u6c92\u6709\u5b89\u5168\u554f\u984c"}, {"type": -1, "id": "kabukiryu", "content": ": \u53bb\u5e74\u6211\u56de\u904e\u4e86\uff0c\u8acb\u722c\u6587"}, {"type": 1, "id": "legendmtg", "content": ": \u98b1\u98a8\u5f71\u97ff\u6642\u9593\u592a\u77ed\u4e86 \u6771\u4eac\u9019\u908a\u7684\u8a71"}, {"type": 0, "id": "legendmtg", "content": ": \u98a8\u96e8\u4e0d\u6703\u8d85\u904e\u534a\u5929 \u7136\u5f8c\u96fb\u8eca\u505c\u99db\u4ea4\u901a"}, {"type": 0, "id": "legendmtg", "content": ": \u4e2d\u65b7\u7684\u8a71 \u5927\u90e8\u5206\u7684\u516c\u53f8\u4e5f\u662f\u4e0d\u7528\u4e0a\u73ed\u7684"}, {"type": 1, "id": "ihl123456", "content": ": \u65e5\u672c\u4f01\u696d\u6703\u770b\u72c0\u6cc1\u554a\uff0c\u5982\u679c\u53f0\u7063\u4e5f\u662f\u4f01\u696d"}, {"type": 0, "id": "ihl123456", "content": ": \u81ea\u884c\u6c7a\u5b9a\uff0c\u53eb\u4f60\u7528\u722c\u7684\u4e5f\u5f97\u53bb\u4e0a\u73ed"}], "post_ip": "223.136.101.192", "post_content": "\n\u65e5\u672c\u4e0d\u662f\u4e5f\u5e38\u5e38\u6709\u98b1\u98a8\u55ce\uff1f\n\n\u5230\u65e5\u672c\u7684\u98b1\u98a8\u53c8\u4e0d\u4e00\u5b9a\u662f\u5c0f\u98a8\u5c0f\u96e8\n\n\n\u70ba\u4ec0\u9ebc\u65e5\u672c\u4eba\u6c92\u6709\u98b1\u98a8\u5047\uff1f\n\n\n--\n"}