{"ptt_id": "addog74", "post_url": "https://www.ptt.cc/bbs/Gossiping/M.1562226720.A.2DF.html", "post_type": "\u554f\u5366", "post_title": "\u6709\u6c92\u6709\u9019\u6ce2\u8b66\u5bdf\u88ab\u6876\u89ba\u9752\u6d88\u5931\u7684\u516b\u5366\uff1f", "post_time": "2019-07-04 15:51:55", "post_score": -6, "post_pushes": [{"type": 0, "id": "eric999", "content": ": \u4f60\u5d29\u6f70\u4e86\u597d\u591a\u5e74\u2026"}, {"type": 0, "id": "PanaS0Nic", "content": ": \u6709\u9ede\u6473\u9023"}, {"type": -1, "id": "zombieguy", "content": ": \u5e36\u98a8\u5411\u5594\uff0c\u53ef\u6190^_^"}, {"type": -1, "id": "fuhaho", "content": ": \u4f60\u770b\u8d77\u4f86\u6700\u9ad8\u8208"}, {"type": 0, "id": "eric999", "content": ": \u4f60\u7684\u795e\u5716\u9019\u6b21\u53cd\u4f54\u4e2d\u6709\u89e3\u91cb\u4e86\uff0c\u4e0d\u77e5\u9053\u88ab"}, {"type": 0, "id": "eric999", "content": ": \u8ab0\u8ddf\u54ea\u88e1\u4f86\u7684\u9ed1\u8b66\uff0c\u5f8c\u4f86\u8b66\u65b9\u7576\u7136\u627e\u4e0d\u5230"}, {"type": 0, "id": "eric999", "content": ": \u4eba\u3002"}, {"type": 0, "id": "wawaking1", "content": ": \u4f60\u5728\u8208\u596e\u4ec0\u9ebc"}, {"type": 0, "id": "applejone", "content": ": \u6c92\u6709\u4e2d\u570b\u6c92\u6709\u570b\u6c11\u9ee8 \u7576\u7136\u6d88\u5931\u963f"}, {"type": -1, "id": "hinajian", "content": ": \u4f60\u8a8d\u8b58\u7684\u89ba\u9752\u597d\u50cf\u548c\u6b63\u5e38\u4eba\u4e0d\u592a\u4e00\u6a23"}, {"type": -1, "id": "SpaceMine", "content": ": \u9019\u500b\u4eba\u5728\u5e79\u561b"}, {"type": -1, "id": "kimchvm03", "content": ": \u6709\u4e00\u500b\u6c92\u908f\u8f2f\u767c\u8a00"}, {"type": -1, "id": "jinsky", "content": ": \u53ef\u6190\uff0c\u88ab\u592a\u967d\u82b1\u50b7\u5f97\u597d\u91cd\uff0c\u5230\u73fe\u5728\u9084\u5728\u5d29\u6f70"}], "post_ip": "101.9.228.144", "post_content": "\n\n\u7591\uff1f\u963f\u4e0d\u662f\u53ea\u8981\u6709\u8b66\u5bdf\u7684\u65b0\u805e\u51fa\u73fe\u5728\u516b\u5366\u7248\n\u516b\u5366\u89ba\u9752\u5c31\u6703\u9ad8\u6f6e\uff1f\n\u6bcf\u6b21\u4e0d\u662f\u90fd\u611b\u62ff\u592a\u967d\u82b1\u5716\u7247\u706b\u529b\u652f\u63f4\uff1f\n\n\u600e\u9ebc\u5f9e\u6628\u5929\u4e8b\u60c5\u767c\u751f\u5230\u73fe\u5728\n\u6bcf\u7bc7\u90fd\u627e\u4e0d\u5230\u89ba\u9752\u8cbc\u5716\u60f9\uff1f\uff1f\uff1f\n\n\u662f\u4e0d\u662f\u89ba\u9752\u4e5f\u6703\u770b\u98a8\u5411\uff1f\u98a8\u982d\u4e0d\u5c0d\u5c31\u4e0d\u6562po\u4e86\uff1f\n\n\n\n\u795e\u5716\u52a9\u653b\u4e86\uff01\nhttp://i.imgur.com/eXo260p.jpg\n\n\n\n\u8b66\u5bdf\u88ab\u6345\uff0c\u6700\u958b\u5fc3\u7684\u662f\u4e0d\u662f\u7576\u521d\u53bb\u7acb\u6cd5\u9662\u5916\u559d\u5564\u9152\u6253\u5361\u62cd\u7167\u7684\u90a3\u5e7e\u5343\u540d\u89ba\u9752\u5440\uff1f\uff1f\uff1f\n\n-----\nSent from JPTT on my Xiaomi MI 9.\n\n--\n"}