{"ptt_id": "applebg", "post_url": "https://www.ptt.cc/bbs/Gossiping/M.1566741759.A.E1B.html", "post_type": "\u554f\u5366", "post_title": "\u634f\uff0c\u53f0\u7063\u771f\u7684\u5f88\u591a\u5de5\u7a0b\u5e2b\u505a\u535a\u5f08\u55ce\uff1f", "post_time": "2019-08-25 22:02:35", "post_score": 3, "post_pushes": [{"type": 0, "id": "frommr", "content": ": \u597d\u535a\u5f08"}, {"type": 0, "id": "wiston1419", "content": ": \u7136\u5f8c\u9322\u5132\u503c\u4e86\u90fd\u9818\u4e0d\u51fa\u4f86"}, {"type": 0, "id": "wiston1419", "content": ": \u5148\u53eb\u4f60\u6d17\u78bc \u9084\u8cfa\u5c31\u8aaa\u4f60\u958b\u639b"}, {"type": 1, "id": "Muscovy", "content": ": \u6211\u8a8d\u8b58\u7684\u5c31\u5169\u500b\u4e86, \u64da\u8aaa\u662f\u80d6\u5b85\u5929\u5802."}, {"type": 1, "id": "palindromes", "content": ": \u53f0\u4e2d\u4e03\u671f\u5546\u8fa6 \u4e00\u5806\u535a\u5f08\u516c\u53f8"}, {"type": 0, "id": "wiston1419", "content": ": \u611f\u89ba\u5c31\u662f\u8a50\u9a19\u5c45\u591a"}, {"type": 1, "id": "t81511270", "content": ": \u9019\u7a2e\u7684\u85aa\u6c34 \u624d\u7b26\u5408\u5de5\u7a0b\u5e2b\u85aa\u6c34\u963f"}, {"type": 0, "id": "t81511270", "content": ": \u4e4b\u524d\u4e0d\u662f\u4e00\u500b\u6848\u4f8b \u5168\u7aef\u53ea\u7d6628K \u80fd\u770b\u3107"}, {"type": 1, "id": "DreamYeh", "content": ": \u9019\u500b\u6211\u77e5\u9053 \u6211\u66fe\u7d93\u7d50\u4ea4\u4e00\u500b\u7db2\u8def\u904a\u6232\u5132\u503c"}, {"type": 1, "id": "KCKCLIN", "content": ": = =\u96e2\u8077\u6703\u4e0d\u6703\u88ab\u8acb\u5403\u6176\u8a18"}, {"type": -1, "id": "snider", "content": ": \u5feb\u4e0b\u8f09\u8c6a\u795e\uff0c\u63db\u9ede\u6578\u6709\u5c08\u4eba\u670d\u52d9"}, {"type": -1, "id": "giaour", "content": ": \u53ea\u807d\u904e\u5433\u535a\u5f08\uff0c\u809a\u5b50\u9913\u6642\u5433\u535a\u5f08\u90fd\u6703\u9001\u98ef\u4f86"}], "post_ip": "36.226.40.58", "post_content": "\n\u6700\u8fd1\u6536\u5230\u9762\u8a66\u901a\u77e5\uff0c\u516c\u53f8\u7db2\u7ad9\u4e0a\u696d\u52d9\u5beb\u5f97\u5f88\u542b\u84c4\uff0c\n\u80fd\u770b\u5230\u7684\u76f8\u95dc\u8cc7\u8a0a\u53ea\u6709\"\u7dda\u4e0a\u5a1b\u6a02\"\uff0c\u7136\u5f8c\u6211\u53bb\u67e5\u8cc7\n\u6599\u767c\u73fe\u53f0\u7063\u5c45\u7136\u88ab\u7a31\u70ba\u535a\u5f08\u696d\u91cd\u8981\u4f9b\u61c9\u93c8\u4e4b\u4e00\uff0c\u5f88\n\u591a\u5de5\u7a0b\u5e2b\u6703\u70ba\u535a\u5f08\u5beb\u7a0b\u5f0f\u3001\u958b\u767c\u6a5f\u53f0\uff0c\u9019\u6709\u6c92\u6709\u516b\n\u5366\uff1f\n\n--\n\u5728\u4e0b\u4eba\u7a31\u6de1\u6c34\u6e05\u6c34\u5065\uff01\nHello there, I am ShimizuKen of Tamsui\n\u6211\u662f\u4e00\u540d\u6f14\u54e1\uff0c\u5c08\u9580\u8868\u6f14\u6027\u4ea4\u3002\nI am an actor that performs sexual intercourse\n\u8b1d\u8b1d\u6307\u6559~\nThank you~\n\n--\n"}