{"ptt_id": "rote", "post_url": "https://www.ptt.cc/bbs/Gossiping/M.1564414423.A.059.html", "post_type": "\u554f\u5366", "post_title": "\u83ef\u81b3\u5230\u5e95\u5728\u8d85\u8cb7\u88e1\u626e\u6f14\u4ec0\u9ebc\u89d2\u8272\u7684\u5366?!", "post_time": "2019-07-29 23:33:41", "post_score": 1, "post_pushes": [{"type": 1, "id": "sheepxo", "content": ": \u7576\u5009\u5eab\u5440"}, {"type": -1, "id": "kilof", "content": ": \u5c0f\u7576\u5bb6"}, {"type": -1, "id": "Merkle", "content": ": \u5c31\u501f\u7a7a\u9593\u8b93\u4e0a\u9762\u653e\u500b\u6771\u897f\u800c\u5df2"}, {"type": 1, "id": "cattgirl", "content": ":  https://i.imgur.com/MaT3WSJ.jpg"}, {"type": 0, "id": "ivorysoap", "content": ": \u5c31\u5171\u72af\u7d50\u69cb \u6c92\u83ef\u81b3\u6839\u672c\u6210\u7acb\u4e0d\u4e86\u6d41\u7a0b"}, {"type": 0, "id": "luciffar", "content": ": 9000\u689d\u5806\u5f97\u8ddf\u5c0f\u5c71\u4e00\u6a23\u4e86\u5427"}, {"type": 0, "id": "ivorysoap", "content": ": \u4e0d\u8981\u8ddf\u6211\u8aaa\u83ef\u81b3\u4e0d\u77e5\u9053\u90a3\u4e9b\u662f\u79c1\u7159"}, {"type": 1, "id": "sam8921502", "content": ": \u5728\u95dc\u7a05\u5340\u8981\u6709\u96fb\u5b50\u5c01\u689d \u53ea\u6709VVIP\u986f\u7136\u662f"}, {"type": 0, "id": "sam8921502", "content": ": \u6c92\u8fa6\u6cd5\u5728\u6cd5\u5f8b\u4e0a\u7ad9\u5f97\u4f4f"}, {"type": 0, "id": "jma306", "content": ": \u4fdd\u7a05\u5009\u5eab"}, {"type": 0, "id": "gwenwoo", "content": ":  228\u4e8b\u4ef6\u5c0e\u706b\u7dda  KMT\u67e5\u7ddd\u79c1\u83f8"}], "post_ip": "223.137.49.82", "post_content": "\n\u83ef\u81b3\u5230\u5e95\u5728\u8d85\u8cb7\u88e1\u626e\u6f14\u4ec0\u9ebc\u89d2\u8272\u7684\u5366?!\n\u600e\u9ebc\u53ef\u4ee5\u67099200\u689d\u83f8\u653e\u5728\u83ef\u81b3\u5009\u5eab\n\u4e0d\u662f\u61c9\u8a72\u8981\u6709\u6a19\u6e96\u4f5c\u696d\u7a0b\u5e8f\u55ce?!\n\u6709\u8ab0\u7d93\u624b\u84cb\u7ae0\u7684\u662f\u4e0d\u662f\u8981\u7d04\u8ac7\u4e86?!\n\u5230\u76ee\u524d\u70ba\u6b62\u53c3\u6230\u7684\u89d2\u8272\u548c\u55ae\u4f4d\u6703\u6709\u61f6\u4eba\u5305\u55ce?!\n\n--\n"}