{"ptt_id": "setsunabs", "post_url": "https://www.ptt.cc/bbs/Gossiping/M.1562507768.A.A5A.html", "post_type": "\u554f\u5366", "post_title": "\u6240\u4ee5\u798f\u97f3\u6230\u58eb\u7f77\u5de5\u4ed4\u662f\u52dd\u9084\u8ca0\uff1f", "post_time": "2019-07-07 21:56:06", "post_score": 6, "post_pushes": [{"type": 1, "id": "bee12", "content": ": \u7b2c\u4e09\u6b21\u6bc0\u6ec5 \u4eba\u985e\u6ec5\u4ea1"}, {"type": 1, "id": "Diabolik", "content": ": \u9f13\u638c \u9f13\u638c \u9f13\u638c \u9f13\u638c \u9f13\u638c \u9f13\u638c \u9f13\u638c"}, {"type": 1, "id": "nakayamayyt", "content": ": \u5168\u90e8\u9910\u5728\u4e00\u8d77\u505a\u6210LCL"}, {"type": 1, "id": "execute", "content": ": \u5fc3\u60c5EVER BLUE \u60f3\u53bbEVE AIR\u4e0a\u73ed"}, {"type": 1, "id": "aiouptt", "content": ": \u5bb3\u6211\u4ee5\u70ba\u9019\u6b21\u7f77\u5de5\u90fd\u662f\u70ba\u4e86eva\u65b0\u5287\u5834\u7248\u92ea"}, {"type": 0, "id": "aiouptt", "content": ": \u6897\uff0b\u5ee3\u544a"}, {"type": 1, "id": "b2305911", "content": ": \u771f\u5e0c\u6ce2\u8b9a\u8b9a"}, {"type": 0, "id": "enjoyyou", "content": ": SEELE\u7684\u52dd\u5229"}], "post_ip": "101.13.69.1", "post_content": "\nEVA \u7f77\u5de5\u4ed4\u722d\u53d6\u5230\u7684\u8ddf\u640d\u5931\u7684\n\u8981\u591a\u4e45\u624d\u80fd\u56de\u672c\uff1f\n\n\u6240\u4ee5\u666e\u6797\u585e\u65af(Princess)\u5011\u73fe\u5728\u662f\n\u958b\u9999\u6ab3\u6176\u795d\u9084\u662f\u6574\u500b\u5f88\u5e79\u65e9\u77e5\u4f55\u5fc5\u7576\u521d\n\n\u6709\u7f77\u5de5\u4ed4\u53ef\u51fa\u9762\u8aaa\u660e\u4e00\u4e0b\u73fe\u5728\u662f\u4f55\u60c5\u7dd2\uff1f\n\n--\n"}