{"ptt_id": "CREA", "post_url": "https://www.ptt.cc/bbs/Gossiping/M.1568543446.A.5F0.html", "post_type": "\u554f\u5366", "post_title": "\u615f!!\u9023\u5047\u7d50\u675f\u4e86!!(\u767c\u9322)", "post_time": "2019-09-15 18:30:44", "post_score": 212, "post_pushes": [{"type": 0, "id": "kcclasaki", "content": ": \u4e8c\u6a13\u88ab\u809b\u7684\u65e5\u5b50\u6c38\u4e0d\u7d50\u675f"}, {"type": 1, "id": "ilovegrandma", "content": ": \u63a8"}, {"type": 0, "id": "w23077496", "content": ": \u9322"}, {"type": 0, "id": "lurung", "content": ": \u9322\u9322"}, {"type": 1, "id": "loveplay25", "content": ": \u9322"}, {"type": 1, "id": "hank3310", "content": ": \u63a8"}, {"type": 1, "id": "airva", "content": ": \u597d"}, {"type": 0, "id": "bluealan0221", "content": ": \u63a8"}, {"type": 0, "id": "B81401041", "content": ": \u9322"}, {"type": 1, "id": "heinse", "content": ": \u524d"}, {"type": 1, "id": "z32510z", "content": ": \u9322"}, {"type": 1, "id": "apa41023", "content": ": \u63a8"}, {"type": 1, "id": "beatles12", "content": ": \u9322"}, {"type": 1, "id": "SilverCrow", "content": ": \u63a8"}, {"type": 1, "id": "Ericz7000", "content": ": \u9322\u9322"}, {"type": 1, "id": "a35715987", "content": ": \u9322"}, {"type": 0, "id": "bluealan0221", "content": ": \u9322"}, {"type": 1, "id": "Undiscovered", "content": ": \u9322\u9322"}, {"type": 0, "id": "SilverCrow", "content": ": ."}, {"type": 1, "id": "mr3733033", "content": ": \u9322"}, {"type": 1, "id": "qwer14863", "content": ": \u63a8"}, {"type": 1, "id": "lingling85", "content": ": \u63a8"}, {"type": 1, "id": "herstory2511", "content": ": \u63a8"}, {"type": 1, "id": "larryboy", "content": ": \u63a8\u63a8"}, {"type": 1, "id": "DukeMonkey", "content": ": \u5361"}, {"type": 1, "id": "dustsstar79", "content": ": \u9322"}, {"type": 1, "id": "b0241088", "content": ": \u9322"}, {"type": 1, "id": "tw88", "content": ": 30"}, {"type": 1, "id": "redDest", "content": ": \u9322"}, {"type": 1, "id": "friendly4713", "content": ": \u9322"}, {"type": 1, "id": "lordofdeath", "content": ": \u9322!"}, {"type": 1, "id": "linjason5068", "content": ": \u63a8"}, {"type": 1, "id": "ifay", "content": ": \u63a8"}, {"type": 1, "id": "smallclean", "content": ": \u54ed"}, {"type": 1, "id": "y9111116", "content": ": \u597d\u5594"}, {"type": 1, "id": "makiken", "content": ": \u63a8"}, {"type": 1, "id": "peterch", "content": ": \u310f"}, {"type": 1, "id": "kamener", "content": ": \u9322"}, {"type": 1, "id": "nyccks", "content": ": \u63a8"}, {"type": 1, "id": "wanrltw", "content": ": \u63a8"}, {"type": 1, "id": "acetobacter", "content": ": \u63a8"}, {"type": 1, "id": "james821007", "content": ": \u9322"}, {"type": 1, "id": "lolicum", "content": ": \u9322"}, {"type": 1, "id": "mirror0103", "content": ": \u63a8"}, {"type": 1, "id": "peterch", "content": ": \u63a8"}, {"type": 1, "id": "yiddishqq", "content": ": $\u20ac\uffe1\uffe5$"}, {"type": 0, "id": "johnwu", "content": ": \u63a8"}, {"type": 1, "id": "yonggan", "content": ": \u9322"}, {"type": 1, "id": "exe1219", "content": ": \u9322"}, {"type": 1, "id": "AprilNH4", "content": ": 55555"}, {"type": 1, "id": "asdf107362", "content": ": \u63a8"}, {"type": 1, "id": "pigc", "content": ": \u63a8"}, {"type": 1, "id": "wl00888294", "content": ": \u55ce\u9322"}, {"type": 1, "id": "peterch", "content": ": \u63a8"}, {"type": 1, "id": "tw88", "content": ": \u98a8\u6765\u574a"}, {"type": 1, "id": "riap0526", "content": ": \u9322"}, {"type": 1, "id": "qwaqwa2007", "content": ": \u597d"}, {"type": 1, "id": "dan5120", "content": ": \u9322"}, {"type": 1, "id": "shi21", "content": ": \u63a8"}, {"type": 1, "id": "k18535318", "content": ": money"}, {"type": 1, "id": "jimjim951357", "content": ": \u9322"}, {"type": 1, "id": "bryant70176", "content": ": \u63a8"}, {"type": 1, "id": "vicky8610", "content": ": \u63a8"}, {"type": 0, "id": "AoWsL", "content": ": \u9322"}, {"type": 1, "id": "saimeitetsu", "content": ": \u9322"}, {"type": 1, "id": "bearanna", "content": ": \u9322"}, {"type": 1, "id": "sagem29", "content": ": \u9322"}, {"type": 1, "id": "julienchen", "content": ": \u9322"}, {"type": 1, "id": "fack3170", "content": ": \u63a8"}, {"type": 1, "id": "jason731212", "content": ": \u63a8"}, {"type": 1, "id": "TheGame", "content": ": \u597d"}, {"type": 1, "id": "smcsmc", "content": ": \u9322"}, {"type": 1, "id": "zzzkkzzz9879", "content": ": \u9322"}, {"type": 0, "id": "Mubing", "content": ": \u9322 \u73fe\u5730\u7740\u304d\u307e\u3057\u305f \u307e\u3060\u30af\u30bd\u5199\u771f\u3057\u304b\u64ae\u308c"}, {"type": 1, "id": "peterch", "content": ": \u63a8\u500b"}, {"type": 1, "id": "exarawdon", "content": ": \u63a8"}, {"type": 1, "id": "TZUYIC", "content": ": \u611f\u8b1d \u6211\u8981\u9322\u9322"}, {"type": 0, "id": "Mubing", "content": ": \u3066\u307e\u305b\u3093"}, {"type": 1, "id": "Tmmontal", "content": ": \u63a8"}, {"type": 1, "id": "terry0428", "content": ": \u63a8"}, {"type": 1, "id": "talk5566", "content": ": \u524d"}, {"type": 1, "id": "william57196", "content": ": \u63a8 \u6536\u5047\u5566"}, {"type": 1, "id": "joe2233", "content": ": \u63a8"}, {"type": 1, "id": "mex331", "content": ": \u63a8"}, {"type": 1, "id": "yellowshen", "content": ": \u9322"}, {"type": 1, "id": "peterch", "content": ": \u597d"}, {"type": 1, "id": "k22015987", "content": ": \u63a8"}, {"type": 1, "id": "yoNELLY84", "content": ": \u63a8"}, {"type": 1, "id": "dudefish", "content": ": Hi"}, {"type": 1, "id": "s921104", "content": ": \u63a8"}, {"type": 1, "id": "kubon111", "content": ": \u9322"}, {"type": 0, "id": "eg860610", "content": ": \u9322\u9322\u9322"}, {"type": 1, "id": "x0888", "content": ": \u63a8"}, {"type": 1, "id": "aleny", "content": ": \u63a8"}, {"type": 1, "id": "Fishing123", "content": ": \u9322"}, {"type": 0, "id": "aleny", "content": ": \u9322"}, {"type": 1, "id": "ayakiax", "content": ": \u63a8"}, {"type": 1, "id": "qwe12890507", "content": ": \u63a8"}, {"type": 1, "id": "Mubing", "content": ": \u88dc\u63a8\u7d66\u9322"}, {"type": 1, "id": "inhumanq", "content": ": \u63a8"}, {"type": 1, "id": "maxguo2", "content": ": QQ"}, {"type": 1, "id": "yanyan8852", "content": ": $"}, {"type": 1, "id": "ideso", "content": ": \u9322"}, {"type": 1, "id": "IamfromLA", "content": ": \u63a8"}, {"type": 1, "id": "xuan0827", "content": ": \u6c23"}, {"type": 1, "id": "dakashi", "content": ": \u63a8"}, {"type": 1, "id": "edisonhsu", "content": ": \u63a8"}, {"type": 1, "id": "letgoher", "content": ": \u4f86\u4e86"}, {"type": 1, "id": "layu19920414", "content": ": \u9322"}, {"type": 1, "id": "Neil000", "content": ": \u597d"}, {"type": 0, "id": "man700", "content": ": \u63a8\u63a8"}, {"type": 1, "id": "PeterIsDog", "content": ": \u597d"}, {"type": 1, "id": "sss120515", "content": ": \u9322"}, {"type": 0, "id": "neoa01", "content": ": \u9322"}, {"type": 1, "id": "Alpshan", "content": ": \u63a8"}, {"type": 1, "id": "cool9203", "content": ": \u9322"}, {"type": 1, "id": "iwbad", "content": ": \u9322"}, {"type": 1, "id": "kio1024", "content": ": \u63a8"}, {"type": 1, "id": "stevenisaman", "content": ": \u9322"}, {"type": 1, "id": "futakinohi", "content": ": \u9322"}, {"type": 1, "id": "elvis007", "content": ": \u63a8"}, {"type": 1, "id": "wii0594184", "content": ": \u63a8"}, {"type": 1, "id": "ChingLan", "content": ": \u63a8"}, {"type": 1, "id": "NHCUE5566", "content": ": \u55da\u55da"}, {"type": 1, "id": "blue33991884", "content": ": \u63a8"}, {"type": 1, "id": "cdes74w", "content": ": \u54a6\uff01\u597d\uff01"}, {"type": 1, "id": "popo889", "content": ": \u9322"}, {"type": 1, "id": "e771001", "content": ": \u63a8\uff5e"}, {"type": 1, "id": "hahayup", "content": ": \u63a8"}, {"type": 1, "id": "ERIC4268", "content": ": \u9322"}, {"type": 1, "id": "chayoung", "content": ": \u9322"}, {"type": 1, "id": "genius111", "content": ": \u63a8"}, {"type": 1, "id": "ImMEAT", "content": ": \u63a8"}, {"type": 1, "id": "pzhbk2200", "content": ": \u9322"}, {"type": 1, "id": "Lanfensa", "content": ": \u9322"}, {"type": 1, "id": "sunkiss5566", "content": ": \u9322\u9322"}, {"type": 0, "id": "twnndnpdnc", "content": ": \u9322"}, {"type": 1, "id": "Djent127", "content": ": \u53c8\u8981\u6536\u5047\u4e86\u5566\u5e79"}, {"type": 1, "id": "ichann", "content": ": \u63a8"}, {"type": 1, "id": "pockyrr", "content": ": \u63a8"}, {"type": 1, "id": "nullife", "content": ": \u9322"}, {"type": 1, "id": "jimmydogs", "content": ": \u597d"}, {"type": 1, "id": "allenlmc", "content": ": \u63a8"}, {"type": 1, "id": "espresso1", "content": ": \u63a8"}, {"type": 1, "id": "i82850978", "content": ": \u9322"}, {"type": 1, "id": "Informatik", "content": ": \u63a8"}, {"type": 1, "id": "Yiki", "content": ": \u9322"}, {"type": 1, "id": "chiayen1935", "content": ": \u63a8"}, {"type": 1, "id": "reexamor", "content": ": \u9322"}, {"type": 1, "id": "wowfu", "content": ": \u9322"}, {"type": 1, "id": "neil0611", "content": ": \u5e6bQQ"}, {"type": 0, "id": "agong", "content": ": \u6700\u4fbf\u5b9c\u7684\u89817\uff15\u584a \u90a3\u5bb6\u554a"}, {"type": 1, "id": "dipsy1017", "content": ": \u6dda\u63a8"}, {"type": 1, "id": "wade1997", "content": ": \u63a8"}, {"type": 1, "id": "XseraphimX", "content": ": \u9ec3\u5149\u4eae4ni?"}, {"type": 1, "id": "panda816", "content": ": \u516d\u5343\u725b\u8089\u6e6f\uff1f"}, {"type": 1, "id": "wirecut", "content": ": \u63a8"}, {"type": 1, "id": "FuJoShiBanny", "content": ": \u9322"}, {"type": 1, "id": "millyuki96", "content": ": \u9322"}, {"type": 1, "id": "w890i", "content": ": \u9322"}, {"type": 1, "id": "ztcman", "content": ": \u3111\u3127\u3122"}, {"type": 0, "id": "ztcman", "content": ": \u9322"}, {"type": 1, "id": "momiloveu", "content": ": \u6c99\u559c\uff01"}, {"type": 1, "id": "PeikangShin", "content": ": \u723d\u554a\uff0c\u53c8\u8981\u958b\u76e4\u4e86\uff0c\u6700\u671f\u5f85\u6536\u5047\u5b8c\u7b2c"}, {"type": 0, "id": "PeikangShin", "content": ": \u4e00\u76e4\u4e86~"}, {"type": 1, "id": "dnkofe", "content": ": \u63a8"}, {"type": 1, "id": "MePrank", "content": ": \u9322"}, {"type": 1, "id": "DiviNeapple", "content": ": \u4e0d\u60f3\u4e0a\u73ed\u55da\u55da\u55da"}, {"type": 1, "id": "raiting", "content": ": \u55da\u55da"}, {"type": 1, "id": "wowann", "content": ": \u9322"}, {"type": 1, "id": "jazz210277", "content": ": Money"}, {"type": 1, "id": "PeikangShin", "content": ": \u6cb9\u6cb954.35\uff0c\u660e\u5929\u5927\u7206\u767c\u4e00\u6839\uff0c\u5e7e\u842c\u584a"}, {"type": 0, "id": "PeikangShin", "content": ": \u53c8\u5165\u888b\uff0c\u8212\u670d~"}, {"type": 1, "id": "Skri113x", "content": ": \u63a8"}, {"type": 1, "id": "garytsai3110", "content": ": \u9322"}, {"type": 1, "id": "KEXE", "content": ": \u63a8"}, {"type": -1, "id": "a8866442", "content": ": \u9023\u4e09\u5929\u90fd\u5728\u503c\u73ed\u5566 \u5e79"}, {"type": 1, "id": "zaxddg", "content": ": \u63a8"}, {"type": 1, "id": "ltea57055", "content": ": \u63a8"}, {"type": 1, "id": "bbrooktw0", "content": ": https://i.imgur.com/6FJ39bg.png"}, {"type": 1, "id": "ppikachoutw", "content": ": \u63a8"}, {"type": 1, "id": "qqwwpp", "content": ": QQ"}, {"type": 1, "id": "Infinair", "content": ": \u63a8"}, {"type": 1, "id": "orange6541", "content": ": \u9322"}, {"type": 0, "id": "toypoodle007", "content": ": \u9322"}, {"type": 1, "id": "bbrooktw0", "content": ": \u8036~~~ 3Q"}, {"type": 1, "id": "qqq5890003", "content": ": \u7d66\u9322"}, {"type": 1, "id": "bassoon", "content": ": \u63a8"}, {"type": 1, "id": "kellykao", "content": ": \u9322"}, {"type": 1, "id": "KKyleCC", "content": ": \u9322\u9322 \u6a13\u4e3b\u5e73\u5b89"}, {"type": 1, "id": "fresh0513", "content": ": \u9322"}, {"type": 1, "id": "tso2054852", "content": ": \u63a8"}, {"type": 1, "id": "n10871087", "content": ": \u6211\u5728\u9019\uff01"}, {"type": 1, "id": "jan2nd1552", "content": ": \u63a8"}, {"type": 1, "id": "joseph871012", "content": ": \u63a8"}, {"type": 1, "id": "farren7410", "content": ": \u63a8"}, {"type": 1, "id": "a1985111", "content": ": \u9322\u9322"}, {"type": 1, "id": "celtics1997", "content": ": \u6709\u767c\u6709\u63a8"}, {"type": 1, "id": "popolol", "content": ": \u9322"}, {"type": -1, "id": "cornerneko", "content": ": \u6c92\u9322 \u2639"}, {"type": 1, "id": "mnhnm", "content": ": \u63a8\u63a8"}, {"type": 1, "id": "wdog00125", "content": ": \u63a8"}, {"type": 1, "id": "kofiyang", "content": ": \u63a8"}, {"type": 1, "id": "mercury", "content": ": \u9322"}, {"type": 1, "id": "frtwwilo", "content": ": \u63a8"}, {"type": 1, "id": "yunchen78", "content": ": \u63a8"}, {"type": 1, "id": "chia0220", "content": ": \u5230\u5e95\u600e\u9ebc\u77e5\u9053\u662f\u9e7f\u6e2f\u5c0f\u93ae\u3002\u3002\u592a\u731b\u560d"}, {"type": 1, "id": "tony20095", "content": ": $"}, {"type": 1, "id": "lfaajjaa", "content": ": \u9322"}, {"type": 1, "id": "s74h52nc4", "content": ": \u63a8"}, {"type": 1, "id": "rrazer", "content": ": \u9322"}, {"type": 1, "id": "PTTgun", "content": ": \u63a8"}, {"type": 1, "id": "furano", "content": ": \u63a8"}, {"type": 1, "id": "utf84067", "content": ": \u9019\u6a23\u4e0d\u592a\u5c0d   50\u6536\u4e0d\u662f\u6897\u55ce......"}, {"type": 1, "id": "ece6025", "content": ": \u63a8"}, {"type": 1, "id": "sholia96", "content": ": \u63a8"}, {"type": 1, "id": "anythingok", "content": ": \u9322"}, {"type": 0, "id": "seasonblue", "content": ": \u63a8"}, {"type": 1, "id": "s150751", "content": ": \u63a8"}, {"type": 1, "id": "theRex", "content": ": \u9322\u9322\u9322"}, {"type": 1, "id": "alopa2005", "content": ": \u63a8"}, {"type": 1, "id": "FLCH", "content": ": \u9322"}, {"type": 0, "id": "jku", "content": ": \u9322"}, {"type": 1, "id": "meishiln", "content": ": \u63a8"}, {"type": 1, "id": "gunman", "content": ": \u9322"}, {"type": -1, "id": "qwejoezxc33", "content": ": \u6efe"}, {"type": 1, "id": "smartmercury", "content": ": \u63a8"}, {"type": 1, "id": "marinechen", "content": ": \u9322"}, {"type": 1, "id": "sam40916", "content": ": \u9322"}, {"type": 1, "id": "kiss377017", "content": ": \u9322"}, {"type": 1, "id": "fandy5566", "content": ": \u63a8"}, {"type": 1, "id": "boy80095", "content": ": \u63a8"}, {"type": 1, "id": "jerry715", "content": ": \u63a8"}, {"type": 1, "id": "vanurd", "content": ": \u9322"}, {"type": 1, "id": "dpurple1219", "content": ": \u63a8"}, {"type": 1, "id": "o22543", "content": ": \u9322\uff01"}, {"type": 1, "id": "winlintw", "content": ": \u9322"}, {"type": 1, "id": "sammy834910", "content": ": \u6211"}, {"type": 1, "id": "twlns520", "content": ": \u63a8"}, {"type": 1, "id": "banbanmeow", "content": ": \u63a8"}, {"type": 1, "id": "arck", "content": ": \u9322"}], "post_ip": "1.175.76.79", "post_content": "\n\u865f\u7a31\u4e09\u5929\u9023\u5047\n\u4f46\u5176\u5be6\u53ea\u591a\u653e\u4e86\u4e00\u5929\u79ae\u62dc\u4e94\n\u800c\u4e14\u4e00\u4e0b\u5b50\u5c31\u7d50\u675f\u4e86\n\u660e\u5929\u53c8\u8981\u6062\u5fa9\u793e\u755c\u7684\u65e5\u5b50\n\u7d66\u5927\u5bb6\u4e0a\u73ed\u597d\u5fc3\u60c5\n\u6bcf10\u6a13100P\n\u4e0d\u91cd\u8907\n\u767c\u5230\u7206\n\n\u6709\u734e\u5fb5\u7b54\nhttps://i.imgur.com/J5B8qG5.jpg\n\u7b2c\u4e00\u500b\u627e\u51fa\u5716\u4e2d\u5e97\u5bb6\u7684\n3000P(\u7a05\u5f8c)\n\n\n\u767c\u5b8c\u4e86\n\u5982\u6a19\u793a\n\n--\n\u63a8 hatephubbing: \u5805\u5f37\u5594                               42.73.143.26 09/15 18:32\n\u2192 jjnnyx: \u9322                                         1.169.12.147 09/15 18:32\n\u2192 apa41023: \u9322                                        61.57.69.73 09/15 18:33\n\u63a8 IronMan555: \u63a8                                   114.27.130.251 09/15 18:34\n\u63a8 jui0229: \u9322                                     150.116.231.152 09/15 18:35\n\u63a8 z089637: \u597d                                      49.214.210.133 09/15 18:35\n\u63a8 peterch: \u63a8                                        42.77.158.20 09/15 18:36\n\u63a8 rain62350: \u63a8                                     42.77.115.186 09/15 18:38\n\u63a8 sophia748596: \u63a8                                 110.28.230.179 09/15 18:38\n\u63a8 cjlin6: \u63a8                                      101.136.222.100 09/15 18:39\n\uff20 \u4ee5\u4e0a\u7d05\u5e95\u6a19\u8a1810\u4f4d\uff0c\u6bcf\u4eba100P(\u7a05\u524d)\u767c\u9001\u5b8c\u6210!   by AutoGiveP 2.11\n\u6211\u4e5f\u60f3\u77e5\u9053 @@\n\n\u4e0d\u662f\n\n\u9019\u662f\u4eba\u540d \u4e0d\u662f\u5e97\u540d XD\n\n\u9b54\u738b \u4f60\u8d0f\u4e86!!\n3000P\u5df2\u767c\n\n\u8d85\u5f37~\n\u203b \u7de8\u8f2f: CREA (1.175.76.79 \u81fa\u7063), 09/15/2019 20:17:17\n"}