{"ptt_id": "akway", "post_url": "https://www.ptt.cc/bbs/Gossiping/M.1562746000.A.B90.html", "post_type": "\u65b0\u805e", "post_title": "\u937e\u5c0f\u5e73\u9000\u9ee8\u76f8\u633a\u2026 \u67efP\u4f4e\u8abf\uff1a\u52a0\u6cb9", "post_time": "2019-07-10 16:06:38", "post_score": -3, "post_pushes": [{"type": 0, "id": "zold", "content": ": \u5169\u500b \u6295\u6a5f\u81ea\u79c1\u653f\u5ba2\uff0c \u4e92\u76f8\u53d6\u6696\u800c\u5df2"}, {"type": 0, "id": "zold", "content": ": \u70ba\u81ea\u5df1\u7684\u653f\u6cbb\u92ea\u8def\uff0c\u6c92\u8a8d\u771f\u70ba\u4eba\u6c11\u8457\u60f3"}, {"type": 0, "id": "hoks", "content": ": \u771f\u6ebcM\u7246\u6d3e"}, {"type": 1, "id": "pttsad", "content": ": \u85cd\u7da0\u90fd\u662f\u5783\u573e \u6211\u67ef\u5c41\u5c08\u6536\u5783\u573e\u4e2d\u7684\u5783\u573e"}, {"type": 0, "id": "SinShih", "content": ": \u6beb\u7121\u4e2d\u5fc3\u601d\u60f3\u7684\u4eba\u4e0d\u53ef\u4fe1"}, {"type": 0, "id": "hoks", "content": ": \u9019\u7a2e\u5c31\u4e0d\u5b9a\u6642\u70b8\u5f48\uff0c\u53ef\u80fd\u6311\u5728\u6295\u7968\u524d\u7206"}, {"type": 1, "id": "jorden", "content": ": \u6a5f\u95dc\u7b97\u76e1\u6789\u5f92\u7136"}, {"type": 0, "id": "CJY1025", "content": ": \u67ef\u5c41\u51fa\u4f86\u7576\u7b2c\u4e09\u540d"}, {"type": 1, "id": "creay222", "content": ": \u6731\u7acb\u502b\u5c31\u662f\u592a\u591a\u7b97\u8a08 \u624d\u6703\u8b8a\u6210\u5982\u6b64"}, {"type": 0, "id": "peterw", "content": ": \u5c31\u7b49\u8457\u770b\u4f60\u67ef\u71df\u4e0b\u9650\u5728\u54ea\u88e1\uff1f"}, {"type": 0, "id": "ryanchen1234", "content": ": \u9019\u4e9b\u4eba\u6839\u672c\u4e5f\u4e0d\u662f\u633a\u67ef\u5566 \u53ea\u662f\u60f3\u8981\u9760"}, {"type": 0, "id": "ryanchen1234", "content": ": \u67ef\u770b\u80fd\u4e0d\u80fd\u6478\u5230\u500b\u5b98\u4f4d"}, {"type": 0, "id": "creay222", "content": ": \u67ef\u5c41\u4e5f\u662f\u5728\u8d70\u6731\u7acb\u502b\u8001\u8def"}, {"type": -1, "id": "Moratti", "content": ": \u67ef\u7c89\uff1a\u67ef\u6c92\u6709\u8981\u9078"}, {"type": -1, "id": "zold", "content": ": \u7576\u521d\u9084\u8ddf\u97d3\u570b\u745c\u72c2\u5408\u7167\uff0c\u937e\uff0c\u958b\u59cb\u8df3\u69fd\u4e86"}, {"type": 0, "id": "Moratti", "content": ": \u67ef\u7c89\u4e00\u5b9a\u662f\u7661\u5446\u4e86"}, {"type": -1, "id": "alwaysOGC", "content": ": \u653f\u90fd\u662f\u5783\u573e\u5ba2"}, {"type": 1, "id": "MBV1698", "content": ": \u96e3\u602a\u4e0d\u53cd\u7d05\u5a92XDD"}, {"type": 0, "id": "creay222", "content": ": \u505a\u4eba\u4e0d\u8981\u592a\u6703\u7b97\u8a08 \u7576\u6c11\u773e\u90fd\u4e0d\u77e5\u9053\u4f60\u5728\u5e79"}, {"type": -1, "id": "cwj9999", "content": ": \u5171\u72d7\u633a\u5171\u72d7\uff0c\u5169\u500b\u4eba\u4e00\u8d77\u8214\u6bd4\u8f03\u751c"}, {"type": -1, "id": "jayden1234", "content": ": \u4e0d\u5c6c\u540d\u7de8\u6545\u4e8b"}, {"type": 0, "id": "creay222", "content": ": \u561b\u55ce \u8001\u5be6\u505a \u6642\u9593\u5230 \u8a72\u662f\u4f60\u7684\u5c31\u662f\u4f60\u7684"}, {"type": -1, "id": "sassuck", "content": ": \u4e7e\u59b9\u59b9 XDDDDDDDDDDDDDDDD"}, {"type": 1, "id": "creay222", "content": ": \u592a\u591a\u7b97\u8a08 \u5230\u982d\u4f86\u5c31\u662f\u3127\u5834\u7a7a"}, {"type": -1, "id": "shotakun", "content": ": \u81ea\u5df1\u5e55\u50da\u5e72\u64fe\u521d\u9078\u4f60\u6709\u81c9\u8aaa\u5225\u4eba"}, {"type": -1, "id": "goldenfire", "content": ": \u767d\u8272\u87d1\u8782"}, {"type": -1, "id": "zold", "content": ":  \u7b11\u6b7b\u4eba https://i.imgur.com/cGr70PE.jpg"}, {"type": 1, "id": "harry0702000", "content": ": \u706b\u9cf3\u770b\u592a\u591a\u662f\u4e0d\u662f"}, {"type": 0, "id": "MXZR", "content": ": https://i.imgur.com/OCsYTSt.jpg"}, {"type": 0, "id": "elainakuo", "content": ": \u67ef\u7c89\u7e7c\u7e8c \u9760\u67ef\u6c92\u6709\u8981\u9078\u6d3b\u4e0b\u53bb \u67ef\u64fa\u660e"}, {"type": 0, "id": "elainakuo", "content": ": \u60f3\u7576\u70d9\u7832\u5e02\u9577\u5e36\u8077\u53c3\u9078 \u8ddf\u97d3\u570b\u745c \u53ea\u5dee"}, {"type": 0, "id": "elainakuo", "content": ": \u5728\u5e02\u653f"}, {"type": -1, "id": "LinBaoYan", "content": ": \u5641\u5fc3\u67ef\u7cde"}, {"type": 1, "id": "chozenker", "content": ": \u65e9\u5c31\u8aaa\u667a\u969c\u67ef\u7c89\u662f\u56db\u5927\u6557\u985e"}], "post_ip": "114.43.80.127", "post_content": "\n\u937e\u5c0f\u5e73\u9000\u9ee8\u76f8\u633a\u2026 \u67efP\u4f4e\u8abf\uff1a\u52a0\u6cb9\n\n\u81ea\u7531\n2019-07-10\n\n\u3014\u8a18\u8005\u5289\u66c9\u6b23\u3001\u6c88\u4f69\u7464\u3001\u9673\u66c9\u5b9c\u3001\u9673\u5efa\u5fd7\u3001\u5f35\u8ed2\u54f2\uff0f\u7d9c\u5408\u5831\u5c0e\u3015\u570b\u6c11\u9ee8\u53f0\u5317\u5e02\u8b70\u54e1\u937e\u5c0f\u5e73\n\u9000\u9ee8\u529b\u633a\u53f0\u5317\u5e02\u9577\u67ef\u6587\u54f2\uff0c\u5404\u754c\u90fd\u5728\u95dc\u6ce8\u67ef\u7684\u4e0b\u4e00\u6b65\u5982\u4f55\u8d70\u4e0b\u53bb\uff1f\u67ef\u6587\u54f2\u6628\u5230\u5f70\u5316\u53c3\u8a2a\uff0c\n\u53d7\u8a2a\u6642\u53ea\u7c21\u55ae\u8aaa\u4e00\u53e5\u300c\u52a0\u6cb9\uff01\u300d\u800c\u67ef\uff30\u4e7e\u59b9\u59b9\u3001\u524d\u7acb\u59d4\u9ec3\u6587\u73b2\u5247\u8aaa\uff0c\u672a\u4f86\u9084\u6709\u5f88\u591a\u7684\u300c\u937e\n\u5c0f\u5e73\u5011\u300d\uff0c\u85cd\u7da0\u90fd\u6709\uff0c\u90fd\u6703\u9000\u9ee8\u633a\u67ef\u6587\u54f2\uff0c\u4e5f\u6709\u73fe\u4efb\u7684\u6c11\u610f\u4ee3\u8868\uff0c\u8acb\u5927\u5bb6\u6162\u6162\u770b\u3002\n\n\u67ef\u6587\u54f2\u6628\u524d\u5f80\u5f70\u5316\u3001\u53f0\u4e2d\u8db4\u8db4\u8d70\uff0c\u5148\u53c3\u8a2a\u4f4d\u65bc\u9e7f\u6e2f\u5f70\u6ff1\u5de5\u696d\u5340\u7684\u53f0\u7063\u73bb\u7483\u5edf\u8207\u53f0\u7063\u73bb\u7483\u9928\n\uff0c\u4e26\u8209\u884c\u4f01\u696d\u5ea7\u8ac7\u6703\uff1b\u63a5\u8457\u524d\u5f80\u5927\u7532\u5e7c\u7345\u5de5\u696d\u5340\u5c08\u984c\u6f14\u8b1b\uff0c\u91dd\u5c0d\u4e00\u4f8b\u4e00\u4f11\u7b49\u52de\u5de5\u554f\u984c\u4ea4\u6d41\n\uff0c\u665a\u4e0a\u5247\u62b5\u9f8d\u4e95\u5fe0\u548c\u91cc\u671d\u5b89\u5bae\uff0c\u5438\u5f15\u5927\u6279\u7c89\u7d72\u62cd\u7167\u3002\n\n\u65e5\u524d\u67ef\u6587\u54f2\u300c\u6230\u60c5\u5ba4\u300d\u5e55\u50da\u674e\u7e09\u7a4e\u624d\u4ee5\u300c\u500b\u4eba\u540d\u7fa9\u300d\uff0c\u5728ptt\u516b\u5366\u7248\u75be\u547c\u300c\u6709\u97d3\u4e0d\u6295\u3001\u975e\n\u97d3\u6295\u90ed\u300d\uff0c\u4e8b\u5f8c\u67ef\u8868\u793a\u4e8b\u524d\u77e5\u60c5\uff0c\u4e5f\u8aaa\u6bcf\u500b\u4eba\u90fd\u6709\u767c\u8868\u610f\u898b\u7684\u81ea\u7531\u3002\u6628\u5929\u67ef\u518d\u88ab\u554f\u5230\u6b64\u4e8b\n\uff0c\u6307\u5927\u5bb6\u90fd\u77e5\u9053\u54ea\u500b\u9ee8\u4f55\u6642\u8981\u521d\u9078\uff0c\u53e6\u5916\u4e00\u500b\u9ee8\u5c31\u6703\u60f3\u8981\u53bb\u5e72\u64fe\uff0c\u6700\u6709\u540d\u7684\u5c31\u662f\u570b\u6c11\u9ee8\u300c\n\u63db\u67f1\u300d\u4e8b\u4ef6\uff0c\u6240\u4ee5\u6709\u6642\u5019\u8981\u547c\u7c72\u53f0\u7063\u9078\u6c11\uff0c\u4e0d\u8981\u73a9\u706b\u904e\u982d\u3002\n\n\u64da\u4e86\u89e3\uff0c\u67ef\u5e55\u50da\u5728ptt\u9f13\u5439\u300c\u6709\u97d3\u4e0d\u6295\u3001\u975e\u97d3\u6295\u90ed\u300d\u5176\u4f86\u6709\u81ea\uff0c\u67ef\u9663\u71df\u8a55\u4f30\uff0c\u90ed\u53c3\u9078\u7684\u8a71\n\u67ef\u52dd\u7b97\u8f03\u5927\uff0c\u800c\u8fd1\u65e5\u97d3\u8072\u52e2\u6709\u4e0b\u6ed1\u8da8\u52e2\uff0c\u67d0\u5a92\u9ad4\u96c6\u5718\u4e5f\u8207\u67ef\u9054\u6210\u5171\u8b58\uff0c\u82e5\u97d3\u521d\u9078\u672a\u51fa\u7dda\uff0c\n\u5c07\u8f49\u633a\u67ef\u3002\n\n\u8fd1\u67ef\u5e55\u50da\u8868\u793a\uff0c\u82e5\u662f\u90ed\u53f0\u9298\u51fa\u7dda\uff0c\u597d\u4e0d\u597d\u6253\u7684\u524d\u63d0\uff0c\u5728\u65bc\u570b\u6c11\u9ee8\u80fd\u4e0d\u80fd\u6574\u5408\u6210\u529f\uff0c\u4e00\u65e6\u6574\n\u5408\u6210\u529f\uff0c\u7121\u8ad6\u8ab0\u51fa\u7dda\u90fd\u5c07\u662f\u96e3\u7e8f\u5c0d\u624b\uff1b\u81f3\u65bc\u67d0\u5a92\u9ad4\u96c6\u5718\u8207\u67ef\u9054\u6210\u5171\u8b58\u4e00\u4e8b\uff0c\u77e5\u60c5\u4eba\u58eb\u50c5\u4f4e\n\u8abf\u8aaa\uff0c\u300c\u548c\u5404\u5bb6\u5a92\u9ad4\u90fd\u4fdd\u6301\u4e00\u5b9a\u806f\u7e6b\u300d\u3002\n\nhttps://m.ltn.com.tw/news/politics/paper/1302141\n\n--------\n\u4eba\u7e3d\u662f\u6703\u8b8a\nhttps://i.imgur.com/t17uWkL.jpg\n--\n\u203b \u7de8\u8f2f: akway (114.43.80.127 \u81fa\u7063), 07/10/2019 16:07:29\n"}