{"ptt_id": "hongou", "post_url": "https://www.ptt.cc/bbs/Gossiping/M.1564071048.A.517.html", "post_type": "\u554f\u5366", "post_title": "\u5403\u85af\u689d\u6cbe\u756a\u8304\u91ac \u5403\u96de\u584a\u4e0d\u6cbe\u7cd6\u918b\u91ac\u7684\u4eba\u5728", "post_time": "2019-07-26 00:10:46", "post_score": 4, "post_pushes": [{"type": 1, "id": "tyrande", "content": ":  (\u2032\u2027\u03c9\u2027)\u2197\u2570\u3072\u256f"}, {"type": 1, "id": "CCNK", "content": ":  (\u2032\u2027\u03c9\u2027)\u2197\u2570\u3072\u256f"}, {"type": 1, "id": "organ63521", "content": ": (\u2032\u2027\u03c9\u2027)\u2197\u2570\u3072\u256f"}, {"type": 1, "id": "guardian0415", "content": ":                          :"}, {"type": 1, "id": "organ63521", "content": ": \u9019\u6a23\u4e5f\u80fd\u6ef4\u5230\u6211      (\uff89\uff9f\u0434\uff9f)\uff89  \u771f\u4e0d\u7c21\u55ae"}, {"type": 0, "id": "mikemagic88", "content": ": \u6211\u5403\u85af\u689d\u90fd\u52a0\u80e1\u6912\u9e7d"}, {"type": 0, "id": "nut7470", "content": ": \u5e72\u4f60\u5c41\u4e8b"}, {"type": -1, "id": "trylin", "content": ": \u4ed6\u5abd\u7684 \u85af\u689d\u5c31\u662f\u8981\u52a0\u9e7d  \u5176\u4ed6\u90fd\u662f\u5ee2\u7269"}, {"type": 1, "id": "Lenney33", "content": ": \u9084\u597d\u4e94\u6a13\u90fd\u6d28\u5403"}, {"type": -1, "id": "apple037037", "content": ": \u5641\u5fc3"}, {"type": 0, "id": "Lenney33", "content": ": \u6cbe"}, {"type": 0, "id": "berice152233", "content": ": \u4f60\u5403\u85af\u689d\u4e0d\u6cbe\u7cd6\u918b\u91ac?!?!?!?!?!?!?!?"}, {"type": 1, "id": "NTJL", "content": ": \u6211\u90fd\u85af\u689d\u6cbe\u7cd6\u918b\u91ac"}, {"type": 0, "id": "johnhmj", "content": ": \u90a3\u500b\u7cd6\u918b\u771f\u662f\u751c\u5230\u4e0d\u884c"}, {"type": -1, "id": "wake7078", "content": ": \u6b63\u78ba\u7684\u9ea5\u514b\u96de\u584a\u5403\u6cd5"}, {"type": 0, "id": "berice152233", "content": ": \u6211\u85af\u689d\u90fd\u53bb\u9e7d\u52a0\u7cd6\u918b\u91ac\u5566"}, {"type": -1, "id": "david0129", "content": ": \u4f4f\u6d77\u908a?"}, {"type": 1, "id": "ijoj", "content": ": \u6211\u8ddf\u4f60\u4e00\u6a23\u6b38"}, {"type": -1, "id": "philibra", "content": ": \u90fd\u5403\u53bb\u9e7d \u4e0d\u6cbe\u4efb\u4f55\u91ac \u6efe"}, {"type": 0, "id": "philibra", "content": ": \u85af\u689d\u6cbe\u971c\u6dc7\u6dcb\u662f\u54ea\u500b\u5317\u4e03\u767c\u660e\u7684\u5614\u5614\u5614\u5614"}, {"type": 0, "id": "DIDIMIN", "content": ": \u5403\u85af\u689d\u8981\u6cbe\u51b0\u70ab\u98a8"}, {"type": 1, "id": "calvin0319", "content": ": \u6f33\u548c\u738b\u4e0d\u8981\u767c\u5ee2\u6587=="}, {"type": -1, "id": "c255120", "content": ": \u85af\u689d\u6cbe\u7cd6\u918b\u91ac"}, {"type": 1, "id": "Qinsect", "content": ": \u6211\u90fd\u6cbe\u5c4e\u6df7\u8457\u5403 \u7968\u6295kmt"}, {"type": 1, "id": "white1861", "content": ": \u85af\u689d \u6cbe\u7389\u7c73\u6fc3\u6e6f"}, {"type": -1, "id": "minggood", "content": ": \u5403\u500b\u85af\u689d\u4e5f\u8981\u62b9\u7d05 \u5641\u5fc3"}, {"type": 0, "id": "zzzzoo", "content": ": \u6211\u5728\u9ea5\u7576\u52de\u90fd\u9ede\u5927\u85af\u4e0d\u52a0\u9e7d  \u7d66\u4f60\u53c3\u8003\u770b\u770b"}], "post_ip": "117.19.204.127", "post_content": "\n\n\n\u5982\u984c\n\n\u5403\u85af\u689d\u6cbe\u756a\u8304\u91ac\u7684\u4eba\u5728\u60f3\u4ec0\u9ebc\u554a???\n\n\u9ea5\u7576\u52de\u4e0d\u5c31\u662f\u8981\u5403\u7d14\u9e7d\u85af\u689d\u55ce\n\n\n\u9084\u6709\n\n\u5403\u9ea5\u514b\u96de\u584a\u4e0d\u6cbe\u7cd6\u918b\u91ac\u7684\u4eba\u5728\u60f3\u4ec0\u9ebc\u554a??\n\n\u6b63\u78ba\u7684\u9ea5\u514b\u96de\u584a\u5403\u6cd5\u4e00\u5b9a\u662f\n\n\u4e00\u584a\u6cbe\u91ac \u4e00\u584a\u4e0d\u6cbe \u9019\u6a23\u5403\n\n\u6216\u662f\u4e00\u584a\u6cbe\u4e00\u534a\n\n\n\u9019\u6a23\u4eab\u53d7\n\n\u4f46\u5b8c\u5168\u4e0d\u6cbe\u7684\u4eba\u5728\u60f3\u4ec0\u9ebc\n\n\n\u6709\u5366?\n\n\n--\n\n--\n\u5728\u4e00\u8d77 \u5728\u4e00\u8d77 \u5728\u4e00\u8d77\n\u203b \u7de8\u8f2f: hongou (117.19.204.127 \u81fa\u7063), 07/26/2019 00:15:22\n"}