{"ptt_id": "bearcsjc", "post_url": "https://www.ptt.cc/bbs/Gossiping/M.1570351941.A.B9B.html", "post_type": "\u554f\u5366", "post_title": "\u60f3\u559d\u7d14\u5951\u8336\uff0c\u4f46\u6c92\u6709\u5438\u7ba1\uff08\u5728\u7dda\u6025\uff09", "post_time": "2019-10-06 16:52:19", "post_score": -7, "post_pushes": [{"type": -1, "id": "fraternity", "content": ": \u627e\u8521\u82f1\u6587\u963f"}, {"type": 0, "id": "deep77092", "content": ": \u5148\u5012\u5728\u8863\u670d\u4e0a\u518d\u62ff\u8d77\u4f86\u5438:)"}, {"type": 1, "id": "tontonplus", "content": ": \u62c9\u958b\u653e\u5927\u817f\u554a"}, {"type": 0, "id": "gamania0515", "content": ": \u4e00\u6a13\u9858\u610f\u628a\u5c0f\u5c4c\u7576\u5438\u7ba1"}, {"type": -1, "id": "ericayou", "content": ": \u5e72\u6211\u5c41\u4e8b \u7576\u4f60\u500b\u7248\uff1f"}, {"type": -1, "id": "AndyWT", "content": ": \u4f60\u662f\u4e0d\u662f\u770b\u4e0d\u61c2\u4e2d\u6587?"}, {"type": 0, "id": "MrXD", "content": ": \u53ea\u80fd\u5b78dpp\u7528\u6e6f\u5319"}, {"type": -1, "id": "tim855042", "content": ": \u662f\u4e0d\u6703\u7528\u5634\u5df4\u559d\u54e6"}, {"type": -1, "id": "jehg900207", "content": ": \u885b\u751f\u7d19\u63d2\u4e0b\u53bb\u5438\u4e0a\u4f86\u554a"}, {"type": 1, "id": "fireda", "content": ": \u81ea\u5f9e\u4e0d\u9644\u5438\u7ba1 \u6211\u90fd\u8cb7\u5bf6\u7279\u74f6\u98f2\u6599\u4e86"}, {"type": -1, "id": "kobebird", "content": ": \u62c9\u958b\u770b\u4e0d\u61c2\u81a9"}, {"type": -1, "id": "yoyodiy", "content": ": \u8ab0\u53eb\u4f60\u53bb-4  \u6211\u90fd\u6539\u53bb\u5168\u5bb6\u8cb7\u60f9"}, {"type": 0, "id": "touchBB", "content": ": \u5168\u5bb6\u6709\u963f"}, {"type": -1, "id": "SONYPS5", "content": ": \u662f\u6709\u751f\u6d3b\u969c\u7919\u55ce\uff1f"}, {"type": 1, "id": "heyd", "content": ": \u4e0d\u662f\u8981\u5c31\u6709?"}, {"type": 1, "id": "TienWo", "content": ": \u653e\u689d\u5c0f\u6c34\u7ba1\u5728\u8eca\u4e0a\u6c92\u4ec0\u9ebc\u96e3\u5ea6\u554a"}, {"type": -1, "id": "fraternity", "content": ": \u5916\u5e36\u660e\u660e\u5c31\u6709\u5438\u7ba1=="}, {"type": -1, "id": "fransice7", "content": ":"}, {"type": -1, "id": "q210216", "content": ": \u53ef\u60b2\u6709\u4eba\u9577\u90a3\u9ebc\u5927\u9084\u4e0d\u6703\u958b\u65b0\u9bae\u5c4b\u5475\u5475!\u5ae9~"}, {"type": -1, "id": "misu2718", "content": ": \u554f\u6d77\u9f9c\u554a..."}, {"type": 0, "id": "netion", "content": ": \u5438\u7ba1\u6703\u5bb3\u6b7b\u6d77\u9f9c\u5148\u751f"}, {"type": -1, "id": "josnhon", "content": ": \u8166\u6b98\u653f\u7b56"}, {"type": -1, "id": "yukihira", "content": ": \u6c23\u6b7b \u559d\u500b\u98f2\u6599\u6c92\u9644\u5438\u7ba1"}, {"type": 1, "id": "SuperCry", "content": ": \u4f60\u8ddf\u4ed6\u8981\u4ed6\u6703\u7d66\u554a\uff1f\u5168\u5bb6\u6703"}, {"type": 1, "id": "wolve", "content": ": \u5148\u554f\u6d77\u9f9c\u540c\u610f\u5426"}, {"type": 1, "id": "haha80259", "content": ": \u6211\u53ea\u8981\u4e0d\u7d66\u5438\u7ba1\u5c31\u9000\u8ca8 \u7136\u5f8c\u5e97\u54e1\u5c31\u6703\u7d66"}, {"type": 0, "id": "haha80259", "content": ": \u6211"}, {"type": -1, "id": "KlausaLiao", "content": ": \u55ab\u5566\u5e79"}, {"type": 1, "id": "tchzailk", "content": ": \u6709\u4e9b-4\u98f2\u6599\u90fd\u653e\u5230\u5feb\u904e\u671f\uff0c\u6d3b\u8a72"}, {"type": 1, "id": "projectb", "content": ": \u53f0\u7063\u50f9\u503c  \u6c92\u8fa6\u6cd5"}, {"type": -1, "id": "globeMIX", "content": ": \u7d19\u76d2\u65c1\u908a\u53ef\u4ee5\u6495\u958b \u63a5\u8457\u63a8\u51fa\u5c16\u53e3 \u7528\u5634\u559d"}], "post_ip": "42.72.254.60", "post_content": "\n\u525b\u624d\u53bb\u5c0f\u4e03\u8cb7\u7121\u7cd6\u7da0\u8336\uff0c\u4f46\u662f\u73fe\u5728\u4e0d\u63d0\u4f9b\u5438\u7ba1\u4e86\uff0c\u8acb\u554f\u4e00\u4e0b\u9019\u8981\u600e\u9ebc\u559d\uff0c\u6211\u73fe\u5728\u53c8\u8981\u53bb\u958b\n\u8eca\uff0c\u6c92\u6709\u5730\u65b9\u64fa\u600e\u9ebc\u8fa6\uff1f\nhttps://i.imgur.com/UVhMF5A.jpg\n\n--\n"}