{"ptt_id": "bearcsjc", "post_url": "https://www.ptt.cc/bbs/Gossiping/M.1565457360.A.2F1.html", "post_type": "\u554f\u5366", "post_title": "\u73fe\u5728\u63d0\u5021\u559d\u6c34\u904b\u52d5\u9084\u4f86\u5f97\u53ca\u55ce\uff1f", "post_time": "2019-08-11 01:15:58", "post_score": -2, "post_pushes": [{"type": -1, "id": "joy2105feh", "content": ": \u6ce1\u8336\u4e0d\u7528\u6c34\u662f\u4e0d\u662f"}, {"type": 0, "id": "AppleOuO", "content": ": \u53ef\u662f\u745e\u51e1 \u74f6\u88dd\u6c34\u4e5f\u53ef\u80fd\u88ab\u62b5\u5236"}, {"type": -1, "id": "shevchen", "content": ": \u4e94\u6a13\u559d\u6d28\u7576\u6c34\u559d"}], "post_ip": "42.75.228.194", "post_content": "\n\u5f88\u591a\u4eba\u90fd\u5728\u5634\u7832\u62b5\u5236\u4e2d\u570b\u53f0\u7063\u8336\u7684\u6d3b\u52d5\n\n\u6709\u6c92\u6709\u4eba\u8981\u4f86\u5e36\u982d\u63d0\u5021\u591a\u559d\u53f0\u7063\u6c34\u7684\u6d3b\u52d5\uff1f\n\n\u9019\u6a23\u6703\u4e0d\u6703\u9020\u6210\u53f0\u7063\u7f3a\u6c34\u5371\u6a5f\u54a7\uff1f\n\n\u6709\u6c92\u6709\u4ec0\u9ebc\u5366\uff1f\n\n--\n"}