{"ptt_id": "ilikebrandy", "post_url": "https://www.ptt.cc/bbs/Gossiping/M.1562051325.A.B2C.html", "post_type": "\u554f\u5366", "post_title": "\u5982\u4f55\u5c0d\u4ed8\u8349\u5305\uff1f", "post_time": "2019-07-02 15:08:43", "post_score": 3, "post_pushes": [{"type": 1, "id": "felixden", "content": ": 3\u5c0f"}, {"type": 0, "id": "rickey1270", "content": ": \u6234\u4e0a\u8349\u5e3d"}, {"type": -1, "id": "forwardgo", "content": ": \u505a\u611b"}, {"type": 1, "id": "Stigmata", "content": ": \u904e\u6c23\u7cdegame"}, {"type": 1, "id": "odd5566", "content": ": \u8349\u5305\u4e0d\u4f4f\u706b"}, {"type": -1, "id": "Rrrxddd", "content": ": \u591a\u8b80\u66f8\u554a \u6703\u6bd4\u4f60\u60f3\u50cf\u7684\u6709\u6599"}, {"type": 0, "id": "AIDM", "content": ": \u7528\u706b\u653b , \u8349\u5305\u4e0d\u4f4f\u706b"}, {"type": 1, "id": "vanadiu", "content": ": \u6345\u4ed6\u5c41\u773c......\u56e0\u70ba\u8349\u5305\u7528\u5c41\u773c\u770b\u4e16\u754c...."}, {"type": 0, "id": "akumo", "content": ": \u6efe"}, {"type": 1, "id": "tauju", "content": ": \u5f97\u767b\u95a3\u71b1"}, {"type": 0, "id": "bkyu", "content": ": \u7e3d\u7d71\u5e9c\u88e1\u9762 \u83dc\u5305 \u52a0\u8349\u5305 \u5148\u8655\u7406\u4e00\u4e0b"}, {"type": 0, "id": "bkyu", "content": ": \u7528\u9078\u7968\u5236\u88c1\u7e3d\u7d71\u5e9c\u88e1\u9762\u7684\u8349\u5305"}], "post_ip": "106.73.70.160", "post_content": "\n\u600e\u9ebc\u8fa6\uff01\u8349\u5305\u5df2\u7d93\u653b\u4f54\u5168\u4e16\u754c\u60f9\n\u8a72\u600e\u9ebc\u5c0d\u4ed8\u9019\u96e3\u7e8f\u7684\u554f\u984c\uff1f\n\u4eba\u985e\u90fd\u8349\u5305\u5316\u60f9..\n\n\u8981\u600e\u9ebc\u8fa6\uff1f\u6709\u5366\u55ce\uff1f\nhttps://i.imgur.com/PidMgIO.jpg\nhttps://i.imgur.com/mO0m8tu.jpg\nhttps://i.imgur.com/61y0as1.jpg\nhttps://i.imgur.com/w4xSI4t.jpg\n\n--\n\u203b \u7de8\u8f2f: ilikebrandy (106.73.70.160 \u65e5\u672c), 07/02/2019 15:10:15\n\u597d\u73a9\u8036\n\u203b \u7de8\u8f2f: ilikebrandy (106.73.70.160 \u65e5\u672c), 07/02/2019 15:15:11\n"}