{"ptt_id": "Qoo20811", "post_url": "https://www.ptt.cc/bbs/Gossiping/M.1570595108.A.479.html", "post_type": "\u554f\u5366", "post_title": "\u6b38\uff01\u570b\u8ecd\u7684\u5c0f\u871c\u8702\u600e\u9ebc\u6c92\u4eba\u6562\u6293\u554a\uff1f", "post_time": "2019-10-09 12:25:06", "post_score": 35, "post_pushes": [{"type": 0, "id": "kcclasaki", "content": ": \u52d5\u6416\u570b\u672c"}, {"type": 0, "id": "gamania0515", "content": ": \u84cb\u84cb\u84cb"}, {"type": 0, "id": "Friend5566", "content": ": \u90a3\u662f\u96b1\u85cf\u7248\u9ad8\u7d1a\u5175\u7a2e"}, {"type": 0, "id": "james732", "content": ": \u84cb"}, {"type": 0, "id": "Blue6", "content": ": \u56e0\u70ba\u4ed6\u4e0d\u662f\u67ef\uff30\u6d3e\u53bb\u7684"}, {"type": 0, "id": "kcclasaki", "content": ": \u4e94\u6a13\u90fd\u548c\u5c0f\u871c\u8702\u963f\u59e8\u8cb7\u6625"}, {"type": 0, "id": "kcclasaki", "content": ": \u6539\u516b\u6a13"}, {"type": 0, "id": "sky568127", "content": ": \u665a\u9910\u5c31\u9760\u4ed6 \u4e0d\u7136\u56de\u53bb\u5403\u5674\u55ce"}, {"type": 0, "id": "GFLR20", "content": ": \u5c0f\u871c\u8702\u90fd\u81ea\u5df1\u4eba\u6015\u6bdb"}, {"type": 1, "id": "flybirdy", "content": ": \u67ef\u600e\u4e0d\u767c\u5c55ai\u667a\u80fd\u4e92\u806f\u7db2\u7121\u4eba\u5c0f\u871c\u8702"}, {"type": 1, "id": "vc5566", "content": ": \u5c0f\u871c\u8702\u6709\u5f88\u597d\u5403\u55ce\uff1f \u53ea\u662f\u6c92\u6709\u5176\u5b83\u9078\u64c7\u800c\u5df2"}, {"type": 1, "id": "jma306", "content": ": \u8ecd\u968e\u9732\u51fa\u4f86\u5687\u6b7b\u4f60"}, {"type": 1, "id": "a103232", "content": ": \u6293\u5c0f\u871c\u8702\u624d\u6703\u52d5\u6416\u570b\u672c"}, {"type": 1, "id": "losage", "content": ": \u90e8\u968a\u9ad8\u5c64\u5f9e\u5c0f\u5175\u5403\u5230\u5927\uff0c\u4f86\u6293\u6293\u770b"}, {"type": 1, "id": "peggy345", "content": ": \u9cf3\u59d0\u7684\u8f29\u4efd\u6bd4\u6307\u63ee\u5b98\u9084\u5927"}, {"type": 0, "id": "slovea", "content": ": \u5201\u6c11\u4f60\u6562\u6293\uff1f\u660e\u5929\u5c31\u62c9\u725b\u4f86\u5835\u71df\u5340"}, {"type": 1, "id": "ruby00514", "content": ": \u71df\u9577\u770b\u5230\u90fd\u8981\u53eb\u5927\u54e5\u5927\u59d0\u7684\u4eba\u6b38"}, {"type": 1, "id": "venomsoul", "content": ": \u6b38\uff0c\u5c0f\u871c\u8702\u6709\u4e9b\u4eba\u9593\u7f8e\u5473\u6b38"}, {"type": 1, "id": "chen96374", "content": ": \u6b38 \u4f60\u662f\u4e0d\u77e5\u9053\u9023\u9ad8\u5c64\u5c0f\u5b98\u6642\u90fd\u5403\u904e\u55ce"}, {"type": 0, "id": "link4517", "content": ": \u4f60\u6293\u770b\u770b\u3002\u770b\u4f60\u9084\u8981\u4e0d\u8981\u6f14\u7fd2"}, {"type": 1, "id": "tjtjtjkimo", "content": ": \u4f60\u4fe1\u4e0d\u4fe1\u6293\u5c0f\u871c\u8702\u9cf3\u59d0\u6293\u6307\u63ee\u5b98\u4f86\u62c9\u6b63"}, {"type": 0, "id": "pp9960", "content": ": \u6293\u5c41"}, {"type": 1, "id": "EAFV", "content": ": \u5176\u5be6\u5c0f\u871c\u8702\u662f\u53ef\u4ee5\u4e00\u96bb\u6253\u4e00\u6574\u6392\u7684\u7279\u7a2e\u90e8\u968a"}, {"type": -1, "id": "AAA891216", "content": ": \u4ee5\u5f8c\u5171\u8ecd\u6253\u4e0a\u4f86 \u9084\u8981\u9760\u5c0f\u871c\u8702\u5e36\u8def\u5077\u8972"}, {"type": 1, "id": "iongjenq", "content": ": \u6211\u8981\u5927\u7d9c\u52a0\u86cb\uff0c\u8b1d\u8b1d\u3002"}, {"type": 0, "id": "mij", "content": ": \u6293\u5c0f\u871c\u8702\u5c31\u662f\u570b\u8ecd\u7684\u6575\u4eba!"}, {"type": 1, "id": "chiyinming", "content": ": \u80fd\u505a\u5c0f\u871c\u8702 \u5f8c\u9762\u80cc\u666f\u90fd\u8d85\u786c"}, {"type": 1, "id": "ctlwmmax", "content": ": \u96de\u6392\u73cd\u5976\u4e00\u4efd"}, {"type": 1, "id": "lulocke", "content": ": \u4f60\u60f3\u6574\u500b\u8ecd\u71df\u7684\u4eba\u51fa\u4f86\u809b\u4f60\u55ce"}, {"type": 1, "id": "Markbas", "content": ": \u4e94\u661f\u8001\u767e\u59d3\u4f60\u6562\u5634"}, {"type": 0, "id": "nosay", "content": ": \u6211\u5011\u71df\u5340\u7684\u5c0f\u871c\u8702\u4f86 \u5b89\u5b98\u9084\u8981\u5e6b\u5fd9\u5ee3\u64ad\u52d2"}, {"type": -1, "id": "loveapple33", "content": ": \u4e0a\u4e00\u500b\u6293\u5c0f\u871c\u8702\u7684\u4e3b\u5b98\u4e0d\u77e5\u9053\u88ab\u96fb\u591a\u6158"}, {"type": 0, "id": "loveapple33", "content": ": \uff1f"}, {"type": 0, "id": "nosay", "content": ": \u56e0\u70ba\u5728\u5c71\u4e0a\u88dc\u7d66\u4e0d\u65b9\u4fbf \u6240\u4ee5\u90fd\u6703\u8b93\u5c0f\u871c\u8702\u4f86"}, {"type": 1, "id": "yu800910", "content": ": \u5175\u90fd\u7576\u4e0d\u5b8c\u4e86\uff0c\u9084\u6562\u78b0\u6709\u9760\u5c71\u7684\u5c0f\u871c\u8702\uff1f"}, {"type": 1, "id": "bysy2322", "content": ": \u89ba\u9752\u53c8\u6c92\u7576\u904e\u5175= ="}, {"type": 0, "id": "purin3333", "content": ": \u5c0f\u871c\u8702\u4e0d\u662f\u62db\u6a19\u7684\u5594?"}, {"type": 1, "id": "tw2000", "content": ": \u8523\u5bb6\u9023\u5bb6\u7684\u5b50\u5f1f\uff0c\u80af\u5b9a\u6c92\u807d\u904e\u5c0f\u871c\u8702"}, {"type": 1, "id": "followwar", "content": ": \u6307\u63ee\u5b98\u5403\u5c0f\u871c\u8702\u5347\u5230\u4e0a\u6821\u7684  \u6562\u6293??"}, {"type": 0, "id": "Kuznetsov", "content": ": \u5c0f\u871c\u8702\u662f\u4e94\u661f\u4e0a\u5c07\uff0c\u80fd\u6293\u55ce\uff1f"}, {"type": 1, "id": "s19951231", "content": ": \u6709\u639b\u968e\u7684 \u6211\u770b\u904e\u5c11\u5c07\u65c5\u9577\u627e\u5c0f\u871c\u8702\u5bd2\u55a7"}, {"type": 0, "id": "duson", "content": ": \u6230\u6642\u5c0f\u871c\u8702\u662f\u79d8\u5bc6\u5075\u641c\u5175\u597d\u55ce\uff1f\u50bb\u50bb\u7684"}, {"type": 1, "id": "orangesky320", "content": ": \u8d85\u5f37\u88dc\u7d66 \u7f3a\u5565\u6709\u5565"}, {"type": 0, "id": "Hohenzollern", "content": ": \u9670\u9593\u6709\u7684\u5730\u65b9\u53ea\u80fd\u5403\u5c0f\u871c\u8702\u7dad\u751f \u4ee5\u524d"}, {"type": 0, "id": "Hohenzollern", "content": ": \u5728\u5609\u797f\u5802\u7528\u9910\u958b\u52d5\u7b2c\u4e00\u4ef6\u4e8b \u5c31\u662f\u628a\u9910"}, {"type": 0, "id": "Hohenzollern", "content": ": \u76e4\u62ff\u53bb\u5674\u6876\u5012\u6389 \u6d17\u5b8c\u9910\u5177\u638f\u9322\u6253\u5c0f\u871c"}, {"type": 0, "id": "Hohenzollern", "content": ": \u8702"}, {"type": -1, "id": "iqeqicq", "content": ": \u806f\u52e4\u7e3d\u53f8\u4ee4\u53ef\u4ee5\u4e0b\u53f0\u4e86"}, {"type": 1, "id": "carlos159357", "content": ": \u5c0f\u871c\u8702\u624d\u662f\u672c\u570b\u6700\u5f37\u5075\u67e5\u5175"}, {"type": 1, "id": "m025885200", "content": ": \u6307\u63ee\u5b98\u5728\u9cf3\u59d0\u9762\u524d\u4e5f\u662f\u4e56\u4e56\u7684\u593e\u61f6\u86cb\u597d"}, {"type": 0, "id": "dadidi", "content": ": \u61f7\u5ff5\u5c0f\u871c\u8702\u7684\u96de\u6392QQ"}, {"type": -1, "id": "xxx5566xxx", "content": ": \u4f60\u4e0d\u77e5\u9053\u901a\u8a0a\u4e2d\u65b7\u4e86\u8981\u9760\u4ed6\u5011\u55ce\uff1f"}, {"type": 0, "id": "bigtien6292", "content": ": \u5c0f\u871c\u8702\u7684\u8f29\u4efd\u6bd4\u71df\u9577\u5927"}, {"type": 1, "id": "versailles94", "content": ": \u88dc\u7d66\u9760\u5c0f\u871c\u8702\uff0c\u61c2\uff1f"}, {"type": 1, "id": "kenro", "content": ": \u4e0d\u7136\u4e00\u5806\u4eba\u5728\u91ce\u5916\u5403\u4fbf\u7576\u55ce\uff1f"}, {"type": 1, "id": "qqclu123", "content": ": \u8ab0\u6562\u52d5\u5c0f\u871c\u8702\u5c31\u6e96\u5099\u8d77\u98db"}, {"type": 0, "id": "boboking2", "content": ": \u5c0f\u871c\u8702\u662f\u4e0d\u662f\u7d71\u6230\u90e8\u968a"}, {"type": 0, "id": "katanakiller", "content": ": \u52d5\u6416\u570b\u672c"}, {"type": 1, "id": "z3814357", "content": ": \u807d\u8aaa\u4ee5\u524d\u5c0f\u871c\u8702\u9023\u5b50\u5f48\u90fd\u6709\u8ce3"}, {"type": 1, "id": "lusifa2007", "content": ": \u516d\u661f\u4e0a\u5c07\u4f60\u6562\u6293\uff1f"}, {"type": 0, "id": "gaowei16", "content": ":"}, {"type": 0, "id": "JudgmentLin", "content": ": \u6307\u63ee\u5b98\u9084\u8981\u53eb\u5b78\u59ca"}, {"type": 1, "id": "nbg23456", "content": ": \u6383\u6389\u5c0f\u871c\u8702\u6703\u64fe\u4e82\u8ecd\u5fc3"}, {"type": 1, "id": "malindorothy", "content": ": \u9cf3\u59d0\u8981\u53bb\u54ea\u88e1\u8cb7\u554a? \u4e0d\u9032\u8ecd\u71df\u7684\u8a71"}, {"type": 1, "id": "iwilltry", "content": ": \u5c0f\u871c\u8702\u90fd\u73ed\u9577\u4ed6\u5011\u518d\u9023\u7d61\u7684...."}, {"type": 1, "id": "hcgcgh911399", "content": ": 6\u9846\u661f\u4f60\u627e\u7e3d\u7d71\u4f86\u4e5f\u4e0d\u80fd\u52d5"}, {"type": 0, "id": "agag5123", "content": ": \u8ecd\u71df\u9032\u4e0d\u4e86\u5427\uff0c\u6236\u5916\u5834\u6216\u7246\u908a\u53ef\u4ee5\u96fb\u8a71\u53eb"}, {"type": 1, "id": "a2470abc", "content": ": \u68af\u6578\u558a\u51fa\u4f86\u661f\u661f\u90fd\u8981\u7acb\u6b63\u7ad9\u597d"}, {"type": 1, "id": "WFSGT", "content": ": \u7d55\u5c0d\u662f\u52d5\u6416\u570b\u672c"}, {"type": 1, "id": "Djent127", "content": ": \u5c0f\u871c\u8702\u963f\u59e8\u4e0a\u6b21\u624d\u8aaa\u665a\u4e0a\u8981\u8ddf\u6307\u63ee\u5b98\u5403\u98ef"}, {"type": 1, "id": "PauFrank5566", "content": ": \u5c0f\u871c\u8702\u8a8d\u8b58\u591a\u5c11\u9577\u5b98\uff0c\u4f60\u6562\u52d5????"}, {"type": 1, "id": "feanor0709", "content": ": \u585e\u591a\u5c11\u4e0d\u77e5\u9053\u55ce"}, {"type": 1, "id": "mjonask", "content": ": \u89ba\u9752\u6c92\u7576\u5175\u4e0d\u77e5\u9053\u5c0f\u871c\u8702"}, {"type": -1, "id": "luckysummer", "content": ": \u8a8d\u771f\u8aaa\u4f60\u77e5\u9053\u4ee5\u524d\u5e2b\u5c0d\u6297\uff0c\u67d0\u65b9\u6703\u8f38\u5c31"}, {"type": 0, "id": "luckysummer", "content": ": \u662f\u56e0\u70ba\u6307\u63ee\u5b98\u4e0d\u7d66\u8cb7\u5c0f\u871c\u8702\uff0c\u7136\u5f8c\u4ed6"}, {"type": 0, "id": "luckysummer", "content": ": \u5011\u7684\u4f4d\u7f6e\u99ac\u4e0a\u5c31\u88ab\u5c0f\u871c\u8702\u66b4\u9732\u4e86\uff0c\u7b11"}, {"type": 0, "id": "luckysummer", "content": ": \u6b7b"}, {"type": 0, "id": "luckysummer", "content": ": \u771f\u5be6\u6848\u4f8b"}, {"type": 1, "id": "fantasy00249", "content": ": \u4f60\u5404\u4f4d\u6562\u8ddf\u81ea\u5df1\u7684\u809a\u5b50\u904e\u4e0d\u53bb\u81a9\uff1f"}], "post_ip": "111.251.184.217", "post_content": "\n\u6b38\u6b38\u6b38\u6b38\u6b38\n\n\u5927\u5bb6\u8c6a\u6211\u5927\u9d70\u51a0\u5b87\u5566\n\n\u6709\u9032\u53bb\u904e\u570b\u8ecd\u7684\u90fd\u77e5\u9053\n\n\u64cd\u7df4\u6642\u53ea\u8981\u90e8\u968a\u5230\u54ea\u5c0f\u871c\u8702\u5c31\u6703\u8ddf\u5230\u54ea\n\n\u5abd\u7684\u73fe\u5728\u9023\u500b\u8ca9\u8ce3\u6a5f\u90fd\u6703\u52d5\u6416\u570b\u672c\u8b93\u570b\u5bb6\u6a5f\u5668\u52d5\u7684\u4e0d\u8981\u4e0d\u8981\uff44\uff45\uff52\n\n\u4eca\u5929\u5047\u8a2d\u53ea\u8981\u6709\u4e00\u53f0\u5c0f\u871c\u8702\u662f\u4e2d\u5171\u6d3e\u904e\u4f86\u7684\u9593\u8adc\n\n\u90a3\u8292\u679c\u4e7e\u4e0d\u5c31\u8ce3\u597d\u8ce3\u6eff\u4e86\u55ce\n\n\u4f46\u662f\u4e0d\u5f97\u4e0d\u8aaa\u5c0f\u871c\u8702\u7684\u5927\u5175\u5976\u8ddf\u8c6c\u6293\u662f\u771f\uff24\u597d\u5403\n\n\u6709\u6728\u6709\u639b\uff1f\n\n--\n"}