{"ptt_id": "asrichfox", "post_url": "https://www.ptt.cc/bbs/Gossiping/M.1562915628.A.BBE.html", "post_type": "\u554f\u5366", "post_title": "\u5728\u967d\u53f0\u62bd\u83f8\u7684\u662f\u4e0d\u662f\u5783\u573e\uff1f", "post_time": "2019-07-12 15:13:46", "post_score": 7, "post_pushes": [{"type": 0, "id": "kilof", "content": ": \u662f\u5566"}, {"type": -1, "id": "Sougetu", "content": ": \u76f4\u63a5\u8ddf\u4ed6\u8aaa\u554a"}, {"type": 0, "id": "GSHARP", "content": ": \u809b\u4ed6"}, {"type": 1, "id": "Muqeem", "content": ": \u4e94\u6a13\u5783\u573e"}, {"type": 1, "id": "wang1b", "content": ": \u6a13\u4e0b\u662f\u4e0d\u662f\u6211\u5973\u53cb"}, {"type": 0, "id": "kuo1102", "content": ":            \u4e94\u6a13\u90fd\u7d20\u7532\u7532\u7684\u61f6\u53eb"}, {"type": 1, "id": "redDest", "content": ": 4"}, {"type": -1, "id": "pdz", "content": ": \u81ea\u5df1\u4e0d\u6703\u53bb\u8aaa"}, {"type": 0, "id": "elec1141", "content": ": \u90fd\u5230\u967d\u53f0\u4e86 \u4f60\u4f4f\u6d77\u908a\u54e6"}, {"type": 0, "id": "linzero", "content": ": \u9084\u6709\u7051\u6c34\u7684"}, {"type": 0, "id": "nacy204327", "content": ": \u5728\u5927\u6a13\u5ec1\u6240\u624d\u662f"}, {"type": 0, "id": "kavengany", "content": ": \u4f60\u53ef\u4ee5\u6234\u9b5a\u7f38"}, {"type": 0, "id": "awhat", "content": ": \u90fd\u5230\u967d\u53f0\u4e86\u4e0d\u7136\u8981\u7ad9\u4f60\u9580\u53e3\u5916\u62bd\u55ce"}, {"type": 1, "id": "answer012103", "content": ": \u908a\u8d70\u908a\u62bd\u7684\u624d\u662f"}, {"type": 1, "id": "pytzog", "content": ": \u76f4\u63a5\u53bb\u6e9d\u901a\uff0c\u4e0d\u6562\u6e9d\u901a\u5c31\u7e7c\u7e8c\u5438\u4e8c\u624b\u83f8"}, {"type": 1, "id": "Corsairs", "content": ": \u6b63\u5728\u967d\u53f0\u62bd\u7159\u770b\u4f60\u9019\u7bc7\u6587"}, {"type": -1, "id": "kichyo", "content": ": \u4f60\u53ef\u4ee5\u667e\u8863\u670d\u5225\u4eba\u4e0d\u80fd\u62bd\u7159\u53ea\u6709\u4f60\u53ef\u4ee5\u4f7f\u7528"}, {"type": 1, "id": "NTULioner", "content": ": \u62bd\u7159\u90fd\u662f"}, {"type": 0, "id": "kichyo", "content": ": \u967d\u81fa\uff1f\u4f60\u8863\u670d\u53ef\u4ee5\u4e0d\u8981\u91cf\u5728\u967d\u53f0\u5440\u8def\u904e\u7684\u4eba"}, {"type": 0, "id": "kichyo", "content": ": \u773c\u775b\u53d7\u50b7\u4f60\u8ca0\u8cac"}, {"type": 1, "id": "zzro", "content": ": \u5357\u90e8"}, {"type": 0, "id": "greensaru", "content": ": \u958b\u5fc3~"}, {"type": -1, "id": "XD9527XD", "content": ": \u76f4\u63a5\u55c6\u4ed6\u554a= ="}, {"type": -1, "id": "dklash", "content": ": \u4f60\u8ddf\u4f60\u7a31\u70ba\u4f4e\u7aef\u4eba\u53e3\u7684\u4eba\u4f4f\u540c\u4e00\u68df \u4f60\u662f?"}, {"type": 0, "id": "dklash", "content": ": \u771f\u7684\u9ad8\u7aef\u5c31\u81ea\u5df1\u6574\u68df\u8cb7\u4e0b\u4f86\u5566"}, {"type": -1, "id": "r30385", "content": ": \u809b\u4ed6"}, {"type": 1, "id": "xfac", "content": ": 4"}, {"type": 0, "id": "dklash", "content": ": \u4e0d\u7136\u81f3\u5c11\u4f4f\u5728\u4f4e\u7aef\u4eba\u53e3\u8cb7\u4e0d\u8d77\u7684\u5927\u6a13"}, {"type": -1, "id": "yoyodio", "content": ": \u6211\u5e7e\u500b\u661f\u671f\u4ee5\u524d\u5c31\u5728\u677f\u4e0a\u5e79\u8b59\u904e\u60f9"}, {"type": 1, "id": "silent328kn", "content": ": \u8d70\u5230\u4ed6\u80cc\u5f8c\u8e22\u4ed6\u4e0b\u53bb\u554a"}, {"type": 0, "id": "yoyodio", "content": ": \u967d\u53f0\u62bd\u83f8\u771f\u4ed6\u5abd\u667a\u969c"}, {"type": 0, "id": "asrichfox", "content": ": \u6211\u4f4f\u6709\u7ba1\u7406\u5ba4\u7684\u5927\u6a13\u5594 \u6bcf\u500b\u6708\u7e73\u9322\u4f86\u5438"}, {"type": 0, "id": "asrichfox", "content": ": \u9019\u4e9b\u5ee2\u6c23"}, {"type": 0, "id": "awhat", "content": ": \u4e0d\u723d\u642c\u8d70\u963f\u5e79 \u771f\u662f\u7fa4\u7981\u83f8\u7d0d\u7cb9"}, {"type": -1, "id": "Blood5499", "content": ": \u4f4f\u6d77\u908a\uff1f"}, {"type": 1, "id": "mikiworldpea", "content": ": \u4ed6\u81ea\u5bb6\u967d\u53f0\u4f60\u7ba1\u4e09\u5c0f"}, {"type": 0, "id": "asrichfox", "content": ": \u795d\u4f60\u5011\u5929\u5929\u5230\u81ea\u5df1\u5bb6\u88e1\u5438\u5ee2\u6c23"}, {"type": 1, "id": "aflan5420", "content": ": \u662f"}, {"type": 0, "id": "louis0210", "content": ": \u8463\u54e5\uff1a\u600e\u6a23\u6211\u5c31\u662f\u548c\u8caa\u6c61\u5f37\u4e00\u8d77\u7684"}, {"type": 0, "id": "Summer1308", "content": ": \u4f60\u7684\u967d\u53f0\u6709\u87f2\uff0c\u5674\u500b\u6bba\u87f2\u5291\u5427"}, {"type": 0, "id": "awhat", "content": ": \u5c31\u662f\u559c\u6b61\u5674\u5ee2\u6c23\u7d66\u4f60\u5011\u9019\u7fa4\u7981\u83f8\u7d0d\u7cb9\u805e"}, {"type": -1, "id": "ppBOSSqq", "content": ": \u7b11\u4f60\u53ea\u6562\u4e0a\u4f86\u8a0e\u62cd"}, {"type": -1, "id": "mikiworldpea", "content": ": \u6bdb\u90a3\u9ebc\u591a\u4e0d\u6703\u8cb7\u900f\u5929\u54e6"}, {"type": 0, "id": "maktubdog", "content": ": \u9084\u6709\u5ec1\u6240\u62bd\u7159\u5927\u5bb6\u4e00\u8d77\u805e\u7684\u2026"}, {"type": 1, "id": "oceanfishwu", "content": ": \u662f\uff0c\u5c24\u5176\u662f\u62bd\u83f8\u83f8\u7070\u5f80\u5916\u5f48\uff0c\u62bd\u5b8c\u83f8"}, {"type": 0, "id": "oceanfishwu", "content": ": \u8482\u5f80\u5916\u4e1f\u7684\u90a3\u7a2e"}, {"type": 1, "id": "MacOSX10", "content": ": \u61c9\u8a72\u4fee\u6cd5\u5168\u90e8\u9001\u6bd2\u6c23\u5ba4"}, {"type": -1, "id": "KasperTW", "content": ": \u4f60\u4e0d\u6562\u8ddf\u4ed6\u8b1b\u53ea\u6562\u4e0a\u4f86\u8a0e\u62cd\uff1f"}, {"type": -1, "id": "mikiworldpea", "content": ": \u6211\u4ed6\u5abd\u5c31\u4f4f\u900f\u5929\u600e\u6a23\u55ce"}, {"type": 1, "id": "GrandKI", "content": ": \u54c8\u54c8\u5d29\u6f70\u54c8\u54c8 \u591a\u62bd\u4e00\u9ede\u770b\u6a13\u4e3b\u4ec0\u9ebc\u6642\u5019\u642c"}, {"type": 1, "id": "overthinkin", "content": ": 4\uff01"}, {"type": 1, "id": "potential208", "content": ": \u62bd\u83f8\u90fd\u662f"}, {"type": 1, "id": "enchun", "content": ": \u71fb\u4eba\u4e00\u6642\u723d\uff0c\u4e00\u76f4\u71fb\u4eba\u4e00\u76f4\u723d\uff01"}, {"type": 0, "id": "lifepass", "content": ": 4"}, {"type": 1, "id": "wirecut", "content": ": 4"}], "post_ip": "39.9.8.192", "post_content": "\n\u8981\u62bd\u4e0d\u6703\u81ea\u5df1\u5230\u6c92\u4eba\u7684\u5730\u65b9\n\u4ed6\u99ac\u7684\u5438\u5230\u6b7b\u4e5f\u6c92\u4eba\u7ba1\u4f60\n\u6d17\u500b\u8863\u670d\u4e5f\u8981\u5438\u4e8c\u624b\u7159 \u4f60\u8001\u5e2b\n\u5728\u967d\u53f0\u5438\u7159\u662f\u4e0d\u662f\u90fd\u662f\u5783\u573e\u963f\uff1f\n\u4e00\u7fa4\u4f4e\u7aef89\u81ea\u79c1\u4eba\u53e3\n\u88dc\u500b\u5e79\n\n\u6211\u5011\u5927\u6a13\u660e\u78ba\u544a\u793a\u4e0d\u8981\u62bd\u83f8\n\u5c31\u662f\u6709\u4eba\u9019\u9ebc\u72af\u8ce4\nhttps://i.imgur.com/57LJA2o.jpg\n\u4e00\u5806\u4eba\u9084\u80fd\u6771\u62c9\u897f\u626f\u7684\n\u53ef\u60b2\n--\n\nhttps://www.ptt.cc/bbs/Gossiping/M.1562915628.A.BBE.html\n\u4f60\u559c\u6b61\u5f97\u80ba\u764c\u4e5f\u4e0d\u95dc\u6211\u7684\u4e8b\n\u6211\u770b\u4f60\u662f\u4e0a\u4f86\u7a81\u986f\u4f60\u7684\u667a\u5546\u5427\n\u203b \u7de8\u8f2f: asrichfox (39.9.8.192 \u81fa\u7063), 07/12/2019 15:35:49\n\u203b \u7de8\u8f2f: asrichfox (39.9.8.192 \u81fa\u7063), 07/12/2019 15:37:07\n\u4f60\u4f4f\u54ea\u88e1\u554a\uff1f \u4ed6\u5abd\u51fa\u4e00\u5f35\u5634\n\u203b \u7de8\u8f2f: asrichfox (39.9.8.192 \u81fa\u7063), 07/12/2019 15:40:59\n\u4ed6\u5abd\u6211\u8981\u662f\u77e5\u9053\u662f\u54ea\u500b\u667a\u969c \u6211\u65e9\u5c31\u6309\u9580\u9234\u4e86\n\u95dc\u6211\u5c41\u4e8b\n\u5148\u8aaa\u5d29\u6f70\u5148\u8d0f\u8036 \u771f\u731b\n\u203b \u7de8\u8f2f: asrichfox (39.9.8.192 \u81fa\u7063), 07/12/2019 15:47:44\n"}