{"ptt_id": "Sinreigensou", "post_url": "https://www.ptt.cc/bbs/Gossiping/M.1570083989.A.6E5.html", "post_type": "\u554f\u5366", "post_title": "\u4eca\u5929\u5982\u679c\u662f\u7368\u6d3e\u9055\u6cd5\u96c6\u6703\u558a\u53f0\u7368", "post_time": "2019-10-03 14:26:27", "post_score": 7, "post_pushes": [{"type": 0, "id": "VVizZ", "content": ": \u4e0d\u77e5\u9053 \u4f46\u662f\u86b5\u7cde\u5403\u5c4e"}, {"type": 1, "id": "sole772pk37", "content": ": \u611b\u570b\u540c\u5fc3\u6703\u6703\u5728\u8b66\u5bdf\u5230\u5834\u524d\u5e6b\u5fd9\u62c6\u9664"}, {"type": 0, "id": "Rrrxddd", "content": ": \u67ef\u7cde\u5148\u5403\u5c4e\u518d\u8aaa"}, {"type": 1, "id": "axzs1111", "content": ": \u6293\u5230\u4e86 \u67ef\u6587\u54f2\u53cd\u5c0d\u6c11\u4e3b \u4e2d\u5171\u540c\u8def\u4eba"}, {"type": 1, "id": "jason985", "content": ": \u6703\u7f75\u62c6\u592a\u5feb"}, {"type": 0, "id": "bruce1119", "content": ": \u80af\u5b9a\u7f75\u8214\u5171\u7f75\u5230\u9ad8\u6f6e"}, {"type": 1, "id": "abadjoke", "content": ": \u53bb\u554f\u5e33\u7bf7\u5efa\u570b\u7684\u652f\u6301\u8005\u554a"}, {"type": 0, "id": "s58565254", "content": ": \u4e0d\u7ba1\u5566 \u6aa2\u8a0e\u67ef\u6587\u54f2"}, {"type": 0, "id": "ckk007", "content": ": \u5c31\u7b97\u7d66\u4ed6\u653e\u4e09\u5929\u4e5f\u6703\u8aaa\u592a\u5feb\u62c6"}, {"type": 0, "id": "y2k500077", "content": ": \u4e0a\u6b21\u7acb\u6cd5\u9662\u524d\u88ab\u67ef\u6587\u54f2\u62c6\u6389 \u7368\u6d3e\u99e1\u4ec0\u9ebc"}, {"type": 1, "id": "uranuss", "content": ": \u4e00\u6a23\u7f75\u67ef\u7cde\uff0c\u4e0d\u7528\u61f7\u7591"}, {"type": 0, "id": "y2k500077", "content": ":  \u53ef\u4ee5\u53bb\u67e5\u67e5\u770b"}, {"type": 1, "id": "Ericz7000", "content": ": \u67ef\u2026\u67ef\u7cde\u5403\u5c4e"}, {"type": 1, "id": "gay7788", "content": ": \u7576\u7136\u662f\u67ef\u7cde\u5403\u5c4e"}, {"type": 0, "id": "ltyintw", "content": ": \u80af\u5b9a\u662f\u4e4b\u524d\u5c31\u88ab\u4eba\u9935\u5c4e\u4e86  \u4e0d\u7136\u600e\u9ebc\u4e00\u958b\u53e3"}, {"type": 0, "id": "a630522", "content": ": \u4efb\u4f55\u4e8b\u60c5\u90fd\u60f3\u8981\u6df7\u70ba\u4e00\u8ac7...\u4e0d\u7d2f\u55ce?"}, {"type": 0, "id": "ltyintw", "content": ": \u5c31\u9846\u7cde\u4f86\u9846\u7cde\u53bb"}, {"type": 0, "id": "ishowhand", "content": ": https://i.imgur.com/p589Vh5.jpg"}, {"type": 1, "id": "zero00072", "content": ": \u81fa\u7368\u5927\u65d7\u968a\uff1a"}, {"type": -1, "id": "swbthj", "content": ": \u6703\u7b2c\u4e00\u6642\u9593\u88ab\u8b66\u5bdf\u9a45\u6563"}, {"type": -1, "id": "minimylove", "content": ": \u4e4b\u524d\u99ac\u4e0a\u88ab\u62c6\u7684\u53f0\u7368\u6d3e\u96c6\u6703\uff0c\u96e3\u9053\u86b5\u7cde"}, {"type": 0, "id": "minimylove", "content": ": \u90fd\u7576\u5fd8\u8a18\u4e86\uff01\uff1f"}, {"type": 1, "id": "SX70", "content": ": \u67ef\u7cde\u5403\u5c4e\u5148"}], "post_ip": "223.137.137.67", "post_content": "\n\u6211\u597d\u5947\u5982\u679c\u4eca\u5929\u5317\u8eca\u662f\u7368\u6d3e\u9055\u6cd5\u96c6\u6703\u7136\u5f8c\u558a\u53f0\u7063\u7368\u7acb\n\n\u7136\u5f8c\u53c8\u88ab\u8b66\u5bdf\u8209\u724c\u9055\u898f\u5f37\u5236\u62c6\u9664\uff0c\u90a3\u4e9b\u89ba\u9752\u6703\u600e\u9ebc\u8b1b\u8a71\uff1f\n\n\u662f\u6703\u7f75\u62c6\u592a\u5feb\u9084\u662f\u62c6\u592a\u6162\uff0c\u9084\u662f\u600e\u9ebc\u53ef\u4ee5\u62c6\u53f0\u7368\u7684\u5834\u5b50\n\n--\n\nhttps://www.ptt.cc/bbs/Gossiping/M.1570083989.A.6E5.html\n\n\u4f60\u5011\u8a9e\u8a00\u80fd\u529b\u662f\u9000\u5316\u5230\u9e1a\u9d61\u7b49\u7d1a\u55ce\n\u203b \u7de8\u8f2f: Sinreigensou (223.137.137.67 \u81fa\u7063), 10/03/2019 14:28:21\n\n\u54ea\u6709\u99ac\u4e0a\u88ab\u62c6 \u53c8\u5728\u80e1\u8b05\n\u203b \u7de8\u8f2f: Sinreigensou (223.137.137.67 \u81fa\u7063), 10/03/2019 14:58:25\n"}