{"ptt_id": "conbanwa", "post_url": "https://www.ptt.cc/bbs/Gossiping/M.1562763933.A.4DE.html", "post_type": "\u554f\u5366", "post_title": "\u53f0\u7063\u662f\u4e0d\u662f\u9694\u71b1\u7d19\u90fd\u8cbc\u592a\u9ed1", "post_time": "2019-07-10 21:05:28", "post_score": 19, "post_pushes": [{"type": 0, "id": "bonfferoni", "content": ": \u6a13\u4e0b\u6797\u9cf3\u71df"}, {"type": 0, "id": "diabolica", "content": ": new march"}, {"type": 1, "id": "erik8866", "content": ": \u6a13\u4e0b\u7532"}, {"type": 1, "id": "skyoneaim", "content": ": \u6211\u524d\u6a9410% \u56db\u95805%"}, {"type": 0, "id": "gvvg5566", "content": ": \u6a13\u4e0a\u624d\u662f"}, {"type": 1, "id": "cattgirl", "content": ": \u4ee5\u524d\u6211\u628a\u524d\u64cb\u8cbc70% \u99ac\u7684\u9ad8\u901f\u516c\u8def\u5dee\u9ede"}, {"type": 1, "id": "wanapow", "content": ": \u5c04\u51fa\u4f86"}, {"type": 1, "id": "qazzaq3977", "content": ": \u4e00\u5806\u767d\u7661"}, {"type": 1, "id": "Plato", "content": ": \u53f0\u5357\u5e73\u5e38\u6c92\u4e0b\u96e8\u4e5f\u4e00\u5806\u9060\u71c8"}, {"type": 1, "id": "daye2012", "content": ": \u8d85\u8a0e\u8ad6\u665a\u4e0a\u9a0e\u8eca\uff0c\u73fe\u5728\u7684\u8eca\u71c8\u90fdled\uff0c\u8d85"}, {"type": 0, "id": "daye2012", "content": ": \u523a\u773c"}, {"type": -1, "id": "GGrunrundela", "content": ": \u56e0\u8a72\u5e02\u5427"}, {"type": 1, "id": "tommytgm", "content": ": \u4e94\u5341\u6b65\u7b11\u767e\u6b65\uff0c\u570b\u5916\u524d\u6a94\u6839\u672c\u9023\u8cbc\u90fd\u4e0d\u80fd"}, {"type": 0, "id": "tommytgm", "content": ": \u8cbc"}, {"type": 0, "id": "cattgirl", "content": ": GG\u8edf\u8edf \u6efe"}, {"type": 0, "id": "azytjr", "content": ": \u90a3\u662f\u56e0\u70ba\u53f0\u7063\u6c92\u8ce3\u53f2\u9054\u6797\u9694\u71b1\u7d19"}, {"type": 1, "id": "gankgf", "content": ": 4520\u89ba\u5f97\u5f88\u5920\u4e86"}, {"type": 1, "id": "hidewin200", "content": ": \u66f4\u591a\u662f\u4e0d\u958b\u71c8\uff0c\u4e0d\u6253\u65b9\u5411\u71c8 \u5abd\u7684 \u6bd2\u7624"}, {"type": 1, "id": "crazyqq", "content": ": \u524d40\u5176\u4ed615 \u5b8c\u7f8e\u7d44\u5408"}, {"type": 1, "id": "FlashMan", "content": ": \u5f88\u591a\u662f\u60f3\u5728\u8eca\u4e0a\u5e79\u58de\u4e8b \u906e\u967d\u53ea\u662f\u9644\u5e36\u529f\u80fd"}, {"type": 1, "id": "login", "content": ": 3M M70\u597d\u7528\u53c8\u4e0d\u9ed1 \u8b9a"}, {"type": 1, "id": "Tenging", "content": ": \u60f3\u5728\u8eca\u4e0a\u89aa\u89aa\u6473\u6473\u6478\u6478\u7576\u7136\u8981\u9694\u71b1\u7d19"}, {"type": 1, "id": "wemeyou", "content": ": \u89ba\u5f97\u9084\u597d\uff0c\u4e0d\u7136\u5f88\u71b1"}, {"type": 1, "id": "qx5", "content": ": \u5587\u820c\u624d\u4e0d\u6703\u88ab\u5077\u62cd\u5230\u554a"}, {"type": -1, "id": "fransice7", "content": ": \u5e02\u5340\u5167 \u9ad8\u901f\u516c\u8def \u5feb\u901f\u9053\u8def \u4e00\u5806\u958b\u9060\u71c8"}, {"type": 0, "id": "fransice7", "content": ": \u6839\u672c\u767d\u76ee"}, {"type": 0, "id": "s39602104", "content": ": \u6703\u4e0d\u6703\u524d\u64cb\u592a\u6e05\u695a \u5fd8\u8a18\u958b\u5927\u71c8 \u5c0d\u5411\u624d\u4e00"}, {"type": 0, "id": "s39602104", "content": ": \u76f4\u9583\u9060\u71c8"}, {"type": 0, "id": "space20021", "content": ": new march"}, {"type": 1, "id": "jokebbs", "content": ": \u5728\u6b50\u6d32\u90fd\u8d85\u900f\u660e\u7684 \u53f0\u7063\u771f\u7684\u9ed1"}, {"type": 1, "id": "orange22", "content": ": \u7f8e\u570b\u8cbc\u592a\u9ed1\u6703\u88ab\u689d\u5b50\u627e\u9ebb\u7169"}, {"type": 1, "id": "wjes30325", "content": ": \u65e5\u672c\u4e5f\u662f\u898f\u5b9a \u6240\u4ee5\u5230\u65e5\u672c\u53bb\u770b\u4eba\u5bb6\u7684\u8eca"}, {"type": 0, "id": "wjes30325", "content": ": \u5b50\u90fd\u8d85\u900f\u660e\u7684"}, {"type": 1, "id": "girafa", "content": ": \u662f\uff01\u592a\u9ed1\u4e86"}, {"type": 1, "id": "arcysaint", "content": ": \u7f8e\u570b\u592a\u9ed1\u53c8\u4e0d\u63a5\u53d7\u76e4\u67e5\u5c31\u88ab\u958b\u69cd\u64ca\u6583"}], "post_ip": "123.205.167.56", "post_content": "\n\u6b38\u6211\u5976\u5f48\u6d28\u59b9\u62c9\n\n\u4eca\u5929\u53f0\u5357\u508d\u665a\u958b\u59cb\u8ddf\u98b1\u98a8\u5929\u4e00\u6a23\u5927\u98a8\u5927\u96e8\u7684\n\n\u525b\u525b\u4e0b\u73ed\u56de\u5bb6\u958b\u8eca\u8d70\u6cb3\u5824\u5c0d\u5411\u670970%\u7684\u8eca\u958b\u9060\u71c8\n\n\u628a\u4eba\u5bb6\u4eae\u7684\u4e0d\u8981\u4e0d\u8981\n\n\u963f\u6d28\u59b9\u6211\u9694\u71b1\u7d19\u524d\u64cb65% \u524d\u5ea7\u5de6\u53f340%\n\n\u660e\u660e\u5e02\u5340\u5c31\u5f88\u591a\u8def\u71c8\u5f88\u6e05\u695aR  \u4e0b\u5927\u96e8\u4e5f\u9084\u4e0d\u7528\u5230\u958b\u9060\u71c8\u554a\n\n\u963f\u662f\u4e0d\u662f\u4e00\u5806\u53f0\u7063\u4eba\u524d\u64cb30%\u770b\u4e0d\u5230\u53c8\u53bb\u6539\u5927\u71c8\u9084\u662f\u89ba\u5f97\u592a\u6697\u518d\u5207\u9060\u71c8\n\u9583\u778e\u6d28\u59b9\u7684\u99acJU\n\n\n\u4f60\u5011\u8ddf\u9019\u4e9b\u4eba\u6709\u5e79\u4e00\u6a23\u7684\u4e8b\u55ce  \u5abd\u7684\u96de\u5df4  \u67ef\u7cde\u5403\u5c4e\n\n--\n\u4eba\u5bb6\u8cbc\u53f2\u5bc6\u65af\u634f  BMW\u539f\u5ee0\u914d\u7684\u634f\n\n\u203b \u7de8\u8f2f: conbanwa (123.205.167.56 \u81fa\u7063), 07/10/2019 21:09:45\n"}