{"ptt_id": "wujet09100", "post_url": "https://www.ptt.cc/bbs/Gossiping/M.1562345268.A.D1B.html", "post_type": "\u554f\u5366", "post_title": "6\u516c\u91cc\u8dd1\u4e0d\u597d", "post_time": "2019-07-06 00:47:45", "post_score": 8, "post_pushes": [{"type": 0, "id": "firemothra", "content": ": \u6a13\u4e0b\u60f3\u5e79\u561b"}, {"type": 0, "id": "Rrrxddd", "content": ": \u4e8c\u6a13\u88ab\u809b\u516d\u5929"}, {"type": 0, "id": "james732", "content": ": \u809b"}, {"type": 1, "id": "yannicklatte", "content": ": \u4f60\u53ef\u4ee5\u8d7030\u516c\u91cc\u554a"}, {"type": 0, "id": "firemothra", "content": ": \u4e8c\u6a13\u53b2\u5bb3\uff01\uff01\uff01\uff01\uff01"}, {"type": 0, "id": "gvvg5566", "content": ": \u80a5\u5b85\u7528\u6efe\u7684\u5373\u53ef \u4f55\u5fc5\u78e8\u640d\u819d\u84cb"}, {"type": 0, "id": "AJhe0924", "content": ": \u4e8c\u6a13\u597d\u72c2"}, {"type": 1, "id": "peoplefu5566", "content": ": \u9019\u6a23\u624d\u662f\u7a31\u8077\u7684\u80a5\u5b85"}, {"type": 0, "id": "hyuchi0202", "content": ": \u8dd17\u516c\u91cc"}, {"type": 1, "id": "timber777", "content": ": \u6211\u516d\u5206\u901f\u4e09\u516c\u91cc\u5c31\u4e0d\u884c\u4e86 \u5967\u7b11\u9023QQ"}, {"type": 0, "id": "yuting90", "content": ": \u8dd1\u901f\u964d\u6162\uff0c\u5148\u6c42\u62c9\u9577\u8ddd\u96e2\uff0c\u7fd2\u6163\u8ddd\u96e2\u5f8c\u518d"}, {"type": 0, "id": "yuting90", "content": ": \u6162\u6162\u589e\u52a0\u8dd1\u901f"}, {"type": 1, "id": "smpian", "content": ": \u6bcf\u5929\u8dd15\u516c\u91cc\u5c31\u597d"}, {"type": 1, "id": "AJhe0924", "content": ": \u6a13\u4e0a\u662f\u5c0d\u7684 \u5148\u6c42\u6709\u518d\u6c42\u5feb"}, {"type": 0, "id": "masterbation", "content": ": \u5c0f\u59b9\u6211\u4eca\u5929\u624d\u8dd112k"}, {"type": 1, "id": "onlychan", "content": ": \u591a\u8dd1\u4e00\u9ede\u5427"}, {"type": 0, "id": "Atwo", "content": ": \u4ec0\u9ebc\u53eb\u8dd1\u4e0d\u597d?"}, {"type": 1, "id": "PPPGGG", "content": ": \u505c\u7d05\u71c8QQ"}, {"type": 0, "id": "yuting90", "content": ": \u6700\u8fd1\u771f\u7684\u5f88\u71b1\uff0c\u8dd1\u4e45\u7684\u8a71\u8981\u8a18\u5f97\u88dc\u5145\u6c34\u5206"}, {"type": 0, "id": "yuting90", "content": ": \u5c0f\u59b9\u6211\u9019\u79ae\u62dc\u9583\u5230\u8170\u8dd1\u6b65\u66ab\u505c\u4e2dQQ"}, {"type": 1, "id": "gem810611", "content": ": \u6bcf\u5929\u4f0f\u5730\u633a\u8eab\u6df1\u8e72\u4ef0\u81e5\u8d77\u5750\u5404100\u4e0b\u8dd1\u6b651"}, {"type": 0, "id": "gem810611", "content": ": 0\u516c\u91cc"}, {"type": 0, "id": "hoks", "content": ": \u6e1b\u80a5\u554a\uff0c\u6211\u5927\u90fd27-30\u5206\u89e3\u6c7a"}], "post_ip": "42.77.185.67", "post_content": "\n\u80a5\u5b85\u6700\u8fd1\u8dd16\u516c\u91cc\u90fd\u8dd1\u4e0d\u597d\u54ce \u600e\u9ebc\u8fa6\n\n\u55da\u55da\u55da\u55da\u55da\u55da\n\n\u6709\u6c92\u67096\u516c\u91cc\u8dd1\u4e0d\u597d\u8a72\u600e\u9ebc\u8fa6\u7684\u516b\u5366\n\n--\n\u597d\u53ef\u6190\n\u8dd1\u6b65\u6a5f\u53ef\u80fd\u6703\u8ca0\u8377\u4e0d\u4e86\n\u203b \u7de8\u8f2f: wujet09100 (42.77.185.67 \u81fa\u7063), 07/06/2019 00:50:06\n\u5176\u5be6\u5b8c\u5168\u4e0d\u5598 \u4e0d\u77e5\u9053\u662f\u4e0d\u662f\u592a\u71b1 \u660e\u5929\u52a0\u4e00\u652f\u96fb\u98a8\u6247\u8a66\u8a66\u770b\n\u203b \u7de8\u8f2f: wujet09100 (42.77.185.67 \u81fa\u7063), 07/06/2019 00:52:49\n\u6211\u597d\u4e45\u6c92\u8dd1\u8d85\u904e10\u516c\u91cc\u4e86\u55da\u55da\u55da\n\u203b \u7de8\u8f2f: wujet09100 (42.77.185.67 \u81fa\u7063), 07/06/2019 00:54:28\n\u6c92\u8dd1\u5b8c\u800c\u4e14\u4e2d\u9593\u6709\u505c\u4e0b\u4f86\n\u203b \u7de8\u8f2f: wujet09100 (42.77.185.67 \u81fa\u7063), 07/06/2019 00:56:07\n"}