{"ptt_id": "WiserWilly", "post_url": "https://www.ptt.cc/bbs/Gossiping/M.1562902238.A.A7E.html", "post_type": "\u554f\u5366", "post_title": "\u8981\u600e\u9ebc\u5224\u65b7\u9019\u662f\u5e7e\u865f\u5851\u81a0", "post_time": "2019-07-12 11:30:36", "post_score": 3, "post_pushes": [{"type": 0, "id": "greensaru", "content": ": 0\u865f"}, {"type": 0, "id": "FlynnZhang", "content": ": \u6a13\u4e0b\u770b\u5230\u6211\u7684\u61f6\u53eb\u6703\u60f3\u5e79\u561b"}, {"type": 1, "id": "EXGG", "content": ": \u71d2"}, {"type": -1, "id": "roywow", "content": ": \u760b\u72c2\u5438"}, {"type": 0, "id": "ciswww", "content": ": \u4f60\u61c9\u8a72\u8cbc\u5e95\u90e8\u7167\u7247"}, {"type": 1, "id": "g8330330", "content": ": \u5e95\u90e8\u6c92\u6a19\u793a\u55ce?"}, {"type": 0, "id": "roywow", "content": ": \u5e79 \u4e09\u6a13\u6436\u5c41"}, {"type": 0, "id": "FlynnZhang", "content": ": \u5e79\u5e79\u5e79\u5e79\u5e79\u5e79"}, {"type": 0, "id": "ciswww", "content": ": \u7136\u5f8c\uff0c\u5e7e\u865f\u53ea\u662f\u4e00\u500b\u6307\u6a19\uff0c\u7522\u54c1\u6700\u597d\u76f4\u63a5\u5beb"}, {"type": 0, "id": "ww578912tw", "content": ": \u9019\u500b\u6211\u731c\u662fPP"}, {"type": 1, "id": "theeht", "content": ": \u62ff\u53bb\u9006\u5411\u5de5\u7a0b"}, {"type": 0, "id": "ciswww", "content": ": \u51fa\u8010\u71b1\u5e7e\u5ea6(\u53ef\u80fd\u5beb\u5728\u540a\u724c\u6216\u5305\u88dd\u4e0a)"}, {"type": 1, "id": "birdy590", "content": ": \u6c34\u58fa\u6709\u6642\u5019\u4e0d\u6703\u5370\u5728\u74f6\u8eab \u800c\u662f\u5728\u5305\u88dd\u4e0a"}, {"type": -1, "id": "lkkgotyy", "content": ": \u90a3\u5c31\u4e0d\u8981\u8cb7\u554a"}, {"type": 0, "id": "birdy590", "content": ": \u9019\u5bb6\u6709\u7db2\u7ad9 \u5927\u90e8\u4efd\u61c9\u8a72\u662f Tritan"}, {"type": -1, "id": "SixLine", "content": ": \u4e7e\u6797\u8001\u5e2b\u5948\u5f97\u5229 \u90a3\u4f60\u5e79\u561b\u8ddf\u4ed6\u8cb7"}, {"type": 1, "id": "g8330330", "content": ": PC\u7684\u5427"}, {"type": 0, "id": "chadhsieh", "content": ": \u6c92\u6a19\u793a\u4f60\u4e5f\u6562\u7528 \u52c7\u8005"}, {"type": 0, "id": "SupCat", "content": ": \u80fd\u88dd\u8ddf\u6703\u4e0d\u6703\u6eb6\u51fa\u6bd2\u7d20\u662f\u5169\u56de\u4e8b"}, {"type": 0, "id": "birdy590", "content": ": 1.Tritan\u6c92\u865f\u78bc 2.\u8010\u71b1100\u5ea6 \u4f46\u4e0d\u5efa\u8b70\u88dd"}, {"type": 0, "id": "birdy590", "content": ": \u71b1\u6c34... \u9664\u4e86\u767b\u5c71\u7b49\u7d1a\u7684\u7279\u6b8a\u7522\u54c1"}, {"type": 0, "id": "birdy590", "content": ": \u4e0d\u7ba1\u5e7e\u865f\u5851\u81a0\u74f6\u90fd\u4e0d\u8981\u88dd\u592a\u71b1, \u6eab\u6c34\u53ef\u4ee5"}, {"type": 1, "id": "Mood10207", "content": ": \u8010\u71b1\u53c8\u900f\u660e\u53ef\u80fd\u5c31\u8ddf\u6a13\u4e0a\u8aaa\u7684\u4e00\u6a23\uff0c\u6216\u662f"}, {"type": 0, "id": "Mood10207", "content": ": PC\uff0c\u61c9\u8a72\u4e0d\u6703\u662fK\u81a0\uff0c\u53e6\u59162\u30015\u90fd\u662f\u9727\u9762"}, {"type": 0, "id": "Mood10207", "content": ": \u6216\u5176\u4ed6\u984f\u8272\uff0c\u4e0d\u53ef\u80fd\u900f\u660e\u7684"}], "post_ip": "117.136.68.98", "post_content": "\n\u4e7e\u62ce\u8001\u5e2b\u8010\u5fb7\u5229\n\u6211\u4e0a\u7db2\u8cb7\u4e86\u500b\u676f\u5b50\n\u4e0b\u9762\u5c45\u7136\u6c92\u5beb\u9019\u662f\u5e7e\u865f\u5851\u81a0\n\u6211\u554f\u5e97\u5bb6\n\u4ed6\u5c45\u7136\u554f\u6211\u4ec0\u9ebc\u53eb\u505a\u5e7e\u865f\u5851\u81a0??\n\u8ddf\u6211\u8aaa\u53cd\u6b63\u96f6\u5ea6\u5230\u4e00\u767e\u5ea6\u7684\u6c34\u90fd\u80fd\u88dd\n\n\u4ed6\u5abd\u7684\u6211\u807d\u4ed6\u5728\u756b\u8001\u864e\u756b\u862d\u82b1\n\u8acb\u554f\u6211\u624b\u4e0a\u9019\u500b\u676f\u5b50\n\u6211\u8981\u600e\u9ebc\u81ea\u5df1\u5224\u65b7\u4ed6\u80fd\u4e0d\u80fd\u88dd\u71b1\u6c34\n\u6216\u662f\u4ed6\u5230\u5e95\u6210\u5206\u662f\u4ec0\u9ebc\u80fd\u8010\u71b1\u5230\u591a\u5c11?\n\u6c42\u89e3\nhttps://i.imgur.com/m2BCbH2.jpg\n\n--\nSent from my Oppo R11\n\n\u25cb PiTT // PHJCI\n\n--\n"}