{"ptt_id": "z1231002", "post_url": "https://www.ptt.cc/bbs/Gossiping/M.1567779514.A.F3E.html", "post_type": "\u554f\u5366", "post_title": "\u9700\u8981\u5927\u91cf\u8c93\u8c93gif\u5716", "post_time": "2019-09-06 22:18:32", "post_score": 4, "post_pushes": [{"type": 1, "id": "Dinenger", "content": ": http://i.imgur.com/Az8tCBy.jpg"}, {"type": -1, "id": "UnReal5566", "content": ": 0"}, {"type": 1, "id": "ggggg50713", "content": ": 1\u6a13\u7684\u5716\u6703\u52d5"}, {"type": 1, "id": "chao0210", "content": ": http://i.imgur.com/Az8tCBy.jpg"}, {"type": -1, "id": "tearness", "content": ": https://i.imgur.com/jNQrY3Z.jpg"}, {"type": 0, "id": "vdml", "content": ": https://i.imgur.com/TVWlyzx.gif"}, {"type": 0, "id": "vdml", "content": ": https://i.imgur.com/BQEtyJT.gif"}, {"type": 0, "id": "vdml", "content": ": https://i.imgur.com/lcdJ7oW.gif"}, {"type": 0, "id": "PLGaara", "content": ": https://tenor.com/RTHJ.gif"}, {"type": 1, "id": "yang19930707", "content": ": https://i.imgur.com/FaWnedP.gif"}, {"type": 1, "id": "billionaire", "content": ": http://i.imgur.com/mfpCmLn.gif"}, {"type": 1, "id": "terrence7539", "content": ": \u6a13\u4e0a\u75db"}], "post_ip": "1.171.100.62", "post_content": "\n\n\u5982\u984c\n\n\u8c93\u8c93\u8c6a\u53ef\u611b\u5537\n\n\u9700\u8981\u5927\u91cf\u8c93\u8c93gif\u5716\uff5e\uff5e\uff5e\n\n\u6709\u6c92\u6709\u767e\u842c\u7db2\u8ecd\u84cb\u8c93\u6a13\u7684\u516b\u5366\uff1f\n\n\u53ef\u611b\u5230\u878d\u5316\uff5e\uff5e\uff5e\n\n\u8c93\u5974\u7ad9\u51fa\u4f86\n\nhttps://i.imgur.com/9fXAM8p.jpg\n\nhttps://i.imgur.com/d5DSIip.jpg\n-----\nSent from JPTT on my iPhone\n\n--\n"}