{"ptt_id": "lishan90734", "post_url": "https://www.ptt.cc/bbs/Gossiping/M.1565108324.A.11A.html", "post_type": "\u554f\u5366", "post_title": "\u9752\u6c5f\u83dc\u8981\u600e\u9ebc\u7092 \u5728\u7dda\u7b49", "post_time": "2019-08-07 00:18:42", "post_score": 5, "post_pushes": [{"type": -1, "id": "corlos", "content": ": \u53eb\u56db\u90ce\u6478\u5976\u5b50"}, {"type": -1, "id": "GGrunrundela", "content": ": \u4e00\u6a13\u90fd\u52a0\u6d28"}, {"type": 1, "id": "TexasFlood", "content": ": \u760b\u72c2\u7092\u611b"}, {"type": 1, "id": "akila08539", "content": ": \u4e00\u5b9a\u8981\u8a18\u5f97\u701d\u6c34"}, {"type": 0, "id": "yesgogo", "content": ": \u904e\u6cb9"}, {"type": 1, "id": "yafx4200p", "content": ": \u52a0\u5bec\u6cb9"}, {"type": -1, "id": "zold", "content": ": \u54ea\u90e8\uff1f"}, {"type": 0, "id": "R10K", "content": ": \u5148\u4e0b\u5bec\u6cb9"}, {"type": 1, "id": "attorney1023", "content": ": \u7528\u61f6\u53eb\u7576\u934b\u93df\u7092"}, {"type": 1, "id": "louna30cm", "content": ": \u53bb\u770b\u5c0f\u7576\u5bb6"}, {"type": 1, "id": "valen0920kim", "content": ": \u5c0f\u7576\u5bb6\u8aaa\u8981\u5148\u7528\u82b1\u751f\u6cb9\u904e\u6c34\u5ddd\u71d9\uff0c\u5728"}, {"type": 0, "id": "valen0920kim", "content": ": \u5927\u706b\u4e0b\u53bb\u5feb\u7092~\u7092\u5b8c\u5728\u7528\u84bc\u8805\u7d81\u7d72\u5e36"}, {"type": 0, "id": "valen0920kim", "content": ": \u653e\u5728\u80cc\u5f8c\u7576\u4ed9\u5973"}, {"type": 1, "id": "THEODD", "content": ": \u8acb\u738b\u798f\u6559\u4f60"}, {"type": 1, "id": "Chung1206", "content": ": \u6478\u5411\u6069\u7684\u5976 \u5c31\u6703\u6559\u4f60\u4e86"}, {"type": 0, "id": "lyenia", "content": ": \u738b\u798f\u7684\u8c46\u82bd\u83dc\u6700\u5f37"}, {"type": 0, "id": "akumo", "content": ": \u6c92\u7a7a"}], "post_ip": "123.193.208.78", "post_content": "\n\u5f37\u8005\u6211\u670b\u53cb\u73fe\u5728\u5728\u5ee3\u5dde \u4e00\u5bb6\u5f88\u6709\u540d\u7684\u9910\u5ef3\u88e1\n\n\u7092\u4e86\u4e00\u76e4\u9752\u6c5f\u83dc \u53ef\u662f\u5927\u5bb6\u90fd\u4e0d\u60f3\u5403\n\n\u5be7\u53ef\u5403\u767d\u9945\u982d\u4e5f\u4e0d\u5403\u9752\u6c5f\u83dc\n\n\u9084\u88ab\u8aaa \u9f3b\u5b50\u4e0d\u80fd\u7528\u5c31\u585e\u8d77\u4f86\u5427\n\n\u6709\u6c92\u6709\u9752\u6c5f\u83dc\u8981\u600e\u9ebc\u7092\u7684\u516b\u5366\n\n--\n"}