{"ptt_id": "onlygoog", "post_url": "https://www.ptt.cc/bbs/Gossiping/M.1563786113.A.99C.html", "post_type": "\u554f\u5366", "post_title": "\u6c23\u8c61\u5c40\u70ba\u4f55\u53ef\u4ee5\u4e0d\u6e96\u5230\u5982\u6b64\u5730\u6b65", "post_time": "2019-07-22 17:01:51", "post_score": -5, "post_pushes": [{"type": 0, "id": "deann", "content": ": \u5929\u6709\u4e0d\u6e2c\u98a8\u96f2"}, {"type": 1, "id": "popo60433", "content": ":          \u8ddf\u767c\u5927\u8ca1\u4e00\u6a23"}, {"type": 1, "id": "VVizZ", "content": ": \u63a8\u92b7\u6c23\u8c61\u96aa"}, {"type": -1, "id": "mstar", "content": ": \u5594"}, {"type": 0, "id": "fuhaho", "content": ": \u9019\u7a2e\u7a81\u7136\u7522\u751f\u7684\u96f7\u96e8\u82de\u5f88\u96e3\u9810\u6e2c\u5427"}, {"type": 1, "id": "chyou2003", "content": ": \u6843\u57127/2\u4e5f\u6df9\uff0c\u554a\uff0c\u6709\u53f0\u7063\u50f9\u503c\uff0c\u90a3\u6c92\u4e8b"}, {"type": -1, "id": "kuangyue", "content": ": \u4f60\u53ef\u4ee5\u8ddf\u6211\u8aaa\u5a01\u529b\u5f69\u982d\u734e\u865f\u78bc\u55ce"}, {"type": -1, "id": "ghgn", "content": ": \u4f60\u90a3\u9ebc\u5f37\u4f60\u4f86\u9810\u6e2c\u963f"}, {"type": -1, "id": "dorydoze", "content": ": \u6709\u8b66\u5831"}, {"type": -1, "id": "punkdog", "content": ": \u90fd\u6709\u9810\u6e2c\u5230\u5594  \u4f60\u6703\u770b\u55ce"}, {"type": 1, "id": "final9711", "content": ": \u6700\u597d\u662f\u6c92\u5831 \u773c\u778e\u4e86\u55ce"}, {"type": 0, "id": "kinomon", "content": ": \u8acb\u5c0a\u91cd\u5c08\u696d \u4e0d\u8981\u5916\u884c\u7121\u5398\u982d\u778e\u7f75\u5167\u884c"}, {"type": -1, "id": "james732", "content": ": \u525b\u525b\u4e0d\u662f\u6709\u767c\u51fa\u5927\u96f7\u96e8\u8b66\u5831\u55ce"}, {"type": -1, "id": "shiyeh", "content": ": \u4f60\u90a3\u500b\u4e16\u754c\u7684\u6c23\u8c61\u5c40\u90fd\u9019\u6a23\u55ce? \u6211\u9019\u908a\u662f\u90fd"}, {"type": 1, "id": "z0953781935", "content": ": \u9084\u6709\u66f4\u4e0d\u6e96\u7684\u6642\u5019\u597d\u55ce\uff0c\u53ea\u662f\u8cbc\u51fa\u4f86\u90fd"}, {"type": 0, "id": "shiyeh", "content": ": \u6709\u8aaa \u6703\u6709\u5f37\u964d\u96e8\u5566"}, {"type": 0, "id": "z0953781935", "content": ": \u6703\u88ab\u516c\u5e79"}, {"type": 0, "id": "bryan910015", "content": ": \u89ba\u5f97\u5634\u70ae\u90fd\u662f\u5a92\u9ad4"}, {"type": -1, "id": "orze04", "content": ": \u65e9\u4e0a\u660e\u660e\u5c31\u6709\u5831 \u81ea\u5df1\u4e0d\u770b"}, {"type": 0, "id": "bryan910015", "content": ": \u4ec0\u9ebc\u7a7f\u5fc3\u81fa\uff0c\u7206\u982d\u98b1\uff0c\u6d77\u99ac\u5674\u6c34"}, {"type": 0, "id": "bryan910015", "content": ": \u8a18\u8005\u5674\u7cbe\u98b1\uff0c\u5e79"}, {"type": -1, "id": "Yamapi5566", "content": ": \u65e9\u5c31\u7206\u4e86 \u6df9\u6c34\u602a\u6c23\u8c61\u5c40 \u4f60\u67ef\u5b78\u5bb6\uff1f"}, {"type": -1, "id": "fransice7", "content": ":"}, {"type": 0, "id": "sucktime", "content": ": \u660e\u660e\u5c31\u6709\u5831\u4e86"}, {"type": 1, "id": "gogojazz", "content": ": \u6700\u8fd1\u5e7e\u5e74\u662f\u771f\u7684\u4e0d\u6e96\u5f88\u591a\uff0c\u5e6b\u88dc\u8840"}, {"type": 1, "id": "edward0811", "content": ": \u61c9\u8a72\u7528\u5225\u4eba\u7684\u885b\u661f\u8cc7\u6599\uff0c\u7e3d\u662f\u4e0d\u6e96"}, {"type": 0, "id": "darkbrigher", "content": ": \u6c92\u6709\u54ea\u4e00\u570b\u6562\u865f\u7a31100%\u6e96\u78ba\u7684"}, {"type": 0, "id": "ihx00", "content": ": \u660e\u660e\u8d85\u7d1a\u6e96\uff0c\u4e0d\u6703\u770b\u96f2\u5716\u96f7\u9054\u62dc\u8a17\u4e0d\u8981\u8aaa\u51fa"}, {"type": 0, "id": "ihx00", "content": ": \u4f86\u8b93\u4eba\u7b11"}, {"type": 1, "id": "wadeabc", "content": ": \u6c23\u8c61\u5c40\u672c\u4f86\u5c31\u71b1\u8272\uff0c\u5197\u54e1"}, {"type": 0, "id": "wadeabc", "content": ": \u6674\u6642\u591a\u96f2\u5076\u9663\u96e8\u8ddf\u7b97\u547d\u7684\u4e00\u6a23\u4ec0\u9ebc\u72c0\u6cc1 \u90fd"}, {"type": 0, "id": "wadeabc", "content": ": \u8b1b\u4e86"}, {"type": 0, "id": "freezeraven", "content": ": \u4f60\u53ef\u4ee5\u4e0d\u8981\u4fe1\u554a\uff0c\u6c23\u8c61\u5c40\u8aaa\u6703\u4e0b\u96e8\u4f60\u5225"}, {"type": 0, "id": "freezeraven", "content": ": \u5e36\u96e8\u5177\u554a\uff0c\u7528\u5634\u5df4\u8b1b\u90fd\u5f88\u884c..."}, {"type": 0, "id": "freezeraven", "content": ": \u7136\u800c\u53ea\u5269\u4e0b\u4e00\u5f35\u5634..."}, {"type": 0, "id": "inmyeye", "content": ": \u6709\u770b\u65b0\u805e\u6703\u77e5\u9053\u6709\u8aaa"}, {"type": -1, "id": "xnivek216", "content": ": \u81ea\u5df1\u4e0d\u95dc\u5fc3 \u8aaa\u6c92\u9810\u5831 \u54e5\u4e5f\u662f\u9189\u4e86"}, {"type": 0, "id": "jump9128", "content": ": \u4f60\u662f\u4e0d\u662f\u4f4f\u5728\u958b\u5c71\u91cc\u4ee5\u5916\u7684\u5730\u5340\uff1f"}, {"type": -1, "id": "PaoWann", "content": ": \u597d\u4e86\u5566"}, {"type": -1, "id": "buwa56", "content": ": \u5df2\u7d93\u5f88\u6e96\u4e86"}, {"type": 0, "id": "kice1204", "content": ": \u563b\u563b\uff0c\u6211\u77e5\u9053\u70ba\u4ec0\u9ebc\u4f46\u6211\u4e0d\u60f3\u8aaa"}], "post_ip": "180.204.10.61", "post_content": "\n\n\u6bcf\u6b21\u6c23\u8c61\u5c40\u90fd\u6703\u5634\u70ae\uff0c\u98b1\u98a8\u591a\u5f37\u591a\u5f37\uff0c\u81f4\u707d\u6027\u8c6a\u96e8\u2026\u2026\n\n\u7d50\u679c\u9694\u5929\u5927\u5bb6\u653e\u5047\u53bb\u770b\u96fb\u5f71\n\n\n\u7136\u5f8c\u5317\u9ad8\u4e0b\u96e8\u6df9\u6c34\uff0c\u90fd\u9810\u6e2c\u4e0d\u5230\n\n\u53ea\u6703\u4e8b\u5f8c\u653e\u99ac\u5f8c\u70ae\uff0c\u8981\u5927\u5bb6\u5c0f\u5fc3\n\n\u90fd\u6df9\u6c34\u4e86\uff0c\u9084\u9700\u8981\u4f60\u5831\u55ce\uff1f\n\n\u70ba\u4f55\u6c23\u8c61\u5c40\u53ef\u4ee5\u5982\u6b64\u4e0d\u6e96?!\n\n\n\n-----\nSent from JPTT on my Samsung SM-N950F.\n\n--\n"}