{"ptt_id": "amoyui", "post_url": "https://www.ptt.cc/bbs/Gossiping/M.1565408104.A.57E.html", "post_type": "\u554f\u5366", "post_title": "\u53f0\u7063\u7d93\u6fdf\u8d77\u98db\u6642\u6c92\u6709\u7d2f\u7a4d\u672c\u9322\u55ce\uff1f", "post_time": "2019-08-10 11:35:02", "post_score": 19, "post_pushes": [{"type": 1, "id": "adagiox", "content": ": \u56e0\u70ba\u65e5\u97d3\u53d7\u7f8e\u570b\u6cbb\u7406\u671f\u6bd4\u53f0\u7063\u66f4\u9577"}, {"type": 0, "id": "popgsct", "content": ": \u53ea\u6703\u4ee3\u5de5\u662f\u8981\u7d2f\u7a4d\u4ec0\u9ebc\u672c\u9322"}, {"type": 0, "id": "adagiox", "content": ": \u53f0\u7063\u812b\u96e2\u7f8e\u570b\u63a7\u5236\u5f8c \u57fa\u672c\u5c31\u662f\u5931\u53bb\u65b9\u5411\u4e86"}, {"type": 1, "id": "johanLarson", "content": ": \u5176\u5be6\u53f0\u7063\u624d\u6bd4\u8f03\u7a69\u5b9a  \u6c92\u6709\u5916\u50b5"}, {"type": 0, "id": "popgsct", "content": ": \u4eba\u529b\u8b8a\u8cb4\u5c31\u901a\u901a\u8dd1\u5149\u5149\u5566"}, {"type": 0, "id": "johanLarson", "content": ": \u97d3\u570b\u4e0a\u6b21\u7834\u7522  \u662f\u56e0\u70ba\u5916\u50b5\u4e00\u8d77\u5230\u671f"}, {"type": 0, "id": "adagiox", "content": ": \u65e5\u97d3\u9577\u671f\u53d7\u7f8e\u570b\u63a7\u5236\u6f5b\u79fb\u9ed8\u5316\u7576\u7136\u6bd4\u53f0\u7063\u597d"}, {"type": 0, "id": "adagiox", "content": ": \u800c\u4e14\u97d3\u570b\u7834\u7522\u9084\u76f4\u63a5\u88ab\u7f8e\u570b\u4eba\u6d17\u4e86\u4e00\u6ce2\u9ad4\u7cfb"}, {"type": 0, "id": "adagiox", "content": ": \u76f8\u8f03\u4e4b\u4e0b\u53f0\u7063\u6839\u672c\u6c92\u7f8e\u570b\u6539\u9769"}, {"type": 1, "id": "guemao", "content": ": \u6211\u89ba\u5f97\u803f\u723d\u4e5f\u662f\u9109\u6c11"}, {"type": 0, "id": "guemao", "content": ": https://youtu.be/q1r9CE6PiQM?t=33"}, {"type": 0, "id": "guemao", "content": ": \u97d3\u570b\u4f55\u6b62\u6162\u6162\u8ffd\u904e \u65e9\u5c31\u5c4c\u6253\u4e86"}, {"type": 1, "id": "gg7965977", "content": ": \u53f0\u7063\u554f\u984c\u662f\u8cc7\u672c\u5916\u79fb\u5427\uff1f"}, {"type": 1, "id": "adagiox", "content": ": \u6bd4\u8f03\u4e00\u4e0b\u53f0\u65e5\u97d3\u5c31\u77e5\u9053\u5dee\u7570\u5728\u7f8e\u570b\u5f71\u97ff\u7a0b\u5ea6"}, {"type": 0, "id": "adagiox", "content": ": \u7f8e\u570b\u5f71\u97ff\u7a0b\u5ea6 \u65e5>\u97d3>\u53f0 \u767c\u5c55\u7a0b\u5ea6\u65e5>\u97d3>\u53f0"}, {"type": 0, "id": "adagiox", "content": ": \u6771\u4e9e\u570b\u5bb6\u53ef\u4ee5\u76f4\u63a5\u7531\u7f8e\u570b\u5f71\u97ff\u7a0b\u5ea6\u6c7a\u5b9a\u767c\u5c55"}, {"type": 0, "id": "adagiox", "content": ": \u5ea6"}, {"type": 1, "id": "gg7965977", "content": ": \u4e4b\u524d\u963f\u8f1d\u4f2f\u558a\u6212\u6025\u7528\u5fcd\uff0c\u7d50\u679c\u53f0\u5546\u6c92\u5c4c\u4ed6"}, {"type": 0, "id": "gg7965977", "content": ": \u8cc7\u672c\u901a\u901a\u53bb\u4e2d\u570b\uff0c\u624d\u5c0e\u81f4GNP>GDP\u7684\u7a98\u5883"}, {"type": 1, "id": "shapei0626", "content": ": \u56e0\u70ba\u4eba\u5bb6\u6c92\u6709\u85cd\u7da0\uff0c\u61c2\u55ce\uff1f"}, {"type": 1, "id": "guemao", "content": ": \u65e9\u5e74\u5c0d\u9762\u652f\u6301\u6b66\u7d71\u7684\u767b\u80fd\u5152\u5c07\u9818\u5e7e\u4e4e\u4e5d\u6210UP"}, {"type": 0, "id": "guemao", "content": ": \u4ed6\u5011\u5c31\u516c\u5e03\u6709\u591a\u5c11\u98db\u5f48\u662f\u7784\u6e96\u4e2d\u83ef\u6c11\u570b\u7684"}, {"type": 0, "id": "guemao", "content": ": \u4e2d\u83ef\u6c11\u570b\u7684\u4eba\u53e3\u7d44\u6210\u53c8\u662f\u591a\u5143\u65cf\u7fa4\u53c8\u4e0d\u540c\u5fc3"}, {"type": 0, "id": "guemao", "content": ": \u6709\u9322\u7684\u4eba\u90fd\u6703\u96e2\u958b \u800c\u6c92\u6709\u9322\u7684\u4eba\u5c31\u958b\u59cb\u505a\u611b"}, {"type": 1, "id": "peterwww", "content": ": \u7368\u7da0\u98a8\u6f6e\u8d77  \u570b\u672c\u8017\u76e1"}, {"type": 0, "id": "guemao", "content": ": \u53f0\u7063\u7684\u7121\u672c\u751f\u610f"}, {"type": 0, "id": "peterwww", "content": ": \u7368\u7da0\u7684\u570b\u5bb6\u8a8d\u540c\u7121\u6cd5\u8d0f\u5f97\u591a\u6578"}, {"type": 0, "id": "peterwww", "content": ": \u9760\u9ea5\u5361\u932b\u4e3b\u7fa9\u5c0d\u4ed8\u570b\u6c11\u9ee8"}, {"type": 0, "id": "peterwww", "content": ": \u5c0e\u81f4\u570b\u653f\u65e5\u975e"}, {"type": 0, "id": "peterwww", "content": ": \u7368\u7da0\u5c31\u662f\u53cd\u570b\u6c11\u9ee8"}, {"type": 0, "id": "peterwww", "content": ": \u7368\u7da0\u4e0d\u662f\u652f\u6301\u53f0\u7368 \u662f\u53cd\u570b\u6c11\u9ee8"}, {"type": 0, "id": "guemao", "content": ": \u90a3\u4e9b\u5634\u4e0a\u8001\u639b\u8457\u611b\u53f0\u7063\u7684\u516c\u773e\u4eba\u7269\u8cc7\u7522\u7834\u5104"}, {"type": 0, "id": "peterwww", "content": ": \u7d42\u7d50\u7368\u7da0\u98a8\u6f6e  \u4e2d\u83ef\u6c11\u570b\u624d\u80fd\u7834\u7e6d\u800c\u51fa"}, {"type": 0, "id": "guemao", "content": ": KMT\u90a3\u4e9b\u8caa\u6c59\u7684\u8fa3\u96de\u4e5f\u662f\u4e1f\u5931\u653f\u6b0a\u7684\u8001\u9f20\u5c4e\u5587"}, {"type": 0, "id": "peterwww", "content": ": \u7576\u7136\u6211\u5011\u6703\u6ce8\u610f\u6e05\u6383\u570b\u6c11\u9ee8\u9ee8\u570b\u6b0a\u8cb4"}, {"type": 0, "id": "peterwww", "content": ": \u4e00\u8d77\u52aa\u529b"}, {"type": 1, "id": "guemao", "content": ": \u653f\u6cbb\u7cfb\u7562\u696d\u7684JYP\u5c31\u662fKMT\u4e1f\u5931\u653f\u6b0a\u7684\u906e\u7f9e\u5e03"}, {"type": 0, "id": "guemao", "content": ": \u53f0\u7063\u4eba\u8981\u662f\u6709\u97d3\u570b\u4eba\u4e00\u534a\u6c11\u65cf\u6027\u5c31\u597d\u4e86"}, {"type": 1, "id": "pizzafan", "content": ": \u570b\u5eab\u6bcf\u5e74\u8d85\u904e50%\u7684\u9810\u7b97\u6d6a\u8cbb\u5728... \u81ea\u5df1\u67e5"}, {"type": 0, "id": "pizzafan", "content": ":         \u5225\u7684\u570b\u5bb6 \u6c92\u6709\u53f0\u7063\u9019\u9ebc\u9ad8\u8ca0\u64d4\u7684"}, {"type": 1, "id": "pizzafan", "content": ": \u4f60\u82e5\u9ede\u5230\u9000\u8f14\u6703? 9.2\u6703\u5927\u91cf\u63a8\u53bb\u5225\u7684\u539f\u56e0"}, {"type": 1, "id": "guemao", "content": ": http://bit.ly/31wjdxA JYP\u5f88\u4e0d\u7c21\u55ae\u7684"}, {"type": 0, "id": "pizzafan", "content": ":      \u5f88\u591aweb forum\u6a21\u5f0f\u90fd\u662f\u5927\u91cf9.2\u99d0\u9ede"}, {"type": 1, "id": "pizzafan", "content": ": \u4f60\u53ea\u8981\u67e5\u5230\u9000\u8f14\u6703? 9.2\u90fd\u8ddf\u4f60\u8aaa\u5225\u7684\u539f\u56e0"}, {"type": 0, "id": "pizzafan", "content": ": \u6211\u8ddf\u4f60\u5011\u8aaa \u912d\u5f18\u5100\u7bc0\u76ee\u600e\u9ebc\u71b1\u9b27\u7684?"}, {"type": 0, "id": "pizzafan", "content": ": 74\u4ed6\u6700\u521d\u4e5f\u662f\u4e2d\u83ef\u6c11\u570b\u6d3e \u6df1\u85cd\u708e\u9ec3\u5b50\u5b6b\u89c0"}, {"type": 0, "id": "pizzafan", "content": ": \u7576\u4ed6\u7bc0\u76ee\u7d05\u6700\u9ad8\u9ede\u7684\u6642\u5019 \u5f8c\u4f86\u88ab\u9577\u8f29\u7f75"}, {"type": 0, "id": "pizzafan", "content": ": \u9019\u9ede\u4ed6\u6709\u51fa\u4f86\u8b1b"}, {"type": 1, "id": "pizzafan", "content": ": \u5728\u9019\u4e4b\u524d \u912d\u5f18\u5100\u539f\u521d94\u6cdb\u7d71 \u624d\u88ab\u6367\u8d77\u4f86"}, {"type": 0, "id": "pizzafan", "content": ":   \u4e0d\u7136\u4ed6\u65e9\u5c31\u88ab\u6253\u58d3\u4e0b\u53bb\u4e86 \u6c92\u4ed6\u4e3b\u6301\u7684\u4efd"}, {"type": 1, "id": "pizzafan", "content": ": \u9928\u9577\u4e5f\u662f \u88ab\u6559\u80b2\u6d17\u8166\u591a\u5e74 \u90fd\u9084\u6c92\u6d17\u56de\u4f86"}, {"type": 1, "id": "poornow", "content": ": \u4f60\u6709\u770b\u904eKMT\u51fa\u4f86\u6253\u623f\u55ce"}, {"type": 1, "id": "guemao", "content": ": \u912d\u5f18\u5100\u600e\u9ebc\u71b1\u9b27\u7684\u8981\u554f\u8607\u9e97\u5a9a\u7684\u4e08\u592b \u597d\u55ce\uff01"}, {"type": 0, "id": "guemao", "content": ": \u912d\u5f18\u5100\u51fa\u8eab\u5609\u5357\u5e73\u539f\u672c\u5c31\u71b1\u611b\u7da0\u8272\u5927\u5730"}, {"type": 1, "id": "guemao", "content": ": \u97d3\u570b\u5fa9\u539f\u5f8c\u6709\u56de\u982d\u62cd\u95e1\u8ff0\u91d1\u878d\u98a8\u66b4\u7684\u96fb\u5f71"}, {"type": 0, "id": "guemao", "content": ": \u9019\u7a2e\u984c\u6750\u7d66\u65e5\u672c\u62cd\u6703\u62cd\u6210\u7d66\u958b\u53f8\u4e00\u7f50\u5564\u9152"}, {"type": 0, "id": "guemao", "content": ": \u7136\u800c\u97d3\u570b\u628a\u6574\u90e8\u96fb\u5f71\u62cd\u6210\u570b\u6ba4"}, {"type": 0, "id": "guemao", "content": ": \u912d\u5f18\u5100\u8ca1\u7d93\u8a18\u8005\u8d77\u5bb6 \u597d\u50cf\u662f\u806f\u5408\u5831\u7cfb\u7684\u5427"}, {"type": 0, "id": "makki", "content": ": \u60f3\u4e00\u4e0b\u5225\u570b\u6709\u50cf\u53f0\u7063\u90a3\u9ebc\u591a\u626f\u5f8c\u817f\u7684\u55ce\uff1f"}, {"type": -1, "id": "guemao", "content": ": \u62b1\u6b49\u8aa4\u690d\u662f\u653f\u6cbb\u5916\u4ea4\u5b78\u7cfb"}, {"type": 0, "id": "chanceiam", "content": ": \u6473\u6b7b\u7576"}, {"type": 1, "id": "EarlyInMay", "content": ": \u9322\u90fd\u897f\u9032\u7c21\u55ae\u8cfa\u4e86 \u7522\u696d\u6c92\u5347\u7d1a"}], "post_ip": "115.82.52.177", "post_content": "\n\n\u53f0\u7063\u9760\u7f8e\u570b\u63f4\u52a9\u5f88\u65e9\u5c31\u7d93\u6fdf\u8d77\u98db\n\n\u4e5f\u8eb2\u904e\u91d1\u878d\u98a8\u66b4\u7b49\u7b49\n\n\u9019\u6a23\u61c9\u8a72\u7d2f\u7a4d\u4e86\u4e0d\u5c11\u672c\u9322\u4e86\u5427\uff1f\n\n\u53cd\u89c0\u90a3\u6642\u7684\u4e2d\u570b\u9084\u5728\u9ed1\u6697\u6642\u4ee3\n\n\u97d3\u570b\u63a5\u8fd1\u7834\u7522\n\n\u53ef\u662f\u70ba\u5565\u73fe\u5728\u6162\u6162\u8ffd\u904e\u53f0\u7063\u4e86\uff1f\uff1f\n\n\u65b0\u52a0\u5761 \u65e5\u672c\u597d\u50cf\u4e5f\u90fd\u6bd4\u53f0\u7063\u7a69\u5b9a\n\n\u70ba\u5565\u6703\u9019\u6a23\uff1f\u53f0\u7063\u90a3\u6642\u6c92\u6709\u7d2f\u7a4d\u672c\u9322\u55ce\n\n-----\nSent from JPTT on my Asus ASUS_Z012DA.\n\n--\n"}