{"ptt_id": "phage1807", "post_url": "https://www.ptt.cc/bbs/Gossiping/M.1563531426.A.1EB.html", "post_type": "\u554f\u5366", "post_title": "\u6211\u5973\u53cb\u8aaa\u5357\u68ee\u90fd\u662f\u4f4e\u7b49\u751f\u7269\u8a72\u600e\u9ebc\u53cd\u99c1", "post_time": "2019-07-19 18:17:04", "post_score": 1, "post_pushes": [{"type": -1, "id": "DiMammaMia", "content": ": \u9192\u9192"}, {"type": -1, "id": "OrzOGC", "content": ": \u809b\u4ed6"}, {"type": 0, "id": "tyrande", "content": ": \u61f6\u89ba \u9084\u4e0d\u662f \u542b\u5f97\u5f88\u958b\u5fc3..."}, {"type": 0, "id": "nctugoodman", "content": ":   \u9f3b\u8981\u548c\u81ea\u5df1\u5de6\u624b\u8b1b\u8a71.."}, {"type": 0, "id": "sonyabear", "content": ": \u5e79\u5230\u5979\u5931\u795e\u554a"}, {"type": 0, "id": "REDROSES", "content": ": \u54c7\u585e\uff0c\u4f60\u7684\u624b\u6703\u8b1b\u8a71"}, {"type": 1, "id": "z0953781935", "content": ": \u5f88\u591a\u5973\u751f\u90fd\u6703\u8b1b\u985e\u4f3c\u7684\u8a71\u8036\uff0c\u7537\u5973\u4ea4\u63db"}, {"type": 0, "id": "z0953781935", "content": ": \u7684\u8a71\u5973\u751f\u53c8\u6703\u7206\u6c23\u4e86"}, {"type": 0, "id": "cloudyheart", "content": ": \u8aa0\u5be6\u5fc3\u614b\u554a\uff0c\u5c31\u8001\u5be6\u8b93\u4f60\u77e5\u9053\uff0c\u5979\u6700"}, {"type": 0, "id": "cloudyheart", "content": ": \u8fd1\u9047\u5230\u9032\u653b\u5979\u57ce\u9580\u7684\u300c\u4f60\u5011\u300d\uff0c\u90fd30"}, {"type": 0, "id": "cloudyheart", "content": ": \u79d2\u7e73\u68b0\u3002\u81f3\u65bc\u4f60\u5011\u7684\u6578\u91cf\uff0c\u4f60\u53ef\u4ee5\u554f"}, {"type": 0, "id": "cloudyheart", "content": ": \u770b\u770b\u3002"}, {"type": 0, "id": "phage1807", "content": ": \u5e79 \u6211\u88ab\u6234\u7da0\u5e3d\u4e86\u55ce\uff1f \u6211\u8981\u7528\u6211\u7684\u964d\u9b54\u5927"}, {"type": 0, "id": "phage1807", "content": ": \u68d2\u903c\u554f\u4ed6"}, {"type": 1, "id": "peiring", "content": ": \u4f60\u5973\u53cb\u8aaa\u8a71\u771f\u5be6\u5728"}, {"type": 0, "id": "zzff92", "content": ": \u7537\u751f\u7684\u78ba\u4f4e\u7b49\u554a\u3002\u72af\u8ce4\u990a\u53f0\u5973\u6bcd\u8c6c"}, {"type": 0, "id": "kuosambition", "content": ": \u4f60\u5c31\u8ddf\u5979\u8aaa\u5c0d\u554a\uff01\u6211\u5c31\u662f\u4f4e\u7b49\u52d5\u7269\uff0c"}, {"type": 0, "id": "kuosambition", "content": ": \u90a3\u59b3\u9084\u8981\u4e0d\u8981\u6211\u72d7\u559d\u6c34\u561b~\u563b\u563b"}, {"type": 1, "id": "westnofathou", "content": ": \u4f60\u5973\u53cb\u73a9s\uff1f\u9019\u9ebc\u597d"}, {"type": 1, "id": "lurker777", "content": ": \u63a8\u5973\u53cb\u8aa0\u5be6"}, {"type": -1, "id": "pttenjk", "content": ": \u91d1\u57ce\u6b66\u8868\u793a: \u4e0d\u8981\u4e82\u6c59\u884a\u672c\u4eba \u6211\u90fd30\u5206\u9418"}, {"type": 0, "id": "pttenjk", "content": ": \u81f3\u5c11\u5169\u5104\u5175\u99ac\u7684"}, {"type": 1, "id": "holysea", "content": ": 30\u79d2\u5c31\u7e73\u68b0\u7684\u8a71\u61c9\u8a72\u6c92\u8aaa\u932f"}, {"type": 1, "id": "brianoj", "content": ": \u5225\u4eba\u90fd\u5169\u5104 \u4f60\u53ea\u6709\u842c\u628a\u5175\u529b \u8981\u4e0d\u8981\u5148\u53bb"}, {"type": 0, "id": "brianoj", "content": ": \u770b\u91ab\u751f"}, {"type": -1, "id": "elvissheng", "content": ": 30\u79d2 \u96e3\u602a\u88ab\u7f75\u4f4e\u7b49"}, {"type": -1, "id": "khst3man", "content": ": \u6536\u8d77\u61f6\u89ba\u4ee5\u5f8c\u4e0d\u8981\u8b93\u4ed6\u97d3\uff0c\u5973\u6b0a\u5148\u5973\u7fa9\u52d9"}, {"type": 0, "id": "gohp", "content": ": \u624b\u6703\u8aaa\u8a71\uff1f\u5bc4\u751f\u7378\u55ce\uff1f"}], "post_ip": "223.141.2.75", "post_content": "\n\n\u672c\u91d1\u57ce\u6b66\u525b\u525b\u4e03\u9032\u4e03\u51fa\u6211\u5973\u53cb\u5bb6\u7684\u5c71\u6d1e\uff0c\n\n\u4e0d\u6d88\u4e09\u5341\u79d2\u5c31\u8b93\u5343\u842c\u8ecd\u99ac\u885d\u9032\u4ed6\u5bb6\u57ce\u9580\uff0c\n\n\u7136\u5f8c\u6211\u5973\u53cb\u6c23\u5657\u5657\u7684\u8aaa\u4f60\u5011\u7537\u751f\u90fd\u662f\u4f4e\u7b49\u751f\u7269\uff0c\n\n\u8acb\u554f\u4ed6\u662f\u4ec0\u9ebc\u5fc3\u614b\uff0c\u70ba\u4ec0\u9ebc\u8981\u9019\u6a23\u958b\u5730\u5716\u70ae\uff1f\n\n--\n"}