{"ptt_id": "q5212", "post_url": "https://www.ptt.cc/bbs/Gossiping/M.1568685851.A.0D6.html", "post_type": "\u554f\u5366", "post_title": "\u6709\u6c92\u6709\u7d05\u674f\u51fa\u7246\u8d77\u624b\u52e2\u516b\u5366?", "post_time": "2019-09-17 10:04:09", "post_score": 8, "post_pushes": [{"type": 1, "id": "kairi5217", "content": ": \u600e\u9ebc\u4f60\u670b\u53cb\u90fd\u9019\u7a2e\u7684\uff1f"}, {"type": 1, "id": "bobo3708", "content": ": \u5148\u627f\u8a8d"}, {"type": 1, "id": "flashback17s", "content": ": \u7269\u4ee5\u985e\u805a"}, {"type": 1, "id": "T8", "content": ": \u4f60\u7684\u670b\u53cb\u7684\u5973\u53cb\u90fd\u662f\u5730\u65b9\u7684\u5abd\u5abd?"}, {"type": -1, "id": "tml7415", "content": ": \u4e0d\u662f\u4e0d\u7d66\u5e79 \u662f\u4e0d\u7d66\u4f60\u5e79 \u61c2?"}, {"type": 1, "id": "YSJ543", "content": ": \u5e79\u4eba\u8001\u5a46\u7b11\u5475\u5475"}, {"type": 1, "id": "Aerci", "content": ": \u4f60\u5011\u90fd\u5728\u7af9\u79d1\uff1f"}, {"type": 1, "id": "ifun1981", "content": ": \u6deb\u4eba\u59bb\u5973\u7b11\u5475\u5475"}, {"type": 1, "id": "cattgirl", "content": ": \u901a\u59e6\u7f6a"}, {"type": 0, "id": "cattgirl", "content": ": \u4eba\u59bb30\u5e7e\u6b72 \u9084\u5bb6\u6559\u56b4\u665a\u4e0a6\u9ede\u524d\u8981\u56de\u5bb6"}, {"type": 0, "id": "oriron", "content": ": \u7b11\u6b7b\uff0c\u90fd\u7528\u5730\u65b9\u5abd\u5abdapp\u8a8d\u8b58\u670b\u53cb\u543c"}, {"type": 0, "id": "demitri", "content": ": \u4f60\u670b\u53cb\u90fd\u53bb\u5730\u65b9\u5abd\u5abd\u7fa4\u7d44\u627e\u5973\u53cb\u55ce\uff1f"}, {"type": 0, "id": "StarTouching", "content": ": \u4f60\u662f\u4e0d\u662f\u641e\u932f\u4e86 \u9019\u662f\u5df2\u7d93\u51fa\u7246\u4e86"}, {"type": 0, "id": "StarTouching", "content": ": \u4f60\u670b\u53cb\u5c31\u662f\u51fa\u7246\u7684\u5c0d\u8c61"}, {"type": 1, "id": "chenbo", "content": ": \u4f60\u670b\u53cb\u90fd\u627e\u5730\u65b9\u7684\u5abd\u5abd\u5427\uff1f"}], "post_ip": "220.129.224.238", "post_content": "\n\u662f\u9019\u6a23\u5b50\u7684\n\u80a5\u5b85\u6211\u4e2d\u79cb\u70e4\u8089\uff0c\u4e00\u7fa4\u597d\u53cb\u5011\u804a\u5929\u8a0e\u8ad6\n\u6709\u4eba\u804a\u5230\u611f\u60c5\u53f2\n\nA\u670b\u53cb\u524d\u5e7e\u5e74\u4ea4\u5230\u4e00\u4f4d\u5973\u53cb\uff0c\u90a3\u5973\u53cb\u4e0d\u60f3\u8981\u7d50\u5a5a\\\u4e0d\u751f\u5c0f\u5b69\n\u4f46A\u670b\u53cb\u5f9e\u5176\u4ed6\u7ba1\u9053\u5f97\u77e5\u9019\u4f4d\u5973\u53cb\u5df2\u7d93\u7d50\u5a5a\u4e86\n\nB\u670b\u53cb\u7684\u670b\u53cb\u524d\u5e7e\u5e74\u4ea4\u5230\u4e00\u4f4d\u5973\u53cb\uff0c\u90a3\u4f4d\u5973\u53cb\u4e5f\u662f\u4e0d\u60f3\u8981\u7d50\u5a5a\\\u4e0d\u751f\u5c0f\u5b69\n\u6700\u5f8c\u539f\u56e0\u662f:\u5973\u53cb\u5df2\u7d93\u7d50\u5a5a\u4e86\n\nC\u670b\u53cb\u7684\u7537\u6027\u53cb\u4eba\u4e5f\u9047\u5230\u4e00\u6a23\uff0c\u5973\u65b9\u4e5f\u662f\u4e0d\u60f3\u8981\u7d50\u5a5a\\\u4e0d\u751f\u5c0f\u5b69\\\u5bb6\u6559\u56b4\u665a\u4e0a6\u9ede\u524d\u8981\u56de\u5bb6\n\u539f\u56e0\u662f:\u5df2\u7d93\u7d50\u5a5a\u4e86\n\n\u6709\u6c92\u6709\u4e0d\u60f3\u7d50\u5a5a\\\u4e0d\u751f\u5c0f\u5b69\\\u5bb6\u6559\u56b4\uff0c\u662f\u7d05\u674f\u51fa\u7246\u8d77\u624b\u52e2\u516b\u5366?\n\n\u4e0d\u60f3\u7d50\u5a5a-->\u5df2\u7d93\u7d50\u5a5a\u4e86\n\u4e0d\u751f\u5c0f\u5b69-->\u5df2\u7d93\u6709\u4e86\n\u5bb6\u6559\u56b4---->\u56de\u5bb6\u966a\u8001\u516c\n\n--\n"}