{"ptt_id": "JetChen", "post_url": "https://www.ptt.cc/bbs/Gossiping/M.1567482615.A.DBA.html", "post_type": "\u554f\u5366", "post_title": "\u771f\u7684\u628a\u9152\u74f6\u7838\u5230\u982d\u4e0a\u6703\u600e\u6a23?", "post_time": "2019-09-03 11:50:13", "post_score": 42, "post_pushes": [{"type": 1, "id": "kawazakiz2", "content": ": \u8166\u5167\u51fa\u8840\uff0c\u76f4\u63a5\u9032\u52a0\u8b77\u75c5\u623f"}, {"type": 0, "id": "preisner", "content": ": \u4e94\u6a13\u4e0d\u7838\u982d\u90fd\u585e\u81ea\u5df1\u809b\u9580"}, {"type": 1, "id": "kairi5217", "content": ": \u6703\u75db"}, {"type": -1, "id": "highyes", "content": ": \u4e94\u6a13\u9435\u9f9c\u982d\u529f \u4f46\u662f\u5948\u7c73\u5c4c"}, {"type": 1, "id": "zxc8424", "content": ": \u57fa\u672c\u4e0a\u6572\u4e0d\u7834\u5427"}, {"type": 1, "id": "whiteseyes", "content": ": \u6703\u75db"}, {"type": 1, "id": "smilemiz", "content": ": 4\u6a13\u88ab\u809b\u904e\u624d\u9019\u9ebc\u6e05\u695a"}, {"type": 0, "id": "nayaya", "content": ": \u5f88\u5371\u96aa \u4e0d\u8981\u4e82\u8a66"}, {"type": 1, "id": "youGG", "content": ": \u6703\u93d7\u4e00\u8072\uff0c\u7136\u5f8c\u982d\u7834\u4e86\u9152\u74f6\u6c92\u7834"}, {"type": 1, "id": "theeht", "content": ": \u7cd6\u505a\u7684"}, {"type": 1, "id": "bwh", "content": ": \u59b3\u600e\u9ebc\u6703\u76f8\u4fe1\u96fb\u5f71\u88e1\u7684\u9152\u74f6\u5462"}, {"type": 1, "id": "kaet", "content": ": \u982d\u7834\u8840\u6d41  \u751a\u81f3\u53ef\u80fd\u7838\u6b7b\u4eba"}, {"type": 1, "id": "fup6456", "content": ": \u4e0d\u7136\u96fb\u5f71\u76f4\u63a5\u9001\u91ab\u4f60\u8981\u770b?"}, {"type": 0, "id": "a2334436", "content": ": \u96fb\u5f71\u88e1\u7684\u9152\u74f6\u597d\u50cf\u662f\u7cd6\u505a\u7684"}, {"type": 1, "id": "metal521", "content": ": \u74f6\u5b50\u6703\u53d7\u50b7"}, {"type": 1, "id": "drinkmuffin", "content": ": \u771f\u7684\u6703\u6b7b\u4eba\u554a"}, {"type": -1, "id": "barbarrossa", "content": ": \u6703\u75db\u5566\u5e79"}, {"type": 0, "id": "kivan00", "content": ": \u6703\u6b7b"}, {"type": 1, "id": "chuchichan", "content": ": \u5abd\u500b\u5df4\u5b50. \u4f60\u6703\u9435\u982d\u529fR"}, {"type": 1, "id": "kitvxq", "content": ": \u554f\u5c0f\u71d5\u5b50"}, {"type": 1, "id": "alpha008", "content": ": \u4fdd\u8b49\u4e0d\u6b7b\u4e5f\u91cd\u50b7"}, {"type": 1, "id": "linbacon", "content": ": \u7576\u5175\u62d4\u6d0b\u8525\u6709\u5b78\u5f1f\u5c31\u88ab\u539f\u4f4f\u6c11\u76f4\u63a5\u7838\u982d\u2026"}, {"type": 0, "id": "linbacon", "content": ": \u2026\u662f\u6c92\u6b7b\u5566"}, {"type": 0, "id": "kivan00", "content": ": \u6232\u5287\u7528\u7684\u7cd6\u6f3f\u9053\u5177\u90fd\u6703\u75db\u4e86 \u771f\u9152\u74f6\u76f4\u63a5\u982d"}, {"type": 0, "id": "kivan00", "content": ": \u7834\u8840\u6d41"}, {"type": 1, "id": "kawazakiz2", "content": ": \u4e0d\u8981\u8aaa\u9152\u74f6\uff0c\u53ef\u6a02\u74f6\u6253\u4e0b\u53bb\u90fd\u6703\u51fa\u4e8b"}, {"type": -1, "id": "z842657913", "content": ": \u6709\u7df4\u9435\u982d\u529f\u5c31\u6c92\u4e8b"}, {"type": 1, "id": "wayne0215", "content": ": \u9ad8\u4e2d\u7562\u696d\u6642\u540c\u5b78\u591c\u70e4\u6709\u73a9\u904e\uff0c\u662f\u7528\u7d04\u7ff0\u8d70"}, {"type": 0, "id": "wayne0215", "content": ": \u8def\u7838\u982d\uff0c\u9152\u74f6\u6c92\u7834\u4f46\u982d\u816b\u5f88\u5927\u5305\u8166\u9707\u76ea"}, {"type": 0, "id": "giveme520", "content": ": \u5c11\u4e00\u74f6\u9152\u5f88\u4e0d\u65b9\u4fbf"}, {"type": 0, "id": "kivan00", "content": ": \u60f3\u8a66\u8a66\u5a01\u529b\u53bb\u8cb7\u9846\u897f\u74dc\u4f86\u6572\u5c31\u77e5\u9053\u4e86"}, {"type": -1, "id": "panzerbug", "content": ": \u9152\u74f6\u5f88\u786c......"}, {"type": 0, "id": "Freeven", "content": ": \u6572\u4e0d\u7834\u7684\uff0c\u9152\u74f6\u6c92\u90a3\u9ebc\u597d\u6572\u7834"}, {"type": 0, "id": "Freeven", "content": ": \u4f60\u96fb\u5f71\u770b\u5230\u7684\u90fd\u662f\u7cd6\u505a\u7684\u5047\u9152\u74f6"}, {"type": 1, "id": "x007", "content": ": \u80fd\u6572\u5230\u7834\u6389\u4e5f\u628a\u982d\u90fd\u5272\u4e0b\u4f86\u4e86\u5427"}, {"type": 1, "id": "sunkiss5566", "content": ": \u6703\u6b7b\u4eba \u4e0d\u8981\u4e82\u641e\u563f"}, {"type": 1, "id": "oantonyo", "content": ": \u4e7e\u8106\u62ff\u6839\u6728\u68cd\u9084\u6bd4\u8f03\u5bb9\u6613\u65b7"}, {"type": 1, "id": "suifong", "content": ": \u771f\u7684\u6709\u4eba\u6703\u6a21\u4eff\u96fb\u5f71\u5594XDDD"}, {"type": 1, "id": "LargeLanPa", "content": ": \u5c11\u6797\u529f\u592b\u597d\u8036"}, {"type": 1, "id": "INeverSmile", "content": ": \u53eb\u53e4\u963f\u83ab\u8a66\u8a66\u770b"}, {"type": 0, "id": "hodj", "content": ": \u4f60\u8a66\u8a66\u770b\u4e0d\u5c31\u77e5\u9053\u4e86\uff0c\u554f\u4e09\u5c0f\uff0c\u6efe\u5566"}, {"type": 1, "id": "ttsieg", "content": ": \u4e4b\u524dyoutube\u6709\u500b\u8001\u5916\u7838\u5230\u660f\u5012 \u9152\u74f6\u6c92\u7834"}, {"type": 1, "id": "rei196", "content": ": \u8001\u4e8c\u7834\u4e86"}, {"type": 0, "id": "ePaper", "content": ": \u6703\u8166\u9707\u76ea \u7136\u5f8c\u9152\u74f6\u9084\u4e0d\u4e00\u5b9a\u7834"}, {"type": 0, "id": "crimson11", "content": ": ..............."}, {"type": 1, "id": "koiopolo2", "content": ": \u8981\u6572\u7834\u5f88\u96e3 = ="}, {"type": 1, "id": "lulocke", "content": ": \u8ddf\u62ff\u98ef\u5e97\u5167\u77f3\u50cf\u6bba\u4eba\u4e00\u6a23"}, {"type": -1, "id": "darren1214", "content": ": \u6703\u75db"}, {"type": 1, "id": "khhuang1", "content": ": \u554f\u9673\u6607\u5c31\u77e5\u9053\u4e86"}, {"type": 1, "id": "jajoy", "content": ": \u5982\u679c\u662f\u9928\u9577\u6572\u4e5f\u6572\u4e0d\u7834\u5594\uff1f"}, {"type": 0, "id": "wwvvkai", "content": ": \u6703\u9435\u982d\u529f\u5c31\u6c92\u4e8b"}, {"type": 1, "id": "gh26300", "content": ": \u4f60\u516b\u6210\u5728\u770b\u96fb\u8996...\u525b\u525b\u624d\u770b\u5230\u90a3\u9f63"}, {"type": 0, "id": "freaky0908", "content": ": \u554f8+9"}, {"type": 1, "id": "Bigcookie2", "content": ": \u62dc\u8a17\u4e0d\u8981\u505a\u50bb\u4e8b"}, {"type": 1, "id": "DisShane", "content": ": \u554f\u9673\u6607"}, {"type": 1, "id": "abcde79961a", "content": ": \u65fa\u89d2\u63f8fit\u4eba\u662f\u4f60\uff1f"}, {"type": 1, "id": "rindesu", "content": ": \u6211\u670b\u53cb\u5ff5\u570b\u4e2d\u6642\u5728\u7403\u5834\u88ab\u53ef\u6a02\u74f6\u7838\u7834\u982d\u4e5f\u6c92"}, {"type": 0, "id": "rindesu", "content": ": \u4e8b"}, {"type": 0, "id": "SantaJR", "content": ": \u554f\u9673\u6607\u5927\u54e5\u5c31\u597d\u4e86\u554a,\u982d\u7834\u4e14\u7e2b\u91dd\u554a"}, {"type": 1, "id": "gk1329", "content": ": \u6d41\u8a00\u7d42\u7d50\u8005\u597d\u50cf\u505a\u904e \u982d\u7206\u60f9 \u9152\u74f6\u6c92\u4e8ber"}, {"type": 0, "id": "KCKCLIN", "content": ": \u771f\u7684\u6703\u6b7b\u4eba\u5594XD\u90a3\u6211\u5bb6\u88e1\u9152\u74f6\u8981\u7559\u8457\u9632\u8eab\u60f9"}, {"type": 1, "id": "uni19ball", "content": ": \u96fb\u5f71\u96fb\u8996\u88e1\u662f\u4e0d\u4e00\u6a23\u7684\u73bb\u7483\u74f6\u5416\uff01\uff01\uff01"}, {"type": 1, "id": "polo888362", "content": ": https://i.imgur.com/Wl0dUIN.jpg"}, {"type": 1, "id": "Hiatc", "content": ": \u554f\u5433\u93ae\u5b87"}, {"type": 0, "id": "polo888362", "content": ": https://i.imgur.com/EdcAqWj.jpg"}, {"type": 0, "id": "polo888362", "content": ": https://i.imgur.com/NO1Oe6h.jpg"}, {"type": 1, "id": "aa874125", "content": ": \u6703\u8166\u9707\u76ea"}, {"type": 1, "id": "white9074", "content": ": \u6d77\u5c3c\u6839\u5927\u5c0f\u7684\u8a71\u5927\u7d04\u7e2b7\u91dd"}, {"type": 1, "id": "patmac01", "content": ": \u554f\u9673\u6607"}, {"type": 1, "id": "JOJOCK", "content": ": \u6211\u73fe\u5834\u770b\u904e \u6c92\u958b\u7684 \u982d\u7206\u4e0b\u53bb \u74f6\u7834\u9152\u6d41\u6eff\u81c9"}, {"type": 0, "id": "JOJOCK", "content": ":  \u63a5\u8457\u5c31\u958b\u59cb\u6d41\u8840"}, {"type": 1, "id": "smpian", "content": ": \u982d\u9aa8\u4e5f\u662f\u5f88\u786c\u7684\uff0c\u901a\u5e38\u6c92\u4e8b\u554a"}, {"type": 1, "id": "qwe04687", "content": ": \u5f88\u75db"}, {"type": 1, "id": "wadeabc", "content": ": \u5783\u573e\u96fb\u5f71\u90fd\u4e82\u6559,\u5c41\u5b69\u5783\u573e\u6a21\u4eff"}, {"type": 0, "id": "wadeabc", "content": ": \u62cd\u90a3\u7a2e\u7834\u7a97\u7684\u4e0d\u6703\u6d41\u8840\u6211\u8f38\u4f60"}, {"type": 0, "id": "wadeabc", "content": ": \u5783\u573e\u96fb\u5f71\u4e0d\u7528\u7ba1\u5236"}, {"type": 0, "id": "kop5236", "content": ": \u6839\u88ab\u69cc\u5b50\u7838\u5230\u5dee\u4e0d\u591a\u5427 \u9152\u74f6\u8d85\u786c"}, {"type": 0, "id": "rapnose", "content": ": \u5c0f\u5fc3\uff01\u6703\u559d\u5230\u5409\u514b\u7684\u810a\u9ad3\u6db2\uff01"}, {"type": 1, "id": "zeanmar", "content": ": \u4f60\u7684\u982d\u6703\u7834 \u9152\u74f6\u4e0d\u592a\u6703"}], "post_ip": "110.28.230.119", "post_content": "\n\u96fb\u5f71\u88e1\u5e38\u5e38\u4e00\u8a00\u4e0d\u5408\n\u5c31\u628a\u9152\u74f6\u7838\u4e0a\u53bb\n\u9577\u689d\u7684\u9152\u74f6 \u50cf\u53f0\u5564\u90a3\u7a2e \u5c31\u7b97\u4e86\n\u6709\u4e9b\u50cfHennessy\u90a3\u7a2e\u6d0b\u9152\u611f\u89ba\u74f6\u5c31\u8d85\u539a\u7684\n\u88ab\u7838\u5230\u7834 \u5c45\u7136\u982d\u8cbc\u500b\u7d17\u5e03\u5c31\u6c92\u4e8b\u4e86\n\u6709\u9019\u7a2e\u4e8b\uff1f\n\n--\n"}