{"ptt_id": "hank49172008", "post_url": "https://www.ptt.cc/bbs/Gossiping/M.1563798585.A.C99.html", "post_type": "\u554f\u5366", "post_title": "\u77e2\u4f5c\u840c\u590f\u4eca\u665a\u4f5c\u5922\u4e5f\u6703\u7b11\u55ce?", "post_time": "2019-07-22 20:29:38", "post_score": 5, "post_pushes": [{"type": 0, "id": "gginin007", "content": ": \u8ab0\uff1f"}, {"type": 1, "id": "fungsui", "content": ": \u53ea\u6709\u5976\u53ef\u4ee5\u770b\u817f\u8d85\u7c97"}, {"type": 0, "id": "cpg811106", "content": ": \u6839\u672c\u8ddf\u7c89\u7d72\u4f5c\u5c0d"}, {"type": 1, "id": "Iakane", "content": ": \u81f3\u5c11\u5929\u6c23\u59ca\u59ca\u7684\u4f4d\u7f6e\u4e0d\u932f"}, {"type": 1, "id": "eternal04", "content": ": \u8ddf\u5979\u7537\u53cb\u89aa\u71b1\u4e2d\u6176\u795d\u5427\u5614\u5614\u5614\u5614"}, {"type": -1, "id": "fack3170", "content": ": \u5641\u5fc3"}, {"type": 0, "id": "fack3170", "content": ": \u4f46\u5343\u7a42\u5165\u9078\u62d4\u4e86 \u606d\u559c\uff01"}, {"type": 1, "id": "virgo914", "content": ": https://i.imgur.com/2zZn0ro.jpg"}, {"type": 1, "id": "hzs6111", "content": ": \u8d8a\u4f86\u8d8a\u80a5"}, {"type": 1, "id": "hatephubbing", "content": ": \u7206\u6599\u5440\uff5e\u4e0d\u5f71\u97ff\u65b0\u6b4c\u5c31\u597d\u56c9"}, {"type": 0, "id": "nekoten", "content": ": \u80f8\u524d\u662f\u6703\u6478\u5230\u5976\u55ce\uff1f"}], "post_ip": "58.114.73.130", "post_content": "\n\n\n\u4eca\u5929AKB48 56th \u55ae\u66f2\u9078\u62d4\u540d\u55ae\u51fa\u4f86\uff0c\n\n\u77e2\u4f5c\u840c\u590f\u51fa\u4e4e\u610f\u6599\u5730\u62ff\u5230\u4e86C\u4f4d\n\nhttps://i.imgur.com/Samux4e.jpg\n\n\u9019\u4f4d\u624d\u52a0\u5165\u4e00\u5e74\u591a\uff0c\u5c31\u7372\u5f97\u6700\u5feb\u51fa\u5beb\u771f\u96c6\u3001SOLO\u6f14\u5531\u6703\u7684\u6a5f\u6703\uff0c\n\n\u63e1\u624b\u6703\u4e5f\u8ce3\u5e7e\u4e4e\u90fd\u5b8c\u552e\uff0c\n\n\u91e3\u7c89\u7d72\u7684\u62db\u5f0f\u5c31\u662f\u63e1\u624b\u7684\u6642\u5019\u628a\u7c89\u7d72\u7684\u624b\u5341\u6307\u7dca\u9760\u5728\u4ed6\u80f8\u524d\u3002\n\n\u76f4\u5230\u4e0a\u500b\u6708\u88ab\u7206\u51fa\u5728\u5b78\u6821\u6709\u7537\u53cb\uff0c\u539f\u672c\u4ee5\u70ba\u6703\u88ab\u51b0\u4e00\u9663\u5b50\uff0c\n\n\u60f3\u4e0d\u5230\u9019\u6b21\u7adf\u7136\u62ff\u5230C\u4f4d\u3002\n\n\u77e2\u4f5c\u840c\u590f\u4eca\u665a\u6703\u5728\u60f3\u751a\u9ebc\u5462?\n\n\u6703\u958b\u5fc3\u5230\u7761\u4e0d\u8457\u89ba\u9084\u662f\u64d4\u5fc3\u9019\u55ae\u81ea\u5df1\u7576CENTER\u53ef\u80fd\u6703\u6253\u65b7\u767e\u842c\u92b7\u91cf\u7684\u7d00\u9304\u800c\u611f\u53d7\u5230\u53d7\u5230\u7121\u6bd4\u7684\u58d3\u529b\u5462?\n\n\u897f\u897f \u5982\u679c\u53ef\u611b\u7684\u840c\u590f\u611f\u53d7\u5230\u58d3\u529b\u53ef\u4ee5\u4f86\u6211\u9019\u908a\u7d13\u89e3\u4e00\u4e0b~~\n\nhttps://i.imgur.com/b82plcx.jpg\n\nhttps://i.imgur.com/TpCEaag.jpg\nhttps://i.imgur.com/HvcO0yI.jpg\n\n\n\n\n--\n\u8acb\u5927\u5bb6\u591a\u591a\u652f\u6301\nAKB48 Team 8 \u9999\u5ddd\u7e23\u4ee3\u8868 \u884c\u5929\u512a\u8389\u5948!!\nhttps://i.imgur.com/BwLjE3c.jpg\nhttps://i.imgur.com/Ccj9Fds.jpg\n\n--\n"}