{"ptt_id": "cisbpmtw", "post_url": "https://www.ptt.cc/bbs/Gossiping/M.1566192479.A.304.html", "post_type": "\u65b0\u805e", "post_title": "\u72fc\u7236\u591c\u88e1\u5077\u6478\u5973\u5152\u4e0b\u9ad4 \u70ba\u4e86\u770b\u6e05\u695a\u9084\u62ff\u624b", "post_time": "2019-08-19 13:27:51", "post_score": 15, "post_pushes": [{"type": 1, "id": "axzs1111", "content": ": \u95a9\u5357\u4eba\u65e5\u5e38"}, {"type": 1, "id": "wilson5566", "content": ": \u4e94\u6a13\u5e79\u7684"}, {"type": -1, "id": "thegreatlcx", "content": ": \u4e94\u6a13\u5f9e\u5c0f\u88ab\u7238\u7238\u73a9\u8001\u4e8c"}, {"type": 0, "id": "hiojvd", "content": ": \u65b0\u5317"}, {"type": 1, "id": "cattgirl", "content": ": \u770b8\u6b72\u5973\u5152\u4e00\u7dda\u9b91"}, {"type": 0, "id": "wilson5566", "content": ": \u4e94\u6a13\u771f\u5641\u5fc3"}, {"type": 0, "id": "js52666", "content": ": \u4e94\u6a13\u5077\u62cd\u5152\u5b50\u7684\u61f6\u53eb"}, {"type": 1, "id": "aqsss", "content": ": \u5b89\u5c45\u6a02\u696d"}, {"type": 1, "id": "masterbation", "content": ": \u7236\u611b\u5982\u5c71"}, {"type": 0, "id": "sorrywow", "content": ": \u65b0\u5317\u554a\u3002\u6c92\u4e8b\u4e86"}, {"type": 0, "id": "akumo", "content": ": \u9b3c\u7236\u65b0\u5317"}, {"type": -1, "id": "crimson11", "content": ": \u5641\u5fc3 \u4eba\u6e23\u61c9\u8a72\u780d\u982d"}, {"type": 0, "id": "cattgirl", "content": ": \u5929\u4e0b\u7121\u4e0d\u662f\u7684\u7236\u6bcd"}, {"type": 0, "id": "zz71", "content": ": \u65b0\u5317\u65e5\u5e38"}, {"type": 1, "id": "sassuck", "content": ": \u65b0\u5317\u7684\u9b3c\u7236\u662f\u4e0d\u662f\u7279\u5225\u591a"}, {"type": 1, "id": "yoyodio", "content": ": \u65b0\u5317\u65e5\u5e38"}, {"type": 0, "id": "stvn2567", "content": ": \u96fb\u706b\u7403\u963f\u5317\u7576\u9078\u5c31\u4e0d\u6703\u9019\u6a23\u4e86"}, {"type": 1, "id": "arakikawa", "content": ": \u53d7\u649e\u56b4\u91cd"}, {"type": 0, "id": "oristt1", "content": ": \u8eab\u5fc3\u53d7\u649e\u662f\u5728\u5beb\u4ec0\u9ebc\u9b3c\u3002"}, {"type": 0, "id": "oristt1", "content": ": \u624b\u96fb\u6876\u6572\u5230\u662f\u4e0d\u662f"}, {"type": -1, "id": "sanae0307", "content": ": \u8eab\u5fc3\u53d7\u649e\uff1f\u6821\u7a3f\u90fd\u4e0d\u7528\u4e86\u662f\u5427"}, {"type": 1, "id": "actuy", "content": ": \u6c92\u932f\u554a \u88ab\u8001\u7238\u649e"}, {"type": 1, "id": "b258963147", "content": ": \u8eab\u5fc3\u53d7\u649e\uff08\u7269\u7406"}, {"type": 1, "id": "Recard109", "content": ": \u5e6b\u5973\u5152\u6aa2\u67e5\u6d1e\u6d1e\u88e1\u9762\u6709\u6c92\u6709\u9ad2\u6771\u897f\u932f\u4e86"}, {"type": 0, "id": "Recard109", "content": ": \u55ce"}, {"type": 1, "id": "pikakami", "content": ": \u65b0\u5317"}, {"type": -1, "id": "aliown", "content": ": \u6aa2\u67e5\u5973\u5152\u6d17\u6fa1\u662f\u5426\u4e7e\u6de8\u6709\u932f\u55ce"}, {"type": 0, "id": "cabemet", "content": ": \u61c9\u8a72\u5241\u624b\u6307 \u5641\u5fc3"}, {"type": 1, "id": "je321654", "content": ": \u5730\u65b9\u6b63\u78ba"}, {"type": -1, "id": "HOLLYQOO", "content": ": \u5e79\u4f60\u5a188\u6b72\u4f60\u4e0b\u7684\u4e86\u624b.\u4eba\u6e23\u4e5f\u8981\u6709\u500b\u9650\u5ea6"}, {"type": 1, "id": "t0455453", "content": ": \u4e0a\u9762\u90fd\u8a72\u7f88\u62bc"}, {"type": 0, "id": "Insania", "content": ": \u9019\u9ebc\u611b\u770b\u4e0d\u6703\u5b78\u745c\u73c8\u770b\u81ea\u5df1\u5c41\u773c\u5594..."}, {"type": 1, "id": "bc015128", "content": ": \u53f0\u7537\u65e5\u5e38"}, {"type": 1, "id": "longkiss0618", "content": ": \u53c8\u662f\u65b0\u5317"}, {"type": 1, "id": "sc85508", "content": ": \u65b0\u5317\u4eba\u5c31\u611b\u9019\u4e00\u5473"}, {"type": 1, "id": "coolrgin", "content": ": \u9b3c\u7236\u7378\u7236\u54ea\u500b\u53b2\u5bb3"}, {"type": 1, "id": "Chuhar", "content": ": ....."}, {"type": 1, "id": "fcuhua", "content": ": \u53c8\u662f\u65b0\u5317"}, {"type": 0, "id": "kenndy", "content": ": \u65b0\u5317\u6b63\u78ba"}, {"type": 0, "id": "sado0079", "content": ": \u65b0\u5317\u4e0dey"}, {"type": 1, "id": "tonist9808", "content": ": \u5148\u770b\u5730\u5340 \u963f\u6c92\u4e8b\u4e86"}, {"type": -1, "id": "sonyabear", "content": ": \u5973\u5152\u4e5f\u53ef\u4ee5\u62ff\u624b\u96fb\u7b52\u770b\u7238\u7238\u4e0b\u9762\u554a\uff1f"}, {"type": 1, "id": "annishot", "content": ": \u90fd\u90a3\u9ebc\u591a\u5152\u7ae5\u88ab\u6027\u4fb5\u4e86\uff0c\u7acb\u59d4\u4f55\u6642\u4fee\u6cd5\u963f"}, {"type": 0, "id": "dlshao", "content": ": \u4e00\u5e74...."}, {"type": -1, "id": "simple30", "content": ": \u771f\u5641"}], "post_ip": "114.136.179.18", "post_content": "\n1.\u5a92\u9ad4\u4f86\u6e90: \u806f\u5408\u5831\n2.\u8a18\u8005\u7f72\u540d: \u9673\u4fca\u667a\n3.\u5b8c\u6574\u65b0\u805e\u6a19\u984c: \u72fc\u7236\u591c\u88e1\u5077\u6478\u5973\u5152\u4e0b\u9ad4 \u70ba\u4e86\u770b\u6e05\u695a\u9084\u62ff\u624b\u96fb\u7b52\u7167\n4.\u5b8c\u6574\u65b0\u805e\u5167\u6587:\n\n\u65b0\u5317\u4e00\u540d\u7236\u89aa\u660e\u77e5\u5973\u5152\u53ea\u67098\u6b72\uff0c\u537b\u8d81\u665a\u4e0a\u7761\u89ba\u6642\u5077\u6478\u4e0b\u9ad4\uff0c\u800c\u4e14\u70ba\u4e86\u770b\u5f97\u66f4\u6e05\u695a\uff0c\u9084\u62ff\n\u624b\u96fb\u7b52\u7167\uff0c\u60e1\u884c\u5c0e\u81f4\u5973\u5152\u8eab\u5fc3\u53d7\u649e\u56b4\u91cd\uff0c\u4eca\u5929\u88ab\u65b0\u5317\u5730\u9662\u4f9d\u4e58\u6a5f\u7325\u893b\u7f6a\u5224\u52111\u5e748\u6708\u3002\u5168\u6848\n\u53ef\u4e0a\u8a34\u3002\n\n\u5224\u6c7a\u6307\u51fa\uff0c\u88ab\u5bb3\u5973\u7ae52012\u5e748\u6708\u9996\u6b21\u9047\u5bb3\uff0c\u96d6\u5bdf\u89ba\u7570\u72c0\u9a5a\u9192\uff0c\u4f46\u56e0\u70ba\u5bb3\u6015\uff0c\u6240\u4ee5\u9078\u64c7\u88dd\u7761\n\uff0c\u4e0d\u6562\u8b93\u7236\u89aa\u77e5\u9053\uff0c\u672a\u6599\u5c0d\u65b9\u5f97\u5bf8\u9032\u5c3a\uff0c\u518d\u72af\u6642\u9084\u62ff\u624b\u96fb\u7b52\u8fd1\u8ddd\u96e2\u7167\u5c04\u5176\u4e0b\u9ad4\uff1b\u5973\u7ae5\u5f8c\u4f86\n\u8eab\u5fc3\u53d7\u5275\uff0c\u53ea\u8981\u56de\u60f3\u8d77\u7d93\u904e\uff0c\u5c31\u6703\u60c5\u7dd2\u6fc0\u52d5\u54ed\u6ce3\uff0c\u4e8b\u9694\u591a\u5e74\u4ecd\u7121\u6cd5\u653e\u4e0b\uff0c\u6700\u5f8c\u5728\u524d\u5e74\u63d0\u544a\n\u3002\n\n\u6848\u767c\u5f8c\uff0c\u7236\u89aa\u88ab\u63a7\u983b\u7e41\u72af\u6848\uff0c\u4f46\u4ed6\u53ea\u8a8d2\u6b21\uff0c\u8faf\u7a31\u60f3\u8ddf\u5973\u5152\u89aa\u8fd1\u624d\u505a\u51fa\u9019\u7a2e\u884c\u70ba\uff0c\u6700\u5f8c\u88ab\n\u6aa2\u65b9\u8d77\u8a34\u3002\n\n\u6cd5\u9662\u8a8d\u70ba\u7236\u89aa\u884c\u70ba\u9020\u6210\u5973\u7ae5\u8eab\u5fc3\u53d7\u5275\u56b4\u91cd\uff0c\u81f3\u4eca\u672a\u80fd\u53d6\u5f97\u5973\u7ae5\u539f\u8ad2\u4e26\u9054\u6210\u548c\u89e3\uff0c\u518d\u52a0\u4e0a\u5973\n\u7ae5\u7576\u5ead\u8868\u793a\u5e0c\u671b\u7d66\u4e88\u7236\u89aa\u9069\u7576\u5211\u5ea6\uff0c\u900f\u904e\u53f8\u6cd5\u518d\u6559\u80b2\u6539\u6b63\u5176\u932f\u8aa4\u60f3\u6cd5\uff0c\u6700\u5f8c\u5be9\u914c\u5176\u72af\u884c\u5f8c\n\u91cf\u5211\u3002\n\n5.\u5b8c\u6574\u65b0\u805e\u9023\u7d50 (\u6216\u77ed\u7db2\u5740): https://udn.com/news/story/7317/3997290\n6.\u5099\u8a3b:\n\n--\n\u4e0d\u5728\u4e4e\u4eba\u547d \u53ea\u5728\u4e4e\u653f\u6b0a\n\u5510\u5c71\u5927\u5730\u9707 \u723d\u5566 \u66b4\u653f\u5fc5\u4ea1\n\u4e2d\u570b\u8840\u8165\u93ae\u58d3\u9999\u6e2f \u723d\u5566 \u7e3d\u7d71\u9078\u8209\u8d0f\u5b9a\u4e86\n\n--\n"}