{"ptt_id": "Vincent6964", "post_url": "https://www.ptt.cc/bbs/Gossiping/M.1567180339.A.1E6.html", "post_type": "\u554f\u5366", "post_title": "\u6e2f\u7247\u88e1\u7684\u8b66\u5bdf\u8ddf\u73fe\u5be6\u88e1\u7684\u6e2f\u8b66\u662f\u4e0d\u662f", "post_time": "2019-08-30 23:52:17", "post_score": 3, "post_pushes": [{"type": 0, "id": "TPDC", "content": ": \u90a3\u500b\u4e0d\u662f\u6e2f\u8b66 \u5176\u5be6\u662f\u4e2d\u570b\u6b66\u8b66(X"}, {"type": 1, "id": "ht91008", "content": ": https://i.imgur.com/cE9ejk2.jpg"}, {"type": 0, "id": "winglight", "content": ": \u56de\u6b78\u524d VS \u56de\u6b78\u5f8c"}, {"type": 1, "id": "heliotropism", "content": ": \u96fb\u5f71\u7684cia\u8ddf\u73fe\u5be6\u7684cia\u5dee\u591a\u5c11\uff1f"}, {"type": 0, "id": "ARCHER2234", "content": ": \u96fb\u5f71\u4e2d\u9ed1\u8b66\u66f4\u591a\u554a"}, {"type": 1, "id": "psampras", "content": ": \u6e2f\u8b66\u6211\u53ea\u60f3\u5230\u5442\u6a02\uff1a\u5916\u9762\u9019\u9ebc\u4e82\u5c31\u662f\u6c92\u6709"}], "post_ip": "110.26.8.214", "post_content": "\n\u6709\u4ec0\u9ebc\u6211\u5011\u4e0d\u77e5\u9053\u7684\u8aa4\u6703\n\n\u8aaa\u5230\u6e2f\u8b66\n\u5c31\u6703\u60f3\u5230\u6b63\u7fa9\n\u60f3\u5230\u5e25\n\u60f3\u5230\u90ed\u5bcc\u57ce\n\u6881\u671d\u5049\n\u5289\u5fb7\u83ef\n\u60f3\u5230\u5ec9\u653f\u516c\u7f72\n\n\u53ef\u662f\n\u5f8c\u4f86\n\u600e\u9ebc\u6703\u5448\u73fe\u9019\u7a2e\u6e2f\u8b66\u7834\u58de\u4e86\u6211\u5011\u5c0d\u6e2f\u8b66\u7684\u5370\u8c61\n\n--\n"}