{"ptt_id": "sunkiss5566", "post_url": "https://www.ptt.cc/bbs/Gossiping/M.1570458652.A.970.html", "post_type": "\u554f\u5366", "post_title": "\u80a5\u5b85\u5152\u6703\u4fee\u9f3b\u6bdb\u55ce0.0", "post_time": "2019-10-07 22:30:50", "post_score": 3, "post_pushes": [{"type": 0, "id": "gamania0515", "content": ": \u670b\u53cb\u6703\u3107"}, {"type": 1, "id": "JustWinslow", "content": ": \u4e09\u6a13\u5e6b\u4e94\u6a13\u4fee\u809b\u6bdb"}, {"type": 0, "id": "Friend5566", "content": ": \u4e94\u6a13\u90fd\u6703\u5e6b\u611b\u6ecb\u7532\u7537\u6709\u7528\u5634\u5df4\u4fee\u9670\u6bdb"}, {"type": 1, "id": "johnwu", "content": ": \u76f4\u63a5\u62d4\u8d85\u723dder\u5566"}, {"type": 0, "id": "actuy", "content": ": \u5076\u90fd\u7528\u706b\u71d2"}, {"type": 1, "id": "drai", "content": ": \u9f3b\u6bdb\u6709\u518d\u9577\u9577\u3109\u3107=="}], "post_ip": "101.137.191.63", "post_content": "\n\u80a5\u5b85\u665a\u4e0a\u53bb\u904b\u52d5\n\n\u7a81\u7136\u89ba\u5f97\u9f3b\u5b50\u597d\u7662\n\n\u5728\u5916\u982d\u6473\u5f88\u6015\u6703\u6d41\u6e6f\n\n\n\u525b\u525b\u56de\u4f86\u7167\u93e1\u5b50\n\n\u539f\u4f86\u662f\u9f3b\u6bdb\u9577\u9577\u60f9\n\n\u8d95\u7dca\u4fee\u4e00\u4e0b\u9f3b\u6bdb\n\n\n\u9f3b\u6bdb\u600e\u9ebc\u9577\u90a3\u9ebc\u5feb\n\n\u8981\u5e38\u5e38\u4fee\n\n\n\u80a5\u5b85\u5152\u6703\u4fee\u9f3b\u6bdb\u55ce\n\n\u7518\u4e94\u516b\u5366\n\n0.0\n\n--\n"}