{"ptt_id": "loveup", "post_url": "https://www.ptt.cc/bbs/Gossiping/M.1563879622.A.195.html", "post_type": "\u554f\u5366", "post_title": "\u8ce3\u4ec0\u9ebc\u6bdb\u5229\u6bd4\u8f03\u9ad8", "post_time": "2019-07-23 19:00:19", "post_score": 5, "post_pushes": [{"type": 0, "id": "tyrande", "content": ": \u5927\u51b0\u5976"}, {"type": 1, "id": "z954008", "content": ": \u7576\u8ce3\u83dc\u7684"}, {"type": 1, "id": "CREA", "content": ": \u4e94\u6a13\u8ce3\u5c41\u80a1"}, {"type": 0, "id": "potionx", "content": ": \u5047\u982d\u6bdb"}, {"type": -1, "id": "kneehanpain", "content": ": \u4e94\u6a13\u8ce3\u5c41\u80a1"}, {"type": 0, "id": "Wolverin5566", "content": ": \u6bdb\u5229\u5c0f\u4e94\u90ce"}, {"type": 0, "id": "ArSaBuLu", "content": ": \u5c0f\u4e94\u90ce"}, {"type": 0, "id": "kent", "content": ": \u4e94\u6a13\u5614\u5614\u5614\u5614\u5614\u5614"}, {"type": 0, "id": "thegreatlcx", "content": ": \u4e94\u6a13\u591a\u5c11"}, {"type": 0, "id": "CREA", "content": ": \u4e94\u6a13\u771f\u5641\u5fc3"}, {"type": 0, "id": "Wolverin5566", "content": ": \u4e94\u6a13\u4e00\u6b2120\u55ce"}, {"type": 0, "id": "scum5566", "content": ": \u8ce3\u4e00\u689d\u8cfa\u4e00\u689d\u5c31\u89ba\u5f97\u8d85\u8cfa??XDDDDDDD"}, {"type": 1, "id": "beyondthee", "content": ": \u8ce3\u7159"}, {"type": 0, "id": "execute", "content": ": https://reurl.cc/yqqQD"}, {"type": 1, "id": "pbs1004", "content": ": \u6bdb\u5229\u862d"}, {"type": -1, "id": "whiteadam", "content": ": 5f\u591a\u5c11\u9322??????????"}, {"type": -1, "id": "rainshow", "content": ": \u8ce3\u83f8"}, {"type": 1, "id": "cystal", "content": ": \u8521\u82f1\u6587\u9019\u55ae\u62bd\u591a\u5c11"}, {"type": 1, "id": "Niubert", "content": ": \u8ce3\u8fb2\u820d"}, {"type": 0, "id": "fish10241", "content": ": \u572817\u4e16\u7d00\uff0c\u8ce3\u4e00\u689d\u624d\u8cfa\u4e00\u689d\u6c92\u4eba\u8981\u8dd1"}, {"type": 1, "id": "CODDDD", "content": ": \u6c11\u4e3b\u9999\u8178"}, {"type": 1, "id": "DarkHolbach", "content": ": \u6bd2\u54c1"}, {"type": -1, "id": "w1989666", "content": ": \u5c0f\u4e94\u90ce"}, {"type": 0, "id": "notforme", "content": ": \u96de\u6392"}, {"type": 0, "id": "p49999", "content": ": \u4e94\u6a13\u5614\u5614\u5614\u5614\u5614\u5614\u5614"}, {"type": 0, "id": "gg3b05566", "content": ": \u8ce3\u83dc\u90ce\u9078\u6211"}, {"type": 1, "id": "cherish968", "content": ": \u7c73\u7530\u5171\u5427 \u53ef\u81ea\u7522\u81ea\u92b7"}], "post_ip": "61.216.178.91", "post_content": "\n\u9664\u4e86\u8ce3\u5668\u5b98  \u8ce3\u6bd2\u54c1 \u6211\u89ba\u5f97\u8ce3\u79c1\u83f8\u8d85\u597d\u8cfa\n\n\u8ce3\u4e00\u689d\u8cfa\u4e00\u689d\n\n\u6839\u672c\u662f\u767c\u8ca1\u5916\u4ea4   \u98db\u6a5f\u51fa\u7684\u53bb \u79c1\u83f8\u9032\u5f97\u4f86 XXX\u767c\u5927\u8ca1\n\n\u9019\u5c31\u662f\u62da\u7d93\u6fdf\u62c9   \u53cd\u89c0\u6700\u4e0b\u5c64\u7684\u611a\u6c11\u9084\u5728\u70ba\u5169\u500b\u62c9\u57fa\u9ee8\u5435\u7ffb\u5929\n\n\u4e0a\u5c64\u7684\u4eba\u90fd\u723d\u723d\u904e\u9023\u9019\u9ede\u9322\u90fd\u8981\u8caa  \u771f\u7684\u6709\u5920\u667a\u969c\n\n--\n\u5916\u4ea4\u9760\u5ddd\u666e \u9023\u4efb\u9760\u55c6\u4e2d \u5167\u653f\u653e\u6c34\u6d41  \u552f\u6211\u82f1\u7687\u6587\u6210\u6b66\u5fb7\n\n--\n"}