{"ptt_id": "EmeraldAZ", "post_url": "https://www.ptt.cc/bbs/Gossiping/M.1569408669.A.310.html", "post_type": "\u554f\u5366", "post_title": "\u5c0f\u7a79\u600e\u9ebc\u5728\u4e0a\u9762>< (\u5c0f\u7a79\u9663\u7dda)", "post_time": "2019-09-25 18:51:05", "post_score": 1, "post_pushes": [{"type": 0, "id": "layu19920414", "content": ": \u4e94\u6a13\u662f\u5c0f\u7a79\u9663\u7dda\u809b\u4ea4\u5217\u8eca\u7684\u982d"}, {"type": -1, "id": "SonyXperiaZ3", "content": ": \u5c0f\u7a79\u90fd\u8db4\u5728\u6211\u8eab\u9ad4\u4e0a\u9762\u808f\u6211><"}, {"type": -1, "id": "dsfrf", "content": ": \u5c0f\u7a79\u4e0a\u9762\u9ed1\u9ed1\u7684\uff0c\u591a\u4e45\u6c92\u6709\u6e05\u6f54\u5695\u3002"}, {"type": 1, "id": "Benbenyale", "content": ": \u652f\u6301\u5c0f\u7aae"}, {"type": 1, "id": "cailoveyou", "content": ": \u70ba\u4e86\u8eb2\u90a3\u500b\u6b7b\u5149\u982d\u554a"}, {"type": 1, "id": "rickey1270", "content": ": \u5c0f\u7a79\u53ef\u611b"}], "post_ip": "39.10.158.118", "post_content": "\n\n\u5982\u984c\n\n\u4e4b\u524d\u6709\u75db\u8eca\u7684\u6642\u5019\u771f\u7684\u5f88\u7528\u5fc3><\n\n\u9023\u5929\u82b1\u677f\u90fd\u6709\u5c0f\u7a79\u5728\u770b\u8457\u5927\u5bb6><\n\nhttp://i.imgur.com/F0Y7wvu.jpg\n\n\u9019\u6a23\u61c9\u8a72\u6c92\u6709\u4eba\u6562\u5728\u8eca\u5167\u9055\u898f\u5427><\n\n\u5c0f\u7a79\u53ef\u611b>///<\n\n\u6709\u6c92\u6709\u4fef\u8996\u7684\u516b\u5366\uff1f\n\n\n\n\n\n--\nhttps://i.imgur.com/jjqQTco.jpg https://i.imgur.com/TJv0p7u.jpg\nhttps://i.imgur.com/jHW9ddk.jpg https://i.imgur.com/BvUFzQQ.png\nhttps://i.imgur.com/7jm8Q62.png https://i.imgur.com/Nuzd8Ni.png\nhttps://i.imgur.com/iOWSJV9.png https://i.imgur.com/iphD44Y.jpg\nhttps://i.imgur.com/Q5Ou4NA.jpg https://i.imgur.com/sxa50L7.png\nhttps://i.imgur.com/nZmU3Ea.jpg https://i.imgur.com/utUPaZG.jpg\n\n--\n\u203b \u7de8\u8f2f: EmeraldAZ (39.10.158.118 \u81fa\u7063), 09/25/2019 18:51:28\n"}