{"ptt_id": "spirit119", "post_url": "https://www.ptt.cc/bbs/Gossiping/M.1569126448.A.B86.html", "post_type": "\u554f\u5366", "post_title": "\u5728\u76e3\u7344\u88e1\u600e\u9ebc\u6253\u624b\u69cd", "post_time": "2019-09-22 12:27:26", "post_score": 16, "post_pushes": [{"type": 1, "id": "Ericz7000", "content": ": \u76f4\u63a5\u809b\u5ba4\u53cb\u554a"}, {"type": 0, "id": "kent", "content": ": \u5169\u5169\u4e92\u52a9"}, {"type": 0, "id": "gaym19", "content": ": \u4e00\u8d77\u5c3b\u554a"}, {"type": 0, "id": "j121369730", "content": ": \u84cb"}, {"type": 0, "id": "zukidelko", "content": ": \u4e94\u6a13\u90fd\u7528\u809b\u9580\u5e6b\u5ba4\u53cb\u89e3\u6c7a\u9700\u6c42"}, {"type": 0, "id": "Yude0109", "content": ": \u4e94\u6a13\u8077\u696d\u53e3\u5929\u4f7f"}, {"type": 1, "id": "carlosleegg", "content": ": 5\u6a13\u5049\u5927"}, {"type": 1, "id": "kiminocodo", "content": ": \u597d\u60f3\u8981\u70ba\u4e86\u4e94\u6a13\u9032\u76e3\u7344\u2026"}, {"type": 1, "id": "ohrring", "content": ": \u4e94\u6a13\u597d\u4eba\u597d\u4e8b\u4ee3\u8868\u8b9a\u8b9a\u8b9a\u8b9a\u8b9a\u8b9a\u8b9a"}, {"type": -1, "id": "Lenney33", "content": ": \u4e94\u6a13\u5641"}, {"type": 0, "id": "ohrring", "content": ": \u4e94\u6a13\u5bc4\u4e86\u56de\u6211"}, {"type": 1, "id": "guhong", "content": ": \u5728\u76e3\u7344\u4e2d\u4e0d\u5920\u5f37\u58ef\u7684\u7537\u6027\u90fd\u7576\u5973\u6027\u4f7f\u7528"}, {"type": 1, "id": "icehorng", "content": ": \u5ba4\u53cb\u90fd\u6703\u5e6b\u5fd9\u901f"}, {"type": 1, "id": "ghost90331", "content": ": \u5614\u5614\u5614\u5614\u5614"}, {"type": 1, "id": "keyman2", "content": ": \u7262\u5167\u4e92\u6253"}, {"type": 1, "id": "OOQ", "content": ": \u4e94\u6a13\u809b\u5929\u4f7f"}, {"type": 1, "id": "uohZemllac", "content": ": \u4e94\u6a13\u72a7\u7272\u5949\u737b\u4ee4\u4eba\u52d5\u5bb9"}, {"type": 1, "id": "kid80618", "content": ": 5\u6a13\u5614\u5614\u5614"}, {"type": 1, "id": "rul284dl", "content": ": \u4e94\u6a13\u771f\u5049\u5927"}, {"type": 1, "id": "luismars", "content": ": \u4e09\u6241\u4e0d\u5982\u4e00\u5713"}, {"type": 1, "id": "EggAcme", "content": ": \u807d\u670b\u53cb\u8aaa \u61c9\u8a72\u662f\u8e72\u5728\u99ac\u6876\u90a3\u908a\u6253"}, {"type": 0, "id": "EggAcme", "content": ": \u53cd\u6b63\u4f60\u4e0a\u5ec1\u6240\u4e5f\u662f\u5927\u5bb6\u90fd\u770b\u5f97\u5230"}, {"type": -1, "id": "frog1104ya", "content": ": \u6642\u5f8c"}, {"type": 0, "id": "loadingN", "content": ": \u4e92\u809b"}, {"type": 1, "id": "upoo", "content": ": \u76f4\u63a5\u5c3b \u5728\u88e1\u9762\u4e0d\u5c3b\u624d\u6703\u88ab\u61f7\u7591\u6709\u554f\u984c"}, {"type": 1, "id": "x007", "content": ": \u5169\u5169\u76f8\u52a9"}, {"type": 1, "id": "liupenny", "content": ": \u8a8d\u771f\u56de \u5728\u6c34\u623f\u6253\u6709\u77ee\u7246\u64cb\u8457\uff0c\u4e0d\u904e\u5927\u5bb6\u90fd"}, {"type": 0, "id": "liupenny", "content": ": \u77e5\u9053"}, {"type": 0, "id": "good90150", "content": ": \u6c34\u623f\u8e72\u5ec1\u6240\u770b\u69cd\u672c\u6253\u963f"}, {"type": 1, "id": "CN091118", "content": ": \u69cd\u672c\u6b63\u89e3 \u53ea\u662f\u90fd\u770b\u5230\u81a9\u4e86"}], "post_ip": "39.8.134.194", "post_content": "\n\u9664\u4e86\u7368\u5c45\u623f\u4ee5\u5916\uff0c\u76e3\u7344\u61c9\u8a72\u662f\u591a\u4eba\u4e00\u9593\uff0c\u90a3\u611f\u89ba\u4f86\u7684\u6642\u5019\u600e\u9ebc\u6253\u624b\u6436\uff1f\n\u8981\u8868\u6f14\u7d66\u6240\u6709\u4eba\u770b\u8036\uff0c\u6703\u4e0d\u6703\u5f88\u5c37\u5c2c\n\n--\n\nhttps://www.ptt.cc/bbs/Gossiping/M.1569126448.A.B86.html\n=====================================\n=====================================\n\u611f\u8b1d\u89e3\u60d1\n\u6b64\u8a71\u600e\u8b1b\n\u6c34\u623f\u662f\u4ec0\u9ebc\n\u203b \u7de8\u8f2f: spirit119 (39.8.134.194 \u81fa\u7063), 09/22/2019 16:49:43\n"}