{"ptt_id": "Justapig", "post_url": "https://www.ptt.cc/bbs/Gossiping/M.1563355896.A.AFF.html", "post_type": "\u554f\u5366", "post_title": "\u4ec0\u9ebc\u4eba\u624d\u6709\u8fa6\u6cd5\u5728\u516c\u8eca\u4e0a\u95b1\u8b80", "post_time": "2019-07-17 17:31:34", "post_score": 3, "post_pushes": [{"type": 0, "id": "VVizZ", "content": ": \u6211\u8001\u5a46"}, {"type": -1, "id": "zold", "content": ": \u88dd"}, {"type": -1, "id": "Roooz", "content": ": \u5f88\u9592\u7684\u4eba"}, {"type": 1, "id": "tw88", "content": ": Taipei city Mayer"}, {"type": 0, "id": "silent328kn", "content": ": \u9632\u8eca\u9707"}, {"type": 0, "id": "js52666", "content": ": \u4e94\u6a13\u90fd\u5728\u516c\u8eca\u4e0a\u958b\u64f4\u97f3\u770bGay\u3106\u3127\u3122\u02cb"}, {"type": 1, "id": "nacy204327", "content": ": \u901a\u5e38\u90fd\u662f\u6b50\u5df4\u6851"}, {"type": 0, "id": "wu19911009", "content": ": \u4ed6\u5011\u7684\u66f8\u90fd\u6709\u5149\u5b78\u9632\u8eca\u9707\u7684\u6280\u8853\u963f"}, {"type": 1, "id": "liang691206", "content": ": \u4e0d\u662f\u770b\u66f8 \u662f\u8981\u88ab\u4eba\u770b\u5230\u770b\u66f8"}, {"type": 1, "id": "masterbation", "content": ": \u4e0b\u79ae\u62dc\u8003\u8a66\u4f46\u662f\u4ec0\u9ebc\u90fd\u9084\u6c92\u8b80\u7684"}, {"type": 0, "id": "sesame307", "content": ": \u6703\u5410\u6b7b"}, {"type": 1, "id": "nadiaInochi", "content": ": \u65e5\u672c\u6587\u5eab\u672c\u5c31\u662f\u505a\u6210\u96a8\u6642\u53ef\u4ee5\u770b\u7684\u5c3a\u5bf8"}, {"type": 0, "id": "nadiaInochi", "content": ": \u6703\u4e0d\u6703\u5410\u662f\u770b\u4eba\uff0c\u770b\u66f8\u4e0d\u884c\u5c31\u5212\u624b\u6a5f\u6216"}, {"type": 0, "id": "nadiaInochi", "content": ": \u807d\u97f3\u6a02"}], "post_ip": "175.97.3.143", "post_content": "\n\n\u80a5\u5b85\u6211\u51fa\u8eca\u798d\n\u9019\u5e7e\u5929\u8eca\u5b50\u5728\u4fee\u7406\u5566\n\n\u6c92\u8fa6\u6cd5\u554a\u53ea\u597d\u642d\u516c\u8eca\u53bb\u6253\u5de5\n\u60f3\u8aaa\u4e0d\u6d6a\u8cbb\u6642\u9593\n\u8981\u5728\u8eca\u4e0a\u770b\u4e00\u9ede\u66f8\n\n\u7d50\u679c\u66f8\u90fd\u9084\u4e0d\u7528\u62ff\u51fa\u4f86\n\u8eca\u5b50\u7684\u9707\u52d5\u5c31\u5920\u6211\u6688\u6b7b\u4e86\n\u9023\u62ff\u624b\u6a5f\u51fa\u4f86\u770b\u90fd\u6c92\u8fa6\u6cd5\n\n\u5230\u5e95\u8981\u600e\u6a23\u5929\u8ce6\u7570\u7a1f\u7684\u4eba\u624d\u53ef\u4ee5\u5728\u516c\u8eca\u4e0a\u95b1\u8b80\u554a\n\u6709\u6c92\u6709\u76f8\u95dc\u516b\u5366\n\n--\n"}