{"ptt_id": "nt880245", "post_url": "https://www.ptt.cc/bbs/Gossiping/M.1566747135.A.E5C.html", "post_type": "\u554f\u5366", "post_title": "\u8214\u7684\u6bd4\u8f03\u5c11\u5c31\u6c92\u4e8b\u4e86\uff1f", "post_time": "2019-08-25 23:32:13", "post_score": -3, "post_pushes": [{"type": -1, "id": "Phimosis373", "content": ": \u67ef\u7cde\u5403\u5c4e"}, {"type": 0, "id": "harry881210", "content": ": \u6709\u53f0\u7063\u50f9\u503c\u7684\u53ef\u4ee5\u8214\u51b0\u68d2 \u6c92\u6709\u7684\u4e0d\u884c"}, {"type": -1, "id": "Sinkage", "content": ": \u9084\u5728\u5d29\u6f70\u6b38"}, {"type": -1, "id": "generally", "content": ": \u4e0d\u662f\u3001\u662f\u770b\u570b\u53f0\u8fa6\u7f75\u8ab0\u5c31\u633a\u8ab0"}, {"type": 1, "id": "andy02", "content": ": \u61c9\u8a72\u8981\u5148\u770b\u8ab0\u7684\u53f0\u7063\u50f9\u503c\u6bd4\u8f03\u5920~"}, {"type": 0, "id": "wangsanmin", "content": ": \u770b\u54ea\u500b\u6709\u53f0\u7063\u50f9\u503c\u963f \u9084\u4e0d\u7c21\u55ae"}, {"type": 0, "id": "jimmy885", "content": ": \u908f\u8f2f\u932f\u8aa4\uff0c\u8981\u770b\u8214\u5b8c\u51b0\u68d2\u5f8c\u7684\u8868\u73fe"}, {"type": 1, "id": "fromia", "content": ": \u7b2c\u4e8c\u500b\u8214\u4e0d\u5230\u51b0\u68d2\uff0c\u6539\u5403\u5c4e"}, {"type": 1, "id": "hsshkisskiss", "content": ": \u8214\u56db\u6b21\u90a3\u500b\u6709\u53f0\u7063\u50f9\u503c\u8fa3"}, {"type": -1, "id": "NextStation", "content": ": \u4f60\u9019\u5047\u67ef\u7c89\uff0c\u7adf\u8aaa\u67ef\u5e2b\u7236\u8214\u5171\u8214\u4e86\u5341\u5e7e"}, {"type": 1, "id": "s505015", "content": ": \u770b\u6709\u6c92\u6709\u53f0\u7063\u50f9\u503c"}, {"type": 0, "id": "NextStation", "content": ": \u6b21"}, {"type": 1, "id": "hmt17", "content": ": \u53f0\u7063\u50f9\u503c\u9ee8\u8b49"}, {"type": 0, "id": "truegod000", "content": ": \u7d50\u679c\u6c92\u4eba\u5728\u610f\u4e00\u958b\u59cb\u628a\u51b0\u68d2\u542b\u9032\u53bb\u7684\u4eba"}, {"type": 0, "id": "awdxabc295", "content": ": \u54c8\u54c81450\u7da0\u755c\u72c2\u5653\u731b\u5653"}, {"type": 1, "id": "purplvampire", "content": ": \u4f60\u8a8d\u70ba\u5077\u7aca\u6703\u600e\u9ebc\u5224?"}, {"type": 0, "id": "a19851106", "content": ": wwwwwwwwwwwwww"}, {"type": 0, "id": "chunglee", "content": ": \u53e6\u4e00\u500b\u6c92\u8214\uff0c\u8209\u4f8b\u932f\u8aa4"}, {"type": 0, "id": "SiaoHan", "content": ":  https://i.imgur.com/xVC6zCH.jpg"}, {"type": 0, "id": "excia", "content": ": \u4f60\u4e7e\u8106\u8aaa\u5168\u53f0\u7063\u6709\u8ddf\u8521\u884d\u660e\u8aaa\u904e\u8a71\u7684\u4eba\u90fd\u8214\u904e"}, {"type": 0, "id": "excia", "content": ": \u90a3\u6839\u51b0\u68d2\u5566"}, {"type": 0, "id": "SiaoHan", "content": ":  https://i.imgur.com/DnLOwCa.jpg"}, {"type": -1, "id": "NextStation", "content": ": \u91cd\u9ede\u662f\u67ef\u7cde\u627f\u8a8d\u67ef\u8214\u5171\uff0c\u6eab\u99a8"}, {"type": -1, "id": "librainsky", "content": ": \u79d1\u5b78\u5bb6\u908f\u8f2f"}, {"type": -1, "id": "Zeelandia", "content": ": \u4f60\u8aaa\u8ab0\u821410\u6b21\uff1f\uff1f\uff1f\u7248\u4e3b\u5feb\u9358\u4e86\u4ed6"}, {"type": 0, "id": "ItsTimeToGo", "content": ": \u6211\u53ea\u770b\u5230\u4e00\u500b\u8ddf\u7f8e\u570b\u505a\u597d\u670b\u53cb\u7684"}, {"type": 0, "id": "inmatao", "content": ": \u54ce\u5466\uff0c\u4e4b\u524d\u8aaa\u65fa\u4e2d\u8aaa\u8b0a\u7684\u767d\u5171\u5011\uff0c\u73fe\u5728\u5012\u662f"}, {"type": 0, "id": "inmatao", "content": ": \u5f88\u76f8\u4fe1\u65fa\u4e2d\u5462~"}, {"type": 0, "id": "inmatao", "content": ": \u7d05\u5a92>\u611b\u53f0\u5a92\u9ad4>\u8aaa\u8b0a>\u5be6\u8a71\uff0c\u767d\u5171\u5011\u5fc3\u7d2f\u4e0d"}, {"type": 0, "id": "inmatao", "content": ": \u7d2f\u554a\uff1f"}, {"type": 0, "id": "chunglee", "content": ": \u7576\u7136\u7f75\u8214\u5341\u5e7e\u6b21\u90a3\u500b\uff0c\u56e0\u70ba\u90a3\u500b\u70ba\u4e86\u8214\u51b0"}, {"type": 0, "id": "chunglee", "content": ": \u68d2\u9084\u5831\u5099\u8f38\u8aa0\u3002"}, {"type": -1, "id": "sl11pman", "content": ": 9.25\u6bdb\u667a\u969c\u542b\u7c89\u85cd\u5171\u600e\u9ebc\u8b8a\u6210\u540c\u7fa9\u8a5e\u7684\uff1f"}, {"type": 1, "id": "fromia", "content": ": \u83f8\u7c89\u4e0d\u662f\u5f88\u611b\u770b\u72d7\u54ac\u72d7\uff1fXDD"}, {"type": 0, "id": "sl11pman", "content": ": 9.2\u8aaa\u9999\u6e2f\u66f8\u5546\u88ab\u7d81\u53bb\u4e2d\u570b\u662f\u5047\u65b0\u805e"}, {"type": 0, "id": "Westzone", "content": ": \u73fe\u5728\u767d\u5305\u7c89\u53c8\u4fe1\u65fa\u4e2d\u4e0d\u4fe1\u67ef\u5c41\u8b1b\u7684\u4e86.."}, {"type": 0, "id": "chunglee", "content": ": \u662f\u554a\uff0c\u770b\u72d7\u54ac\u72d7\uff0c\u67ef\u7c89\u8a8d\u8b49\u81ea\u5df1\u5e2b\u7236\u8214\u5171"}, {"type": 0, "id": "chunglee", "content": ": \u5341\u5e7e\u6b21\u9084\u597d\u610f\u601d\u554f\u8ab0\u8a72\u7f75"}, {"type": -1, "id": "shotakun", "content": ": \u767d\u7c89\u627f\u8a8d\u5e2b\u7236\u8214\u4e86\u5341\u5e7e\u6b21\uff0c\u53b2\u5bb3\u4e86"}, {"type": 0, "id": "shotakun", "content": ": \u800c\u4e14\u53e6\u4e00\u500b\u662f\u898b\u9762\u56db\u6b21\u53c8\u6c92\u8214\uff0c\u4e0d\u8981\u9020\u8b20"}, {"type": -1, "id": "vodkaisgood", "content": ": \u770b\u6709\u6c92\u6709\u7da0\u8272\u8b49\u4ef6"}, {"type": 1, "id": "kamener", "content": ": \u4e00\u500b\u6c92\u8214\u554a\uff0c\u817f\u958b\u958b\u800c\u5df2"}, {"type": 0, "id": "ab4daa", "content": ": \u8981\u770b\u6709\u6c92\u6709\u53f0\u7063\u50f9\u503c \u4e0d\u662f\u770b\u8214\u5e7e\u6b21"}, {"type": 0, "id": "pttha", "content": ": \u6709\u53f0\u7063\u50f9\u503c\u5c31\u53ef\u4ee5\u8214\u5171\u554a"}, {"type": -1, "id": "leehom309536", "content": ": \u641e\u7b11\u54e6"}], "post_ip": "110.26.226.191", "post_content": "\n\n\u4eca\u5929\u6709\u5169\u500b\u4eba\u770b\u4e0a\u5225\u4eba\u7684\u51b0\u68d2\n\n\u5176\u4e2d\u4e00\u500b\u4eba\u8214\u4e86\u5341\u5e7e\u6b21 \u8214\u5230\u6bd4\u8f03\u591a\u51b0\u68d2\n\n\u53e6\u4e00\u500b\u4eba  \u6dfb\u4e86\u56db\u6b21  \u4e0d\u904e\u820c\u982d\u77ed\u8214\u4e0d\u5230\u4ec0\u9ebc\u51b0\u68d2\n\n\u5f8c\u4f86\u88ab\u51b0\u68d2\u4e3b\u4eba\u767c\u73fe  \u7d50\u679c\u6703\u662f\n\n1.\u7f75\u7b2c\u4e00\u500b\u4eba\n\n2.\u7f75\u7b2c\u4e8c\u500b\u4eba\n\n3.\u5169\u500b\u90fd\u7f75\n\n\u9109\u6c11\u6703\u7f75\u8ab0\u5462\uff1f\n\n  \u6709\u516b\u5366\u55ce\uff1f\n\n\n-----\nSent from JPTT on my HTC_U-3u.\n\n--\n"}