{"ptt_id": "GoodElephant", "post_url": "https://www.ptt.cc/bbs/Gossiping/M.1570189420.A.ABB.html", "post_type": "\u554f\u5366", "post_title": "\u6709\u4eba\u77e5\u9053\u9019\u662f\u4ec0\u9ebc\u83cc\u7a2e\u7684\u9ef4\u83cc\u55ce\uff1f", "post_time": "2019-10-04 19:43:35", "post_score": 10, "post_pushes": [{"type": -1, "id": "i689tw", "content": ": \u9ed1\u677e\u9732\u6b38 \u4f60\u767c\u4e86"}, {"type": 0, "id": "benomy", "content": ": \u6a13\u4e0b\u5c41\u773c\u9577\u4e86\u4ec0\u9ebc\u6771\u897f\uff1f"}, {"type": 1, "id": "DOOHDLIHC", "content": ": \u512a\u6587"}, {"type": 1, "id": "bee0316", "content": ": \u90a3\u662f\u8d77\u53f8"}, {"type": 1, "id": "Ponimp", "content": ": \u624d\u5169\u5929484\u6709\u9ede\u626f"}, {"type": 0, "id": "Dreamer48763", "content": ": \u9bad\u9b5a\u9b06"}, {"type": 0, "id": "vdml", "content": ": \u8d77\u58eb\u7c89"}, {"type": 1, "id": "mvpdirk712", "content": ": \u525b\u716e\u597d\u7684\u98ef\u771f\u7684\u662f\u57f9\u990a\u7d30\u83cc\u7684\u597d\u6240\u5728"}, {"type": 1, "id": "bee0316", "content": ": \u4f60\u4f4f\u5728\u6f6e\u6fd5\u6d1e\u7a74\u5167\uff1f"}, {"type": 0, "id": "olalo", "content": ": \u7576\u4f60\u770b\u5f97\u5230\u8868\u9762\uff0c\u8868\u793a\u5e95\u4e0b\u65e9\u4f48\u6eff\u83cc\u7d72\u4e86\uff0c\u8ddf"}, {"type": 0, "id": "olalo", "content": ": \u6a39\u6839\u4e00\u6a23"}, {"type": 0, "id": "AioTakumi", "content": ": \u6316\u51fa\u4f86\u58d3\u4e00\u58d3\u5851\u578b\u518d\u719f\u6210\u5c31\u662f\u5207\u9054\u8d77\u53f8"}, {"type": 1, "id": "PaulPoPan", "content": ": \u660e\u592a\u5b50"}, {"type": 1, "id": "sunkiss5566", "content": ": \u597d\u626f"}, {"type": -1, "id": "joe199277", "content": ": \u5614\u5614\u5614\u5614\u5614\u5614\u5614"}, {"type": 1, "id": "amercedes", "content": ": \u9bad\u9b5a\u98ef\u597d\u5403"}, {"type": 1, "id": "DoRaFerly", "content": ": \u770b\u8d77\u4f86\u50cf\u9eb4\u83cc"}, {"type": 1, "id": "hayate232", "content": ": \u4e00\u822c\u4f86\u8aaa \u98ef\u8b8a\u9ec3\u5c31\u6975\u9650\u4e86"}, {"type": 0, "id": "hayate232", "content": ": \u4f60\u9084\u53ef\u4ee5\u8b93\u4ed6\u9577\u51fa\u4f86 \u771f\u7684\u731b"}, {"type": 0, "id": "GoodElephant", "content": ": \u8b8a\u9ec3\u662f\u4e7e\u6389 \u554f\u984c\u4ed6\u9084\u6c92\u4e7e\u554a"}, {"type": 0, "id": "fp737", "content": ": \u731b , \u771f\u6f02\u4eae"}, {"type": 0, "id": "tw2000", "content": ": \u9019\u53ef\u4ee5\u91c0\u7c73\u9152\u4e86\u5427\uff01XDDDDDDDD"}, {"type": 1, "id": "protonck", "content": ": \u5c31\u984f\u8272\u4f86\u770b \u6709\u9ede\u50cf\u7c89\u8272\u9eb5\u5305\u9ef4\u83cc Neurosp"}, {"type": 0, "id": "protonck", "content": ": ora crassa"}, {"type": 0, "id": "GoodElephant", "content": ": \u611f\u8b1d\u5c08\u696d\u7684 \u597d\u53b2\u5bb3"}, {"type": 0, "id": "GoodElephant", "content": ": \u554f\u554f\u4ed6\u53ef\u4ee5\u505a\u4ec0\u9ebc\u7528"}, {"type": 1, "id": "Janius", "content": ": \u660e\u592a\u5b50\u7092\u98ef\u8036\uff0c\u5403\u7684\u771f\u597d"}], "post_ip": "111.71.23.219", "post_content": "\nhttps://i.imgur.com/6i1p1hB.jpg\n\u5982\u5716\n\u5927\u6982\u5169\u5929\u524d\u98b1\u98a8\u5929\u716e\u7684\u98ef\n\u672c\u4f86\u60f3\u8aaa\u4e0d\u5403\u53ef\u60dc\n\u7d50\u679c\u731b\u7136\u4e00\u770b\u4e0a\u9762\u90fd\u662f\u9019\u6a58\u8272\u7684\u83cc\u7a2e\u4f54\u9818\u5728\u4e0a\u9762\n\u9019\u845b\u9084\u80fd\u5403\u55ce\uff1f\n\u4e1f\u6389\u597d\u6d6a\u8cbb\n\u6709\u6c92\u6709\u4eba\u77e5\u9053\u9019\u662f\u4ec0\u9ebc\u83cc\u7a2e\u7684\u9ef4\u83cc\u9084\u6a58\u8272\u7684\n\u6709\u516b\u5366\u55ce\uff1f\n-----\nSent from JPTT on my iPhone\n\n--\n \u4f5c\u8005  Adair1104 (Adair)                                      \u770b\u677f  WomenTalk \n \u6a19\u984c  [\u65b0\u805e] \u5973\u63a7\u6027\u4fb5\u5167\u8932\u6b98\u75592\u7537\u7cbe\u6591 \u5c31\u662f\u6c92\u6709\u88ab\u544a\u7684                          \n\u60c5\u617e\u6703\u79fb\u8f49\uff0c\u7cbe\u6db2\u6703\u6d41\u52d5\uff0c\u9019\u672c\u4f86\u5c31\u662f\u5e38\u8b58\n\u6d41\u554a\u6d41\u554a\u4e0d\u5c0f\u5fc3\u6d41\u5230\u5225\u7684\u5730\u65b9\uff0c\u5225\u7684\u5730\u65b9\u7684\u7cbe\u6db2\u518d\u6d41\u904e\u4f86\u4e5f\u5f88\u5408\u7406\n\u4f46\u6cd5\u9662\u4e0d\u50c5\u672a\u8003\u91cf\u5230\u9019\u500b\u57fa\u672c\u7269\u7406\u77e5\u8b58\uff0c\u4e5f\u672a\u8003\u91cf\u5230\u5973\u6027\u53d7\u50b7\u5bb3\u6642\u5019\u7684\u9632\u885b\u6a5f\u5236\n\u5be6\u5c6c\u7236\u6b0a  [\u7cbe\u83ef\u6458\u9304\u81ea #1QjTmEWQ (WomenTalk)]\n\n--\n\u9a19\u4eba \u660e\u660e\u662f\u6a58\u8272\u7684\n\u203b \u7de8\u8f2f: GoodElephant (111.71.23.219 \u81fa\u7063), 10/04/2019 19:44:51\n\u6211\u4e5f\u89ba\u5f97\u5f88\u795e\u5947 \u7684\u5e95\u600e\u9ebc\u8fa6\u5230\u7684\n\u203b \u7de8\u8f2f: GoodElephant (111.71.23.219 \u81fa\u7063), 10/04/2019 19:46:54\n\u50b3\u8aaa\u4e2d\u7684\u9ec3\u6a58\u6bd2\u7d20\u55ce\uff1f \u6015.jpg\n\u203b \u7de8\u8f2f: GoodElephant (111.71.23.219 \u81fa\u7063), 10/04/2019 20:00:40\n"}