{"ptt_id": "Luismth", "post_url": "https://www.ptt.cc/bbs/Gossiping/M.1564133003.A.396.html", "post_type": "\u554f\u5366", "post_title": "\u9019\u6b21\u7684\u79c1\u83f8\u5c60\u9f8d\u5c08\u6848 \u53ef\u4ee5\u62cd\u6210\u96fb\u5f71\u55ce", "post_time": "2019-07-26 17:23:21", "post_score": 31, "post_pushes": [{"type": 1, "id": "joe74509", "content": ": \u8d85\u7d1a \u8cb7"}, {"type": 0, "id": "VVizZ", "content": ": \u73ed\u827e\u4f5b\u5217\u514b\u4e3b\u6f14"}, {"type": 1, "id": "DogBe105", "content": ": \u8d85\u591a"}, {"type": 1, "id": "holyhelm", "content": ": \u54ea\u500b\u4e2d\u4e8c\u5728\u90a3\u908a\u53d6\u540d\u7684\u554a"}, {"type": 1, "id": "CCOOGG", "content": ": \u8d85\u5927\u5c3e"}, {"type": 1, "id": "CMPunk", "content": ": \u5efa\u8b70\u627e\u8c46\u5c0e\u62cd \u54c7\u9760 \u8eca\u4e0a\u6709\u83f8\u554a"}, {"type": 0, "id": "VVizZ", "content": ": \u6240\u4ee5\u5433\u5b97\u61b2\u662f\u9f8d\u561b"}, {"type": 1, "id": "chocoball", "content": ": \u5c31\u53eb\u8d85\u7d1a\u9f8d\u5427"}, {"type": 1, "id": "angraer", "content": ": \u627e\u9ed1\u91d1\u90a3\u500b\u5c0e\u6f14\u4f86\u62cd\u963f"}, {"type": 1, "id": "Tattos", "content": ": \u8d85\u8cb7\u5c08\u6848"}, {"type": -1, "id": "pttOwO", "content": ": \u79c1\u83f8?"}, {"type": 1, "id": "tianya3", "content": ": \u8d85\u8cb7\u8a08\u756b"}, {"type": 0, "id": "CCOOGG", "content": ": \u8d85\u7dca\u5f35"}, {"type": 1, "id": "turbomons", "content": ": \u9019\u689d\u9f8d\u662f\u6307\u8ab0?"}, {"type": 0, "id": "CCOOGG", "content": ": \u8d85\u591a\u4eba\u88ab\u95dc"}, {"type": 1, "id": "sam8921502", "content": ": \u98db\u6a5f\u4e0a\u6709\u83f8"}, {"type": 1, "id": "littleaoc", "content": ": \u64bf\u5230\u7159"}, {"type": 0, "id": "z2wen", "content": ": \u8d85\u8cb7\u98a8\u96f2\uff0c\u4e3b\u6f14\uff1a\u5c0f\u82f1"}, {"type": 1, "id": "bluegold", "content": ": \u592a\u8caa\u4e86 \u70ba\u4e86\u98db\u6a5f\u4e0a\u7684\u5e7e\u767e\u689d\u88ab\u6293"}, {"type": 1, "id": "gogob", "content": ": \u5982\u679c\u7d66\u6731\u5ef6\u5e73\u62cd\u6703\u662f\u4ec0\u9ebc\u6a23\u5b50"}, {"type": 0, "id": "wangsanmin", "content": ": https://reurl.cc/8Eedo \u96fb\u5f71\u6d77\u5831"}, {"type": 1, "id": "vodkalime607", "content": ": \u96fb\u5f71\u6f14\u5f88\u591a\u6b21\u4e86 FBI\u902e\u6355CIA\u4e4b\u985e\u7684~"}, {"type": 1, "id": "xds", "content": ": \u627e\u738b\u6676\u62cd\u624d\u6709\u9732\u5976\u5c0f\u6a21\u53ef\u4ee5\u770b"}, {"type": 1, "id": "schopan", "content": ": \u770b\u5230\u6d77\u5831\u7b11\u4e86"}, {"type": 0, "id": "CCOOGG", "content": ": \u5e6b\u4ee3\u8cfc \u8d85\u96d6\u5c0f"}, {"type": 1, "id": "chrisjeremy", "content": ": \u53ef\u4ee5 \u6539\u7de8\u4e00\u4e0b\u611f\u89ba\u883b\u7cbe\u5f69\u7684\uff0c\u628a\u7159\u63db"}, {"type": 0, "id": "chrisjeremy", "content": ": \u6210\u6bd2\u54c1\u6216\u8ecd\u706b\u6bd4\u8f03\u6709\u5f35\u529b"}, {"type": 0, "id": "piliwu", "content": ": \u4e0d\u53ef\u80fd\u624d\u5e7e\u767e\u842c\u7b11\u6b7b\u4eba"}, {"type": 1, "id": "Tenging", "content": ": \u617e\u671b\u8d85\u8cfc"}, {"type": 1, "id": "GLung", "content": ": \u4e94\u53f0\u8ca8\u8eca\u4e00\u500b\u5433\u5b97\u61b2\u52a0\u4e0a\u8eca\u4e0a\u7684\u79c1\u83f8\u4f60\u731c\u503c\u591a"}, {"type": 0, "id": "GLung", "content": ": \u5c11\u9322"}, {"type": 0, "id": "piliwu", "content": ": \u57fa\u672c\u4e0a\u6c92\u6709\u8a71\u984c\u6027\u53ea\u6709\u653f\u6cbb\u7092\u4f5c"}, {"type": 1, "id": "dream99", "content": ": \u8d85\u8cb7\u806f\u76df!"}, {"type": 1, "id": "v19791119", "content": ": \u97d3\u570b\u6f14\u904e\u7e3d\u7d71\u8eca\u5e36\u6bd2\u7684"}, {"type": 0, "id": "gundam01", "content": ": \u5433\u5b97\u61b2\u627e\u5433\u5b97\u61b2\u6f14\u525b\u597d"}, {"type": -1, "id": "pttenjk", "content": ": \u62b1\u6b49 \u6211\u771f\u7684\u6c92\u8208\u8da3 \u83dc\u9ce5\u8b66:\u90a3\u83f8 \u4f60\u6709\u62bd\u55ce"}, {"type": 1, "id": "isud40401", "content": ": \u7247\u540d\u300c\u8d85\u8cb7\u666e\u62c9\u65af\u300d"}, {"type": 0, "id": "peterw", "content": ": \u627e\u963f\u6e6f\u54e5\u62cd\u6210\u4e0d\u53ef\u80fd\u7684\u4efb\u52d9"}, {"type": 0, "id": "peterw", "content": ": \u4e0d\u7136\u627e\u99ae\u8fea\u7d22\u62cd\u6210\u73a9\u547d\u95dc\u982d"}, {"type": 1, "id": "kobe30418", "content": ": GTA V:"}, {"type": 0, "id": "CenaC", "content": ": \u6241\u6848\u9084\u6c92\u62cd \u5148\u7b49\u7b49\u5427"}, {"type": 0, "id": "greedypeople", "content": ": \u8d77\u78bc\u9999\u83f8\u63db\u6210\u6d77\u6d1b\u56e0\u5427 \u4e0d\u7136\u6709\u9ede\u9ce5"}, {"type": 1, "id": "hoodi", "content": ": \u79c1\u4f60\u500b\u982d \u8acb\u6b63\u540d \u8d85\u8cb7\u83f8\u964b\u7fd2\u5c08\u6848"}, {"type": 1, "id": "Tenging", "content": ": \u73a9\u547d\u95dc\u982d \u7389\u5c71\u7529\u5c3e"}, {"type": 1, "id": "a8866442", "content": ": \u6a13\u4e0b\u6700\u611b\u7532\u7532\u6bd2\u9f8d\u947d\u6309"}, {"type": 0, "id": "x284yk6cjo5", "content": ": \u9999\u83f8\u592alow"}, {"type": 0, "id": "kayu", "content": ": \u7247\u540d\uff1a\u8d85\u8cb7\u884c\u52d5"}, {"type": 1, "id": "zhalao", "content": ": \u570b\u5b89\u98a8\u96f2\uff1a\u8de8\u570b\u8d85\u8cb7"}, {"type": 1, "id": "jimmy610333", "content": ": \u5433\u5b97\u61b2\u98fe\u6f14\u5433\u5b97\u61b2"}, {"type": 1, "id": "winiS", "content": ": \u7247\u540d:\u5047\u660f"}, {"type": 0, "id": "winiS", "content": ": \u7576\u5168\u53f0\u90fd\u4ee5\u70ba\u5979\u660f\u5eb8 \u4f46\u80cc\u5f8c\u85cf\u8457\u66f4\u5927\u7684\u79d8\u5bc6"}, {"type": 0, "id": "popochocho", "content": ": \u63a8\u5047\u660f"}, {"type": 1, "id": "yeangigi", "content": ": \u7247\u540d\uff1a\u73a9\u547d\u7159\u982d"}, {"type": 0, "id": "yeangigi", "content": ":  \u73a9\u547d\u83f8\u982d \u5566"}, {"type": 0, "id": "DRAWER", "content": ": \u53ef\u4ee5 \u9084\u6709\u53f0\u7063\u91ab\u751f\u4ef2\u4ecb\u4e2d\u570b\u5668\u5b98\u79fb\u690d\u4e5f\u53ef\u4ee5"}, {"type": 0, "id": "DRAWER", "content": ": \u62cd"}, {"type": 1, "id": "villagemen", "content": ": \u7981\u904b\u54c1\u4e8c"}, {"type": 1, "id": "jfriendtw", "content": ": \u7ddd\u6bd23:\u7e3d\u7d71\u7d1a\u8d70\u79c1"}], "post_ip": "27.246.107.62", "post_content": "\n\n\u5e79\n\n\u770b\u65b0\u805e\u624d\u767c\u73fe\u539f\u4f86\u9019\u6b21\u7684\u60c5\u7bc0\u767c\u5c55\u9019\u9ebc\u7cbe\u5f69\n\n\u8abf\u67e5\u5c40\u9084\u547d\u540d\u79c1\u83f8\u5c60\u9f8d\u5c08\u6848\n\n\n\u4e00\u76f4\u5230\u51fa\u8ca8\u7576\u5929\u90fd\u9084\u4e0d\u78ba\u5b9a\u80fd\u4e0d\u80fd\u6514\u4e0b\u8eca\u968a\n\n\u570b\u5b89\u7279\u52e4 \u7e3d\u7d71\u5e9c\u5c08\u8eca VS \u8abf\u67e5\u5c4050\u597d\u6f22\n\n\n\u570b\u5b89\u5c40\u9577\u63a5\u6a5f\u5728\u8ddf\u7e3d\u7d71\u63e1\u624b\u7684\u90a3\u523b\n\n\u5df2\u7d93\u88ab\u8abf\u67e5\u5c40\u63d0\u524d\u544a\u77e5:\u4eca\u5929\u8981\u67e5\u8d70\u79c1\u83f8\u6848\n\n\n\u6700\u5f8c\u9670\u932f\u967d\u5dee\u5378\u8ca8\u70ba\u4e86\u5c08\u6a5f\u4e0a\u7684\u83f8\u591a\u7b49\u4e86\u4e00\u4e0b\n\n\u8ca8\u8eca\u812b\u968a\u6c92\u8ddf\u4e0a\u7e3d\u7d71\u8eca\u968a\n\n\u7136\u5f8cGG\n\n\n\n\u53ef\u4e0d\u53ef\u4ee5\u62cd\u6210\u96fb\u5f71\u5440\n\n--\n"}