{"ptt_id": "coga4712", "post_url": "https://www.ptt.cc/bbs/Gossiping/M.1568472339.A.0C3.html", "post_type": "\u554f\u5366", "post_title": "\u6211\u670b\u53cb\u70ba\u4e86\u6253\u4e00\u96bb\u84bc\u8805\u628a\u6211\u8d95\u51fa\u53bb", "post_time": "2019-09-14 22:45:37", "post_score": -3, "post_pushes": [{"type": -1, "id": "Merkle", "content": ": \u8d70\u932f\u677f\u4e86\u5566 Tech_Job\u554f\u5566"}, {"type": 0, "id": "Merkle", "content": ": \u963f \u9760\u9080 \u6211\u4ee5\u70ba\u9084\u5728\u516b\u5366 =_______= \u5c0d\u4e0d\u8d77......."}, {"type": 0, "id": "snsdakb48", "content": ": \u80e1\u795e\u53bb\u547c\u6454\u5230\u8089\u9f0e\u88ab\u6ef7\u6b7b"}, {"type": 0, "id": "kcclasaki", "content": ": \u8d70\u932f\u7248\u4e86\u5566"}, {"type": -1, "id": "estupid", "content": ": \u8a72\u6d17\u6fa1\u4e86\u4f60"}, {"type": -1, "id": "dan5120", "content": ": \u6d77\u68ee\u5821"}, {"type": -1, "id": "Ericz7000", "content": ": say my name"}, {"type": -1, "id": "stlevi811101", "content": ":"}, {"type": 0, "id": "proletariat", "content": ": \u53ee\u53ee\u53ee"}, {"type": 0, "id": "kino056", "content": ": \u6697\u793a\u67d0\u4eba94\u84bc\u8805"}, {"type": 1, "id": "ben1357956", "content": ": \u5c0f\u5fc3\u4f60\u8001\u95c6\u4e4b\u5f8c\u6703\u60f3\u958b\u9664\u4f60"}, {"type": 1, "id": "sivle01", "content": ": \u53f2\u4e0a\u6700\u7121\u804a\u7684\u4e00\u96c6"}], "post_ip": "220.133.20.229", "post_content": "\n\n\u662f\u9019\u6a23\u5566\n\n\u6211\u8ddf\u6211\u670b\u53cb\u4e00\u8d77\u5de5\u4f5c\u6642 \u767c\u73fe\u6709\u4e00\u96bb\u84bc\u8805\u98db\u4f86\u98db\u53bb\n\n\u670b\u53cb\u8aaa\u4e00\u5b9a\u8981\u628a\u84bc\u8805\u6253\u6b7b\u624d\u80fd\u958b\u59cb\u505a\n\n\u6211\u6c92\u7406\u4ed6\u60f3\u8981\u81ea\u5df1\u7368\u81ea\u505a\n\n\u5f8c\u4f86\u5c31\u88ab\u670b\u53cb\u8d95\u51fa\u53bb\u4e86\n\n\u70ba\u4ec0\u9ebc\u6211\u670b\u53cb\u9019\u9ebc\u57f7\u8457\u84bc\u8805?\n\n\u6709\u5366\u561b?\n\n--\n \u4f5c\u8005  lolly200 (lolly)                                        \u770b\u677f  Tech_Job \n \u6a19\u984c  [\u8acb\u76ca] \u7f8e\u5149\u751f\u7522\u5de5\u7a0b\u5e2b                                                  \n \u6642\u9593  Sat Apr 15 21:01:22 2017                                               \n\n--\n"}