{"ptt_id": "moai513", "post_url": "https://www.ptt.cc/bbs/Gossiping/M.1567054134.A.799.html", "post_type": "\u554f\u5366", "post_title": "\u54ea\u4e00\u5bb6\u7684\u5716\u5eab\u6709\u6536\u9304\u9ed1\u4eba\u554f\u865f", "post_time": "2019-08-29 12:48:52", "post_score": 1, "post_pushes": [{"type": 1, "id": "frommr", "content": ": NBA"}, {"type": 0, "id": "z842657913", "content": ": \uff1f\uff1f\uff1f\u9ed1\u4eba\u554f\u865f\uff1f\uff1f\uff1f.JPG"}], "post_ip": "61.220.124.160", "post_content": "\n\u5b89\u5b89 \u5348\u5b89 \u4e73\u984c \u8a8d\u771f\u539a\u554f\n\n\u5716\u5eab\u597d\u591a\u5bb6\n\n\u54ea\u4e00\u5bb6\n\u6709\u6700\u7d93\u5178\u9ad8\u89e3\u6790\u5ea6\u7684\u9ed1\u4eba\u554f\u865f\n\n\u6216\u554f\u5c08\u696d\u7684\u5716\u5eab\u6709\u54ea\u4e9b\u6307\u6a19\n\n\u672c\u9b6f\u90fd\u7528\u5c0f\u756b\u5bb6\n\n\u6709\u5366\u55ce?\n\n--\n"}