{"ptt_id": "avexgroup", "post_url": "https://www.ptt.cc/bbs/Gossiping/M.1566146934.A.AAD.html", "post_type": "\u554f\u5366", "post_title": "\u4e2d\u570b\u9084\u6709\u6a5f\u6703\u5206\u88c2\u55ce\uff1f", "post_time": "2019-08-19 00:48:52", "post_score": 13, "post_pushes": [{"type": 0, "id": "poqwiuer", "content": ": \u652f\u6301\u4e2d\u570b\u5408\u6cd5\u57f7\u884c\u516c\u6b0a\u529b\u6559\u8a13\u66b4\u5f92"}, {"type": -1, "id": "z842657913", "content": ": \u770b\u5730\u65b9\u7701\u9577\u6709\u6c92\u6709\u6b66\u529b"}, {"type": 1, "id": "G888888", "content": ": \u5404\u5340\u8ecd\u982d\u8b1b\u597d\u5c31\u53ef\u4ee5\u7387\u5148\u5206\u88c2\u4e86"}, {"type": 1, "id": "nextpage", "content": ": \u4e2d\u570b\u4eba\u6c11\u90fd\u88ab\u95b9\u4e86,\u54ea\u4f86\u7684\u66b4\u5f92?\u529b\u561b\u6beb\u554a"}, {"type": 1, "id": "ilyj2012", "content": ": \u5f88\u96e3"}, {"type": 1, "id": "pete0328", "content": ": \u5176\u4ed6\u7701\u4e5f\u662f\u5728\u7b49\u6642\u6a5f\u5566"}, {"type": 0, "id": "webster1112", "content": ": \u5b83\u5206\u88c2\u4e86 \u652f\u90a3\u8ce4\u755c\u8ab0\u4f86\u5974\u5f79 ??"}, {"type": 1, "id": "elec1141", "content": ": \u4e00\u5806\u4eba\u60f3\u653f\u8b8a"}, {"type": 0, "id": "globeMIX", "content": ": \u7b49\u4e2d\u570b\u7d93\u6fdf\u5230\u975e\u5e38\u4e0d\u884c\u7684\u6642\u5019"}, {"type": 1, "id": "nqj", "content": ": \u53f0\u7063\u6bd4\u8f03\u53ef\u80fd\u5206\u88c2"}, {"type": 1, "id": "thegiba", "content": ": \u4e2d\u570b\u65e9\u5c31\u5206\u88c2\u70ba\u4e2d\u83ef\u4eba\u6c11\u5171\u548c\u570b\u3001\u4e2d\u83ef\u6c11"}, {"type": 0, "id": "thegiba", "content": ": \u570b\uff0c\u4e2d\u83ef\u6c11\u570b\u5728\u53f0\u7063\u662f\u4e00\u4e3b\u6b0a\u7368\u7acb\u570b\u5bb6\uff0c\u53ea"}, {"type": 0, "id": "thegiba", "content": ": \u662f\u5927\u5bb6\u88dd\u6b7b\u6015\u6230\u722d\u4e0d\u6562\u627f\u8a8d"}, {"type": 1, "id": "ms0545173", "content": ": \u4e2d\u570b\u65e9\u5c31\u5206\u88c2 \u73fe\u5728\u5c31\u662f\u5169\u500b\u653f\u5e9c"}, {"type": 0, "id": "yw1002", "content": ": \u5c31\u7b97\u5206\u88c2\u4e5f\u662f\u77ed\u66ab\u7684 \u5730\u7406\u74b0\u5883\u76f8\u8fd1\u7684\u83ef\u4eba"}, {"type": 0, "id": "yw1002", "content": ": \u5728\u6c11\u4e3b\u81ea\u7531\u689d\u4ef6\u4e0b\u5171\u540c\u7d44\u806f\u90a6 \u6703\u6bd4\u73fe\u5728\u597d"}, {"type": 0, "id": "kinomon", "content": ": \u7f8e\u570b\u6703\u5206\u88c2\u55ce"}, {"type": 0, "id": "kinomon", "content": ": \u6709\u6fc3\u539a\u7684\u570b\u5bb6\u610f\u8b58\u5c31\u5f88\u96e3\u5206\u88c2\u5427 \u6211\u89ba\u5f97\u5566"}, {"type": 0, "id": "trukinus", "content": ": \u597d\u5e0c\u671b\u5206\u5149\u5149"}, {"type": 1, "id": "apolloapollo", "content": ": \u73fe\u5728\u5c31\u662f\u554a"}, {"type": 1, "id": "venomsoul", "content": ": \u6c92\u6a5f\u6703\uff0c\u652f\u90a3\u8ce4\u755c\u770b\u5230\u570b\u5bb6\u5206\u88c2\u5c31\u6703\u5fc3"}, {"type": 0, "id": "venomsoul", "content": ": \u81df\u9ebb\u75fa"}, {"type": 0, "id": "dddc", "content": ": \u7b49\u7fd2\u57ae\u53f0"}, {"type": 0, "id": "stvn2567", "content": ": \u6c5f\u6fa4\u6c11\u6d3e\u3001\u7fd2\u5927\u5927\u6d3e\u3001\u6bdb\u7c89\u6d3e"}, {"type": 1, "id": "paulsama", "content": ": \u5206\u88c2\u4e0d\u81f3\u65bc\uff0c\u9769\u547d\u9084\u6709\u6a5f\u6703"}, {"type": 0, "id": "flyfisher", "content": ": \u597d\u5947 \u5206\u88c2\u7684\u8a71 \u6838\u5f48\u600e\u9ebc\u5206\u914d"}, {"type": 1, "id": "xjp004123", "content": ": \u4e2d\u570b\u7d44\u806f\u90a6\u6bd4\u8f03\u9069\u5408"}, {"type": 0, "id": "doigt", "content": ": \u4e00\u76f4\u5f88\u5206\u88c2"}, {"type": 1, "id": "chivalry70", "content": ": \u5718\u6d3e\uff0c\u6c5f\u6d3e\uff0c\u7fd2\u6d3e\uff0c\u958b\u653e\u6d3e\u9019\u6a23?"}, {"type": 1, "id": "mudee", "content": ": \u4e2d\u570b\u76f4\u63a5\u4ea1\u570b"}, {"type": 0, "id": "kgj212", "content": ": https://imgur.com/ktTGXMj"}], "post_ip": "110.50.131.139", "post_content": "\n\u5927\u5bb6\u597d\n\u6700\u8fd1\u4e2d\u570b\u6b63\u9022\u591a\u4e8b\u4e4b\u79cb\n\u53e4\u4eba\u8aaa\uff1a\u5206\u4e45\u5fc5\u5408 \u5408\u4e45\u5fc5\u5206\n\u672c\u86c7\u4ee5\u70ba\n\u662f\u4e0d\u662f\u6709\u6a5f\u6703\u5206\u88c2\u6210\u5404\u500b\u5c0f\u570b\uff1f\n\u50cf\u6b50\u6d32\u5927\u9678\u4e00\u6a23\uff0c\u6216\u662f\u6625\u79cb\u6230\u570b\u6642\u4ee3\n\u96d6\u7136\u90fd\u9023\u5728\u4e00\u8d77\uff0c\u4f46\u90fd\u662f\u4e0d\u540c\u7684\u570b\u5bb6\n\u9999\u6e2f\u6703\u662f\u71ce\u539f\u706b\u55ce\uff1f\n\u6709\u6c92\u6709\u5366\uff1f\n\n--\n"}