{"ptt_id": "duncanga", "post_url": "https://www.ptt.cc/bbs/Gossiping/M.1563045546.A.3FA.html", "post_type": "\u554f\u5366", "post_title": "FB\u4ec0\u9ebc\u6a23\u982d\u50cf\u7684\u5973\u751f\u6bd4\u8f03\u55ae\u7d14\uff1f", "post_time": "2019-07-14 03:19:04", "post_score": 3, "post_pushes": [{"type": -1, "id": "sowutbb", "content": ": \u5224\u65b7\u4ee5\u5f8c\u8981\u5e79\u561b\u3001\u6253\u624b\u69cd\u6703\u6bd4\u8f03\u723d\u55ce"}, {"type": 1, "id": "qazsedcft", "content": ": \u6c92\u6709\u5716\u81ea\u62cd"}, {"type": 0, "id": "woolaw", "content": ": \u53bb\u7761\u89ba\u5566\u5e79"}, {"type": 0, "id": "woolaw", "content": ": \u6574\u5f62"}, {"type": 0, "id": "woolaw", "content": ": \u4fee\u5716"}, {"type": 1, "id": "linda17a3", "content": ": \u4e0d\u77e5\u9053\u597d\u7fa8\u6155\u5594\u55da\u55da\u55da\u55da"}, {"type": 0, "id": "stvn2567", "content": ": \u4f60\u7684\u932f\u89ba"}, {"type": -1, "id": "Rrrxddd", "content": ": https://i.imgur.com/7uvAKNM.jpg"}, {"type": 0, "id": "woolaw", "content": ": \u6a13\u4e0a\u5996\u8c54\u8ce4\u8ca8"}, {"type": -1, "id": "y3226999", "content": ": \u521d\u97f3\u5716"}, {"type": -1, "id": "SonyXperiaZ3", "content": ": \u52d5\u6f2b\u5716"}, {"type": 1, "id": "Rrrxddd", "content": ": \u8edf\u9ad4 \u521d\u97f3"}, {"type": 1, "id": "slimak", "content": ": \u8655\u7537\u311b"}, {"type": 1, "id": "a2016596", "content": ": \u9732\u5c4c\u7684\u5973\u751f\u6700\u55ae\u7d14"}, {"type": 0, "id": "rikkala", "content": ": \u8a8d\u771f\u56de \u6cb9\u5716"}, {"type": 1, "id": "s8510785107", "content": ": \u7528\u52d5\u6f2b\u7537\u89d2\u7576\u982d\u50cf\u7684\u6700\u55ae\u7d14"}, {"type": 1, "id": "shark555096", "content": ": https://i.imgur.com/81YKMTA.jpg"}], "post_ip": "125.230.112.94", "post_content": "\n\n\n\u6211\u9019\u6a23\u770b\uff0c\n\n\u6709\u4e9b\u5973\u5b69\u982d\u50cf\u6f02\u4eae\uff0c\u4f46\u7d30\u770b\u76f8\u7c3f\u591a\u5f35\u6bd4\u5c0d\u591a\u5c11\u6703\u767c\u73fe\uff0c\n\n\u662f\u6293\u89d2\u5ea6\u8ddf\u4fee\u5716\u7684\uff0c\u4f46\u4e5f\u4e0d\u80fd\u8aaa\u5973\u751f\u6027\u683c\u4e0d\u597d\uff0c\u4e0d\u55ae\u7d14\uff0c\n\n\u751a\u81f3\u53ef\u4ee5\u8aaa\u5979\u55ae\u7d14\uff0c\u56e0\u70ba\u5979\u907a\u6f0f\u4e86\u5e7e\u5f35\u6c92\u6709\u6293\u597d\u89d2\u5ea6\u6216\u4fee\u5716\u7684\u7167\u7247\uff0c\n\n\u56e0\u70ba\u5973\u7684\u611b\u7f8e\u7a0b\u5ea6\u5be6\u5728\u662f\uff0c\u96e3\u4ee5\u60f3\u8c61\u3002\n\n\u6211\u76ee\u524d\u6bd4\u8f03\u53ef\u4ee5\u78ba\u5b9a\u7684\u662f\u96d9\u624b\u6367\u982d\u7684\u5973\u751f\u6bd4\u8f03\u7d14\u4e00\u9ede\uff0c\n\n\u9019\u500b\u52d5\u4f5c\u96d6\u7136\u88dd\u53ef\u611b\uff0c\u4f46\u6211\u500b\u4eba\u6574\u9ad4\u6240\u9047\u5230\u7684\u5973\u6027\u4f86\u8aaa\uff0c\u5f88\u591a\u500b\u9019\u500b\u52d5\u4f5c\u7684\u5973\u5b69\n\n\u6027\u683c\u662f\u771f\u7684\u4e0d\u932f\uff0c\n\n\u4e0d\u77e5\u9053\u5927\u5bb6\u9084\u6709\u4ec0\u9ebc\u5176\u4ed6\u63a8\u85a6\u7684\u5224\u65b7\u65b9\u5f0f\u55ce\uff1f\n\n--\n"}