{"ptt_id": "HisVol", "post_url": "https://www.ptt.cc/bbs/Gossiping/M.1570452704.A.A5D.html", "post_type": "\u554f\u5366", "post_title": "\u70ba\u4ec0\u9ebc\u4e2d\u570b\u4eba\u6703\u628a\u652f\u6301\u9999\u6e2f\u7576\u6210\u6b67\u8996\u884c\u70ba\uff1f", "post_time": "2019-10-07 20:51:42", "post_score": 5, "post_pushes": [{"type": 1, "id": "tanakataro", "content": ": \u5c31\u50cf\u8aaa\u7fd2\u8fd1\u5e73\u662f\u5c0f\u718a\u7dad\u5c3c\u6703\u88ab\u6253\u6210\u53f0\u7368"}, {"type": 0, "id": "tbaby", "content": ": \u4e2d\u570b\u5168\u8eabG\u9ede \u96a8\u4fbf\u78b0\u96a8\u4fbf\u9ad8\u6f6e\u597d\u55ce"}, {"type": 0, "id": "a1122334424", "content": ": \u4e0d\u60f3\u7576\u4e2d\u570b\u4eba \u4f60\u8aaa\u5462\uff1f"}, {"type": 1, "id": "newforte", "content": ": \u70ba\u4e86\u7f75\u800c\u7f75"}, {"type": 0, "id": "tanakataro", "content": ": \u9019\u5169\u8005\u6709\u751a\u9ebc\u9023\u7d50 \u6c92\u6709\u554a"}, {"type": 1, "id": "YoCheng", "content": ": \u6709\u554a \u6b67\u8996\u5176\u4ed6\u4e2d\u570b\u4eba\u6c92\u6709\u6c11\u4e3b\u310e\u310e"}, {"type": 0, "id": "mirza", "content": ": \u56e0\u70ba\u88ab\u5171\u7522\u9ee8\u6d17\u8166\u554a."}, {"type": 1, "id": "hhoo32", "content": ": \u9053\u7406\u8b1b\u4e0d\u901a\uff0c\u5c31\u53ea\u80fd\u8cbc\u6a19\u7c64\u554a \u8fb1\u83ef\u4e4b\u985e\u7684"}, {"type": 0, "id": "hhoo32", "content": ":  \u54c8"}, {"type": 1, "id": "CavendishJr", "content": ": \u9999\u6e2f\u53cd\u9001\u4e2d=\u4e0d\u4fe1\u4efb\u4e2d\u570b\u53f8\u6cd5\uff0c\u6240\u4ee5\u662f"}, {"type": 0, "id": "CavendishJr", "content": ": \u6b67\u8996\u4e2d\u570b\u4eba"}, {"type": 0, "id": "yfme", "content": ": \u653f\u554f\uff0c\u63b0\u63b0"}, {"type": 0, "id": "yiersan", "content": ": 426\u5c31\u662f\u4f4e\u8ce4"}], "post_ip": "223.137.29.24", "post_content": "\n\n\u4e2d\u570b\u8ad6\u58c7\u4e00\u5806\u4eba\u5728\u8aaa\n\n\u6b67\u8996\u8a00\u8ad6\u4e0d\u53ef\u4ee5\u5bb9\u5fcd\n\n\u6b67\u8996\u4e2d\u570b\u4eba\u7684\u8a00\u8ad6\u672c\u4f86\u5c31\u8a72\u88ab\u8655\u7f70\n\n\u5c31\u50cf\u6b67\u8996\u9ed1\u4eba\u4e00\u6a23\n\n\n\n\n\u4f46\u662f\n\n\u652f\u6301\u9999\u6e2f\u54ea\u4f86\u7684\u6b67\u8996\uff1f\n\n\u9019\u4e2d\u9593\u5230\u5e95\u662f\u600e\u9ebc\u9023\u7d50\u7684\uff1f\n\n\n\n\u6709\u6c92\u6709\u5366\uff1f\n\n--\n\u6211\u4e5f\u7406\u89e3\u4e0d\u80fd\n\u203b \u7de8\u8f2f: HisVol (223.137.29.24 \u81fa\u7063), 10/07/2019 20:53:19\n"}