{"ptt_id": "rtfgyrtfgy", "post_url": "https://www.ptt.cc/bbs/Gossiping/M.1562506796.A.DC7.html", "post_type": "\u554f\u5366", "post_title": "\u670b\u53cb\u8981\u63db\u5de5\u4f5c\u4e86", "post_time": "2019-07-07 21:39:54", "post_score": 0, "post_pushes": [{"type": 0, "id": "TWilde", "content": ": \u91d1\u5bf6\u6230\u8eca\u968a"}], "post_ip": "220.133.98.141", "post_content": "\n\u5b89\u5b89\u5404\u4f4d\u597d\n\u665a\u4e0a\u5403\u98fd\u7761\u597d\n\u5c0f\u59b9\u6211\u6709\u4e00\u500b\u670b\u53cb \u505a\u540c\u4e00\u500b\u5de5\u4f5c\u5f88\u4e45\u4e86\n\u6211\u4e5f\u4e0d\u78ba\u5b9a\u4ed6\u662f\u505a\u4ec0\u9ebc\u5de5\u4f5c\n\u8ddf\u6578\u5b57\u6709\u95dc\u7684\u5427\n\n\u53cd\u6b63\u4ed6\u8981\u63db\u5de5\u4f5c\u4e86 \u63db\u53bb\u5ee3\u544a\u696d\n\u53ef\u662f\u4ed6\u6c92\u4ec0\u9ebc\u7d93\u9a57\n\u73fe\u5728\u7559\u8457\u76f4\u6392\u8f2a\u8dd1\u4f86\u8dd1\u53bb\u8aaa\u8981\u60f3\u5ee3\u544a\u8a5e\u9084\u6454\u4e86\u500b\u56db\u8173\u671d\u5929\n\u8a72\u7d66\u4ed6\u4ec0\u9ebc\u5efa\u8b70\u52d2\n\n--\n"}