{"ptt_id": "avexgroup", "post_url": "https://www.ptt.cc/bbs/Gossiping/M.1563160707.A.1D6.html", "post_type": "\u554f\u5366", "post_title": "\u5289\u5099\u9019\u8349\u5305\u5982\u4f55\u53d6\u5f971/3\u5929\u4e0b\u7684\uff1f", "post_time": "2019-07-15 11:18:24", "post_score": 32, "post_pushes": [{"type": 0, "id": "MrXD", "content": ": \u6436"}, {"type": 0, "id": "elec1141", "content": ": \u4e0d\u8981\u81c9"}, {"type": 1, "id": "mmppeegg", "content": ": \u767c\u5927\u8ca1"}, {"type": 0, "id": "Yourmotherla", "content": ": \u56e0\u70ba\u5f97\u4e94\u6a13\u53ef\u5b89\u5929\u4e0b"}, {"type": 0, "id": "intafan", "content": ": \u9760\u552c\u721b\u963f"}, {"type": 1, "id": "SteveNeko", "content": ": \u90fd\u662f\u76f4\u92b7\u5718\u9ad4\u963f"}, {"type": -1, "id": "grayoasis", "content": ": \u4e0d\u8981\u4e00\u76f4\u9178\u8521\u82f1\u6587"}, {"type": 1, "id": "OmegaWind", "content": ": \u76ca\u5dde\u767c\u5927\u8ca1"}, {"type": 1, "id": "bornwinner", "content": ": \u6709\u5b54\u660e\u5e6b\u4ed6\u554a\uff0c\u50cf\u97d3\u5c0e\u6709\u6f58\u6046\u65ed\u5e6b\u4ed6"}, {"type": 1, "id": "RS44", "content": ": \u9084\u662f\u6771\u5433\u4eba\u624d\u6fdf\u6fdf \u6c5f\u6771\u5b50\u5f1f\u512a\u79c0"}, {"type": 0, "id": "MikageSayo", "content": ": \u7b2c\u4e00\u884c\u5c31\u932f\u4e86\uff0c\u96f6\u5206"}, {"type": 0, "id": "douCai", "content": ": \u9019\u5c31\u662f\u4ed6\u53b2\u5bb3\u7684\u5730\u65b9 \u6c92\u8cc7\u6e90\u537b\u4e00\u5806\u4eba\u633a"}, {"type": 1, "id": "steve91240", "content": ": \u5b6b\u6b0a\u624d\u662f\u8349\u5305"}, {"type": 1, "id": "sussj", "content": ": \u9760\u8840\u7d71\u52a0\u6210"}, {"type": 1, "id": "chong17", "content": ": \u54ed\u51fa\u4f86\u7684"}, {"type": -1, "id": "CRAZYCONTROL", "content": ": \u5730\u5716\u6524\u958b\u4f86\u770b\u6709\u52301/3\u55ce\uff1f"}, {"type": 1, "id": "neo5277", "content": ": \u9760 \u90a3\u4f60\u600e\u9ebc\u4e0d\u8aaa\u5289\u90a6"}, {"type": 0, "id": "asuka99", "content": ": \u4ed6\u4e5f\u4e0d\u662f\u8349\u5305\u597d\u55ce"}, {"type": 1, "id": "wang0301", "content": ": \u6e3e\u8eab\u90fd\u662f\u5634+\u6f14\u6280"}, {"type": 1, "id": "LoveMakeLove", "content": ": \u5289\u5099\u662f\u8ce3\u8349\u978b\u7684"}, {"type": 0, "id": "asuka99", "content": ": \u80fd\u5efa\u570b\u7684\u90fd\u4e0d\u662f\u8349\u5305\uff01"}, {"type": 0, "id": "LoveMakeLove", "content": ": \u6211\u89ba\u5f97\u6bd4\u8f03\u50cf\u4ed6\u7684\u7956\u5148\u5289\u90a6"}, {"type": 0, "id": "LoveMakeLove", "content": ": \u51fa\u8eab\u8349\u83bd\u5efa\u7acb\u6f22\u671d"}, {"type": 0, "id": "cabemet", "content": ": \u4e09\u5206\u5929\u4e0b\u4e0d\u4ee3\u8868\u6bcf\u4eba1/3"}, {"type": 0, "id": "conan805", "content": ": \u5289\u5099\u662f\u88dd\u6b7b\u6d3b\u904e\u4f86\u7684 \u8349\u5305\u6703\u88dd\u6b7b\u55ceXD"}, {"type": 0, "id": "jasmine2015", "content": ": \u5289\u5099\u5f88\u64c5\u9577\u6cbd\u540d\u91e3\u8b7d \u9760\u4ed6\u7684\u7687\u5ba4\u8840\u7d71"}, {"type": 0, "id": "jasmine2015", "content": ": \u62db\u6416\u649e\u9a19"}, {"type": 1, "id": "morgankhs", "content": ": \u767c\u5927\u8ca1"}, {"type": -1, "id": "Atkins13", "content": ": \u5289\u5099\u662f\u8349\u5305??????"}, {"type": 1, "id": "seabox", "content": ": \u5289\u5099\u771f\u6b63\u767d\u624b\u8d77\u5bb6\u6253\u4e0b\u4f86\u7684"}, {"type": 0, "id": "indiroia", "content": ": \u54ed\u51fa\u4f86\u7684"}, {"type": 0, "id": "oops66", "content": ": \u9760\u5634\u5df4"}, {"type": 1, "id": "jtch", "content": ": \u4ed6\u54ea\u88e1\u8349\u5305 \u4ed6\u662f\u771f\u7684\u4e0a\u6230\u5834\u6253\u51fa\u4f86\u7684\u5427"}, {"type": 0, "id": "kumaneko", "content": ": \u5289\u5099\u8349\u5305?\u958b\u73a9\u7b11\u55ce?"}, {"type": 0, "id": "marlinx", "content": ": \u6b38\u8ce3\u8349\u978b\u4e0d\u7b49\u65bc\u8349\u5305\u5427"}, {"type": 1, "id": "STerry1986", "content": ": \u4ed6\u8001\u5e2b\u662f\u76e7\u690d\u600e\u9ebc\u53ef\u80fd\u66f8\u8b80\u4e0d\u591a"}, {"type": 1, "id": "orz7887245", "content": ": \u76f4\u92b7\u754c\u7684\u59cb\u7956  \u4f60\u4e0d\u61c2\u5566\uff01"}, {"type": 0, "id": "MarsBati", "content": ": \u5289\u4ed7\u6253\u4e86\u591a\u5c11\u4e5f\u80fd\u7b97\u8349\u5305\uff1f"}, {"type": 1, "id": "moy5566", "content": ": \u4eba\u5bb6\u662f\u7687\u53d4\u963f \u7687\u5e1d\u7684\u53d4\u53d4"}, {"type": 0, "id": "wwewcwwwf", "content": ": \u5289\u5099\u548c\u516c\u5b6b\u8b9a\u5411\u76e7\u690d\u5e2b\u5b78 \u8349\u5305?????????"}, {"type": 1, "id": "ilanese", "content": ": \u5289\u5099\u8eab\u908a\u6709\u8ecd\u5e2b\u6b66\u5c07\uff0c\u8d77\u78bc\u80fd\u79ae\u8ce2\u4e0b\u58eb\u3001"}, {"type": 0, "id": "ilanese", "content": ": \u62db\u52df\u4eba\u624d\u3002"}, {"type": 0, "id": "butten986", "content": ": \u4f60\u9b3c\u626f\uff0c\u5289\u5099\u662fceo\u53ea\u8981\u59d4\u4efb\u6709\u5c08\u79d1\u7684\u4e0a"}, {"type": 0, "id": "butten986", "content": ": \u5de5\u5c31\u597d"}, {"type": 1, "id": "letyouselfgo", "content": ": \u5289\u5099\u53ef\u662f\u6230\u795e\u7b49\u7d1a\u4e0d\u7136\u65e9\u6ec5\u4e86"}, {"type": 1, "id": "godblesses", "content": ": \u5289\u5099\u5c31\u662f\u8349\u5305 \u4e0d\u7136\u963f\u6597\u662f\u8ab0\u7684"}, {"type": 1, "id": "starxls", "content": ": \u6253\u8457\u5289\u5bb6\u7684\u540d\u865f\u62db\u6416\u649e\u9a19\u963f \u660e\u660e\u95dc\u4fc2\u5f88\u9060"}, {"type": 0, "id": "jtch", "content": ": \u5c31\u7b97\u95dc\u4fc2\u662f\u9a19\u7684 \u4e5f\u4e0d\u662f\u8349\u5305\u963f \u4ed6\u660e\u660e\u5c31\u6709\u5be6"}, {"type": 0, "id": "jtch", "content": ": \u7e3e\u7684"}, {"type": 1, "id": "kingstongyu", "content": ": \u5289\u79aa\u525b\u5373\u4f4d\u6642\u4e5f\u662f\u82f1\u660e\u795e\u6b66,\u5f8c\u4f86\u5c31\u4e8b"}, {"type": 1, "id": "Tsukasa0320", "content": ": \u5634\u70ae+\u76f4\u92b7\u4ec1\u7fa9\u9053\u5fb7+\u4e00\u5806\u6230\u795e\u5144\u5f1f"}, {"type": -1, "id": "Klauhal", "content": ": \u5289\u5099\u662f\u8349\u5305\u65e9\u5c31\u6b7b\u5728\u6230\u5834\u4e0a\u4e86"}, {"type": 0, "id": "kingstongyu", "content": ": \u60c5\u90fd\u4e1f\u7d66\u8af8\u845b\u4eae,\u9084\u6709\u8af8\u845b\u4eae\u6b7b\u5f8c\u5289\u79aa"}, {"type": 0, "id": "kingstongyu", "content": ": \u548c\u8cbb\u7995\u5c31\u7d44\u6210\u53cd\u4f10\u9b4f\u6230\u7dda,\u56e0\u9b4f\u8700\u570b\u4ee5"}, {"type": 0, "id": "kingstongyu", "content": ": \u7d93\u6c11\u7aae\u8ca1\u76e1\u7684\u7a0b\u5ea6.\u59dc\u7dad\u6d88\u8017\u7684\u8cc7\u6e90\u9060"}, {"type": 0, "id": "kingstongyu", "content": ": \u6bd4\u8af8\u845b\u4eae\u591a"}, {"type": 1, "id": "fs33145487", "content": ": \u4ed6\u8f49\u4e16\u59d3\u5b6b \u8d85\u611b\u5e79\u863f\u8389"}, {"type": 1, "id": "freezeshot", "content": ": \u6f22\u4e2d\u4e4b\u6230\u6b63\u9762\u6253\u6557\u66f9\u64cd\u7b97\u662f\u8349\u5305\uff1f"}, {"type": 0, "id": "bonjovi0930", "content": ": \u4e09\u82f1\u6230\u5442\u5e03\u8aaa\u4ed6\u8349\u5305?\u4f60\u6562\u8ddf\u5442\u5e03\u4e00\u6230?"}, {"type": 1, "id": "soulgel", "content": ": \u9019\u771f\u7684\u662f\u50b3\u5947"}, {"type": 1, "id": "SSS120329", "content": ": \u8700\u570b \u4eba\u53e3\u53ea\u4f541/10 \u9762\u7a4d\u5341\u5e7e\u8db4\u800c\u5df2\u5427"}, {"type": -1, "id": "kismy13", "content": ": \u5efa\u8b70\u60a8\u5efa\u4e00\u500b\u570b\u5bb6\u8a66\u8a66\uff0c\u518d\u8aaa\u4ed6\u4eba\u8349\u5305"}, {"type": 0, "id": "soulgel", "content": ": \u4f60\u53ef\u4ee5\u60f38+9 \u5728\u591c\u5e02\u8ce3\u978b\u5b50 \u5f8c\u4f86\u7576\u5230\u7e3d\u7d71"}, {"type": 0, "id": "soulgel", "content": ": \u4e2d\u9593\u4e00\u5806\u9ad8\u5b78\u66c6 \u6709\u9322\u8ca1\u5718\u72c2\u652f\u6301"}, {"type": 0, "id": "Housetobe", "content": ": \u4e0d\u8981\u81c9 \u5634\u7832 \u81ea\u5df1\u5237\u8840\u7d71"}, {"type": 0, "id": "soulgel", "content": ": \u5c24\u5176\u4e16\u5bb6\u5927\u65cf\u4e5f\u4e0d\u96e2\u4e0d\u68c4"}, {"type": 1, "id": "YilanRay", "content": ": \u8a18\u5f97\u4e4b\u524d\u6709\u500b\u6771\u5433\u9003\u5175\uff0c\u9084\u6703\u7528\u624b\u69b4\u5f48\u3002"}, {"type": 0, "id": "YilanRay", "content": ": \u9084\u767c\u660e\u4e86\u4e0d\u92b9\u92fc\u7684\u8863\u67b6\u3002"}, {"type": 1, "id": "nlriey", "content": ": \u9084\u771f\u7684\u662f\u9760\u5634\u7832"}, {"type": 1, "id": "StNeverRush", "content": ": \u5289\u5099\u4e00\u9ede\u90fd\u4e0d\u8349\u5305 \u770b\u6f14\u7fa9\u592a\u591a\u7684\u4e0b\u5834"}, {"type": 1, "id": "jeff12280", "content": ": \u90a3\u5f35\u5634 \u5634\u7684\u834a\u5dde\u4eba\u90fd\u9ad8\u6f6e\u4e86"}, {"type": 1, "id": "tanchuchan", "content": ": \u5289\u5099\u53ef\u6e4a\u4e00\u5343\u4eba\u8d77\u5175\u5176\u5be6\u5f88\u5f37\u5427"}, {"type": 1, "id": "dmstarxxx", "content": ": \u8840\u7d71\u8ddf\u773c\u6dda"}, {"type": 1, "id": "Solosea", "content": ": \u5289\u5099\u6bd4\u4f60\u60f3\u5f97\u66f4\u6709\u6599"}, {"type": 0, "id": "dmstarxxx", "content": ": \u8ddf\u9ad8\u9b45\u529b\u503c"}, {"type": 1, "id": "Tmmontal", "content": ": \u56e0\u70ba\u5ddd\u8700\u4e4b\u4e3b\u66f4\u8349\u5305\u554a"}, {"type": 1, "id": "hw1", "content": ": \u70d9\u8dd1\u7e23\u4ee4 \u88ab\u52d5\u7576\u5f90\u5dde\u7267 \u5f90\u5dde\u6709\u9322 \u4eba\u6c11\u5b89\u5168"}, {"type": 1, "id": "callmeryan", "content": ": \u56e0\u70ba\u9996\u62bd\u5c31\u62ff\u5230SSR\u95dc\u4e8c\u723a\u548c\u5f35\u98db \u7576\u7136"}, {"type": 0, "id": "callmeryan", "content": ": \u5f8c\u671f\u597d\u6253"}, {"type": 1, "id": "Cireiat", "content": ": \u7576\u7136\u662f7+9=17(\u7fa9\u6c23)\u554a"}, {"type": -1, "id": "corlos", "content": ": \u5289\u5099\u54ea\u88e1\u8349\u5305\uff0c\u5f88\u5f37"}, {"type": 0, "id": "corlos", "content": ": \u8a18\u5728\u6b77\u53f2\u4e0a\u7684\u90fd\u662f\u5f37\u8005\uff0c\u4e0d\u7ba1\u662f\u597d\u662f\u58de"}, {"type": 0, "id": "corlos", "content": ": \u7db2\u8def\u4e00\u5806\u5ee2\u7269\u90fd\u4e0d\u77e5\u9053\u6709\u6c92\u6709\u6a5f\u6703\u540d\u7559\u9752\u53f2"}, {"type": -1, "id": "lucky1017", "content": ": \u5289\u5099\u65e9\u671f\u90a3\u500b\u5175\u529b\u6c92\u88ab\u6ec5\u6389\u6839\u672c\u6230\u795e"}, {"type": 1, "id": "yesyesyesyes", "content": ": \u535a\u671b\u5761\u662f\u5289\u5099\u6253\u8d0f\u7684"}, {"type": -1, "id": "sony2210340", "content": ": \u6b77\u53f2\u6587\u76f2\u4e82\u56de\u4ec0\u9ebc\uff0c\u6700\u597d\u662f\u8349\u5305\u80fd\u6cbb"}, {"type": 0, "id": "sony2210340", "content": ": \u570b"}, {"type": 0, "id": "sony2210340", "content": ": \u7576\u6642\u6027\u5289\u7684\u9019\u9ebc\u591a\u5728\u9a19\u6700\u597d\u53ea\u6709\u4ed6"}, {"type": -1, "id": "fago", "content": ": \u5289\u5099\u7aae\u5b97\u5ba4  \u5289\u90a6\u624d\u662f\u8ddf\u97d3\u5c0e\u985e\u4f3c\u7684"}, {"type": 1, "id": "azytjr", "content": ": \u5c31\u7b97\u662f\u8349\u5305\u4e5f\u662f\u6700\u5f37\u7684\u90a3\u500b"}, {"type": 0, "id": "eldar", "content": ": \u5982\u679c\u662f\u8349\u5305\uff0c\u54ea\u88e1\u627e\u5169\u500b\u842c\u4eba\u6575\u7576\u5144\u5f1f"}, {"type": -1, "id": "peterw", "content": ": \u8ab0\u8ddf\u4f60\u5289\u5099\u662f\u8349\u5305\uff1f"}, {"type": 0, "id": "stu25936", "content": ": \u8840\u7d71\u5c31\u5c4c\u6253\u4e00\u5806\u8af8\u4faf\u8ecd\u95a5\u4e86"}, {"type": 1, "id": "tomwdc", "content": ": \u978b\u696d\u5927\u4ea8\u7acb\u5fd7\u50b3"}, {"type": 1, "id": "sotsu2016", "content": ": \u5289\u5099\u5f88\u5f37"}, {"type": 1, "id": "intointo", "content": ": \u8840\u7d71\u52a0\u6210"}, {"type": -1, "id": "vencil", "content": ": \u5289\u5099\u600e\u9ebc\u6703\u662f\u8349\u5305"}, {"type": -1, "id": "aa1052026", "content": ": \u5289\u5099\u8349\u5305?\u4eba\u5bb6\u80fd\u6253\u4ed7\u7684\u597d\u55ce"}, {"type": 1, "id": "satan82712", "content": ": \u62ff\u5289\u5099\u8ddf\u90a3\u8349\u5305\u6bd4\uff1f\u4eba\u5bb6\u6709\u5be6\u529b\u8ddf\u672c\u4e8b"}, {"type": 0, "id": "satan82712", "content": ": \u5f97\u4eba\u5fc3\u9ad8\u96c4\u90a3\u500b\u76f8\u53cd\u6b38\uff01"}, {"type": -1, "id": "artist0918", "content": ": \u4e0d\u61c2\u4e0d\u8981\u8d0f\u88dd\u61c2"}, {"type": 1, "id": "McDaniel", "content": ": \u5289\u9f3b\u6d95\u9a19\u5230\u76ca\u5dde\u7684\uff0c\u5b6b\u6b0a\u5c31\u6c92\u90a3\u9ebc\u7b28\uff0c\u9084"}, {"type": 0, "id": "McDaniel", "content": ": \u597d\u6709\u5442\u8499\u5e6b\u52a9\uff0c\u903c\u6b7b\u95dc\u7fbd\uff0c\u9806\u5229\u6536\u56de\u834a\u5dde"}], "post_ip": "101.10.39.214", "post_content": "\n\u5289\u5099\u5e7c\u5e74\u8ca7\u56f0\uff0c\u66f8\u8b80\u7684\u4e0d\u591a\uff0c\u96a8\u4fbf\u9b3c\u626f\u7687\u65cf\u5f8c\u4ee3\u5c31\u53ef\u4ee5\u8a50\u9a19\u4e00\u5806\u4eba\u8ce3\u547d\u6253\u4ed7\n\n\u660e\u660e\u662f\u8349\u5305\u9084\u8ce3\u8349\u978b\uff0c\u9023\u66f9\u64cd\u90fd\u8981\u5fcc\u619a\u4e09\u5206\n\n\n\u60f3\u554f\u4e00\u4e0b\uff0c\u6709\u6c92\u6709\u5289\u8349\u5305\u53d6\u5f971/3\u5929\u4e0b\u50b3\u5947\u7684\u516b\u5366?\n\n--\n"}