{"ptt_id": "kent", "post_url": "https://www.ptt.cc/bbs/Gossiping/M.1564121902.A.442.html", "post_type": "\u65b0\u805e", "post_title": "\u300c\u6aa2\u8209\u9054\u4eba\u300d\u95d6\u4f4f\u5bb6\u60f3\u786c\u4e0a\u5973\u6a21 \u5224\u95dc4\u5e74\u3001", "post_time": "2019-07-26 14:18:19", "post_score": 12, "post_pushes": [{"type": -1, "id": "michaelwu", "content": ": \u7b11\u6b7b"}, {"type": 0, "id": "sorenhuang", "content": ": \u723d"}, {"type": 1, "id": "a741085", "content": ": \u516b\u5366-1"}, {"type": 1, "id": "ainor", "content": ": car\u7248-1"}, {"type": -1, "id": "arthurkot", "content": ": \u6b63\u7fa9\u9b54\u4eba\u5750\u7262\u53bb\u56c9\uff0c\u723d"}, {"type": -1, "id": "ANiZan9991", "content": ": \u9055\u898f\u4ed4vs.\u6027\u9a37\u6aa2\u8209\u4ed4 \u90fd\u64e0\uff1f"}, {"type": -1, "id": "yspen", "content": ": \u6c92__\u5230\u4e5f\u8981\u8ce0100\u842c  5F\u8868\u793a\u7fa8\u6155"}, {"type": -1, "id": "BlueBird5566", "content": ": \u9019\u7a2e\u611b\u6aa2\u8209\u7684\u901a\u5e38\u90fd\u7da0\u7c89\u82f1\u7c89"}, {"type": 1, "id": "alonelykid", "content": ": \u7b26\u5408\u4e2d\u6b62\u72af\u6e1b\u5211\u9084\u56db\u5e74\u6cd5\u5b98\u4e00\u5b9a\u8d85\u8a0e\u53ad"}, {"type": 1, "id": "qwert1629", "content": ": \u67ef\u97d3\u7c89\u771f\u7684\u662f\u5783\u573e"}, {"type": -1, "id": "LinBaoYan", "content": ": \u67ef\u7c89\u63b0\u63b0"}, {"type": 0, "id": "yspen", "content": ": \u67d0\u6a13\u4e0d\u7528\u5e36\u98a8\u5411 \u50cf\u9019\u7a2e\u793e\u6703\u5e95\u5c64\u7684\u90fd\u662f\u97d3\u7c89"}, {"type": 1, "id": "Wital993", "content": ": \u516b\u5366-1"}, {"type": -1, "id": "xhunter1374", "content": ": \u82f1\u7c89\u63b0\u63b0 \u4e00\u7fa4\u87d1\u8782"}, {"type": 1, "id": "Sougetu", "content": ": \u88ab\u6aa2\u8209\u904e\u7684\u8d81\u6a5f\u50be\u5de2\u800c\u51fa"}, {"type": 0, "id": "tunisco", "content": ": \u6211\u600e\u89ba\u5f97\u9019\u7a2e\u81ea\u4ee5\u70ba\u516c\u7406\u6b63\u7fa9\u7684\u90fd\u97d3\u7c89"}, {"type": 1, "id": "blessbless", "content": ": \u73fe\u5728\u6aa2\u8209\u6709\u9322\u55ce"}, {"type": 1, "id": "z239627", "content": ": \u5e0c\u671b\u9019\u7a2e\u6aa2\u8209\u4eba\u9032\u53bb\u80fd\u88ab\u88e1\u9762\u7684\u597d\u597d\u7167\u9867"}, {"type": 0, "id": "Qaaaa", "content": ": \u6b63\u7fa9\u6a21\u4eba\u901a\u5e38\u4e5d\u6210\u6c7a\u6e05\u8a92"}, {"type": 0, "id": "z239627", "content": ": \u6700\u597d\u662f\u7167\u4e09\u9910\u7d66\u4ed6\u7167\u9867"}, {"type": 1, "id": "candysagaboy", "content": ": 43\u6b72\u300c\u6aa2\u8209\u9054\u4eba\u300d\u65bd\u529b\u4ec1"}, {"type": 0, "id": "cvnn", "content": ": \u6b63\u7fa9\u9b54\u4eba\uff1f\u50b7\u5929\u5bb3\u7406\u5427"}, {"type": -1, "id": "wann31828", "content": ": \u6d3b\u8a72 \u6293\u8019\u4ed4\u9032\u53bb\u6e96\u5099\u88ab\u7167\u9867\u5427"}, {"type": -1, "id": "wang2346581", "content": ": \u9019\u5c31\u662fptt\u7684\u5076\u50cf\uff1f \u7b11\u5c4e\u4eba"}, {"type": 0, "id": "minoru04", "content": ": \u539f\u4f86\u99ac\u82f1\u4e5d\u662f\u82f1\u7c89"}, {"type": -1, "id": "c8dk4", "content": ": \u5e79\u561b\u5f37\u8abf\u6aa2\u8209\u9054\u4eba"}, {"type": 1, "id": "g8330330", "content": ": \u9019\u7a2e\u4eba\u591a\u534a\u90fd"}, {"type": 1, "id": "ps124125288", "content": ": \u6aa2\u8209\u5225\u4eba\uff0c\u5f37\u59e6\u5973\u4eba\uff0c\u4ed6\u6709\u5feb\u611f\u5427"}, {"type": -1, "id": "eddiego", "content": ": \u6aa2\u8209\u9054\u4eba\u90fd\u662f\u9019\u7a2e\u8ca8\u8272  \u5641\u5fc3"}, {"type": 0, "id": "pigofwind", "content": ": \u73fe\u5728\u5c31\u8d70\u9019\u7a2e\u8def\u7dda\u963f\uff0c\u9055\u6cd5\u7684\u53ea\u8981\u6709\u6aa2\u8209"}, {"type": 0, "id": "pigofwind", "content": ": \u8a18\u9304\u5c31\u51a0\u4e0a\u500b\u6aa2\u8209\u9054\u4eba\u7684\u540d\u865f\uff0c\u90a3\u4e9b\u88ab\u958b"}, {"type": 0, "id": "pigofwind", "content": ": \u904e\u7f70\u55ae\u7684\u5c31\u8df3\u51fa\u4f86\u9ad8\u6f6e\u8aaa\u4f60\u770b\u6aa2\u8209\u9054\u4eba\u90fd"}, {"type": 1, "id": "lmc66", "content": ": \u6211\u6c92\u88ab\u6aa2\u8209\u904e\u5466 \u6240\u4ee5\u6211\u6709\u8cc7\u683c\u55c6\u9054\u4eba\u4e86\u55ce"}, {"type": 0, "id": "pigofwind", "content": ": \u9019\u6a23\uff0c\u8b1b\u767d\u4e86\u53ea\u662f\u72af\u7f6a\u6642\u4e0d\u6703\u628a\u4ea4\u901a\u9055\u898f"}, {"type": 0, "id": "pigofwind", "content": ": \u7684\u7d00\u9304\u62ff\u51fa\u4f86\u5927\u66f8\u7279\u66f8\u800c\u5df2"}, {"type": 0, "id": "rockon15", "content": ": \u9019\u5c31\u662f\u6bcd\u8c6c\u7684\u624b\u6bb5 \u76f4\u63a5\u4e0a\u641e\u4e0d\u597d\u4e0d\u7528\u4e00"}, {"type": 0, "id": "a2334436", "content": ": \u5207\u5272\u771f\u5feb \u4e4b\u524d\u6aa2\u8209\u9054\u4eba\u6a19\u984c\u7684\u65b0\u805e\u4e00\u5806"}, {"type": 0, "id": "a2334436", "content": ": \u600e\u9ebc\u6c92\u770b\u5230\u4f60\u51fa\u4f86"}, {"type": 0, "id": "rockon15", "content": ": \u767e\u842c \u9084\u4e0d\u7528\u95dc\u9019\u9ebc\u4e45 \u771f\u7684\u662f \u5509"}, {"type": -1, "id": "ludoren", "content": ": \u8aaa\u7684\u597d\u50cf\u662f\u56e0\u70ba\u6aa2\u8209\u6240\u4ee5\u624d\u72af\u6848"}, {"type": 1, "id": "lmc66", "content": ": \u800c\u4e14\u9019\u500b\u6aa2\u8209\u9054\u4eba\u660e\u660e\u662f\u8b66\u65b9\u8a8d\u8b49\u7684 \"\u7d93\u5e38\u6aa2"}, {"type": 0, "id": "lmc66", "content": ": \u8209\u5e02\u5340\u9055\u898f\u505c\u8eca\""}, {"type": -1, "id": "XDPOP", "content": ": \u6aa2\u8209\u9054\u4eba\u5f88\u591a\u662f\u6c92\u5c41\u773c\u7684\u5ee2\u7269\uff0c\u9760\u6aa2\u8209\u904e\u751f\u6d3b"}, {"type": 0, "id": "lmc66", "content": ": \u53c8\u4e0d\u662f\u96a8\u4fbf\u53bb\u7ffb\u51fa\u4ed6\u66fe\u7d93\u6aa2\u8209\u904e\u90a3\u9ebc\u7c21\u55ae"}, {"type": 0, "id": "lmc66", "content": ": \u662f\u770b\u4e0d\u61c2\"\u7d93\u5e38\"\u5169\u500b\u5b57\u55ce^^"}, {"type": 1, "id": "kyosp", "content": ": \u4e0dey"}, {"type": 0, "id": "pigofwind", "content": ": \u5c31\u6709\u4eba\u786c\u8981\u628a\u6aa2\u8209\u8a18\u9304\u8ddf\u4ed6\u7684\u72af\u7f6a\u626f\u4e0a\u908a"}, {"type": 0, "id": "pigofwind", "content": ": \u963f\uff0c\u5c31\u8ddf\u4eca\u5929\u627e\u500b\u72af\u7f6a\u8005\uff0c\u8b66\u65b9\u8a8d\u8b49\u4ed6\u7d93"}, {"type": 1, "id": "tw2000", "content": ": \u97d3\u559c\u97d3\u515288"}, {"type": 0, "id": "pigofwind", "content": ": \u5e38\u4ea4\u901a\u9055\u898f\uff0c\u5c31\u628a\u9055\u898f\u8a18\u9304\u8ddf\u72af\u7f6a\u9023\u7d50\u4e00"}, {"type": 1, "id": "Sougetu", "content": ": \u6a13\u4e0a\u4e0d\u5fc5\u8ddf\u9019\u908a\u8a8d\u771fXD"}, {"type": 0, "id": "pigofwind", "content": ": \u6a23\uff0c\u5169\u8005\u5c31\u6c92\u6b63\u76f8\u95dc\u786c\u8981\u7528\u6a19\u984c\u806f\u7d50\u800c\u5df2"}, {"type": 0, "id": "pigofwind", "content": ": \u53cd\u6b63\u9019\u7a2e\u5831\u5c0e\u7e3d\u6703\u6709\u4eba\u9ad8\u6f6e\uff0c\u4e0d\u610f\u5916\u5566\uff0c"}, {"type": 0, "id": "Sougetu", "content": ": \u9019\u908a\u9023\u4e4b\u524d\u6aa2\u8209\u4eba\u88ab\u570d\u6bc6\u90fd\u80fd\u4e00\u7247\u53eb\u597d"}, {"type": 1, "id": "kay2005", "content": ": \u723d \u5927\u63a8 \u679c\u7136\u662f\u8b8a\u614b"}, {"type": 1, "id": "snowrain", "content": ": \u9019\u5973\u751f\u597d\u8070\u660e"}, {"type": 1, "id": "whitefox", "content": ": \u6703\u88ab\u53e3\u982d\u52f8\u963b\u7684\u662f\u767d\u75f4\u4e2d\u7684\u767d\u75f4"}, {"type": 1, "id": "C8C8DHC", "content": ": \u9577\u5f97\u597d\u50cf\u5510\u725b \u771f\u5641"}, {"type": 1, "id": "verydolungbe", "content": ": \u6aa2\u8209\u9b54\u4eba\u672c\u4f86\u5fc3\u614b\u5c31\u4e0d\u5065\u5eb7 \u9084\u4e00\u5806\u4eba"}, {"type": 0, "id": "verydolungbe", "content": ": \u6367"}, {"type": 1, "id": "katanakiller", "content": ": \u6aa2\u8209\u9054\u4eba\u6574\u5929\u6c92\u4e8b\u5e79\u5230\u8655\u8ddf\u8e64\u4ed6\u4eba\u5077"}, {"type": 0, "id": "katanakiller", "content": ": \u62cd\u7167\u7684 \u60f3\u5230\u5c31\u5641\u5fc3"}, {"type": 1, "id": "snowrain", "content": ": \u771f\u7684\u50cf\u5510\u725b\u8036"}, {"type": 1, "id": "toro388", "content": ": \u539f\u4f86\u662f\u7d2f\u72af\uff0c\u5341\u5e74\u524d\u5c31\u6027\u4fb5\u904e\u5225\u4eba\u4e86"}, {"type": 1, "id": "moomin60129", "content": ": \u5641\u5fc3"}, {"type": -1, "id": "doggy0705", "content": ": \u4ec0\u9ebc\u721b\u6a19\u984c"}, {"type": 1, "id": "free520", "content": ": \u6aa2\u8209\u9054\u4eba\u7684\u65e5\u5e38   \u6069\u6069"}, {"type": 0, "id": "xhung", "content": ": \u626f\u4e09\u5c0f\u6aa2\u8209\u9054\u4eba \u5e79"}], "post_ip": "1.164.246.73", "post_content": "\n\u81ea\u7531 \u300c\u6aa2\u8209\u9054\u4eba\u300d\u95d6\u4f4f\u5bb6\u60f3\u786c\u4e0a\u5973\u6a21 \u5224\u95dc4\u5e74\u3001\u8ce0\u767e\u842c\nhttps://news.ltn.com.tw/news/society/breakingnews/2864671\n\n\u3014\u8a18\u8005\u6eab\u4e8e\u5fb7\uff0f\u53f0\u5317\u5831\u5c0e\u301543\u6b72\u300c\u6aa2\u8209\u9054\u4eba\u300d\u65bd\u529b\u4ec1\uff0c\u5c3e\u96a8\u53f0\u5317\u5e02\u4e00\u540d\u7db2\u62cd\u5973\u6a21\u8fd4\u9084\u79df\u5c4b\n\u8655\uff0c\u8d81\u5973\u6a21\u6d17\u6fa1\u6642\u6e96\u5099\u786c\u4e0a\uff0c\u5e78\u5973\u6a21\u81e8\u5371\u4e0d\u4e82\uff0c\u51b7\u975c\u53cd\u554f\u300c\u4f60\u5230\u5e95\u8981\u4ec0\u9ebc\uff1f\u300d\uff0c\u4e26\u7b54\u61c9\u8207\n\u65bd\u7537\u505a\u670b\u53cb\uff0c\u624d\u8aaa\u670d\u65bd\u7537\u96e2\u53bb\uff0c\u5973\u6a21\u96a8\u5373\u5831\u8b66\u8655\u7406\u3002\u65bd\u7537\u5f8c\u4f86\u88ab\u4f9d\u4fb5\u5165\u4f4f\u5b85\u5f37\u5236\u6027\u4ea4\u672a\u9042\n\u7f6a\uff0c\u5224\u52114\u5e74\uff0c\u53e6\u8981\u8ce0\u511f\u5973\u6a21100\u842c\u5143\u3002\u5211\u3001\u6c11\u5747\u5f97\u4e0a\u8a34\u3002\n\n\u6b64\u5916\uff0c\u5211\u4e8b\u5c40\u5728\u672c\u6848\u6848\u767c\u5f8c\uff0c\u6839\u64da\u65bd\u7537DNA\u6bd4\u5c0d\u51fa\u820710\u5e74\u524d\u4e00\u4ef6\u672a\u7834\u6027\u4fb5\u6848\u7684\u5acc\u72afDNA\u4e00\u81f4\n\uff0c\u4e00\u8209\u5075\u783410\u5e74\u61f8\u6848\uff1b\u6848\u7d93\u5317\u6aa2\u5075\u8fa6\uff0c\u8a8d\u5b9a\u7f6a\u8b49\u660e\u78ba\uff0c\u518d\u4f9d\u52a0\u91cd\u5f37\u5236\u6027\u4ea4\u7f6a\u5c07\u65bd\u7537\u8d77\u8a34\uff0c\n\u73fe\u6b63\u5be9\u7406\u4e2d\u3002\n\n\u5211\u4e8b\u5224\u6c7a\u6307\uff0c\u53bb\u5e743\u670822\u65e5\u51cc\u66683\u6642\uff0c\u5973\u6a21\u51fa\u9580\u8cb7\u6d88\u591c\u8fd4\u56de\u79df\u8655\u9014\u4e2d\uff0c\u906d\u65bd\u7537\u5c3e\u96a8\u9032\u5165\u516c\u5bd3\n\uff1b\u65bd\u7537\u4ee5\u96e8\u5098\u64ac\u958b\u5973\u6a21\u4f4f\u5bb6\u9435\u9580\u9032\u5165\uff0c\u898b\u5973\u6a21\u5728\u6d74\u5ba4\u5167\u6d17\u6fa1\uff0c\u65bd\u7537\u7a81\u5f9e\u5f8c\u65b9\u7528\u6d74\u5dfe\u5305\u4f4f\u5973\n\u6a21\u982d\u90e8\uff0c\u4e26\u5c07\u5979\u58d3\u5012\u5728\u5730\u6e96\u5099\u6027\u4fb5\u3002\n\n\u51b7\u975c\u5973\u6a21\u7576\u4e0b\u53cd\u554f\uff1a\u300c\u6211\u662f\u4e0d\u662f\u5f97\u7f6a\u904e\u4f60\uff0c\u624d\u4f86\u50b7\u5bb3\u5831\u5fa9\u6211\uff1f\u4f60\u8981\u4ec0\u9ebc\uff1f\u300d\u96a8\u5f8c\u8207\u65bd\u7537\u9592\n\u804a\u62d6\u5ef62\u5c0f\u6642\uff0c\u6700\u7d42\u5047\u88dd\u642d\u61c9\u8207\u65bd\u7537\u7576\u670b\u53cb\uff0c\u6210\u529f\u52f8\u9000\u3002\n\n\u5973\u6a21\u5f85\u65bd\u7537\u96e2\u53bb\u5f8c\u7acb\u523b\u5831\u8b66\uff0c\u8b66\u65b9\u5faa\u7dda\u902e\u6355\u65bd\u7537\uff0c\u4e26\u67e5\u51fa\u65bd\u7537\u66fe\u5728\u4e2d\u5c71\u5340\u4e00\u5bb6\u6309\u6469\u5e97\u64d4\u4efb\n\u6cca\u8eca\u5c0f\u5f1f\uff0c\u719f\u6089\u7576\u5730\u8def\u7dda\uff0c\u624d\u5f97\u4ee5\u5c3e\u96a8\u5973\u6a21\uff0c\u4e14\u72af\u6848\u524d\u662f\u300c\u6aa2\u8209\u9054\u4eba\u300d\uff0c\u7d93\u5e38\u6aa2\u8209\u5e02\u5340\u9055\n\u898f\u505c\u8eca\u3002\n\n\u5211\u5ead\u5be9\u7406\u5f8c\u8a8d\u5b9a\uff0c\u8a8d\u7f6a\u65bd\u7537\u5728\u72af\u7f6a\u904e\u7a0b\u4e2d\u4e3b\u52d5\u505c\u624b\uff0c\u7b26\u5408\u300c\u4e2d\u6b62\u72af\u300d\u7684\u6e1b\u5211\u8981\u4ef6\uff0c\u4f46\u65bd\u7537\n\u5e74\u8f15\u529b\u58ef\u53ea\u70ba\u6eff\u8db3\u617e\u671b\uff0c\u6df1\u591c\u96a8\u6a5f\u8ddf\u8e64\u843d\u55ae\u5973\u5b50\uff0c\u4fb5\u5165\u4f4f\u5b85\u60f3\u8981\u6027\u4fb5\uff0c\u5c0e\u81f4\u5973\u6a21\u7121\u6cd5\u78e8\u6ec5\n\u7684\u5fc3\u7406\u50b7\u75db\uff0c\u4e14\u5973\u6a21\u62d2\u7d55\u548c\u89e3\uff0c\u53bb\u5e749\u67083\u65e5\u4f9d\u4fb5\u5165\u4f4f\u5b85\u5f37\u5236\u6027\u4ea4\u672a\u9042\u7f6a\uff0c\u5224\u52114\u5e74\uff0c\u5df2\u4e0a\n\u8a34\u9ad8\u9662\u3002\n\n--\n\u6211\u80a5\u5f97\u7406\u76f4\u6c23\u58ef \u6211\u80d6\u5f97\u6bd4\u8ab0\u90fd\u723d\n\n--\n"}