{"ptt_id": "AssetDebt", "post_url": "https://www.ptt.cc/bbs/Gossiping/M.1562851251.A.263.html", "post_type": "\u554f\u5366", "post_title": "\u7d2b\u7159\u662f\u4e0d\u662f\u4ea4\u5230\u58de\u670b\u53cb\uff1f", "post_time": "2019-07-11 21:20:40", "post_score": -1, "post_pushes": [{"type": -1, "id": "bonfferoni", "content": ": \u8981\u554f\u5e7e\u6b21\u5566"}, {"type": -1, "id": "Lenney33", "content": ": \u5e72\u6211\u5c41\u4e8b"}, {"type": -1, "id": "scum5566", "content": ": \u7136\u5f8c??"}, {"type": 1, "id": "everettofu", "content": ": \u3053\u308c\u306f\u30ec\u30af\u30a4\u30a8\u30e0\u3060"}, {"type": 1, "id": "joydow", "content": ": \u662f\u554a \u6211\u7159\u5f9e\u5c0f\u90fd\u5f88\u4e56\u7684"}], "post_ip": "58.115.100.6", "post_content": "\n\u525b\u624d\u770bJOJO\u7b2c\u4e94\u90e8\u7b2c3\u5377\n\n\u770b\u5230\u963f\u5e15\u57fa\u62ff\u8457\u8336\u58fa\u52a0\u6599\u7684\u756b\u9762\n\n\u7d2b\u7159\u7b97\u4e0d\u7b97\u662f\u4ea4\u5230\u58de\u670b\u53cb\uff1f\n\n--\n"}