{"ptt_id": "ianlin1216", "post_url": "https://www.ptt.cc/bbs/Gossiping/M.1570405031.A.90E.html", "post_type": "\u554f\u5366", "post_title": "30\u5e74\u524d\u7684\u9ad8\u7b49\u6559\u80b2\u96e3\u5ea6\u5c4c\u6253\u73fe\u4ee3?", "post_time": "2019-10-07 07:37:09", "post_score": 20, "post_pushes": [{"type": 1, "id": "rererere147", "content": ": \u662f\u554a \u4f46\u662f\u4f60\u6284\u6587\u737b\u4e5f\u6bd4\u8f03\u4e0d\u5bb9\u6613\u88ab\u767c"}, {"type": 1, "id": "tanakataro", "content": ": \u5de5\u4e09\u5c0f \u6709\u5de5\u5177\u53ef\u4ee5\u63d0\u5347\u6548\u7387\u5728\u90a3\u904e\u592a\u723d"}, {"type": 1, "id": "pttnowash", "content": ": \u96e3\u5ea6\u7d55\u5c0d\u6c92\u6709\u5c4c\u6253\u73fe\u4ee3~\u73fe\u4ee3\u6bd4\u8f03\u96e3\u624d\u5c0d"}, {"type": 1, "id": "owlman", "content": ": \u4ee5\u524d\u67e5\u8cc7\u8a0a\u4fbf\u5229\u6027\u4f4e \u4f46\u662f\u8981\u6c42\u4e5f\u6c92\u90a3\u9ebc\u591a"}, {"type": 0, "id": "pttnowash", "content": ": \u53ea\u6709\u67e5\u8cc7\u6599\u6bd4\u8f03\u9ebb\u7169~"}, {"type": 0, "id": "a27588679", "content": ": \u73fe\u5728\u67e5\u5230\u4e00\u5806\u5047\u6d88\u606f"}, {"type": 0, "id": "cutesuper", "content": ": \u6d6a\u8cbb\u6642\u9593\u7a0b\u5ea6\u5c4c\u6253\u73fe\u5728\u7121\u8aa4"}, {"type": 0, "id": "tanakataro", "content": ": \u8ddf\u8d70\u8def\u6bd4\u8d77\u4f86 \u5750\u706b\u8eca\u4e5f\u53eb\u904e\u592a\u723d\u5427 \u54c8"}, {"type": 0, "id": "tanakataro", "content": ": \u8ddf\u91ce\u883b\u4eba\u8981\u6253\u7375\u6bd4\u8d77\u4f86 \u73fe\u4ee3\u4eba\u7adf\u7136\u53bb\u8d85"}, {"type": 0, "id": "tanakataro", "content": ": \u5e02\u5c31\u53ef\u4ee5\u8cb7\u8089"}, {"type": 0, "id": "wisdom", "content": ": \u4eba\u985e\u7684\u79d1\u6280\u4e0d\u65b7\u5728\u9032\u6b65\uff0c\u77e5\u8b58\u662f\u4e00\u76f4\u7d2f\u7a4d\u7684"}, {"type": 0, "id": "wisdom", "content": ": \u300220\u5e74\u524d\u7684\u4eba\u985e\u77e5\u8b58\u7e3d\u91cf\u8ddf20\u5e74\u5f8c\u76f8\u6bd4\u662f\u6307"}, {"type": 0, "id": "johnhmj", "content": ": \u6240\u4ee5\u4f60\u662f\u73fe\u5728\u7684\u5927\u5b78\u751f\u662f\u55ce\uff1f"}, {"type": 0, "id": "wisdom", "content": ": \u6578\u7d1a\u7684\u5dee\u7570\u3002\u4e00\u6a23\u7684\u6642\u9593\uff0c\u5b78\u751f\u8981\u5b78\u7684\u5167\u5bb9"}, {"type": 0, "id": "wisdom", "content": ": \u4e0d\u6bb5\u589e\u52a0\uff0c\u8ab0\u8aaa\u4ee5\u524d\u96e3\u5ea6\u8f03\u9ad8?"}, {"type": 0, "id": "yoyodio", "content": ": \u7576\u7136\uff0c\u9084\u6703\u88ab\u8b66\u7e3d\u5f9e\u53f0\u5927\u67d0\u6a13\u6454\u6b7b"}, {"type": 0, "id": "yoyodio", "content": ": \u8b1b\u932f\u8a71\u6703\u88ab\u6d88\u5931\uff0c\u6240\u4ee5\u4ee5\u524d\u96e3\u5ea6\u9ad8\u5f88\u591a"}, {"type": 0, "id": "yoyodio", "content": ": \u9084\u6709\u8077\u696d\u540c\u5b78\u6703\u4e00\u76f4\u62c9\u4f60\u5165\u9ee8\uff0c\u5f88\u7169"}, {"type": 1, "id": "sheagia", "content": ": \u73fe\u4ee3\u8cc7\u8a0a\u7206\u70b8\u79d1\u6280\u767c\u9054 \u600e\u9ebc\u60f3\u4e5f\u53ea\u6703\u8d8a\u4f86"}, {"type": 0, "id": "sheagia", "content": ": \u8d8a\u96e3"}, {"type": 0, "id": "twflash", "content": ": \u73fe\u5728\u5be6\u5728\u592a\u723d\u4e86  \u5929\u624d\u7684\u5929\u5802\u963f  \u795e\u901f!!!"}, {"type": 0, "id": "yuting90", "content": ": \u4e00\u5806\u6771\u897f\u90fd\u6c92\u6578\u4f4d\u5316\uff0c\u6240\u4ee5\u9084\u662f\u8981\u5b85\u5716\u66f8"}, {"type": 0, "id": "yuting90", "content": ": \u9928\u8ddf\u6bd4\u81ea\u5df1\u5e74\u9f61\u9084\u8001\u7684\u66f8\u57f9\u990a\u611f\u60c5\u597d\u55ce"}, {"type": 1, "id": "tfhkrt", "content": ": \u9084\u6709\u90aa\u6559\u5165\u4fb5\u6821\u5712"}, {"type": 1, "id": "lolovero", "content": ": \u662f \u7a84\u9580"}, {"type": 0, "id": "lolovero", "content": ": \u73fe\u5728\u9304\u53d6\u7387\u767e\u5206\u767e"}, {"type": 0, "id": "arcc", "content": ": \u7372\u53d6\u8cc7\u8a0a\u7684\u6548\u7387\u9ad8\u4f4e\u7684\u4e0d\u540c\u800c\u5df2,\u901930\u5e74\u9593\u6280\u8853"}, {"type": 0, "id": "arcc", "content": ": \u6709\u4ec0\u9ebc\u5927\u8e8d\u9032\u55ce?\u662f\u8981\u5c4c\u6253\u4ec0\u9ebc\u62c9XDD"}, {"type": 1, "id": "tanakataro", "content": ": \u770b\u9019\u7bc7\u5c31\u77e5\u9053\u4e00\u5806\u4eba\u53ea\u770b\u6a19\u984c \u9084\u9304\u53d6\u7387"}, {"type": 1, "id": "tanakataro", "content": ": \u5594\u5c0d\u4e86 \u539fPO\u6559\u6388\u6709\u6c92\u6709\u8aaa\u904e\u4ee5\u524d\u4e00\u53f0\u5de5"}, {"type": 1, "id": "ffaatt", "content": ": \u662f\u7684 \u6bd4\u6559\u80b2\u7684\u78ba\u662f\u8b8a\u7c21\u55ae"}, {"type": 0, "id": "tanakataro", "content": ": \u7a0b\u8a08\u7b97\u6a5f\u50f9\u683c\u6bd4\u4e00\u500b\u6708\u85aa\u6c34\u9084\u9ad8 \u5b78\u751f\u6839"}, {"type": 0, "id": "tanakataro", "content": ": \u672c\u8cb7\u4e0d\u8d77 \u73fe\u4ee3\u6587\u660e\u53c8\u904e\u592a\u723d\u4e86\u662f\u5427 \u54c8"}, {"type": 1, "id": "qkenny", "content": ": \u73fe\u4ee3\u7d55\u5c0d\u6bd4\u8f03\u96e3\u554a \u5b78\u8853\u77e5\u8b58\u662f\u4e00\u76f4\u7d2f\u7a4d\u7684"}, {"type": 0, "id": "qkenny", "content": ": \u8001\u4eba\u5c31\u662f\u6703\u5c41"}, {"type": 1, "id": "luoqr", "content": ": \u6a5f\u8eca\u96f6\u4ef6\u6c92\u4ec0\u9ebc\u8b8a \u7d44\u88dd\u8d77\u4f86\u73fe\u5728\u53ef\u4ee5\u8ce3\u5169\u4e09"}, {"type": 0, "id": "luoqr", "content": ": \u500d\u7684\u9322"}, {"type": 0, "id": "offstage", "content": ": google\u5230\u7684\u8cc7\u8a0a\u5f88\u591a\u662f\u932f\u8aa4\u7684\uff0c\u5c24\u5176Wiki"}, {"type": 1, "id": "fenderrb", "content": ": \u662f\u963f \u4eba\u5bb6\u5831\u544a\u81f3\u5c11\u662f\u7528\u624b\u6284\u7684"}, {"type": 0, "id": "KurakiMaki", "content": ": google\u932f\u7684\u53ef\u4ee5\u9a57\u8b49\uff0c\u4ee5\u524d\u9760\u67e5\u66f8\u7684"}, {"type": 1, "id": "setraise", "content": ": \u73fe\u5728\u5982\u679c\u8981\u8b80\u7684\u8a71\uff0c\u5c31\u4e0d\u662f\u4e00\u672c\u672c\u90a3\u6a23\u800c"}, {"type": 0, "id": "setraise", "content": ": \u5df2\u4e86\uff0c\u9023\u570b\u5916\u7684\u96fb\u5b50\u8cc7\u6599\u5eab\u4e5f\u8981\u6316\uff0c\u56e0\u70ba"}, {"type": 0, "id": "setraise", "content": ": \u53ef\u5f97\u7684\u8cc7\u8a0a\u592a\u591a\uff0c\u8b8a\u6210\u8981\u5438\u6536\u4f7f\u7528\u7684\u4e5f\u591a"}, {"type": 0, "id": "KurakiMaki", "content": ": \u6709\u8fa6\u6cd5\u9a57\u8b49\u662f\u932f\u7684\u55ce\uff1f"}, {"type": 0, "id": "setraise", "content": ": \u597d\u5e7e\u500d"}, {"type": 0, "id": "KurakiMaki", "content": ": \u73fe\u5728\u8cc7\u8a0a\u96a8\u6642\u53ef\u63a5\u53d7\u5230\u5916\u570b\u8cc7\u8a0a"}, {"type": 0, "id": "KurakiMaki", "content": ": \u8cc7\u8a0a\u91cf\u5c4c\u625330\u5e74\u524d\u963f\uff0c30\u5e74\u524d\u4f60\u82b1\u4e00\u5e74"}, {"type": 0, "id": "KurakiMaki", "content": ": \u7814\u7a76\u7684\u6771\u897f\uff0c\u73fe\u5728\u5927\u6982\u4e00\u5929\u5c31\u80fd\u4e86"}, {"type": -1, "id": "fransice7", "content": ": 30\u5e74\u524d\u6211\u4e0d\u77e5\u9053 \u4f46\u662f20\u5e74\u524d\u570b\u4e2d\u6578\u5b78\u5f88"}, {"type": 0, "id": "fransice7", "content": ": \u96e3\uff0c\u6559\u5f97\u592a\u96e3\u6559\u5230\u6709\u7684\u8001\u5e2b\u4e7e\u8106\u76f4\u63a5"}, {"type": 0, "id": "fransice7", "content": ": \u53eb\u5b78\u751f\u7528\u5fae\u7a4d\u5206\u89e3"}, {"type": 0, "id": "fransice7", "content": ": \u570b\u4e09\u7684\u6578\u5b78"}, {"type": 1, "id": "leterg", "content": ": \u4ee5\u524d\u96e3\u5728\u5012\u6263\uff0c\u62fc\u904b\u6c23"}, {"type": 1, "id": "RLH", "content": ": \u6c92\u6709"}, {"type": 1, "id": "herculex", "content": ": \u4ee5\u524d\u4f60\u6d77\u5916\u62ff\u5b8c\u535a\u58eb\u56de\u4f86\u53f0\u7063\u8eba\u8457\u5c31\u7576\u526f"}, {"type": 0, "id": "herculex", "content": ": \u6559\u6388"}, {"type": 1, "id": "wayne790614", "content": ": \u4ee5\u524d\u8cc7\u8a0a\u7372\u5f97\u8f03\u56f0\u96e3 \u5be6\u969b\u96e3\u5ea6\u6bd4\u8f03\u4f4e"}, {"type": 0, "id": "kilhi", "content": ": \u4ee5\u524d\u6c92google"}, {"type": 1, "id": "beachrabbit", "content": ": \u8001\u4eba\u4e0d\u6703\u9032\u6b65\u5c31\u662f\u9019\u6a23\u6574\u5929\u53ea\u6703\u563430\u5e74"}, {"type": 0, "id": "beachrabbit", "content": ": \u524d"}, {"type": 1, "id": "deerdriver", "content": ": \u9802\u5c16\u662f\u9019\u6a23\u5566 \u4ee5\u524d\u6c92\u4f4e\u968e\u5927\u5b78"}, {"type": 1, "id": "x7834210", "content": ": \u61f6\u8db4\u79d1\u6280\u65e5\u65b0\u6708\u7570 \u600e\u9ebc\u53ef\u80fd\u66f8\u53cd\u800c\u8b8a\u8584"}, {"type": 0, "id": "x7834210", "content": ": \u67e5\u8cc7\u6599\u96e3\u5ea6\u662f\u5dee\u5f88\u591a\u6211\u627f\u8a8d"}], "post_ip": "42.72.112.109", "post_content": "\n\u9913\u6b7b\u62ac\u982d\u672c\u9b6f\u6559\u6388\n\u8aaa\u4ee5\u524d\u6c92\u6709\u7db2\u8def\u7684\u6642\u4ee3\u4ec0\u9ebc\u90fd\u8981\u53bb\u5716\u66f8\u9928\uff0c\u4e00\u672c\u4e00\u672c\u627e\u8cc7\u6599\uff0c\u52d5\u8f12\u5c31\u662f\u4e00\u5929\n\u56de\u904e\u795e\u6642\u5df2\u7d93\u534a\u591c\u4e86\uff0c\u7136\u5f8c\u518d\u7e7c\u7e8c\u8b80\u5230\n\u65e9\u4e0a\u518d\u53bb\u4e0a\u8ab2\uff0c\u807d\u5f97\u672c\u9b6f\u5687\u5230\u5403\u624b\u624b\n\n\u5982\u679c\u9019\u4e9b\u90fd\u5c6c\u5be6\uff0c\u90a3\u73fe\u5728\u5927\u5b78\u751f\u662f\u4e0d\u662f\u904e\u592a\u723d\u4e86\uff1f\n\n\n\u4e7e\u4e94\u516b\u5366\n\n--\n"}