{"ptt_id": "Kaoos", "post_url": "https://www.ptt.cc/bbs/Gossiping/M.1569928188.A.831.html", "post_type": "\u554f\u5366", "post_title": "\u610f\u5916\u96aa\u6709\u6c92\u6709\u542b\u6a4b\u65b7\u6389?", "post_time": "2019-10-01 19:09:46", "post_score": 2, "post_pushes": [{"type": 0, "id": "tamama000", "content": ": \u6c92\u7a7a \u5148\u6aa2\u8a0e\u5c0f\u83f8"}, {"type": -1, "id": "GGrunrundela", "content": ": \u4e00\u6a13\u5c4c\u88ab\u4e8c\u6a13\u53e3\u6280\u8d85\u5f37\u97d3\u5230\u65b7"}, {"type": 1, "id": "polo125809", "content": ": \u770b\u4f60\u8cb7\u54ea\u5bb6"}, {"type": 0, "id": "QBey", "content": ": \u89bd\u53eb\u65b7\u6389"}, {"type": 0, "id": "james732", "content": ": \u6a13\u4e0b\u4f60\u6709\u6c92\u6709\u8981\u8ddf\u6211\u7d50\u5a5a"}, {"type": 0, "id": "tamama000", "content": ": \u4f86\u963f\uff01\uff01\uff01\u6211\u561f\u561f\u561f"}, {"type": 0, "id": "kcclasaki", "content": ": \u5148\u95dc\u5fc3\u9999\u6e2f\u597d\u55ce\uff1f \u5929\u707d\u548c\u4eba\u798d \u8f15\u91cd\u7de9"}, {"type": 0, "id": "kcclasaki", "content": ": \u6025\u4e0d\u6703\u5206\u9006"}, {"type": 0, "id": "jma306", "content": ": \u6b7b\u50b7"}, {"type": 1, "id": "g10", "content": ": \u9019\u7a2e\u570b\u8ce0 \u8dd1\u4e0d\u6389"}, {"type": -1, "id": "GGrunrundela", "content": ": \u62b1\u6b49 \u3108\u3113\u6211\u4e0d\u884c\u5614\u5614\u5614\u5614\u5614\u5e79\u5e79\u5e79\u5e79"}, {"type": 1, "id": "zephyr105", "content": ": \u6709\u5427"}, {"type": 1, "id": "protoss666", "content": ": \u6709"}, {"type": 0, "id": "israelii", "content": ": \u6709"}, {"type": 0, "id": "vvssinn", "content": ": \u7576\u7136\u6709"}], "post_ip": "36.225.80.30", "post_content": "\n\u610f\u5916\u96aa\u597d\u50cf\u90fd\u8eca\u798d\u5c45\u591a\n\n\u6216\u662f\u6454\u98db\u6a5f\u548c\u6c89\u8239\n\n\u6709\u6c92\u6709\u610f\u5916\u96aa\u6709\u6c92\u6709\u542b\u6a4b\u65b7\u6389\u7684\u516b\u5366?\n\n\u4e94\u6a13\u5e6b\u67e5\u4e00\u4e0b\u6709\u6c92\u6709\u542b\n\n\n--\n"}