{"ptt_id": "WalterbyJeff", "post_url": "https://www.ptt.cc/bbs/Gossiping/M.1569294910.A.0CF.html", "post_type": "\u65b0\u805e", "post_title": "\u9678\u767c\u6539\u59d4\uff1a\u9678\u4eba\u5747GDP\u9054 6.46\u842c\u4eba\u6c11\u5e63", "post_time": "2019-09-24 11:15:08", "post_score": -15, "post_pushes": [{"type": 0, "id": "DASHOCK", "content": ": \u90a3\u53bb\u7533\u8acb\u5df2\u958b\u767c\u570b\u5bb6\u5427"}, {"type": 0, "id": "roywow", "content": ": \u592e\u592e\u5927\u570b"}, {"type": -1, "id": "EternalNebul", "content": ": \uff1f"}, {"type": 0, "id": "taristocrat", "content": ": \u539f\u59cb\u6578\u5b57"}, {"type": 1, "id": "wwf0322", "content": ": XD"}, {"type": 0, "id": "WTF55665566", "content": ": \u4e16\u754c\u6392\u540d70\u4ee5\u5f8c \u88ab\u53f0\u706333\u540d\u5c4c\u6253"}, {"type": 0, "id": "hate56", "content": ": \u5e79\u4f60\u5a18\u65fa\u5831"}, {"type": -1, "id": "CLV518", "content": ": \u4f60\u570b\u624d\u4eba\u57479000\uff1f\u6211\u570b\u90fd26000\u4e86\u3002"}, {"type": -1, "id": "jinx5566", "content": ": \u65fa\u5831 \u9673\u541b\u78a9    \u592a\u5e73\u6d0b\u6c92\u52a0\u84cb\u5feb\u904e\u53bb"}, {"type": -1, "id": "henrysu1625", "content": ": \u7528\u4eba\u6c11\u5e63\u770b\u8d77\u4f86\u6bd4\u8f03\u6c92\u90a3\u9ebc\u53ef\u6190 \u310f"}, {"type": -1, "id": "hoe1101", "content": ": \u76f8\u4fe1\u7684\u8acb\u9f13\u638c"}, {"type": 0, "id": "ETTom", "content": ": \u7b2c\u4e8c\u5927\u53ef\u4ee5\u53bb\u7533\u8acb\u5df2\u958b\u767c\u570b\u5bb6\u4e86"}, {"type": 0, "id": "Allen0315", "content": ":     \u4f60\u5abd\u8ddf\u4f60\u7238\u5e73\u5747\u4e00\u9846\u776a\u4e38"}, {"type": 0, "id": "houting", "content": ": \u9019\"\u65b0\u805e\"\u7b2c\u4e00\u53e5\u8a71\u5c31\u5bb3\u6211\u7b11\u4e86 \u5f8c\u9762\u7b11\u5230\u7ffb"}, {"type": 1, "id": "tony20095", "content": ": \u5f37\u570b\u7684\u4eba\u5747\u6bd4\u53f0\u7063\u57fa\u672c\u5de5\u8cc7\u9084\u4f4e \u7b11\u6b7b"}, {"type": -1, "id": "no4", "content": ": \u7238\u5abd\u5e73\u5747\u6709\u4e00\u9846\u776a\u4e38"}, {"type": 1, "id": "bruce20053", "content": ": \u53f0\u70631990\u7684\u4eba\u5747\u5927\u6982\u5c31\u662f9000\u7f8e"}, {"type": 0, "id": "suichui", "content": ": \u548c\u7fd2\u8fd1\u5e73\u4eba\u5747\u5427"}, {"type": -1, "id": "giggstw", "content": ": \u5e0c\u671b\u8a18\u8005\u6709\u73fe\u4e16\u5831\uff0c\u5b50\u5b6b\u7537\u76dc\u5973\u5a3c"}, {"type": -1, "id": "hu6111", "content": ": \u6211\u570b\u54a7\uff0c\u5783\u573e\u8ce3\u570b\u5831\uff0c\u9084\u6545\u610f\u7528\u4eba\u6c11\u5e63\u6df7\u6dc6"}, {"type": 1, "id": "greencapave", "content": ": \u5927\u9678\u4e0d\u662f\u5171\u7522\u4e3b\u7fa9\u55ce \u628a\u9322\u5206\u4e00\u4efd\u5427"}, {"type": -1, "id": "Gaffky", "content": ": \u653e\u5c41"}, {"type": 0, "id": "kkshit02", "content": ": \u554a\u4e0d\u5c31\u5206\u4f48\u5716\u6975\u5ea6\u5de6\u504f\u2026"}, {"type": -1, "id": "rofellosx", "content": ": \u4f60\u570b"}, {"type": 1, "id": "versailles94", "content": ": \u9019\u4eba\u5747\u597d\u6158"}, {"type": 0, "id": "kixer2005", "content": ": \u4e2d\u5171\u8aaa\u8a71\u8ddf\u97d3\u570b\u745c\u4e00\u6a23\u53ef\u4fe1"}, {"type": -1, "id": "mcucte", "content": ": \u55ef\uff01\u4eba\u6c11\u5e63\u8a08\u50f9\uff1f"}, {"type": -1, "id": "a8662875", "content": ": \u4ed6\u570b\u4e8b\u52d9"}, {"type": -1, "id": "RICEFINCH", "content": ": XD"}, {"type": -1, "id": "jonestem", "content": ": \u9593\u8adc\u7d44\u7e54\uff1f\u6575\u570b\u7d44\u7e54\uff1f"}, {"type": 0, "id": "elainakuo", "content": ": \u7b11\u6b7b\u4eba"}, {"type": -1, "id": "yrhhimamr", "content": ": \u7d05\u5a92\u7684\u570b\u5bb6\u6c92\u932f\uff0c\u4e0d\u7136\u54e9\uff1f"}, {"type": -1, "id": "processer", "content": ": \u73fe\u5728\u4eba\u6c11\u5e63\u8cb6\u503c\uff0c\u7528\u7f8e\u91d1\u767c\u4f48\u6703\u8b8a\u9000\u6b65"}, {"type": -1, "id": "yeap193", "content": ": \u4e2d\u6642\u771f\u7684\u5f88\u6548\u5fe0\u5171\u7522\u9ee8\u6b38"}, {"type": -1, "id": "DorisQQ", "content": ": \u7238\u5abd\u5e73\u5747\u4e00\u9846\u776a\u4e38\u5566 \u9a19\u9b3c\u5594"}, {"type": -1, "id": "kentshi", "content": ": \u53ef\u4ee5\u8214\u6210\u9019\u6a23\u771f\u7684\u5f88\u5641"}, {"type": -1, "id": "aska13", "content": ": \u90a3\u4e2d\u570b\u53ef\u4ee5\u63db\u7f8e\u91d1\u4e86\u55ce\uff1f"}, {"type": -1, "id": "decorum", "content": ": \u4eba\u57479100\u5c4c\u625325000\u7684\u6982\u5ff5 \u53b2\u5bb3\u4e86\u6211\u7684\u87c8"}, {"type": 1, "id": "EvilPrada", "content": ": \u4e0d\u52301\u842c\u9382  \u7d50\u679c\u652f\u90a3\u72d7\u6574\u5929\u72d7\u5420\u53f0\u7063\u6bd4"}, {"type": 0, "id": "EvilPrada", "content": ": \u652f\u90a3\u7aae  \u9760\u652f\u90a3\u990a  \u6709\u7121\u7aae\u4eba\u990a\u5bcc\u4eba\u516b\u5366"}], "post_ip": "203.69.243.49", "post_content": "\n1.\u5a92\u9ad4\u4f86\u6e90:\n\u4e2d\u6642\u96fb\u5b50\u5831\n\n2.\u8a18\u8005\u7f72\u540d\n\u65fa\u5831 \u9673\u541b\u78a9\n\n3.\u5b8c\u6574\u65b0\u805e\u6a19\u984c:\n\u9678\u767c\u6539\u59d4\uff1a\u9678\u4eba\u5747GDP\u9054 6.46\u842c\u4eba\u6c11\u5e63\n\n4.\u5b8c\u6574\u65b0\u805e\u5167\u6587:\n\n\u5927\u9678\u570b\u5bb6\u767c\u6539\u59d4\u526f\u4e3b\u4efb\u5be7\u5409\u558624\u65e5\u8868\u793a\uff0c1952-2018\u5e74\uff0c\u4e2d\u570b\u570b\u5167\u751f\u7522\u7e3d\u503c(GDP)\u5f9e679.1\u5104\u5143\u8e8d\u5347\u81f390.03\u842c\u5104\u5143\uff0c\u5be6\u969b\u589e\u9577174\u500d\uff0c\u4f54\u4e16\u754c\u7d93\u6fdf\u7684\u6bd4\u91cd\u63a5\u8fd116\uff05\uff1b\u4eba\u5747GDP\u5f9e119\u5143\u63d0\u9ad8\u52306.46\u842c\u5143(\u4eba\u6c11\u5e63\uff0c\u4e0b\u540c)\uff0c\u5be6\u969b\u589e\u957770\u500d\u3002   \u5927\u9678\u6176\u795d70\u5468\u5e74\u570b\u6176\u7cfb\u5217\u6d3b\u52d5\u5c55\u958b\uff0c24\u65e5\u4e0a\u5348\u8209\u884c\u7b2c\u4e00\u5834\u8a18\u8005\u6703\uff0c\u7531\u5927\u9678\u570b\u5bb6\u767c\u5c55\u548c\u6539\u9769\u59d4\u54e1\u6703\u526f\u4e3b\u4efb\u3001\u570b\u5bb6\u7d71\u8a08\u5c40\u5c40\u9577\u5be7\u5409\u5586\uff0c\u8ca1\u653f\u90e8\u90e8\u9577\u5289\u6606\uff0c\u4e2d\u570b\u4eba\u6c11\u9280\u884c\u884c\u9577\u6613\u7db1\u7b49\u4eba\u6253\u982d\u9663\uff0c\u4ecb\u7d39\u5927\u9678\u7684\u767c\u5c55\u6210\u5c31\u3002\n\u5be7\u5409\u5586\u4ee5\u4e94\u65b9\u9762\u4ecb\u7d39\u5927\u9678\u4e03\u5341\u5e74\u4f86\u7684\u767c\u5c55\uff0c\u4ed6\u6307\u51fa\uff0c\u7b2c\u4e00\uff0c\u4e2d\u83ef\u6c11\u65cf\u5f9e\u7ad9\u8d77\u4f86\u3001\u5bcc\u8d77\u4f86\u5230\u5f37\u8d77\u4f86\u5be6\u73fe\u98db\u8e8d\u300270\u5e74\u524d\uff0c\u6bdb\u6fa4\u6771\u4e3b\u5e2d\u5728\u5929\u5b89\u9580\u57ce\u6a13\u4e0a\u4e00\u8072\u5ba3\u544a\uff0c\u6a19\u8a8c\u8457\u4e2d\u570b\u4eba\u6c11\u5f9e\u6b64\u7ad9\u8d77\u4f86\u4e86\u300270\u5e74\u4f86\uff0c\u5b8c\u6210\u793e\u6703\u4e3b\u7fa9\u9769\u547d\uff0c\u63a8\u9032\u793e\u6703\u4e3b\u7fa9\u5efa\u8a2d\uff0c\u9032\u884c\u6539\u9769\u958b\u653e\u65b0\u7684\u5049\u5927\u9769\u547d\uff0c\u6975\u5927\u5730\u89e3\u653e\u548c\u767c\u5c55\u4e86\u793e\u6703\u751f\u7522\u529b\u30021952\u5e74\u20142018\u5e74\uff0c\u6211\u570bGDP\u5f9e679.1\u5104\u5143\u8e8d\u5347\u81f390.03\u842c\u5104\u5143\uff0c\u5be6\u969b\u589e\u9577174\u500d\uff1b\u4eba\u5747GDP\u5f9e119\u5143\u63d0\u9ad8\u52306.46\u842c\u5143\uff0c\u5be6\u969b\u589e\u957770\u500d\u3002\n\u7b2c\u4e8c\uff0c\u7d9c\u5408\u570b\u529b\u3001\u793e\u6703\u751f\u7522\u529b\u3001\u4eba\u6c11\u751f\u6d3b\u6c34\u5e73\u5927\u5e45\u63d0\u5347\u3002\u76ee\u524d\uff0c\u6211\u570b\u5df2\u6210\u70ba\u4e16\u754c\u7d93\u6fdf\u7b2c\u4e8c\u5927\u570b\u3001\u8ca8\u7269\u8cbf\u6613\u7b2c\u4e00\u5927\u570b\u3001\u5916\u532f\u5132\u5099\u7b2c\u4e00\u5927\u570b\u3001\u670d\u52d9\u8cbf\u6613\u7b2c\u4e8c\u5927\u570b\u3001\u4f7f\u7528\u5916\u8cc7\u7b2c\u4e8c\u5927\u570b\u3001\u5c0d\u5916\u6295\u8cc7\u7b2c\u4e8c\u5927\u570b\u3002\u79fb\u52d5\u901a\u4fe1\u3001\u73fe\u4ee3\u6838\u96fb\u3001\u8f09\u4eba\u822a\u5929\u3001\u91cf\u5b50\u79d1\u5b78\u3001\u6df1\u6d77\u63a2\u6e2c\u3001\u8d85\u7d1a\u8a08\u7b97\u7b49\u9818\u57df\u53d6\u5f97\u91cd\u5927\u79d1\u6280\u6210\u679c\u30022018\u5e74\u6211\u570b\u5c45\u6c11\u4eba\u5747\u53ef\u652f\u914d\u6536\u5165\u6bd41949\u5e74\u5be6\u969b\u589e\u957759.2\u500d\uff0c\u5c45\u6c11\u4eba\u5747\u6d88\u8cbb\u652f\u51fa\u6bd41956\u5e74\u5be6\u969b\u589e\u957728.5\u500d\u3002\n\u7b2c\u4e09\uff0c\u7d93\u6fdf\u5efa\u8a2d\u3001\u793e\u6703\u5efa\u8a2d\u3001\u751f\u614b\u6587\u660e\u5efa\u8a2d\u5354\u8abf\u63a8\u9032\u300270\u5e74\u4f86\uff0c\u6211\u570b\u56fa\u5b9a\u8cc7\u7522\u6295\u8cc7\u6301\u7e8c\u5feb\u901f\u589e\u9577\uff0c\u6975\u5927\u5730\u4fc3\u9032\u4e86\u8fb2\u696d\u751f\u7522\u529b\u6c34\u5e73\u3001\u5de5\u696d\u88dd\u5099\u6c34\u5e73\u3001\u57fa\u790e\u8a2d\u65bd\u7db2\u7d61\u7684\u63d0\u9ad8\u548c\u5065\u5168\u30022018\u5e74\u672b\uff0c\u6211\u570b\u9435\u8def\u71df\u696d\u91cc\u7a0b13.2\u842c\u516c\u91cc\uff0c\u5176\u4e2d\u9ad8\u901f\u9435\u8def3\u842c\u516c\u91cc\uff0c\u5206\u5225\u5c45\u4e16\u754c\u7b2c\u4e8c\u548c\u4e16\u754c\u7b2c\u4e00\uff1b\u516c\u8def\u91cc\u7a0b485\u842c\u516c\u91cc\uff0c\u5176\u4e2d\u9ad8\u901f\u516c\u8def14.3\u842c\u516c\u91cc\uff0c\u5c45\u4e16\u754c\u7b2c\u4e00\u3002\u6559\u80b2\u3001\u6587\u5316\u3001\u91ab\u7642\u885b\u751f\u3001\u9ad4\u80b2\u3001\u793e\u6703\u4fdd\u969c\u3001\u6276\u8ca7\u812b\u8ca7\u3001\u751f\u614b\u74b0\u4fdd\u4e8b\u696d\u5168\u9762\u767c\u5c55\u300270\u5e74\u4f86\uff0c\u6211\u570b\u4eba\u5747\u9810\u671f\u58fd\u547d\u5f9e35\u6b72\u4e0a\u5347\u70ba77\u6b72\uff0c\u68ee\u6797\u8986\u84cb\u7387\u5f9e1976\u5e74\u768412.7\uff05\u63d0\u9ad8\u52302018\u5e74\u768422.96\uff05\u3002\n\u7b2c\u56db\uff0c\u5de5\u696d\u5316\u3001\u4fe1\u606f\u5316\u3001\u57ce\u93ae\u5316\u3001\u8fb2\u696d\u73fe\u4ee3\u5316\u540c\u6b65\u767c\u5c55\u300270\u5e74\u4f86\uff0c\u5f9e\u50b3\u7d71\u8fb2\u696d\u570b\u8f49\u70ba\u73fe\u4ee3\u5de5\u696d\u570b\u53d6\u5f97\u986f\u8457\u6210\u6548\uff0c\u64c1\u6709\u806f\u5408\u570b\u7522\u696d\u5206\u985e\u4e2d\u5168\u90e8\u5de5\u696d\u9580\u985e\u3002\u7b2c\u4e00\u3001\u4e8c\u3001\u4e09\u7522\u696d\u589e\u52a0\u503c\u6bd4\u4f8b\u5f9e1952\u5e74\u768450.5\uff1a20.8\uff1a28.7\u8b8a\u5316\u70ba2018\u5e74\u76847.2\uff1a40.7\uff1a52.2\u3002\u4fe1\u606f\u5316\u6df1\u5165\u767c\u5c55\uff0c\u5c45\u6c11\u5728\u7db2\u4e0a\u8cfc\u7269\u3001\u7528\u624b\u6a5f\u652f\u4ed8\u3001\u9a0e\u5171\u4eab\u55ae\u8eca\u3001\u5750\u9ad8\u901f\u5217\u8eca\u6210\u70ba\u5e38\u614b\uff0c\u6240\u8b02\u65b0\u201c\u56db\u5927\u767c\u660e\u201d\u30021949\u5e74\u20142018\u5e74\uff0c\u5e38\u4f4f\u4eba\u53e3\u57ce\u93ae\u5316\u7387\u5f9e10.6\uff05\u63d0\u5347\u81f359.6\uff05\uff0c\u8fb2\u696d\u6a5f\u68b0\u7e3d\u52d5\u529b\u5f9e\u7d0410\u842c\u5343\u74e6\u589e\u9577\u70ba10\u5104\u5343\u74e6\u3002\n\u7b2c\u4e94\uff0c\u4e2d\u570b\u4f5c\u70ba\u4e16\u754c\u548c\u5e73\u7684\u5efa\u8a2d\u8005\u3001\u5168\u7403\u767c\u5c55\u7684\u8ca2\u737b\u8005\u3001\u570b\u969b\u79e9\u5e8f\u7684\u7dad\u8b77\u8005\u4f5c\u7528\u51f8\u986f\u3002\u76ee\u524d\uff0c\u4e2d\u570b\u662f\u806f\u5408\u570b\u4e94\u5927\u5e38\u4efb\u7406\u4e8b\u570b\u4e2d\u6d3e\u51fa\u7dad\u548c\u90e8\u968a\u4eba\u6578\u6700\u591a\u7684\u570b\u5bb6\uff1b\u4e2d\u570b\u7d93\u6fdf\u589e\u9577\u5c0d\u4e16\u754c\u7d93\u6fdf\u589e\u9577\u7684\u8ca2\u737b\u7387\u5c45\u4e16\u754c\u9996\u4f4d\uff1b\u4e2d\u570b\u5805\u6301\u591a\u908a\u4e3b\u7fa9\u3001\u81ea\u7531\u8cbf\u6613\u539f\u5247\uff0c\u7a4d\u6975\u53c3\u8207\u806f\u5408\u570b\u7b49\u570b\u969b\u7d44\u7e54\u6d3b\u52d5\uff1b\u4e2d\u65b9\u5171\u5efa\u201c\u4e00\u5e36\u4e00\u8def\u201d\u5021\u8b70\u5df2\u5f97\u5230160\u591a\u500b\u570b\u5bb6\u548c\u570b\u969b\u7d44\u7e54\u7684\u7a4d\u6975\u97ff\u61c9\u3002  (\u65fa\u5831 )\n\n5.\u5b8c\u6574\u65b0\u805e\u9023\u7d50 (\u6216\u77ed\u7db2\u5740):\nshorturl.at/jtJZ1\n\n6.\u5099\u8a3b:\n\n\u4f55\u6642\u8b8a\u6210\u300c\u6211\u570b\u300d\u4e86\uff1f\u9019\u662f\u5c0d\u5cb8\u53e6\u5916\u4e00\u7a2e\u7d71\u6230\u55ce\uff1f\u8b93\u4eba\u6c11\u990a\u6210\u7fd2\u6163\uff1f\n\u53c8\uff0c6.46\u842c\u4eba\u6c11\u5e63\uff0c\u5c0d\u61c9\u73fe\u5728\u4eba\u6c11\u5e63\u532f\u7387\u53ea\u67099100USD? \u5c31\u7b97\u7528\u5927\u5e45\u8cb6\u503c\u958b\u59cb\u524d\u7684\u532f\u7387\n6.91 RMB to 1 USD\uff0c\u9019\u6a23\u7b49\u65bc9348 USD \u9084\u662f\u4f4e\u65bc\u4e4b\u524d\u8aaa\u768410200USD\u4eba\u5747GDP!?\n\n\n--\n"}