{"ptt_id": "maydosa5566", "post_url": "https://www.ptt.cc/bbs/Gossiping/M.1563210982.A.5FB.html", "post_type": "\u554f\u5366", "post_title": "\u8acb\u554f175\u516c\u5206 128\u516c\u65a4 \u662f\u4e0d\u662f\u5c0f\u80d6???", "post_time": "2019-07-16 01:16:18", "post_score": 5, "post_pushes": [{"type": 1, "id": "QBey", "content": ": \u8eab\u6750\u50cf\u9928\u9577\u5c31\u5c0f\u80d6"}, {"type": 0, "id": "Wolverin5566", "content": ": \u6b7b\u80a5\u5b85\u77e5\u9053\u81ea\u5df1\u5224\u5c31\u6efe\u5566\u64cd\u64cd\u64cd\u64cd\u64cd"}, {"type": 1, "id": "babyMclaren", "content": ": \u539a\u7247"}, {"type": 0, "id": "monitor", "content": ": \u90a3\u662f\u54c6\u5566a\u5922\u5427"}, {"type": 1, "id": "Sabo5566", "content": ": \u592a\u7626\u4e86 \u8981\u518d\u591a\u5403\u4e00\u4e9b"}, {"type": 1, "id": "estupid", "content": ": \u311f\u4f60\u904e\u4f86\u4e00\u4e0b"}, {"type": 0, "id": "love0504", "content": ": \u6a02\u8299\u6bd4\u4f60\u7626\u4e00\u9ede"}, {"type": 0, "id": "zembrata", "content": ": \u6211\u5f1f\u8eab\u9ad8174  \u9ad4\u91cd63  \u7d66\u60a8\u53c3\u8003"}, {"type": -1, "id": "KGarnett05", "content": ": \u592a\u7626\u4e86\u5427 \u71df\u990a\u4e0d\u826f \u591a\u5403\u9ede"}, {"type": 0, "id": "maple0425", "content": ": \u9084\u597d"}, {"type": 0, "id": "setsunabs", "content": ": \u9019\u6839\u76ae\u5305\u9aa8"}, {"type": 1, "id": "APUDOOR", "content": ": \u6c92\u4e8b\u5566 218\u516c\u65a4\u518d\u4f86\u8aaa"}, {"type": 1, "id": "raja93368874", "content": ": \u904e\u7626"}, {"type": 0, "id": "setsunabs", "content": ": \u76ee\u6a19175/1200kg"}, {"type": 1, "id": "zpeople", "content": ": \u6211\u5403\u523096\u5c31\u7dca\u7e43\u4e86\uff01\u4f60\u670b\u53cb\u600e\u9ebc\u5403\u7684"}, {"type": -1, "id": "a27588679", "content": ": \u80a5\u6b7b"}, {"type": 1, "id": "final951753", "content": ": \u514d\u75ab\u723d\u6b7b"}, {"type": 0, "id": "a81255316", "content": ": G\u8edf\u5e7e\u516c\u65a4\u4e86\uff1f"}, {"type": 0, "id": "love0504", "content": ": \u6a13\u4e0a\u76fc\u5b50"}, {"type": 0, "id": "ymx3xc", "content": ": \u4ee4\u80a5"}, {"type": 0, "id": "kenichisun", "content": ": \u770b\u9ad4\u8102\u80aa"}, {"type": 0, "id": "okokurpig", "content": ": \uff0afat fuck*"}, {"type": 0, "id": "clippershi", "content": ": \u9019\u662f\u7d71\u795e\u7684\u6578\u64da\u5427=="}, {"type": -1, "id": "fuhshuenn", "content": ": \u897f\u5317\u5594 \u795e\u8c6c\u7d1a\u4e86\u597d\u55ce\uff01\uff1f"}], "post_ip": "39.10.43.59", "post_content": "\n\n\n\u5982\u984c \u525b\u525b\u770b\u5230\u6709\u4eba\u8aaa\u4ed6128\u516c\u65a4\n\n\u5c0f\u80d6\u800c\u5df2\n\n\u5927\u5bb6\u89ba\u5f97128\u516c\u65a4 175\u516c\u5206 484\u5c0f\u80d6\u554a\n\n\u9019\u9ad4\u91cd\u5927\u6982\u5feb=\u5169\u500b\u6211\u60f9OAO\n\n\u5927\u5bb6\u89ba\u5f97\u9019\u6a23\u9084\u53ef\u4ee5%%%%\u55ce????????\n\n\u61c9\u8a72\u8aaa\u9019\u6a23\u8001\u5a46\u4e0d\u6703\u88ab\u58d3\u6b7b\u55ce??????????????\n\n\n\u9084\u662f\u8001\u5a46\u5176\u5be6\u4e5f100\u4e86\u6240\u4ee5\u627f\u53d7\u5f97\u4f4fOAO??\n\n\u6211\u9084\u770b\u5230\u6709\u4eba\u8aaa128\u516c\u65a4\u592a\u7626\u4e86 \u61c9\u8a72\u5403\u5230170\n\n\u6240\u4ee5\u90a3\u4f4d\u4ec1\u5144\u9084\u5728\u5403 \u771f\u4ed6\u5abd\u7642\u80b2\u6b38\n\n--\n\n\u70ba\u4ec0\u9ebc\u4e00\u5806\u4eba\u4e0d\u77e5\u9053\u96e2\u6211\u5011\u6700\u8fd1\u7684\u6838\u96fb\u5ee0\u5728\u4e2d\u570b\u5927\u9678\n\nhttps://reurl.cc/yNAnD\n\n\u5982\u679c\u4f60\u6703\u64d4\u5fc3\u6838\u96fb\u7206\u70b8 \u4f60\u662f\u4e0d\u662f\u61c9\u8a72\u53bb\u5c0d\u9762\u53cd\u6838\n\n--\n\u4f60\u81ea\u5df1\u53bb\u804a\u5929\u5ba4\u554f\u4ed6\u963f https://www.twitch.tv/asiagodtonegg3be0\n\u203b \u7de8\u8f2f: maydosa5566 (39.10.43.59 \u81fa\u7063), 07/16/2019 01:19:38\n"}