{"ptt_id": "tigotigo", "post_url": "https://www.ptt.cc/bbs/Gossiping/M.1568867321.A.46B.html", "post_type": "\u554f\u5366", "post_title": "\u901f\u98df\u5e97\u5e97\u54e1\u614b\u5ea6\u5dee\u7684\u516b\u5366\uff1f", "post_time": "2019-09-19 12:28:39", "post_score": 7, "post_pushes": [{"type": 1, "id": "leoqqqoel", "content": ": \u5e79\u4ed6\u554a \u7b11\u4f60\u4e0d\u6562\u5566"}, {"type": 0, "id": "wemee", "content": ":    \u6a13\u4e0b\u4f60\u7684\u809b\u9580\u88e1\u585e\u8457\u4ec0\u9ebc"}, {"type": 0, "id": "james732", "content": ": \u809b\u4ed6\u554a"}, {"type": 1, "id": "gaym19", "content": ": \u809b\u4ed6\u554a"}, {"type": 1, "id": "kawazakiz2", "content": ": \u7d66\u9910\u662f\u4f60\u8981\u8aaa\u8b1d\u8b1d\u5427"}, {"type": -1, "id": "data1728", "content": ": \u90a3\u4f60\u662f\u4e0d\u6703\u7576\u4ed6\u7684\u9762\u8ddf\u4ed6\u55c6\u5b9a\u5b64\u652f\u55ce"}, {"type": 0, "id": "sky568127", "content": ": \u4f60\u662f\u4e0d\u662f\u81ed\u5230\u4ed6"}, {"type": 0, "id": "KangSuat", "content": ": \u9019\u5728\u901f\u98df\u7684\u7956\u570b--\u7f8e\u570b \u65e9\u5c31\u662f\u65e5\u5e38\u4e86"}, {"type": 0, "id": "Lenney33", "content": ": \u9023\u809b\u90fd\u4e0d\u6562\u5c31\u5225\u4e0a\u4f86PO\u5566"}, {"type": 1, "id": "pamafan", "content": ": \u7528\u6574\u758a\u5343\u5143\u9214\u7968\u7838\u4ed6\u81c9\u554a\u2026"}, {"type": 1, "id": "KeynesGG", "content": ": \u9999\u6e2f\u9019\u6a23\u5f88\u6b63\u5e38"}, {"type": 0, "id": "ayrtonvitas", "content": ": \u5c31\u958b\u9999\u8549\u50f9\u4e86 \u4f86\u7684\u662f\u7334\u5b50\u4e5f\u5f88\u6b63\u5e38\u554a"}, {"type": 1, "id": "RLAPH", "content": ": \u4f60\u6c92\u53bb\u904e\u7f8e\u570b\u7d66\u9ed1\u4eba\u5927\u5abd\u7d50\u5e33\u54e6"}, {"type": 1, "id": "fireda", "content": ": \u4f60\u5fd8\u4e86\u9ede\u4e00\u4efd\u5fae\u7b11"}, {"type": -1, "id": "lien", "content": ": \u6c92\u6709\u7838\u904e\u53bb\u7b97\u4e0d\u932f\u4e86"}, {"type": 1, "id": "EXGG", "content": ": \u6253\u4e0b\u3111"}, {"type": 0, "id": "sy031653", "content": ": \u9867\u5ba2\u9577\u5f97\u50cf\u718a\u8c93?"}, {"type": 1, "id": "pchion2002", "content": ": \u53ef\u4ee5"}, {"type": 0, "id": "zzff92", "content": ": \u7533\u8a34\u4e5f\u4e0d\u6703\u7406\u4f60\u5566 \u4f60\u662f\u6709\u4ed8\u670d\u52d9\u8cbb\u54e6\uff1f\u901f"}, {"type": 0, "id": "zzff92", "content": ": \u98df\u672c\u4f86\u5c31\u4e0d\u63d0\u4f9b\u670d\u52d9\u4e0d\u61c2\u55ce\uff1f\u9084\u6c92\u51fa\u793e\u6703\uff1f"}, {"type": 0, "id": "qqq87112", "content": ": \u4f60\u662f\u4e0d\u662f\u4f60\u592a\u5967\u5ba2 \u4e0d\u5148\u6aa2\u8a0e\u81ea\u5df1"}, {"type": -1, "id": "system303179", "content": ": \u53cd\u4e32\u5427"}, {"type": 1, "id": "ims531", "content": ": \u7b97\u4e86\u5566 \u5c0f\u4e8b\u767c\u6587\u7f75\u7f75\u5c31\u8b93\u4ed6\u904e\u53bb\u4e86"}], "post_ip": "49.216.6.137", "post_content": "\n\u62ce\u5317\u4eca\u5929\u53bb\u901f\u98df\u9910\u5ef3\u8cb7\u5403\u7684\n\n\u901f\u98df\u9910\u5ef3\u627e\u9322\u7684\u6642\u5019\u7528\u4e1f\u7684\n\n\u8d85\u96de\u63b0\u7684\n\n\u7d66\u9910\u901f\u5ea6\u53c8\u8d85\u7d1a\u6162\n\n\u7d66\u9910\u6642\u4e5f\u4e0d\u6703\u8aaa\u8b1d\u8b1d\n\n\n\u62ce\u5317\u89ba\u5f97\u53d7\u8fb1\uff0c\u6e96\u5099\u5411\u7e3d\u516c\u53f8\u7533\u8a34\uff0c\u8b93\u4ed6\u4e1f\u5de5\u4f5c\u3002\n\n\u5e97\u54e1\u614b\u5ea6\u5dee\u53ef\u4ee5\u544a\u516c\u7136\u4fae\u8fb1\u55ce\uff1f\u5e97\u54e1\u9577\u7684\u919c\u53ef\u4ee5\u544a\u516c\u7136\u7325\u893b\u55ce\uff1f\n\n\u6709\u6c92\u6709\u516b\u5366\uff1f\n\n\u563b\u563b\u3002\n\n--\n\n\u62ce\u5317\u54ea\u88e1\u5967\u5ba2\u4e86\n\n\u62ce\u5317\u53ea\u662f\u6392\u968a\u592a\u4e45\u63d0\u9192\u4ed6\u5011\u7d50\u5e33\u7d50\u5feb\u9ede\uff0c\n\n\u62ce\u5317\u9867\u5ba2\u81f3\u4e0a\u4e0d\u77e5\u9053\u81a9\n\n\u62ce\u5317\u9084\u554f\u8001\u4e3b\u9867\u80fd\u4e0d\u80fd\u534a\u50f9 \u4ed6\u8aaa\u4e0d\u884c \u62ce\u5317\u7576\u7136\u8981\u6297\u8b70\u554a \u62ce\u5317VIP\u8036\n\u203b \u7de8\u8f2f: tigotigo (49.216.6.137 \u81fa\u7063), 09/19/2019 12:43:32\n"}