{"ptt_id": "nonnon", "post_url": "https://www.ptt.cc/bbs/Gossiping/M.1564046172.A.1B9.html", "post_type": "\u554f\u5366", "post_title": "\u70ba\u4ec0\u9ebcRYZEN\u5a18\u6c92\u6709\u88ab\u91cd\u7528\uff1f", "post_time": "2019-07-25 17:16:08", "post_score": 4, "post_pushes": [{"type": 0, "id": "roea68roea68", "content": ": \u73fe\u5728\u5f88\u9999 \u7528\u4e86\u6703\u8b8a\u81ed"}, {"type": 1, "id": "a3831038", "content": ": \u6703\u6ed1\u5012"}, {"type": 1, "id": "amsmsk", "content": ": amd cpu\u66f4\u9999\u554a \u8ab0\u8981\u62b1\u6795"}, {"type": 1, "id": "ohrring", "content": ": https://i.imgur.com/AJWutQF.jpg"}, {"type": 1, "id": "falcon11", "content": ": \u56e0\u70ba\u73fe\u5728\u662f\u9999\u6c1bCPU \u6a5f\u6bbc\u6703\u5439\u51fa\u9999\u6c34\u5473"}, {"type": 0, "id": "emptie", "content": ": \u4e0d\u9700\u8981\u5979\u5011\u5c31\u53ef\u4ee5\u6253\u5012\u90aa\u60e1i\u7687\u4e86"}], "post_ip": "1.169.25.243", "post_content": "\n\n\n\u6211\u8a18\u5f97\u597d\u50cf\u662f\u53bb\u5e74\u5427\uff1f\u7a81\u7136\u9593\u7db2\u8def\u4e0a\u51fa\u73fe\u4e86\u6240\u8b02\u7684RYZEN\u5a18\u3002\n\n\n\u5169\u96bb\u5206\u5225\u53ebRyfa\u8ddfZenka\n\nhttps://truth.bahamut.com.tw/s01/201901/60a46f189017df868a86088dc08ad417.PNG\n\nhttps://truth.bahamut.com.tw/s01/201901/00ef81a92fa16c6191ba1d48141e3528.PNG\n\n\u597d\u50cf\u5728\u570b\u5916\u8cb7\u8655\u7406\u5668\u6703\u9001\u62b1\u6795\u7684\u6a23\u5b50\u3002\n\n\n\n\u90a3\u500b\u6642\u5019\u6211\u5c31\u5728\u60f3\u963f\uff0c\u5982\u679c\u4eca\u5929\u53f0\u7063\u4ee3\u7406\u5546\u8ddf\u901a\u8def\u5546\u5408\u4f5c\uff0c\n\n\u4e0d\u8981\u9001\u90a3\u4e09\u5c0f\u9577\u5f97\u8981\u6b7b\u53c8\u96e3\u6d17\u7684\u6ed1\u9f20\u588a\u6539\u9001\u4e0a\u9762\u5370\u6709RYZEN\u5a18\u7684\u62b1\u6795\u6216\u662f\u99ac\u514b\u676f\n\n\u90a3\u6211\u9084\u4e0d\u6bcf\u5e74\u63db\u4e00\u6b21CPU\uff1f\n\n\n\u5982\u4eca\u4e09\u4ee3RYZEN\u51fa\u4f86\u4e86\uff0c\u53f0\u7063\u9084\u662f\u6c92\u80fd\u770b\u898b\u5979\u5011\u7684\u8eab\u5f71\u3002\n\n\u660e\u660e\u5c31\u5f88\u6e05\u695a\u6703\u8cb7\u4f60\u5bb6\u7684CPU\u7684\u90fd\u662f\u5b85\u5b85\uff0c\u70ba\u4ec0\u9ebc\u4e0d\u91cd\u7528RYZEN\u5a18\u5462\uff1f\n\n--\n1.https://imgur.com/QuLthLj\n2.https://imgur.com/qTkm2lx\n3.https://imgur.com/d6txt5T                      \u8ab0\u662f\u4f60\u7684NO.1\uff1f\n4.https://imgur.com/q1DWYQL\n\n--\n"}