{"ptt_id": "masterbation", "post_url": "https://www.ptt.cc/bbs/Gossiping/M.1564635116.A.426.html", "post_type": "\u554f\u5366", "post_title": "\u80d6\u864e\u59b9\u548c\u975c\u9999\u8981\u9078\u54ea\u500b\u6bd4\u8f03\u597d\uff1f", "post_time": "2019-08-01 12:51:54", "post_score": 4, "post_pushes": [{"type": 0, "id": "gankgf", "content": ": \u6a13\u4e0b\u79d2\u9078\u80d6\u864e\u5abd"}, {"type": 0, "id": "Ericz7000", "content": ": \u8ab0\u5566\u5e79"}, {"type": -1, "id": "xvited945", "content": ": \u9577\u5927\u4e86\u81c9\u9084\u662f\u5713\u7684 \u5931\u6557"}, {"type": 0, "id": "gamania0515", "content": ": http://i.imgur.com/JVZIghr.jpg"}, {"type": 1, "id": "Iakane", "content": ": \u9019\u6ff1\u7530\u96c5\u529f\u5427"}, {"type": 0, "id": "Friend5566", "content": ": \u4e94\u6a13\u9078\u80d6\u864e"}, {"type": 1, "id": "MrBing", "content": ": \u6211\u9078\u5c0f\u592b\u4ed6\u5abd"}, {"type": 1, "id": "pslr1", "content": ": \u6211\u9078\u5de7\u5fc3"}, {"type": -1, "id": "odd5566", "content": ": \u5c0f\u670b\u53cb\u624d\u505a\u9078\u64c7"}, {"type": 1, "id": "ohfulow", "content": ": \u6210\u5e74\u4eba\u7576\u7136\u79d2\u9078\u80d6\u864e\u5abd\u963f \u5c0f\u5b69\u5b50\u7b49\u7d1a\u7684\u554f"}, {"type": 0, "id": "ohfulow", "content": ": \u984c"}, {"type": 1, "id": "recipro", "content": ": \u6210\u540d\u6f2b\u756b\u5bb6\u8cfa\u7684\u7206\u591a  \u512a\u8cea\u6f5b\u529b\u80a1"}, {"type": 1, "id": "easylovegame", "content": ": \u963f\u91ac\u6211\u53ef\u4ee5\u5566\uff01"}], "post_ip": "1.34.193.134", "post_content": "\n\u5982\u984c\n\u662f\u6211\u4e00\u5b9a\u9078\u80d6\u864e\u59b9\n\u6211\u770b\u5f97\u5230\u80d6\u864e\u59b9\u59b9\u7684\u5167\u6db5\n\u800c\u4e14\u9084\u5f88\u6709\u624d\u83ef\n\u4e00\u770b\u5c31\u77e5\u9053\u662f\u6f5b\u529b\u80a1\n\u6211\u8aaa\u7684\u5c0d\u4e0d\u5c0d\n\u6709\u6c92\u6709\u5366\uff1f\nhttps://i.imgur.com/w0RQReA.jpg\n\n--\n"}