{"ptt_id": "stw0975", "post_url": "https://www.ptt.cc/bbs/Gossiping/M.1569150066.A.5BD.html", "post_type": "\u65b0\u805e", "post_title": "\u8607\u82b1\u91cd\u6a5f\u300c\u649e\u64ca\u77ac\u9593\u66dd\u5149\u300d\uff017\u6b72\u7537\u7ae5\u5674\u98db", "post_time": "2019-09-22 19:01:04", "post_score": 4, "post_pushes": [{"type": -1, "id": "b777787", "content": ": \u5783\u573e\u91cd\u6a5f"}, {"type": 1, "id": "barber", "content": ": R.I.P. \u4e0d\u904e\uff0c\u5230\u5e95\u5e7e\u6b72\uff01\uff1f"}, {"type": 1, "id": "Yude0109", "content": ": \u9084\u60f3\u4e0a\u570b\u9053\u554a\uff1f"}, {"type": 1, "id": "tvbic", "content": ": \u9019\u6b7b\u5c0f\u5b69\u771f\u7684\u662f\u9023\u904e\u99ac\u8def\u90fd\u4e0d\u6703\uff0c\u6709\u6b64\u4e0b\u5834\u4e0d"}, {"type": 0, "id": "tvbic", "content": ": \u610f\u5916"}, {"type": 0, "id": "DogBe105", "content": ": \u88ab\u649e\u4ee5\u5f8c\u5f9e5\u6b72\u4e00\u76f4\u9577\u52307\u6b72"}, {"type": 0, "id": "peterwww", "content": ": \u5357\u7121\u963f\u5f4c\u9640\u4f5b"}, {"type": 0, "id": "peterwww", "content": ": \u7576\u521d\u662f\u8ab0\u958b\u653e\u9019\u4e9b\u6771\u897f"}, {"type": 0, "id": "kivan00", "content": ": \u6700\u5f8c\u61c9\u8a72\u662f7:3\u5427"}, {"type": 1, "id": "Lans1002", "content": ": \u5929\u64c7"}, {"type": -1, "id": "kosuke", "content": ": \u5e79 \u4e00\u4e0b5\u6b72 \u4e00\u4e0b6\u6b72 \u73fe\u5728\u53c8\u8b8a\u62107\u6b72\u4e86"}, {"type": 0, "id": "peterwww", "content": ": \u65e9\u52f8\u904e\u4e86 \u5c31\u662f\u4e0d\u807d"}, {"type": 0, "id": "lovetina", "content": ": \u8eca\u968a\u4ec0\u9ebcder~~\u6839\u672c\u662f\u9053\u8def\u4e82\u6e90........"}, {"type": -1, "id": "asd0112", "content": ": \u963f\u5230\u5e95\u662f\u5e7e\u6b72\u5566"}, {"type": 0, "id": "peterwww", "content": ": \u5f71\u97ff\u591a\u9ebc\u5927 \u771f\u7684\u5df2\u7d93\u721b\u5230\u7121\u53ef\u5fa9\u52a0"}, {"type": -1, "id": "yoyodiy", "content": ": \u8607\u82b1\u90fd\u5c71\u8def\u9084\u9a0e\u90a3\u9ebc\u5feb\u628a\u53ef\u611b\u7684\u5c0f\u670b\u53cb\u649e\u6b7b"}, {"type": -1, "id": "g80123", "content": ": \u4e0d\u77e5\u9053\u5e7e\u6b72\u5c31\u8aaa\u7537\u7ae5\u597d\u3107"}, {"type": 1, "id": "littlepity", "content": ": \u591a\u4e86\u5169\u6b72"}, {"type": -1, "id": "paul2chiu", "content": ": \u4e0b\u6b21\u4e0d\u8981\u518d\u99ac\u8def\u4e0a\u4e82\u8dd1\u4e86"}, {"type": 0, "id": "peterwww", "content": ": \u9084\u6709\u4eba\u8aaa\u4ec0\u9ebc\u8981\u5c0a\u91cd\u81ea\u7531"}, {"type": -1, "id": "LianD", "content": ": \u6562\u518d\u9a0e\u5feb\u4e00\u9ede\u55ce"}, {"type": 0, "id": "jones2011", "content": ": \u56db\u8f2a\u8ca0\u8cac\u9055\u898f\uff0c\u4e8c\u8f2a\u8ca0\u8cac\u9583"}, {"type": 0, "id": "yoyodiy", "content": ": \u770b\u5230\u91cd\u6a5f\u4e0d\u610f\u5916  \u9084\u60f3\u4e0a\u570b\u5230\u52d2"}, {"type": 1, "id": "GLung", "content": ": \u5370\u8c61\u4e2d\u6709\u9109\u6c11\u767c\u6587\u88ab\u649e\u524d\u7d93\u904e\u8a72\u8def\u6bb5\u5c31\u770b\u5230\u7537"}, {"type": 0, "id": "v5270", "content": ": \u9019\u5c0f\u5b69\u88ab\u649e\u7684\u77ac\u9593\u9577\u5927\u4e86"}, {"type": 0, "id": "GLung", "content": ": \u5b69\u5728\u4e82\u8dd1\u4e86"}, {"type": 0, "id": "peterwww", "content": ": \u90fd\u6c92\u6709\u8166\u4e0d\u77e5\u9053\u91cd\u6a5f\u9a0e\u58eb\u90fd\u5728\u98c6\u8eca\u55ce"}, {"type": 1, "id": "to1322", "content": ": \u6211\u77e5\u9053 \u56e0\u70ba\u524d\u9762\u6709\u8eca \u91cd\u6a5f\u81ea\u52d5\u5207\u63db\u6210\u6469\u6258"}, {"type": 1, "id": "sourbait", "content": ": \u4f4f\u5b85\u5340\u9084\u6562\u98c6 \u4e0b\u53bb\u63a2\u89aa"}, {"type": 0, "id": "slovea", "content": ": \u597d\u5566\uff0c\u4ee5\u5f8c\u4e0d\u6703\u518d\u72af\u4e86\u5566"}, {"type": -1, "id": "winiS", "content": ": \u4e8c\u8f2a\u7684\u9583\u907f\u662f\u947d\u5230\u8eca\u5b50\u524d\u9762 \u55ef\u55ef"}, {"type": 0, "id": "to1322", "content": ": \u8eca\u6a21\u5f0f  \u907f\u514d\u585e\u8eca"}, {"type": -1, "id": "hw102050", "content": ": \u5475\u5475 \u4e00\u5806\u4eba\u90fd\u6c92\u5728\u770b\u5f71\u7247\uff0c\u7136\u5f8c\u5634\u5df4\u9a0e\u8eca"}, {"type": 0, "id": "stvn2567", "content": ": \u53cd\u6b63\u5230\u6642\u8ddf\u516c\u8eca\u6253\u9b27\u63a8\u6b7b\u4eba\u90a3\u6b21\u4e00\u6a23\u90fd\u63a8"}, {"type": 1, "id": "dannioabc", "content": ": \u57fa\u672c\u4e0a\uff0c\u91cd\u6a5f\u8087\u4e8b\u8cac\u4efb\u8f03\u5927\uff01\u4e0d\u8ad6\u53f0\u7063"}, {"type": 0, "id": "stvn2567", "content": ": \u7d66\u662f\u5927\u4eba\u7684\u932f\u5566"}, {"type": 0, "id": "dannioabc", "content": ": \u9084\u662f\u570b\u5916\uff0c\u884c\u4eba\u90fd\u6709\u9738\u738b\u689d\u6b3e"}, {"type": 0, "id": "lovetina", "content": ": \u4ee5\u5f8c\u4e00\u5f8b\u5831 \"\u5e7e\u6b72\u5e7e\u6708\u53c8\u5e7e\u5929\" \u6bd4\u8f03\u7cbe\u78ba!"}, {"type": 1, "id": "linhsiuwei", "content": ": \u9019\u500b\u5e95\u8fea\u600e\u9ebc\u5e74\u7d00\u8d8a\u4f86\u8d8a\u5927\uff0c\u4e00\u958b\u59cb\u4e94"}, {"type": 0, "id": "linhsiuwei", "content": ": \u6b72\uff0c\u4e0a\u4e00\u7bc7\u8aaa\u516d\u6b72\uff0c\u9019\u4e00\u7bc7\u8b8a\u6210\u4e03\u6b72"}, {"type": 0, "id": "jones2011", "content": ": \u9055\u898f\u8ff4\u8f49\u8f4e\u8eca\u4e5f\u6703\u5206\u6524\u904e\u5931\u81f4\u6b7b\u8cac\u4efb\u7684"}, {"type": 0, "id": "changmary", "content": ": \u91cd\u6a5f\u8eca\u901f\u90a3\u500b\u4e0d\u5feb\u7684"}, {"type": 1, "id": "yoyohu", "content": ": \u5c0f\u5c41\u5b69\u99ac\u8def\u4e82\u8dd1  \u4e0b\u6b21\u61c9\u8a72\u5c31\u4e0d\u6562\u4e86"}, {"type": 0, "id": "kivan00", "content": ": \u5be6\u52d9\u4e0a\u8eca\u649e\u4eba\u5e7e\u4e4e\u90fd\u81f3\u5c11\u8f38\u4e00\u534a\u4e86"}, {"type": 1, "id": "winiS", "content": ": \u518d\u52a0\u4e0a\u649e\u6b7b\u4eba \u4e5d\u6210\u4e5d\u4e5d\u8f38\u6389"}, {"type": 1, "id": "victoryexiar", "content": ": \u56e0\u70ba\u662f2\u8f2a\u88ab\u7279\u5225\u653e\u5927\uff0c\u5e6b\u9a0e\u58ebQQ"}, {"type": 0, "id": "victoryexiar", "content": ": \u5e0c\u671b\u5c0f\u5b69\u4e0b\u6b21\u4e0d\u8981\u9019\u6a23\u4e86"}, {"type": 0, "id": "bulin1110", "content": ": \u5929\u64c7"}, {"type": 1, "id": "qq204", "content": ": \u91cd\u6a5f\u90fd\u89ba\u5f97\u81ea\u5df1\u4e0d\u5feb\u963f \u91cd\u6a5f70KM\u5f88\u6162 \u61c2?"}, {"type": 0, "id": "Paul0225", "content": ": \u61c9\u6ce8\u610f\u800c\u672a\u6ce8\u610f\uff0cEND."}, {"type": 1, "id": "cynthiajul", "content": ": \u53f0\u7537\u8ddf\u5c0f\u53f0\u7537\u90fd\u662f\u4ea4\u901a\u4e82\u6e90"}, {"type": -1, "id": "wts4832", "content": ": \u91cd\u6a5f\u7684\u932f\u554a \u4e0d\u8981\u9a0e\u592a\u5feb \u5c31\u4e0d\u6703\u649e\u6b7b\u884c\u4eba"}, {"type": -1, "id": "hosen", "content": ": \u91cd\u6a5f\u9a0e90\u4e5f\u6c92\u611f\u89ba"}, {"type": 0, "id": "TedZec", "content": ": \u4e00\u6b21\u8655\u7406\u63892\u500b"}, {"type": 1, "id": "ESL63", "content": ": \u9ec3\u91d1\u9ad4\u9a57\u55ce"}, {"type": 0, "id": "cerpherus", "content": ": \u8ddf\u91cd\u6a5f\u6709\u4ec0\u9ebc\u95dc\u4fc2\uff1f"}, {"type": 0, "id": "ziso", "content": ": \u6c92\u6709\u5831\u5099XD? \u624d\u5e7e\u6b72\u800c\u5df2 \u9019\u5565\u9ce5\u85c9\u53e3"}, {"type": 1, "id": "chen730419", "content": ": \u5c0d\u91cd\u6a5f\u771f\u7684\u6c92\u597d\u611f"}, {"type": -1, "id": "powerfans", "content": ": \u91cd\u6a5f\u6c92\u770b\u904e\u4e0d\u98c6\u8eca\u7684\uff0c\u4e5f\u6c92\u770b\u904e\u4e0d\u9055\u898f"}, {"type": 0, "id": "powerfans", "content": ": \u7684"}, {"type": -1, "id": "darkMood", "content": ": \u4e00\u5806\u767d\u75f4\uff0c\u65e9\u9ede\u7d66\u7802\u77f3\u8eca\u649e\u4e00\u649e\u597d\u4e86"}, {"type": 1, "id": "tony24334", "content": ": \u52a0\u5169\u9846\u8f2a\u5b50\u5c31\u6c92\u4e8b\u4e86 \u50bb\u50bb\u7684"}, {"type": 1, "id": "suifong", "content": ": \u5c0f\u5b69\u5b50\u885d\u51fa\u4f86\u6839\u672c\u81ea\u6bba\u884c\u70ba"}, {"type": 0, "id": "Orz9106", "content": ": \u4ee5\u5f8c\u5efa\u8b70\u6a5f\u8eca\u4e5f\u52a0\u88ddA\u67f1 \u589e\u52a0\u80fd\u898b\u5ea6"}, {"type": -1, "id": "ljmk1246", "content": ": \u5783\u573e\u4e09\u5bf6\u53f0\u5973\u8def\u4e0a\u4e00\u5806"}, {"type": 0, "id": "RockManX8", "content": ": \u6240\u4ee5\u5230\u5e95\u5e7e\u6b72\uff1f"}, {"type": -1, "id": "cavitylapper", "content": ": \u4e0b\u6b21\u4e0d\u8981\u518d\u99ac\u8def\u4e0a\u4e82\u8dd1\u4e86\u5594 \u5c0f\u670b\u53cb"}, {"type": 0, "id": "cavitylapper", "content": ":  \u563b\u563b"}, {"type": 1, "id": "chienyu2001", "content": ": \u9054\u723e\u6587\u5427 \u809d\u91cd\u6a5f\u5c41\u4e8b"}, {"type": 1, "id": "Vasilii", "content": ": \u89ba\u5f97\u8ab0\u6c92\u95dc\u4fc2\u6216\u6709\u95dc\u4fc2\u90fd\u7121\u6240\u8b02\uff0c\u6cd5\u9662\u5224\u6c7a"}, {"type": 0, "id": "Vasilii", "content": ": \u5f8c\u8ce0\u4e00\u8ce0\u5c31\u597d\u4e86"}, {"type": -1, "id": "kabukiryu", "content": ": 1\u4e0b\u8e39\u5c0f\u5973\u7ae5\uff0c1\u4e0b\u628a\u7537\u7ae5\u649e\u5230\u5410\u8840\u6b7b\u4ea1\uff0c"}, {"type": 0, "id": "kabukiryu", "content": ": 1\u4e0b\u5435der\u4f4f\u5b85\u53408\u5f97\u5b89\u5be7,1\u4e0bU\u8981\u8207\u6c7d\u6a5f"}, {"type": 0, "id": "kabukiryu", "content": ": \u8eca\u722d\u9053\uff0c1\u4e0bU\u8981\u8d85\u901f,1\u4e0b\u649e\u8eca\u8eab\u4ea1\uff0c1\u4e0bU"}, {"type": 0, "id": "kabukiryu", "content": ": \u8981\u505c\u9a0e\u6a13\u3002\u5230\u5e95\u9019\u65cf\u7fa4\u90fd\u5728\u5e79\u4e9b\u820c\u64784R?"}, {"type": -1, "id": "newstarisme", "content": ": \u5c0f\u5b69\u624d\u5e7e\u6b72\u8981\u5831\u5099\u4ec0\u9ebc\uff1f"}, {"type": 0, "id": "newstarisme", "content": ": \u81ea\u5df1\u6c92\u7167\u9867\u597d\u9084\u60f3\u63a8\u7d66\u5df2\u6545\u7684\u5c0f\u5b69\uff1f"}], "post_ip": "114.47.221.97", "post_content": "\n\u65b0\u805e\u96f2\n\n\n\u8607\u82b1\u91cd\u6a5f\u300c\u649e\u64ca\u77ac\u9593\u66dd\u5149\u300d\uff017\u6b72\u7537\u7ae5\u5674\u98db\u5012\u5730\u3000\u53e3\u5410\u8840\u6cab\u4ea1\n\n\n\u8a18\u8005\u856d\u53ef\u6b63\u3001\u838a\u667a\u52dd\uff0f\u82b1\u84ee\u5831\u5c0e\n\n\u82b1\u84ee\u7e23\u79c0\u6797\u9109\u53f09\u7dda\u300c\u8607\u82b1\u516c\u8def\u300d\u548c\u4e2d\u6bb521\u65e5\u4e0a\u534810\u664250\u5206\u767c\u751f\u6b7b\u4ea1\u8eca\u798d\n\u5c31\u8b80\u5c0f\u5b78\u4e00\u5e74\u7d1a\u3001\u5e74\u50c57\u6b72\u7684\u4f55\u59d3\u7537\u7ae5\u95d6\u8d8a\u99ac\u8def\u6642\uff0c\u906d\u9ec3\u724c\u91cd\u6a5f\u8fce\u9762\u649e\u4e0a\n\u7576\u5834\u5012\u5730\u5410\u8840\u3001\u5931\u53bb\u751f\u547d\u5fb5\u8c61\uff0c\u7d93\u9001\u91ab\u6436\u65515\u5c0f\u6642\u5f8c\uff0c\u4ecd\u5ba3\u544a\u4e0d\u6cbb\u8eab\u4ea1\u3002\n\u800c\u4eca\uff0822\u65e5\uff09\u649e\u64ca\u77ac\u9593\u756b\u9762\u66dd\u5149\n\u7576\u6642\u91cd\u6a5f\u9a0e\u58eb\u70ba\u4e86\u9583\u907f\u8ff4\u8f49\u8f4e\u8eca\u624d\u79fb\u5411\u5916\u5074\u8eca\u9053\u884c\u99db\uff0c\u4e0d\u6599\u77ed\u77ed\u4e0d\u52303\u79d2\u9418\n\u4f55\u59d3\u7537\u7ae5\u7a81\u7136\u5f9e\u8def\u908a\u8dd1\u51fa\uff0c\u9a0e\u58eb\u53cd\u61c9\u4e0d\u53ca\u7576\u5834\u649e\u4e0a\u3002\n\n\u82b1\u84ee\u7e23\u6d88\u9632\u5c4021\u65e5\u4e0a\u5348\u63a5\u7372\u901a\u5831\n\u8607\u82b1\u516c\u8def\u548c\u4e2d\u6bb5162.3K\u8655\u767c\u751f\u8eca\u798d\uff0c7\u6b72\u7684\u4f55\u59d3\u7537\u7ae5\u5728\u904e\u99ac\u8def\u6642\u9047\u4e0a\u91cd\u6a5f\u8eca\u968a\n\u906d\u5230\u5176\u4e2d\u4e00\u8f1b\u9ec3\u724c\u91cd\u6a5f\u649e\u4e0a\uff0c\u6574\u500b\u4eba\u7576\u5834\u5012\u5730\u3001\u62d6\u978b\u5674\u98db\n\u96d9\u817f\u9593\u9084\u4e0d\u65b7\u6d41\u51fa\u9bae\u8840\u3001\u53e3\u5410\u8840\u6cab\uff0c\u7576\u5834\u6c92\u6709\u751f\u547d\u5fb5\u8c61\u3002\n\u6551\u8b77\u4eba\u54e1\u8d95\u62b5\u5f8c\uff0c\u7dca\u6025\u5be6\u65bdCPR\u4e26\u9001\u5f80\u570b\u8ecd\u82b1\u84ee\u7e3d\u91ab\u9662\u6436\u6551\uff0c\u4e00\u5ea6\u6062\u5fa9\u547c\u5438\u5fc3\u8df3\n\u5f8c\u8f49\u9001\u82b1\u84ee\u6148\u6fdf\uff0c\u4ecd\u4e0d\u5e78\u65bc21\u65e5\u665a\u95937\u6642\u8a31\u5ba3\u544a\u4e0d\u6cbb\u8eab\u4ea1\u3002\n\u800c\u738b\u59d3\u91cd\u6a5f\u9a0e\u58eb\u5247\u662f\u56db\u80a2\u64e6\u50b7\uff0c\u4e26\u672a\u9001\u91ab\uff0c\u9152\u6e2c\u503c\u70ba0\u3002\n\n\u4f55\u7ae5\u7684\u59e8\u4e08\u8868\u793a\uff0c\u7576\u6642\u5b69\u5b50\u81ea\u884c\u8dd1\u51fa\u5c4b\u5916\n\u63a8\u6e2c\u53ef\u80fd\u662f\u8981\u5230\u5c0d\u9762\u7684\u96dc\u8ca8\u5e97\u8cfc\u7269\u3001\u4e5f\u53ef\u80fd\u662f\u8981\u904e\u99ac\u8def\u53bb\u627e\u670b\u53cb\n\u8c48\u6599\u624d\u525b\u8de8\u51fa\u6c92\u5e7e\u6b65\uff0c\u5c31\u906d\u5230\u9ec3\u724c\u91cd\u6a5f\u731b\u529b\u649e\u64ca\n\u7531\u65bc\u4f55\u7ae5\u5916\u51fa\u4e26\u672a\u5831\u5099\uff0c\u7b2c\u4e00\u6642\u9593\u8ca0\u8cac\u7167\u6599\u7684\u59e8\u6bcd\u4e26\u4e0d\u77e5\u60c5\n\u9084\u662f\u9130\u5c45\u898b\u72c0\u5f8c\u6025\u5fd9\u544a\u77e5\uff0c\u5bb6\u4eba\u9019\u624d\u9a5a\u89ba\u767c\u751f\u610f\u5916\u3002\n\u4e8b\u5f8c\u4f55\u7ae5\u7236\u6bcd\u8d95\u5f80\u91ab\u9662\u6025\u8a3a\u5ba4\uff0c\u7126\u6025\u5730\u4e0d\u65b7\u5728\u611b\u5b50\u8eab\u65c1\u547c\u559a\n\u4f46\u6436\u65515\u5c0f\u6642\u5f8c\u4ecd\u662f\u8fce\u4f86\u5669\u8017\u3002\n\n\u64da\u6089\uff0c\u738b\u59d3\u9a0e\u58eb\u5bb6\u4f4f\u6843\u5712\uff0c21\u65e5\u7576\u5929\u96a8\u8457\u8eca\u968a\u540c\u884c\u5317\u4e0a\uff0c\u600e\u6599\u7adf\u6703\u767c\u751f\u6b7b\u4ea1\u610f\u5916\u3002\n\u4e8b\u9694\u4e00\u5929\uff0c\u884c\u8eca\u7d00\u9304\u5668\u756b\u9762\u4e5f\u5728\u81c9\u66f8\u7c89\u5c08\u4e0a\u66dd\u5149\n\u756b\u9762\u4e2d\uff0c\u8a72\u6bb5\u9053\u8def\u9650\u901f60\u516c\u91cc\uff0c\u800c\u738b\u7537\u4e00\u958b\u59cb\u884c\u99db\u5728\u5167\u5074\u8eca\u9053\n\u4f46\u9019\u6642\u5de6\u5074\u537b\u6709\u8f4e\u8eca\u8ff4\u8f49\uff0c\u738b\u7537\u70ba\u4e86\u9583\u907f\u624d\u79fb\u5f80\u5916\u5074\u8eca\u9053\u884c\u99db\n\u600e\u6599\u624d\u77ed\u77ed3\u79d2\u4e0d\u5230\uff0c\u4f55\u7ae5\u5c31\u7a81\u7136\u81ea\u53f3\u5074\u5feb\u6b65\u885d\u5165\u99ac\u8def\n\u738b\u7537\u767c\u73fe\u6642\u5df2\u7d93\u4f86\u4e0d\u53ca\uff0c\u7576\u5834\u8fce\u9762\u649e\u4e0a\u4f55\u7ae5\uff0c\u91c0\u6210\u60b2\u5287\u3002\n\u800c\u78ba\u5207\u8087\u56e0\u3001\u8cac\u4efb\u6b78\u5c6c\u5982\u4f55\uff0c\u4ecd\u9084\u6709\u5f85\u8b66\u65b9\u9032\u4e00\u6b65\u91d0\u6e05\u3002\n\n\n\u4f86\u6e90:https://www.ettoday.net/news/20190922/1540851.htm\n\n--\n"}