{"ptt_id": "qphone", "post_url": "https://www.ptt.cc/bbs/Gossiping/M.1565830461.A.638.html", "post_type": "\u554f\u5366", "post_title": "\u70ba\u4f55\u4eca\u65e9\u9756\u570b\u795e\u793e\u9644\u8fd1\u64e0\u6eff\u5404\u7a2e\u53f3\u6d3e\u8eca\u8f1b", "post_time": "2019-08-15 08:54:17", "post_score": 6, "post_pushes": [{"type": 0, "id": "roywow", "content": ": \u4f60\u9084\u4e0d\u5feb\u9003=="}, {"type": 0, "id": "copylong20", "content": ": \u963f\u5c31\u516b\u6708\u5341\u4e94\u554a"}, {"type": 1, "id": "hmt17", "content": ": \u7d42\u6230\u7d00\u5ff5\u65e5"}, {"type": 1, "id": "jorden", "content": ": \u65e5\u672c\u76c2\u862d\u76c6\u7bc0 \u61c9\u8a72\u662f\u5b89\u500d\u8981\u53c3\u62dc\u9756\u570b\u795e\u793e"}, {"type": 0, "id": "david3809", "content": ": \u9019\u90fd\u4e0d\u77e5\u9053\u9084\u60f3\u7576\u7687\u6c11\uff1f"}, {"type": 0, "id": "david3809", "content": ": \u76c2\u862d\u76c6\u7bc0\u62dc\u5565\u9756\u570b\u795e\u793e\u5566"}, {"type": 1, "id": "honafire", "content": ": \u65e5\u672c\u6295\u964d\u7d00\u5ff5\u65e5"}, {"type": 1, "id": "zucca", "content": ": \u4f86\u807d\u7389\u97f3\u653e\u9001\u7684\u554a\uff5e"}, {"type": 1, "id": "delta0521", "content": ": \u9802\u591a\u51fa\u5e2d\u65c1\u908a\u6b66\u9053\u9928\u7684\u7d00\u5ff5\u5100\u5f0f\u5427 \u4e0d\u89ba"}, {"type": 0, "id": "delta0521", "content": ": \u5f97\u5929\u7687\u3001\u5b89\u500d\u6703\u53bb\u9756\u570b\u795e\u793e"}, {"type": 1, "id": "DiMammaMia", "content": ": \u5f88\u96e3\u8b1b \u6700\u8fd1\u97d3\u570b\u4e0d\u662f\u4e00\u76f4\u9760\u5317\u9760\u6bcd"}, {"type": 0, "id": "bruce79", "content": ": \u5b89\u500d\u96e3\u8aaa \u5929\u7687\u61c9\u8a72\u4e0d\u6703\u51fa\u73fe\u5728\u9756\u570b\u795e\u793e \u5f9e"}, {"type": 0, "id": "bruce79", "content": ": \u6230\u72af\u5165\u7940\u5f8c \u662d\u548c \u5e73\u6210\u90fd\u6c92\u53bb\u904e"}, {"type": 0, "id": "ss59418ss", "content": ": \u8857\u5ba3\u53f3\u7ffc=\u507d\u53f3\u7ffc\uff0c\u6210\u54e1\u591a\u6578\u70ba\u97d3\u570b\u9ed1\u9053"}, {"type": 0, "id": "ss59418ss", "content": ": \u4efd\u5b50"}], "post_ip": "163.49.208.10", "post_content": "\n\u65e9\u4e0a\u6f2b\u904a\u6642\uff0c\u770b\u5230\u9756\u570b\u795e\u793e\u9644\u8fd1\u4e00\u5927\u5806\u8b66\u5bdf\uff0c\n\n\u90fd\u6eff\u5230\u9999\u6e2f\u99d0\u65e5\u672c\u4ee3\u8868\u8655\u4e86\uff0c\n\n\u9644\u8fd1\u9053\u8def\u505c\u6eff\u5404\u7a2e\u6fc0\u9032\u53f3\u6d3e\u5718\u9ad4\u5ba3\u50b3\u9ed1\u982d\u8eca\uff0c\n\n\u5230\u5e95\u662f\u767c\u751f\u4e86\u4ec0\u9ebc\u4e8b\uff1f\n\n\u8ab0\u8981\u5e6b\u5fd9\u88dc\u5716\uff1f\u525b\u525b\u6f2b\u904a\u592a\u5fd9\u6c92\u7a7a\u62cd\u3002\n\n\n--\n"}