{"ptt_id": "aaaba", "post_url": "https://www.ptt.cc/bbs/Gossiping/M.1564396937.A.C4E.html", "post_type": "\u554f\u5366", "post_title": "\u6709\u6c92\u6709\u73fe\u4efb\u677f\u4e3b\u4e2d\u6709\u59b9\u5b50\u7684\u516b\u5366\uff1f", "post_time": "2019-07-29 18:42:15", "post_score": -2, "post_pushes": [{"type": 1, "id": "zzahoward", "content": ": \u7b49\u7b49 \u70ba\u4ec0\u9ebc\u4f60\u7684Facebook\u982d\u50cf\u597d\u50cf\u662f\u59b9"}, {"type": -1, "id": "butmyass", "content": ":"}, {"type": -1, "id": "Lenney33", "content": ": \u95dc\u4f60\u5c41\u4e8b"}, {"type": -1, "id": "luke11130177", "content": ": \u5f88\u91cd\u8981\uff1f"}, {"type": -1, "id": "r13974682", "content": ": \u7ad9\u5167\u4fe1\u554a"}, {"type": -1, "id": "hh800315", "content": ": \u554a\u6c92\u5716po\u4e09\u5c0f\uff1f"}, {"type": 1, "id": "hatephubbing", "content": ": \u65e9\u4e0a\u4e5f\u6709\u4e00\u7bc7\u7206\u6587\u6709\u59b9\u5b50"}, {"type": 0, "id": "mono5566", "content": ": \u50d5\u865f\u610f\u601d \u5c0f\u59b9\u5687\u5230\u5927\u5bb6\u60f9"}, {"type": 1, "id": "arsonlolita", "content": ": \u5716\u52d2"}, {"type": 0, "id": "k82817", "content": ": \u8acb\u554f\u7248\u4e3b\u6703\u5f48\u51fa\u4f86\u55ce\uff1f"}], "post_ip": "1.200.34.52", "post_content": "\n\u4e0b\u5348\u67d0\u677f\u4e3b\u767c\u4e86\u4e00\u7bc7\u5e36\u6709\u81ea\u5df1FB\u622a\u5716\u7684\u6587\u7ae0\n\n\u7d50\u679c\u63a8\u6587\u51fa\u73fe\u4ee5\u4e0b\u5c0d\u8a71\uff1a\n\n------\n\n\n\u2026 \u6211\u522a\u6389\u5716\n\n------\n\n\u6240\u4ee5\u7232\u4f55\u8981\u522a\u6389\u5716\n\n\u5982\u679c\u53ea\u662f\u4f7f\u7528\u5076\u50cf\u660e\u661f\u7684\u7167\u7247\u7576\u4f5c\u5927\u982d\u7167\uff0c\u61c9\u8a72\u4e0d\u7528\u7279\u5225\u522a\u5716\u5427\uff01\n\n\u6240\u4ee5\u771f\u76f8\u7a76\u7adf\u662f\u5982\u4f55\uff1f\n\n\u9817\u8010\u4eba\u5c0b\u5473\uff01\n\n--\nhttps://i.imgur.com/3phkA1u.jpg\n\u203b \u7de8\u8f2f: aaaba (1.200.34.52 \u81fa\u7063), 07/29/2019 19:01:49\n"}