{"ptt_id": "mukuro", "post_url": "https://www.ptt.cc/bbs/Gossiping/M.1570206559.A.CC9.html", "post_type": "\u554f\u5366", "post_title": "\u5982\u679c\u9999\u6e2f\u4eba\u62d2\u7d55\u7e73\u7a05\uff1f", "post_time": "2019-10-05 00:29:17", "post_score": -4, "post_pushes": [{"type": 0, "id": "Friend5566", "content": ": \u4e94\u6a13\u9858\u610f\u7576\u8089\u4fbf\u5668\u4f86\u5e6b\u5927\u5bb6\u7e73\u7a05"}, {"type": 0, "id": "jimli", "content": ": \u73a9\u7518\u5730\u4e0d\u5408\u4f5c\u904b\u52d5\u963f"}, {"type": 0, "id": "Waitaha", "content": ": \u6703\u88ab\u5f37\u5236\u57f7\u884c"}, {"type": -1, "id": "sakuraha", "content": ": \u88ab\u81ea\u6bba.\u8ca1\u7522\u5145\u516c\u5427.."}, {"type": 0, "id": "BITMajo", "content": ": \u5230\u6642\u5019\u5171\u7522\u9ee8\u81ea\u5df1\u76f4\u63a5\u62ff\uff0c\u4e0d\u6015\u4eba\u6c11\u4e0d\u7e73"}, {"type": 0, "id": "Leeheaven", "content": ": \u60f3\u592a\u591a \u4eba\u5bb6\u6642\u9593\u5230\u5c31\u81ea\u5df1\u56de\u5bb6\u4e86"}, {"type": -1, "id": "EeePC901", "content": ": \u6c92\u51fa\u793e\u6703\u5594 \u5f37\u5236\u57f7\u884c\u4f60\u61c2\u4e0d\u61c2"}, {"type": -1, "id": "Ax0101", "content": ": \u9280\u884c\u76f4\u63a5\u6263\u6b3e\u3001\u4e0d\u52d5\u7522\u5145\u516c\u3001\u52d5\u7522\u4e5f\u5145\u516c"}, {"type": 0, "id": "fishclamp", "content": ": \u8acb\u8001\u95c6\u5e6b\u4f60\u7e73"}, {"type": 1, "id": "stocktonty", "content": ": \u4e0d\u5408\u4f5c\u904b\u52d5 \u4f60\u6709\u591a\u5c11\u7c4c\u78bc\u80fd\u73a9\uff1f"}, {"type": 0, "id": "Ax0101", "content": ": \u9664\u975e\u4f60\u9280\u884c\u5168\u90e8\u6236\u982d\u6c92\u9322\u3001\u6c92\u623f\u3001\u6c92\u8eca\u3001\u6c92"}, {"type": 0, "id": "Ax0101", "content": ": \u6709\u4efb\u4f55\u8ca1\u7522\uff0c\u62b1\u8457\u9ec3\u91d1\u4f4f\u516c\u5712\uff0c\u8a66\u770b\u770b\u6703\u4e0d"}, {"type": 0, "id": "Ax0101", "content": ": \u6703\u88ab\u627e\u5230"}, {"type": 0, "id": "stocktonty", "content": ": \u5230\u6642\u5019\u9858\u610f\u9806\u5f9e\u7684\u76f4\u63a5\u500b\u4eba\u624b\u6a5f\u5efa\u6a94\u7d66"}, {"type": 0, "id": "stocktonty", "content": ": \u4e2d\u5171 \u4e0d\u9858\u610f\u7684\u5168\u90e8\u6293\u5230\u52de\u6539\u71df"}, {"type": -1, "id": "AppleMan", "content": ": \u5c3c\u4e0d\u77e5\u9053\u6709\u9593\u63a5\u7a05\u9019\u6771\u897fC\u3107"}, {"type": 0, "id": "sky568127", "content": ": \u76f4\u63a5bang\u4e0d\u898b"}, {"type": -1, "id": "arcysaint", "content": ": \u5f37\u5236\u57f7\u884c\u4e00\u6a23\u6703\u88ab\u7ba1\u6536\u5566\uff0c\u7b49\u65bc\u88ab\u95dc\uff0c"}, {"type": 0, "id": "arcysaint", "content": ": \u6b20\u7a05\u9054\u5927\u6236\u6700\u6015\u9019\u500b\uff0c\u4e00\u5929\u62981000\uff0c\u5f88\u591a"}, {"type": 0, "id": "arcysaint", "content": ": \u6bd4\u7121\u671f\u5f92\u5211\u9084\u6158"}], "post_ip": "36.233.49.40", "post_content": "\n\u8aaa\u771f\u7684\uff0c\u9999\u6e2f\u4eba\u6709\u60f3\u904e\u9019\u500b\u55ce\uff1f\n\u9019\u7a2e\u5641\u721b\u653f\u5e9c\u8ddf\u6df7\u5e33\u8b66\u5bdf\n\u9084\u7e73\u7a05\u990a\u4ed6\u5011\u5e79\u561b\uff1f\n\u5982\u679c\u9999\u6e2f\u4eba\u96c6\u9ad4\u4e0d\u7e73\u7a05\u6703\u767c\u751f\u4ec0\u9ebc\u4e8b\u5462\n\u6709\u6c92\u6709\u516b\u639b\n\n--\n"}