{"ptt_id": "funasake", "post_url": "https://www.ptt.cc/bbs/Gossiping/M.1569437306.A.7F8.html", "post_type": "\u554f\u5366", "post_title": "\u767e\u5e74\u4e4b\u5f8c\u7684\u53f0\u7063\u6703\u8b8a\u600e\u6a23\uff1f", "post_time": "2019-09-26 02:48:24", "post_score": 4, "post_pushes": [{"type": 1, "id": "jojoStar", "content": ": \u5993\u9662"}, {"type": 0, "id": "sinscanim", "content": ": \u767c\u5927\u8ca1 \u4eba\u4eba\u90fd\u9996\u5bcc"}, {"type": 1, "id": "Ericz7000", "content": ": \u6703\u6210\u70ba\u4e00\u500b\u4e0d\u73a9\u4e94\u6a13\u6897\u7684\u570b\u5bb6"}, {"type": 1, "id": "clippershi", "content": ": \u4e94\u6a13\u53ef\u6190"}, {"type": 1, "id": "zpay", "content": ": \u9084\u662f\u6bcf\u5929\u6230\u5357\u5317\u5427"}, {"type": 0, "id": "SydLrio", "content": ": \u8aaa\u500b\u7b11\u8a71\uff0c\u53f0\u7063\u6709\u6587\u5316"}, {"type": 0, "id": "abckk", "content": ": \u9084\u662f\u4e00\u500b\u5cf6"}, {"type": -1, "id": "jasontzymann", "content": ": \u5269\u4e0b\u9b3c"}, {"type": 0, "id": "jasontzymann", "content": ": \u6240\u4ee5\u540d\u7b26\u5176\u5be6\u7684\u9b3c\u5cf6"}, {"type": 1, "id": "jetaime851", "content": ": \u6eff\u6eff\u5783\u573e"}, {"type": 0, "id": "yanluan", "content": ": \u53ef\u80fd\u5927\u90e8\u5206\u9678\u5730\u6d88\u5931\u4e86\u5427\uff0c\u88ab\u6c34\u6df9\u6c92"}, {"type": -1, "id": "wow1991512", "content": ": \u8ddf\u73fe\u5728\u4e00\u6a23"}, {"type": 1, "id": "L9C4iO", "content": ": \u6211\u53ea\u77e5\u9053\u6295\u7d66\u570b\u6c11\u9ee8 \u4ee5\u5f8c\u53f0\u7063\u5c31\u8b8a\u6210\u4e2d\u570b\u4eba"}, {"type": 0, "id": "L9C4iO", "content": ": \u7684\u5993\u9662"}], "post_ip": "82.132.222.252", "post_content": "\n\u53f0\u7063\u4e0d\u7b97\u6b77\u53f2\u60a0\u4e45\u7684\u570b\u5bb6\uff0c\n\u7121\u6cd5\u50cf\u6b50\u7f8e\u767e\u5e74\u6216\u5343\u5e74\u7684\u6b77\u53f2\u6587\u5316\u5438\u5f15\u4eba\uff5e\n\u4f46\u662f\u5982\u679c\u518d\u904e\u5e7e\u767e\u5e74\uff0c\n\u53f0\u7063\u8b8a\u6210\u4e00\u500b\u6b77\u53f2\u60a0\u4e45\u7684\u570b\u5bb6\u5f8c\uff0c\n\u6703\u662f\u4ec0\u9ebc\u6a23\u7684\u9762\u8c8c\u5462\uff1f\n\n--\n"}