{"ptt_id": "uranus0125", "post_url": "https://www.ptt.cc/bbs/Gossiping/M.1565254138.A.F66.html", "post_type": "\u554f\u5366", "post_title": "\u6b38\u6b38\u6b38  \u5728\u4e39\u9ea5\u4e0d\u60f3\u518d\u5403\u9eb5\u5305\u4e86\u8a72\u600e\u9ebc\u8fa6", "post_time": "2019-08-08 16:48:56", "post_score": 28, "post_pushes": [{"type": 0, "id": "A0091127", "content": ": \u9eb5\u7c89"}, {"type": 0, "id": "kavengany", "content": ": \u4e39\u9ea5\u9eb5\u5305"}, {"type": 1, "id": "k321045", "content": ": \u53ef\u4ee5\u8cb7\u4e39\u9ea5\u7684\u9905\u4e7e\u7576\u4f34\u624b\u79ae"}, {"type": 0, "id": "jma306", "content": ": \u6d6a\u6f2b\u570b\u5bb6"}, {"type": 0, "id": "smalltwo", "content": ": \u6293\u9f8d\u8766\u963f"}, {"type": 1, "id": "ClotHaha", "content": ": \u4ea4\u63db\u4ec0\u9ebc \u9ad4\u6db2\u55ce \u7fa8\u6155\u63a8"}, {"type": 1, "id": "kilof", "content": ": \u6a13\u4e0b\u60f3\u8cb7\u4ec0\u9ebc\u585e\u5c41\u773c?"}, {"type": 0, "id": "HappyDiD", "content": ": \u6a13\u4e0a\u7684\u9673\u5e74\u809b\u585e"}, {"type": 1, "id": "sepzako", "content": ": \u5403\u9905\u4e7e  \u90a3\u908a\u7684\u9435\u76d2\u9905\u4e7e\u4e5f\u5f88\u4fbf\u5b9c"}, {"type": 0, "id": "julia66", "content": ": \u4e0b\u4e00\u7bc7\uff0c\u5728\u6cd5\u570b\u4e0d\u60f3\u5403\u9577\u68cd\u9eb5\u5305"}, {"type": 1, "id": "legendmtg", "content": ": \u81ea\u708a\u554a"}, {"type": 1, "id": "Lindseyy", "content": ": \u5973\u5b69"}, {"type": 1, "id": "rockman73", "content": ": \u73fe\u5728\u958b\u59cb\u7a2e"}, {"type": 1, "id": "EEGJ5566", "content": ": \u5403\u96de\u817f\u98ef"}, {"type": 0, "id": "sesame307", "content": ": \u4e39\u9ea5\u5973\u5b69\u963f"}, {"type": 1, "id": "rbki3", "content": ": \u4e0d\u6703\u81ea\u5df1\u64c0\u9eb5\u5594!?"}, {"type": 1, "id": "cloudin", "content": ": \u6c92\u6709\u8d85\u5e02\u55ce"}, {"type": 1, "id": "InMemoria", "content": ": \u7b11\u6b7b"}, {"type": 0, "id": "LoveMakeLove", "content": ": \u53bb\u4e9e\u6d32\u8d85\u5e02\u770b\u6709\u6c92\u6709\u8001\u5e72\u5abd"}, {"type": 0, "id": "LoveMakeLove", "content": ": \u53bb\u7576\u5730\u7684\u4e2d\u570b\u9910\u9928\u6216\u5510\u4eba\u8857\u89e3\u601d\u9109\u4e4b"}, {"type": 0, "id": "LoveMakeLove", "content": ": \u6101"}, {"type": 0, "id": "julia66", "content": ": \u90fd\u53bb\u4e9e\u6d32\u8d85\u5e02\u4e86\u9084\u8cb7\u8001\u5e72\u5abd\uff1f\u8cb7\u6ce1\u9eb5\u5c31\u597d\u4e86"}, {"type": 1, "id": "pttOwO", "content": ": \u7532\u6d28"}, {"type": 0, "id": "hiimjack", "content": ": \u6539\u5403\u99ac\u9234\u85af"}, {"type": 1, "id": "Lian", "content": ": LEGO"}, {"type": 1, "id": "World888", "content": ": \u71d5\u9ea5\u7ca5 \u8d85\u8b9a\u6ef4><"}, {"type": 1, "id": "wolver", "content": ": \u4e39\u9ea5\u9eb5\u5305  \u597d\u5403"}, {"type": 0, "id": "Hohenzollern", "content": ": \u5403\u9ea5\u5473\u767b\u7684\u6f22\u5821\u9078\u4e39\u9ea5\u9eb5\u5305\u597d\u5403"}, {"type": 1, "id": "nono520g", "content": ": \u6539\u5403\u5410\u53f8\u963f"}, {"type": 0, "id": "he01852151", "content": ": \u53bb\u5fb7\u570bfkk\u5403\u81ea\u52a9 \u9019\u4e5f\u8981\u6559"}, {"type": 0, "id": "vanson37", "content": ": \u4e0d\u6703\u53bb\u4e0d\u4e39"}, {"type": -1, "id": "elec1141", "content": ": \u5403\u5c4e\u4e0d\u6703"}, {"type": 0, "id": "Everforest", "content": ": \u81ea\u5df1\u716e\u554a = ="}, {"type": 1, "id": "AppleWatch5", "content": ": \u716e\u6fc3\u6e6f\u914d\u9eb5\u5305\u8d85\u8b9a\u7684"}, {"type": 1, "id": "cornxxl", "content": ": \u5403\u4e39\u9ea5\u71d2\u8089  \u8cb7\u5de7\u514b\u529b\u8ddf\u9905\u4e7e"}, {"type": 1, "id": "liudwan", "content": ": \u4e39\u9ea5\u983b\u679c\u6d3e\u597d\u3118"}, {"type": 0, "id": "DOOT", "content": ": \u6539\u5403\u5410\u53f8"}, {"type": 1, "id": "delmardidi", "content": ": \u54e5\u672c\u54c8\u6839\u5e02\u5340\u901b\u8857\u6709\u9593\u5403\u5230\u98fd\u725b\u63922F"}, {"type": 0, "id": "delmardidi", "content": ": \u800c\u4e14\u4e0d\u8cb4,\u53f0\u7063\u5403\u5230\u98fd\u50f9\u683c\u4f46\u54c1\u8ceaSOSO"}, {"type": 0, "id": "bon362", "content": ": \u5403\u6d0b\u9999\u8178"}, {"type": 1, "id": "snowpin", "content": ": \u5728\u4e39\u9ea5\u54ea\u88e1\uff1f\u67e5\u4e00\u4e0b\u6709\u6c92\u6709\u9023\u9396\u9eb5\u5e97Wagama"}, {"type": 0, "id": "snowpin", "content": ": ma\uff0c\u6eff\u7b26\u5408\u53f0\u7063\u4eba\u7684\u53e3\u5473"}, {"type": 1, "id": "goodricky04", "content": ": Wagamama\u7684\u62c9\u9eb5\u5c4c\u6253\u65e5\u672c\u4e94\u689d\u8857"}, {"type": 0, "id": "goodricky04", "content": ": \u5c24\u5176\u62db\u724c\u8c6c\u8089\u9b06\u714e\u9903 \u8b9a\uff01"}, {"type": 0, "id": "DCcheng", "content": ": \u5403\u9905\u4e7e\u554a"}, {"type": 1, "id": "joker8712", "content": ": \u4f60484\u6709\u5728\u7d93\u71df\u67d0\u7c89\u5c08R"}, {"type": 1, "id": "dslite", "content": ": \u67ef\u7cde\u5403\u5c4e"}, {"type": 1, "id": "vilue", "content": ": \u5e02\u5834\u90fd\u6709\u8ce3\u6709\u7a2e\u7259\u818f\u72c0\u7684\u9b5a\u5b50\u91ac \u5f88\u9069\u5408\u7576\u4f34"}, {"type": 1, "id": "vilue", "content": ": \u624b\u79ae"}, {"type": 0, "id": "shihshih3", "content": ": \u4e0d\u6703\u81ea\u5df1\u958b\u4f19\u5594"}, {"type": 1, "id": "nega883100", "content": ": \u53ea\u80fd\u627e\u571f\u723e\u5176\u9910\u5ef3\u4e86 \u6709\u71b1\u98ef"}, {"type": 1, "id": "redbeanbread", "content": ": \u770b\u6210\u4e39\u4e39"}, {"type": 0, "id": "redbeanbread", "content": ": \u4e5d\u865f"}, {"type": 1, "id": "Rayishere", "content": ": \u4ea4\u500b\u5eda\u5e2b\u5c31\u89e3\u6c7a\u4e86"}, {"type": 1, "id": "drmartens", "content": ": \u90a3\u9ebc\u4e0d\u559c\u6b61\u5403\u6b50\u5f0f\u9910\u9ede\u70ba\u4f55\u8981\u53bb\u90a3\u4ea4\u63dbXD"}, {"type": 0, "id": "drmartens", "content": ": \u5317\u6b50\u5916\u98df\u5f88\u8cb4 \u81ea\u5df1\u8cb7\u56de\u5bb6\u5f04\u5427"}, {"type": -1, "id": "npbmlb", "content": ": \u4e0d\u60f3\u5403\u9eb5\u5305\u81ea\u5df1\u7a2e\u7c73\u963f"}, {"type": 0, "id": "Qaaaa", "content": ": \u4eca\u5929\u4e5f\u8981\u80a5\u4e39\u9ea5\u5566 \u4f86\u73a9"}], "post_ip": "130.226.87.157", "post_content": "\n\u6b38\u6b38\u6b38\n\n\u53c8\u662f\u6211\u6b7b\u80a5\u5b85\u5566\n\n\u5df2\u7d93\u4f86\u4e39\u9ea5\u4ea4\u63db\u4e00\u500b\u79ae\u62dc\u310c\n\n\u5979\u5abd\u903c \u4e0d\u60f3\u518d\u5403\u9eb5\u5305\u4e86\u5566\n\n\u6211\u8a72\u600e\u9ebc\u8fa6\n\n\u6709\u6c92\u6709\u4e0d\u60f3\u5403\u9eb5\u5305\u7684\u639b\uff1f\n\n\n\u984c\u5916\u8a71\n\n\u5728\u4e39\u9ea5\u8981\u8cb7\u4e09\u5c0f\u56de\u53bb\u7576\u4f34\u624b\u79ae\uff1f\n\n\u55ef\uff1f \u6709\u6c92\u6709\u4eba\u6709\u5efa\u8b70\u554a\u554a\u554a\u554a\n\n--\n\u4e0d\u4e86\n\u5c31\u4e0d\u8981\u9eb5\u5305\u554a\n\u4f60\u77e5\u9053\u90a3\u500b\u883b\u96e3\u5403\u7684  \u800c\u4e14\u53f0\u7063\u6709\u8ce3\u7d2f\u6b7b\u3109\n\uff1f\uff1f\n\u5171\u4e09\u3002\u3002\u3002\n\u5614\u5614\u5614\u5614\n\u554f\u984c\u4e0d\u600e\u9ebc\u597d\u5403\u554a\n\u4e0d\u4e0d\u4e0d  \u6211\u5f8c\u9762\u4e0d\u6703\u53bb\u6cd5\u570b  \u662f\u5fb7\u570b\n\u6709\u554a  \u4f46\u662f\u5c31\u6709\u9ede\u9ebb\u7169  \u5eda\u623f\u592a\u591a\u4eba\u5171\u7528\n\u4e0d\u8981\n\uff1f\uff1f\n\u9023\u767d\u98ef\u90fd\u5f88\u96e3\u770b\u5230\u597d\u55ce\n\u6efe...\n\u4e0d\u8981\u597d\u55ce\n\u7576\u7136\u6709\n\u5e79  \u9019\u88e1\u98df\u7269\u771f\u7684\u4ed6\u5abd\u96e3\u5403\n\u6709\u4e9e\u6d32\u8d85\u5e02  \u4f46\u5c0f\u9060\u554a\uff5e\uff5e\uff5e\uff5e\n\u540c\u610f\n\u6efe\n\u99ac\u7684  \u9019\u88e1\u9084\u771f\u7684\u5f88\u591a\u99ac\u9234\u85af\n\u9019\u88e1LEGO \u771f\u7684\u883b\u4fbf\u5b9c\u7684  \u625b\u56de\u53bb\u53f0\u7063\u8ce3\u61c9\u8a72\u80fd\u8cfa\n\u662f\u55ce......\n\u6211 \u4e0d \u60f3 \u518d \u5403 \u9eb5 \u5305 \u4e86\n....\n\u5dee\u5728\u54ea  \u4f60\u77e5\u9053\u4ed6\u9019\u88e1\u6709\u8ce3\u9ed1\u8272\u5410\u53f8  \u5abd\u5abd\u6a02\u8d85\u96e3\u5403 \u9178\u5473\u8d85\u91cd\n\u6211\u5728\u4e39\u9ea5 \u8dd1\u53bb\u5fb7\u570b\u5e79\u561b\uff1f\n\u4e09\u5c0f\u5566\n\u6efe==\n\u6709\u554a   \u4f46\u6bcf\u9910\u90fd\u8981\u716e\u5f88\u7d2f\n\u9019\u500b\u53ef\u4ee5\u8003\u616e\u770b\u770b\n\u9019\u88e1\u5de7\u514b\u529b\u8d85\u751c  \u6c92\u4e8b\u5225\u5403\n\u4e0d  \u6211\u89ba\u5f97\u592a\u751c\u4e86\n\u771f\u7684\uff1f  \u6c42\u5e97\u540d\uff01\uff01\n\u6211\u4e4b\u5f8c\u4f86\u627e\u627e\n\u4e0d\u8981\n\u310f\u310f   \u6211\u77e5\u9053\u4f60\u5728\u8aaa\u8ab0  \u53ef\u60dc\u6211\u4e0d\u662f\u4ed6\u311b   \u9806\u5e36\u4e00\u63d0 \u4ed6\u8ddf\u6211\u8457\u540c\u500b\u5bbf\u820d\n\u8d70\u932f\uff1f\uff1f\uff1f\n\u90a3\u500b\u5176\u5be6\u883b\u96e3\u5403\u7684...\n\u5e79  \u60f3\u5403\u571f\u8033\u5176\u70e4\u8089\u554a\u554a\u554a\u554a\n\u54ea\u4f86\u7684\u5eda\u5e2b\n\u6211\u4f86\u4e86 \u624d\u77e5\u9053\u96e3\u5403\u554a\u554a\u554a\u554a\n\u6c92\u932f   \u4e00\u9910\u5916\u9762\u5403  \u5dee\u4e0d\u591a\u89814-500\n\u203b \u7de8\u8f2f: uranus0125 (130.226.87.158 \u4e39\u9ea5), 08/09/2019 20:49:59\n"}