{"ptt_id": "russkgb", "post_url": "https://www.ptt.cc/bbs/Gossiping/M.1569490094.A.352.html", "post_type": "\u65b0\u805e", "post_title": "\u4eac-\u53f0\u9ad8\u9435\u4e2d\u570b\u6bb5 \u5df2\u958b\u901a", "post_time": "2019-09-26 17:28:12", "post_score": -1, "post_pushes": [{"type": -1, "id": "pipi8696044", "content": ": \u6c92\u904e\u81fa\u7063\u6d77\u5cfd\u6709\u5c41\u7528"}, {"type": 0, "id": "james732", "content": ": \u65b0\u805e\u4e0d\u662f\u9019\u6a23\u8cbc\u3109"}, {"type": 1, "id": "jetalpha", "content": ": \u89e3\u653e\u8ecd\u5c4d\u9ad4\u9935\u9b5a\u7684\u6642\u9593\u4e5f\u5feb\u5230\u4e86\u3002"}, {"type": 0, "id": "guitar0225", "content": ": \u6771\u4eac-\u53f0\u5317"}, {"type": -1, "id": "bybe", "content": ": 8888888"}, {"type": 0, "id": "VVizZ", "content": ": \u60f3\u60f3\u5f35\u4f5c\u9716\u600e\u9ebc\u6b7b\u7684"}, {"type": 0, "id": "bybe", "content": ": \u8cbc\u65b0\u805e\u90fd\u4e0d\u6703"}, {"type": 0, "id": "keane9112", "content": ": \u81ea\u55e8 \u5403\u8c46\u8150\u7684\u516c\u5171\u5efa\u8a2d\u547d\u540d"}, {"type": -1, "id": "echoo", "content": ": \u5922\u88e1\u5be6\u73fe"}, {"type": -1, "id": "cidcheng", "content": ": \u6211\u5011\u8607\u82b1\u9ad8\u4e7e\u8106\u53eb\u53f0\u7f8e\u9ad8\u901f\u516c\u8def\u53f0\u7063\u6bb5"}, {"type": 0, "id": "abomgo", "content": ": https://youtu.be/Nl4lAO-HFJo"}, {"type": 1, "id": "huangjyuan", "content": ": \u53ef\u4ee5\u63a5\u5230\u5c4f\u6771"}, {"type": 0, "id": "bimmers0", "content": ": \u7956\u570b\u53ef\u4ee5\u76f4\u63a5\u958b\u5de5\u53f0\u7063\u6d77\u5cfd\u6bb5\uff0c\u8b1d\u8b1d\uff5e"}, {"type": 0, "id": "bimmers0", "content": ": \u7fd2\u8fd1\u5e73\u6562\u958b\u5de5\u53f0\u7063\u6d77\u5cfd\u6bb5\uff0c\u6797\u5317\u5c31\u7acb\u5730\u6210"}, {"type": 0, "id": "bimmers0", "content": ": \u97d3\u7cde"}, {"type": 0, "id": "bimmers0", "content": ": \u4e2d\u570b\u771f\u7684\u6709\u8aa0\u610f\u611b\u53f0\u7063\u4eba\uff0c\u76f4\u63a5\u958b\u5de5\u53f0\u7063"}, {"type": 0, "id": "bimmers0", "content": ": \u6d77\u5cfd\u6bb5\u5c31\u597d\u4e86"}, {"type": -1, "id": "Fari", "content": ": \u4e2d\u570b\u4eba\u7528\u4f86\u5321\u4e2d\u570b\u4eba\u9322\u7684\u6253\u624b\u69cd\u5de5\u7a0b XD"}, {"type": 0, "id": "bimmers0", "content": ": \u7b11\u4f60\u5171\u7522\u515a\u6c92\u90a3\u9ebc\u597d\u5fc3"}, {"type": -1, "id": "amaranth5566", "content": ": \u83ef\u76db\u9813\u7dda\u4e5f\u901a\u4e86\uff0c\u5e79\uff01"}, {"type": 0, "id": "bimmers0", "content": ": \u8aaa\u7a7f\u4e86\uff0c\u9019\u53eb\u300c\u610f\u6deb\u53f0\u7063\u300d"}, {"type": 0, "id": "cxiop", "content": ": \u53e6\u5916\u4e00\u6bb5\u5c31\u9760\u97d3\u5c0e\u4e86\uff0c\u62dc\u8a17\uff01"}, {"type": -1, "id": "tiuseensii", "content": ": \u9435\u8ecc\u76f4\u5165\u5927\u6d77\uff0c\u6d77\u846c\u5c08\u8eca\u555f\u7a0b\u56c9"}, {"type": 0, "id": "wyiwyi", "content": ": \u9084\u4ee5\u70ba\u6771\u4eac\u53f0\u5317= ="}, {"type": -1, "id": "Googletime", "content": ": \u61a8\u7c89\uff1a\u53ea\u7b49\u90a3\u4fe1\u865f\u4e00\u97ff"}, {"type": 0, "id": "joumay", "content": ": R2 \u5df2\u5099\u59a5 \u53ea\u5269 0 \u5c31\u53ef\u4ee5\u958b\u64b8\u5566"}, {"type": 1, "id": "TllDA", "content": ": \u8aaa\u771f\u7684 \u53f0\u7063\u5e79\u561b\u963b\u6b62\u4ed6\u5011\u52d5\u5de5 \u6211\u60f3\u770b\u6232\u963f"}, {"type": 0, "id": "mklistwso", "content": ": \u4e1f\u500b\u6df1\u6c34\u70b8\u5f48\u770b\u770b"}, {"type": 1, "id": "clerkhsiao", "content": ": \u652f\u90a3\u8ce4\u755c\u5403\u5927\u4fbf\u5427\uff01"}, {"type": 0, "id": "clerkhsiao", "content": ": \u6211\u5011\u53ea\u6b61\u8fce\u6771\u4eac\u958b\u901a\u5230\u53f0\u7063"}, {"type": 0, "id": "churrox", "content": ": \u7b11 \u9019\u7a2e\u6709\u5922\u6700\u7f8e\u7684\u6771\u897f\u4e2d\u570b\u6700\u611b\u505a"}, {"type": -1, "id": "f1731025", "content": ": \u7576\u98b1\u98a8\u548c\u8239\u96bb\u4e0d\u5b58\u5728\u81a9 \u6253\u624b\u69cd\u53bb\u623f\u88e1\u6253"}, {"type": 1, "id": "maxmeyer", "content": ": \u60f3\u84cb\u5c31\u7d66\u4ed6\u84cb\u554a\uff0c\u770b\u4ed6\u5011\u5230\u6642\u5019\u6703\u82b1\u591a\u5c11"}, {"type": -1, "id": "churrox", "content": ": \u8ddf\u798f\u5efa\u7684\u90a3\u500b\u9ad8\u5c71\u65cf\u4e00\u6a23\u7b11\u6b7b\u8f2a"}, {"type": -1, "id": "yrhhimamr", "content": ": \u806f\u5408\u91cd\u5de5\u5230\u5e95\u6536\u591a\u5c11\u9322\u5e6b\u4e2d\u5171\u5ba3\u50b3\uff1f"}, {"type": 1, "id": "orfan", "content": ": \u5230\u5e95\u662f\u97d3\u5c0e\u50cf\u4e2d\u5171 \u9084\u662f\u4e2d\u5171\u50cf\u97d3\u5c0e?!"}, {"type": 0, "id": "ststLiang", "content": ": \u4e00\u81c9\u6b63\u7d93\u7684\u8b1b\u7b11\u8a71"}, {"type": 1, "id": "DASHOCK", "content": ": \u76f4\u63a5\u5148\u505a\u53f0\u7063\u6d77\u5cfd\u9019\u908a"}, {"type": 1, "id": "woulin", "content": ": \u97d3\u5c0e\u7576\u9078\u5c31\u53ef\u4ee5\u8cab\u901a\u5427"}, {"type": 1, "id": "orze04", "content": ": \u539f\u672c\u5c31\u53ea\u60f3\u901a\u5230\u5e73\u6f6d\u800c\u5df2\u5427"}, {"type": 0, "id": "GAtely", "content": ": \u901a\u5230\u6771\u4eac\u5c31\u958b\u5fc3\u4e86"}, {"type": 0, "id": "ak904", "content": ": \u5148\u84cb\u5230\u91d1\u9580\u6211\u6c92\u610f\u898b"}, {"type": 1, "id": "hate56", "content": ": \u81ea\u6170\u5b8c\u4e86\u6c92"}, {"type": -1, "id": "chiguang", "content": ": \u53f0\u7f8e\u570b\u56db\u8def\u6bb5\u4e5f\u5df2\u7d93\u5728\u5efa\u4e86\u2026"}, {"type": 0, "id": "Ladios", "content": ": \u9806\u4fbf\u63a5\u4e00\u5708\u597d\u4e86"}, {"type": 0, "id": "sunbreak0723", "content": ": \u4e00\u8def\u84cb\u904e\u4f86\uff1f"}, {"type": 1, "id": "azytjr", "content": ": \u4e0d\u77e5\u9053\u80fd\u6490\u5e7e\u5e74"}, {"type": 1, "id": "apflake", "content": ": \u9019\u4e0d\u597d\u7b11,\u5982\u679c\u53f0\u7063\u50cf\u9999\u6e2f\u88ab\u4e00\u570b\u5169\u5236,\u51fa\u9322"}, {"type": 0, "id": "apflake", "content": ": \u7684\u5c31\u662f\u53f0\u7063\u4eba,\u6295\u7968\u8981\u614e\u601d"}, {"type": 1, "id": "hill1", "content": ": \u9019\u6a23\u4e5f\u884c\uff0c\u4e2d\u5171\u771f\u7684\u8166\u888b\u6709\u6d1e"}, {"type": 0, "id": "mikepopkimo", "content": ": \u5e0c\u671b\u665a\u5e74\u53ef\u4ee5\u5ea7\u9ad8\u9435\u5230\u4e0a\u6d77\uff0c\u5317\u4eac\uff0c"}, {"type": 0, "id": "mikepopkimo", "content": ": \u897f\u5b89.."}, {"type": -1, "id": "getx105", "content": ": \u767d\u7661\u4e2d\u5171\u5728\u885d\u4e09\u5c0f"}, {"type": 1, "id": "rogergon", "content": ": \u6253\u7b97\u76f4\u63a5\u5165\u6d77\u6ce1\u6c34\u7684\u610f\u601d"}, {"type": -1, "id": "Larsie", "content": ": 88"}, {"type": -1, "id": "replay1110", "content": ": \u4e94\u6bdb\u958b\u8def\u76f4\u901a\u7fd2\u8fd1\u5e73\u5c41\u773c"}, {"type": 1, "id": "ttluck", "content": ": \u7fd2\u9032\u5e73\u5c41\u773c\u5df2\u958b\u901a"}, {"type": -1, "id": "hugo0015227", "content": ": \u6771\u4eac\u5230\u53f0\u5317\u6211\u53ef\u4ee5\u63a5\u53d7 \u6700\u8fd1\u597d\u60f3\u53bb\u65e5"}, {"type": 0, "id": "hugo0015227", "content": ": \u672c\u5594\u5594\u5594\u54e6"}], "post_ip": "111.240.137.147", "post_content": "\n1.\u5a92\u9ad4\u4f86\u6e90:\n\u806f\u5408\u5831/\u806f\u5408\u65b0\u805e\u7db2\u5373\u6642\u6d88\u606f\n2.\u8a18\u8005\u7f72\u540d:\u8a18\u8005\u6797\u5247\u5b8f\n3.\u5b8c\u6574\u65b0\u805e\u6a19\u984c:\n\u5317\u4eac\u81f3\u53f0\u7063\u9ad8\u9435\u5148\u671f\u5de5\u7a0b\uff1a\u5e73\u6f6d\u5927\u6a4b25\u65e5\u5ba3\u5e03\u8cab\u901a\n4.\u5b8c\u6574\u65b0\u805e\u5167\u6587\uff1a\n\u5927\u9678\u5728\u300c\u5341\u4e09\u4e94\u898f\u5283\u300d\uff082016\u5e74\u81f32020\u5e74\uff09\u63d0\u51fa\uff1a\u300c\u5efa\u8a2d\u5317\u4eac\u81f3\u53f0\u7063\uff08\u53f0\u5317\uff09\u300d\u7684\u9ad8\u9435\u8def\u7dda\n\uff0c\u5118\u7ba1\u6b64\u4e00\u69cb\u60f3\u88ab\u4e0d\u5c11\u4eba\u65a5\u70ba\u300c\u5929\u65b9\u591c\u8b5a\u300d\u3001\u300c\u4e00\u76f8\u60c5\u9858\u300d\uff0c\u4f46\u5927\u9678\u4ecd\u6301\u7e8c\u63a8\u9032\u4e2d\u3002\u6700\u65b0\u6d88\n\u606f\u662f\uff0c\u300c\u4eac\u53f0\u9ad8\u9435\u300d\u524d\u671f\u5de5\u7a0b\uff1a\u5e73\u6f6d\u6d77\u5cfd\u516c\u9435\u5927\u6a4b\u5df2\u65bc25\u65e5\u4e0a\u5348\u5408\u9f8d\u8cab\u901a\u3002\n\n\u300c\u4eac\u53f0\u9ad8\u9435\u300d\u4e2d\u7684\u5408\u80a5\u81f3\u798f\u5dde\u6bb5\uff0c\u5df2\u65bc2015\u5e746\u670828\u65e5\u901a\u8eca\u3002\u6309\u898f\u5283\uff0c\u798f\u5dde\u81f3\u53f0\u7063\u90e8\u5206\u5c07\u7531\n\u798f\u5dde\u6bb5\u9810\u7559\u7684\u901a\u9053\u5f15\u51fa\uff0c\u8a08\u756b\u5f9e\u5e73\u6f6d\u5cf6\u7d93\u6d77\u5e95\u96a7\u9053\u76f4\u901a\u53f0\u7063\u6843\u5712\uff0c\u518d\u9032\u5165\u53f0\u5317\u3002\u7576\u4e2d\uff0c\u9023\u63a5\n\u798f\u5dde\u8207\u5e73\u6f6d\u7684\u95dc\u9375\u901a\u9053\u5c31\u662f\u5e73\u6f6d\u6d77\u5cfd\u516c\u9435\u5927\u6a4b\u3002\n\u65b0\u83ef\u793e\u5831\u5c0e\uff0c\u96a8\u8457\u4e00\u6bb5\u957717\u516c\u5c3a\u3001\u91cd473\u5678\u7684\u92fc\u6841\u6a11\u4f4f\u88ab\u7cbe\u78ba\u56fa\u5b9a\u5230\u4f4d\uff0c\u7e3d\u957716.34\u516c\u91cc\u7684\u5e73\n\u6f6d\u6d77\u5cfd\u516c\u9435\u5927\u6a4b25\u65e5\u4e0a\u5348\u5c31\u6b63\u5f0f\u5408\u9f8d\u8cab\u901a\u3002\u5831\u5c0e\u7a31\uff0c\u5e73\u6f6d\u6d77\u5cfd\u516c\u9435\u5927\u6a4b\u662f\u798f\u5dde\u81f3\u5e73\u6f6d\u9435\u8def\u63a7\n\u5236\u6027\u5de5\u7a0b\uff0c\u4e5f\u662f\u300c\u5341\u4e09\u4e94\u300d\u898f\u5283\u4e2d\u5317\u4eac\u81f3\u53f0\u7063\u9ad8\u9435\u7684\u5148\u671f\u5de5\u7a0b\u3002\n\n\u65b0\u83ef\u793e\u5831\u5c0e\u7a31\uff0c\u5927\u6a4b\u8d77\u65bc\u798f\u5dde\u5e02\u9577\u6a02\u5340\uff0c\u7d93\u56db\u5ea7\u5c0f\u5cf6\u5f8c\u62b5\u9054\u4e2d\u570b\u7b2c\u4e94\u5927\u5cf6\u2014\u5e73\u6f6d\u5cf6\u3002\u5927\u6a4b\u4e0a\n\u5c64\u8a2d\u8a08\u70ba\u6642\u901f100\u516c\u91cc\u7684\u516d\u8eca\u9053\u9ad8\u901f\u516c\u8def\uff0c\u4e0b\u5c64\u70ba\u8a2d\u8a08\u6642\u901f200\u516c\u91cc\u7684\u9ad8\u9435\u3002\u64da\u798f\u5efa\u798f\u5e73\u9435\u8def\n\u516c\u53f8\u4ecb\u7d39\uff0c\u5927\u6a4b\u65bc2013\u5e74\u6b63\u5f0f\u52d5\u5de5\uff0c\u8a08\u756b2020\u5e74\u901a\u8eca\u3002\n\n\u4e2d\u9435\u5927\u6a4b\u52d8\u6e2c\u8a2d\u8a08\u9662\u7e3d\u5de5\u7a0b\u5e2b\u9ad8\u5b97\u4f59\u8aaa\uff0c\u300c\u6a4b\u5740\u6240\u8655\u7684\u53f0\u7063\u6d77\u5cfd\u662f\u4e16\u754c\u4e0a\u8457\u540d\u7684\u4e09\u5927\u98a8\u66b4\u6d77\n\u57df\u4e4b\u4e00\uff0c\u6d77\u57df\u74b0\u5883\u8907\u96dc\uff0c\u98a8\u5927\u3001\u6d6a\u9ad8\u3001\u6d41\u6025\u3001\u5ca9\u786c\uff0c\u6ce2\u6d6a\u529b\u662f\u9577\u6c5f\u7b49\u5167\u6cb3\u7684\u5341\u500d\u4ee5\u4e0a\uff0c\u5168\u5e74\n\u516d\u7d1a\u4ee5\u4e0a\u5927\u98a8\u8d85\u904e300\u5929\u3002\u300d\u56e0\u5efa\u8a2d\u689d\u4ef6\u60e1\u52a3\uff0c\u6709\u6548\u4f5c\u696d\u6642\u9593\u77ed\uff0c\u65bd\u5de5\u96e3\u5ea6\u6975\u5927\uff0c\u53f0\u7063\u6d77\u5cfd\n\u4e00\u76f4\u88ab\u8996\u70ba\u300c\u5efa\u6a4b\u7981\u5340\u300d\u3002\n\n\u65b0\u83ef\u793e\u6307\u51fa\uff0c\u5728\u5982\u6b64\u8907\u96dc\u7684\u98a8\u6d6a\u6e67\u74b0\u5883\u4e0b\u8208\u5efa\u7684\u5e73\u6f6d\u6d77\u5cfd\u516c\u9435\u5927\u6a4b\uff0c\u5efa\u6210\u5f8c\u5fc5\u9808\u6eff\u8db3\u6d77\u4e0a\u6a4b\n\u9762\u5728\u5341\u7d1a\u5927\u98a8\u74b0\u5883\u4e0b\u7684\u5b89\u5168\u904b\u71df\u3002\u56e0\u6b64\uff0c\u5e73\u6f6d\u6d77\u5cfd\u516c\u9435\u5927\u6a4b\u5168\u6a4b\u92fc\u7d50\u69cb\u7528\u91cf124\u842c\u5678\uff0c\u6df7\u51dd\n\u571f\u7528\u91cf294\u842c\u65b9\uff0c\u662f\u8fc4\u4eca\u70ba\u6b62\u5168\u7403\u6a4b\u6a11\u4e4b\u6700\u3002\n\n5.\u5b8c\u6574\u65b0\u805e\u9023\u7d50 (\u6216\u77ed\u7db2\u5740):\n\nhttps://udn.com/news/amp/story/7331/4068056\n\n6.\u5099\u8a3b\uff1a\n\u5317\u4eac\u5230\u5e73\u6f6d\u6bb5\u5df2\u63a5\u901a\u3002\n\u6709\u7121\uff0c\n\u6709\u6c92\u6709\u89e3\u653e\u8ecd\u5df2\u5f85\u547d\n\u7b49\u5f852020\u7684\u4fe1\u865f\u4e00\u97ff\u5462\uff1f\n\n--\n\nhttps://www.ptt.cc/bbs/Gossiping/M.1569490094.A.352.html\n\u203b \u7de8\u8f2f: russkgb (111.240.137.147 \u81fa\u7063), 09/26/2019 17:34:52\n\u203b \u7de8\u8f2f: russkgb (111.240.137.147 \u81fa\u7063), 09/26/2019 17:41:41\n\u203b \u7de8\u8f2f: russkgb (111.240.137.147 \u81fa\u7063), 09/26/2019 18:00:45\n"}