{"ptt_id": "A1bertPujols", "post_url": "https://www.ptt.cc/bbs/Gossiping/M.1570166216.A.C98.html", "post_type": "\u554f\u5366", "post_title": "\u53f0\u7063\u662f\u4e0d\u662f\u9ed8\u9ed8\u88ab\u9999\u6e2f\u6b96\u6c11\u4e86\u262f", "post_time": "2019-10-04 13:16:52", "post_score": -5, "post_pushes": [{"type": 0, "id": "frommr", "content": ": \u6a13\u4e0b\u8086\u3105\u8086\u9ed8\u9ed8\u3109\u88ab\u809b\u5230\u6d41\u6e6f"}, {"type": 0, "id": "Leeheaven", "content": ": \u53f0\u7063\u4eba\u9084\u5e6b\u8457\u6e2f\u4ed4\u8ffd\u6c42\u4e00\u570b\u5169\u5236 \u7b11\u6b7b"}, {"type": 1, "id": "firemothra", "content": ": \u8981\u6c42\u5be6\u73fe\u4e00\u570b\u5169\u5236"}, {"type": 0, "id": "imkoalatw", "content": ": 2008\u5e74\u5c31\u88ab\u9999\u6e2f\u51fa\u751f\u7684\u6b96\u6c11\u4e86"}, {"type": 0, "id": "shevchen", "content": ": \u4e94\u6a13\u5c41\u773c\u809b\u5230\u6d41\u6e6f"}, {"type": -1, "id": "musicfire", "content": ": \u53f0\u7063\u73fe\u5728\u4e0d\u662f\u9999\u6e2f\u7ba1\u7406\u55ce"}, {"type": -1, "id": "demitri", "content": ": ?\u4f60\u5f88\u8a0e\u53ad\u770b\u5230\u9999\u6e2f\u5594"}, {"type": 0, "id": "sorenhuang", "content": ": \u9020\u8b20\u9020\u5c41\u963f\uff0c\u652f\u90a3\u8166\u65b0\u89e3\u662f\u55ce"}, {"type": 0, "id": "demitri", "content": ": \u67ef\u85cd\u7c89\u6068\u6b7b\u9999\u6e2f\u65b0\u805e\u4e86"}, {"type": 0, "id": "cdmlin", "content": ": \u6279\u8a55\u662f\u5c0d\u884c\u70ba\u6279\u8a55 \u4f60\u6279\u8a55\u4eba\u5e79\u561b?"}, {"type": 0, "id": "demitri", "content": ": \u53ea\u8981\u6709\u4eba\u5831 \u99ac\u4e0a\u8aaa\u8f49\u79fb\u5167\u653f\u6ce8\u610f\u529b"}, {"type": 0, "id": "gay7788", "content": ": \u53cd\u4e86\u5566\uff0c\u9999\u6e2f\u9b27\u8d8a\u5927\uff0c\u5c0f\u82f1\u7684\u7968\u624d\u50ac\u7684\u51fa\u4f86"}, {"type": 0, "id": "demitri", "content": ": \u597d\u50cf\u5169\u500b\u4e0d\u80fd\u4e00\u8d77\u8a0e\u8ad6\u4f3c\u7684"}, {"type": 0, "id": "gay7788", "content": ": \u6e2f\u4eba\u6b7b\u4e86\uff0c\u7968\u5c31\u4f86\u4e86"}, {"type": 0, "id": "demitri", "content": ": \u67ef\u85cd\u7c89\u6068\u4e0d\u5f97\u9999\u6e2f\u65b0\u805e\u6d88\u5931"}, {"type": 0, "id": "demitri", "content": ": \u9019\u6a23\u624d\u80fd\u7e7c\u7e8c\u8ddf\u4e2d\u570b\u4e00\u5bb6\u89aa\u4e0d\u6703\u88ab\u7f75\u554a"}, {"type": -1, "id": "yor", "content": ": \u9019\u500b\u67ef\u7c89\u6574\u5929\u53cd\u4e32 \u7fd2\u6163\u4e86"}, {"type": 0, "id": "LouisLEE", "content": ": \u6211\u6253\u958b\u65b0\u805e\u53f0\u90fd\u662f\u97d3\u585e\u5b50\u7684\u65b0\u805e\u963f"}, {"type": -1, "id": "demitri", "content": ": \u7121\u804a\u7684\u67ef\u7c89\u53cd\u4e32 \u53ea\u5269PTT\u80fd\u53d6\u6696\u4e86"}, {"type": -1, "id": "Newschool", "content": ": \u9019\u9ebc\u5ee2\u7684\u6587~\u4f60\u662f\u4e0d\u662f\u89ba\u5f97\u81ea\u5df1\u5f88\u5e7d\u9ed8?\u563b"}, {"type": -1, "id": "johnny", "content": ": \u6728\u53ef\u60b2\u7c89"}, {"type": 1, "id": "hn100", "content": ": \u6700\u8fd1\u5e38\u5728\u4e86\u8def\u4e0a\u807d\u5230 \u5ee3\u6771\u8a71\uff1f\uff01"}, {"type": 0, "id": "kinmengon", "content": ": \u70ba\u4e86\u6015\u5171\u7522\u532a\u8adc\u6ef2\u5165 \u4ee5\u5f8c\u6e2f\u4eba\u5fc5\u9700\u6709\u53c3"}, {"type": 0, "id": "kinmengon", "content": ": \u8207\u8857\u982d\u904b\u52d5\u9054\u4e00\u661f\u671f\u4ee5\u4e0a\u7684\u624d\u51c6\u79fb\u6c11"}, {"type": -1, "id": "youngglasses", "content": ": \u5171\u4e09\u5c0f\u53bb\u770b\u91ab\u751f\u597d\u55ce"}, {"type": 1, "id": "wadeabc", "content": ": https://imgur.com/cjj3V3F"}, {"type": -1, "id": "quartics", "content": ": \u9999\u6e2f\u53c8\u4e0d\u662f\u570b\u5bb6\uff0c\u6b96\u6c11\u500b\u9b3c"}], "post_ip": "111.71.17.172", "post_content": "\n\n\u73fe\u5728\u4e0d\u80fd\u6279\u8a55\u4e2d\u570b\u4eba\uff0c\u5426\u5247\u82f1\u7c89\u6703\u6c23\u5657\u5657\n\u5c24\u5176\u4e0d\u80fd\u60f9\u5230\u82f1\u7c89\u7684\u4e2d\u570b\u4eba\u9818\u8896\u9ec3\u4e4b\u92d2\n\u5426\u5247\u82f1\u7c89\u6703\u66b4\u6012\u53eb\u53f0\u7063\u4eba\u5411\u4e2d\u570b\u4eba\u9053\u6b49\n\u7136\u5f8c\u6162\u6162\u628a\u53f0\u7063\u65b0\u805e\u6d17\u6210\u4e2d\u570b\u9999\u6e2f\u65b0\u805e\n\u6162\u6162\u7684\u53bb\u53f0\u7063\u5316\n\u9084\u6703\u601d\u60f3\u5be9\u67e5\n\u5982\u679c\u4e0d\u652f\u6301\u4e2d\u570b\u4eba\uff0c\u4f8b\u5982\u9ec3\u4e4b\u92d2\n\u5c31\u6703\u88ab\u7db2\u8def\u653b\u64ca\n\n\u53f0\u7063\u73fe\u5728\u61c9\u8a72\u7b97\u88ab\u9999\u6e2f\u6b96\u6c11\u4e86\u5427\uff1f\n\n--\nSent From JPTT on My Nokia 3310 -\n\n--\n\u6279\u8a55\u4eba\u5e79\u561bXDDDD\n\u54c8\u54c8\u54c8\n\u4f60\u662f\u8aaa\u6279\u8a55\u4e2d\u570b\u4eba\u5e79\u561b\u55ce\uff1f\n\u53ef\u4ee5\u3002\u9019\u5f88\u82f1\u7c89\n\u203b \u7de8\u8f2f: A1bertPujols (111.71.17.172 \u81fa\u7063), 10/04/2019 13:21:53\nXDD \u633a\u53f0\u6d3e\u7576\u7136\u5e0c\u671b\u4e2d\u570b\u65b0\u805e\u6d88\u5931\n\u89aa\u5171\u6d3e\u6068\u4e0d\u5f97\u53f0\u7063\u7248\u9762\u90fd\u7d66\u4e2d\u570b\n\u65e9\u65e5\u5be6\u73fe\u7d71\u4e00\u5927\u5922\n\u82f1\u7c89\u8ddf\u7d71\u4e00\u6559\u6bcd\u5f9e\u4e0d\u8b93\u6211\u5931\u671b\n\u203b \u7de8\u8f2f: A1bertPujols (111.71.17.172 \u81fa\u7063), 10/04/2019 13:24:36\n\u65fa\u82f1\u7c89\u6068\u6b7b\u9019\u7bc7\u6587\u7ae0\u4e86\n\u203b \u7de8\u8f2f: A1bertPujols (111.71.17.172 \u81fa\u7063), 10/04/2019 13:28:38\n"}