{"ptt_id": "qazxc1156892", "post_url": "https://www.ptt.cc/bbs/Gossiping/M.1565242629.A.AE4.html", "post_type": "\u554f\u5366", "post_title": "\u6606\u51cc\u7684\u4ee3\u8868\u4f5c\u662f\u4ec0\u9ebc\uff1f", "post_time": "2019-08-08 13:37:07", "post_score": 51, "post_pushes": [{"type": 1, "id": "frommr", "content": ": \u5ac1\u8c6a\u8001\u516c"}, {"type": 1, "id": "liang691206", "content": ": \u4ee3\u8868\u4f5c\u5ac1\u7d66\u5468\u6770\u502b\u963f"}, {"type": 1, "id": "hijkxyzuw", "content": ": \u5468\u5c0f\u502b"}, {"type": 0, "id": "SydLrio", "content": ": \u5468\u592a\u592a"}, {"type": 0, "id": "VVizZ", "content": ": \u5ac1\u7d66\u5468\u59ca\u502b"}, {"type": 1, "id": "dustree", "content": ": \u5ac1\u5c0d\u8001\u516c\u5c31\u662f\u4ee3\u8868\u4f5c"}, {"type": 1, "id": "g8330330", "content": ": \u5ac1\u7d66\u5468\u8463"}, {"type": 1, "id": "Dinenger", "content": ": \u5a36\u5468\u6770\u502b\u554a\u4e0d\u7136\u52d2"}, {"type": 0, "id": "Tchachavsky", "content": ": \u8001\u516c \u4e00\u8f29\u5b50\u82b1\u4e0d\u5b8c\u7684\u9322"}, {"type": 0, "id": "B6star", "content": ": \u8ddf\u5468\u8463\u7d50\u5a5a"}, {"type": 0, "id": "kaodio", "content": ": \u5468\u8463"}, {"type": 0, "id": "Tchachavsky", "content": ": \u5ac1\u7d66\u5abd\u5bf6"}, {"type": 1, "id": "laihom0808", "content": ": \u5c4c\u6253\u4faf\u4f69\u5c91"}, {"type": 1, "id": "jimli", "content": ": \u5468\u592a\u592a \u9019\u662f\u5979\u4e00\u751f\u6700\u5927\u6210\u5c31"}, {"type": 1, "id": "Iakane", "content": ": \u6469\u5929\u5927\u6a13\u9084\u4e0d\u932f\u5566"}, {"type": 0, "id": "lohaloha", "content": ": \u5468\u592a\u592a"}, {"type": -1, "id": "bdbpzcatqpq", "content": ": \u5ac1\u5c0d\u4eba"}, {"type": 1, "id": "asdf70044", "content": ": \u5ac1\u5c0d\u90ce"}, {"type": 0, "id": "VVizZ", "content": ": \u4ed6\u53ef\u4ee5\u5e6b\u5468\u751f\u6f02\u4eae\u7684\u5916\u570b\u6df7\u8840\u81c9"}, {"type": 1, "id": "deltarobot", "content": ": \u5979\u8001\u516c"}, {"type": 0, "id": "VVizZ", "content": ": \u9019\u9ede\u8521\u4f9d\u6797\u8ddf\u4faf\u4f69\u5c91\u90fd\u505a\u4e0d\u5230"}, {"type": -1, "id": "ivorysoap", "content": ": M\u5b57"}, {"type": 0, "id": "hunt5566", "content": ": \u6469\u5929\u5927\u6a13\u554a"}, {"type": 0, "id": "netio", "content": ": \u5468\u592a"}, {"type": 1, "id": "CrestiaBell", "content": ": \u5ac1\u7d66\u5468\u6770\u502b"}, {"type": 1, "id": "XISM", "content": ": \u5225\u518d\u9760\u53f0\u5357\u4e86"}, {"type": -1, "id": "tearness", "content": ": \u7b49\u5c0f\u5b69\u9577\u5927\u518d\u4f86\u8aaa\u6709\u6c92\u6d17\u6210\u529f\u5427"}, {"type": 0, "id": "onionsteven", "content": ": \u4e16\u7d00\u5a5a\u79ae\u61c9\u8a72\u7b97"}, {"type": 1, "id": "VVizZ", "content": ": \u5c0f\u5b69\u5b50\u73fe\u5728\u5c31\u883b\u53ef\u611b\u4e86 \u982d\u9aee\u984f\u8272\u5f88\u6dfa"}, {"type": 1, "id": "oops66", "content": ": \u5468\u8463\u7684\u5152\u5b50\u5427"}, {"type": 0, "id": "kinmengon", "content": ": \u8ddf\u6709\u9322\u8001\u516c\u751f\u4e0b\u7684\u7d50\u6676"}, {"type": 0, "id": "VVizZ", "content": ": \u61c9\u8a72\u7b97\u6210\u529f\u5427 \u7562\u7adf\u8001\u7238\u57fa\u6e96\u503c\u9019\u9ebc\u4f4e.."}, {"type": 0, "id": "danorken", "content": ": \u5468\u8463"}, {"type": 0, "id": "VVizZ", "content": ": \u7576\u5e74\u51fa\u9053\u7684\u6642\u5019\u9084\u88ab\u9109\u6c11\u8ddf\u5eb7\u5eb7\u76f8\u63d0\u4e26\u8ad6\u7684"}, {"type": 1, "id": "euruing", "content": ": \u7d50\u5a5a\u5178\u79ae"}, {"type": 0, "id": "cattgirl", "content": ": \u8001\u516c\u51fa\u9322"}, {"type": 1, "id": "allure1", "content": ": \u5468\u6770\u502b\u7684\u5152\u5b50"}, {"type": 1, "id": "minami77", "content": ": \u751f\u4e00\u5c0d\u5152\u5973"}, {"type": 1, "id": "andrewyllee", "content": ": \u9ed1\u6f80\u6703\u6700\u9ad8\u6210\u5c31"}, {"type": 1, "id": "JackaLMeI", "content": ": \u6770\u51fa\u7684\u4e00\u624b"}, {"type": 0, "id": "LanPha", "content": ": \u5c4c"}, {"type": 1, "id": "dyrhue1126", "content": ": \u672c\u4eba\u61c9\u8a72\u4e5f\u4e0d\u932f\u5427 \u4e0d\u7136\u5468\u600e\u9ebc\u6703\u770b\u4e0a"}, {"type": 1, "id": "blacktea5566", "content": ": \u5468\u592a\u592a"}, {"type": 1, "id": "kndleo", "content": ": \u8001\u516c\u79bf\u982d"}, {"type": 1, "id": "uglyfinger", "content": ": \u5468\u8463\u5152\u5b50"}, {"type": 1, "id": "lice0225", "content": ": \u5c0f\u5c0f\u5468"}, {"type": 1, "id": "globe1022", "content": ": \u96de\u72ac\u5347\u5929"}, {"type": 1, "id": "grimmd59570", "content": ": \u5ac1\u7d66\u5468\u6770\u502b"}, {"type": 1, "id": "NKAC", "content": ": \u6703\u7d50\u5a5a\u4e5f\u662f\u5468\u5abd\u5abd\u8a8d\u8b49\u597d\u5ab3\u5a66\uff0c\u6c92\u4ec0\u9ebc\u597d\u6311\u5254"}, {"type": 1, "id": "Lumbereddy", "content": ": \u5468\u61c2"}, {"type": 1, "id": "MEVIUS", "content": ": \u5ac1\u7d66\u6709\u9322\u79bf\u982d"}, {"type": 0, "id": "Hohenzollern", "content": ": \u88ab\u5468\u6770\u502b\u4e2d\u51fa"}, {"type": 0, "id": "patric1414", "content": ": \u5468\u592a\u592a"}, {"type": 1, "id": "coffee112", "content": ": \u7ca5\u592a\u592a"}, {"type": 0, "id": "tetsu2008", "content": ": \u5ac1\u5c0d\u4eba"}, {"type": 0, "id": "poisson1024", "content": ": \u5ac1\u7d66\u5927\u9678\u4eba"}, {"type": 1, "id": "viable", "content": ": \u97d3\u570b\u553e\u68c4\u65e5\u672c"}, {"type": 1, "id": "Moratti", "content": ": \u5468\u6770\u502b\u7684\u5973\u53cb \u5468\u6770\u502b\u7684\u592a\u592a"}, {"type": 0, "id": "nmchen", "content": ": \u5468\u592a\u592a \u4e0d\u7136\u310b"}, {"type": 1, "id": "protoss666", "content": ": \u88ab \u5e79\u751a\u9ebc\u6771\u897f"}, {"type": 1, "id": "s871413", "content": ": \u5a5a\u79ae"}, {"type": 1, "id": "chaobii", "content": ": \u6f14\u4e86\u6469\u5929\u5927\u6a13"}, {"type": 1, "id": "mudee", "content": ": \u5ac1\u7d66\u5468\u6770\u502b"}, {"type": 0, "id": "wwvvkai", "content": ": \u5468\u592a\u592a"}, {"type": 0, "id": "mudee", "content": ": \u800c\u4e14\u5468\u5abd\u5abd\u6eff\u610f  \u53cd\u89c0"}, {"type": 0, "id": "mudee", "content": ": \u5ac1\u5c0d\u8001\u516c  \u52dd\u904e\u4e8b\u696d\u6210\u529f\u7684\u55ae\u8eab\u5973\u5f37\u4eba"}, {"type": 1, "id": "drmartens", "content": ": \u96d6\u7136\u5ac1\u5468\u8463\u6649\u5347\u8cb4\u5a66 \u4f46\u611f\u89ba\u5f97\u51fa\u4f86 \u6bd4\u8d77"}, {"type": 0, "id": "drmartens", "content": ": \u4e00\u5806\u53f0\u5973\u85dd\u4eba \u5979\u662f\u500b\u5f88\u597d\u7684\u5973\u751f"}, {"type": 1, "id": "cheetahspeed", "content": ": \u5973\u6015\u5ac1\u932f\u90ce\u7684\u5178\u7bc4"}, {"type": 1, "id": "gunfighter", "content": ": \u88ab\u5468\u6770\u502b\u4e2d\u51fa"}, {"type": 0, "id": "GGINDOWBOW", "content": ": \u7d66\u5468\u8463\u5167\u5c04 \u98ef\u7968get"}, {"type": 0, "id": "mury1414", "content": ": \u5ac1\u7d66\u5468\u6770\u502b"}, {"type": 0, "id": "seand8088503", "content": ": \u7d50\u5a5a"}, {"type": 0, "id": "martinshih", "content": ": \u5ac1\u7d66\u5468\u6770\u502b"}, {"type": 1, "id": "asdxxg5", "content": ": \u6211\u611b\u9ed1\u6f80\u6703"}, {"type": 0, "id": "bightv19018", "content": ": \u5ac1\u7d66\u5468\u6770\u502b"}, {"type": 0, "id": "st90941", "content": ": \u5ac1\u5c0d\u4eba\u554a"}, {"type": 1, "id": "josLynYa", "content": ": \u5ac1\u7d66\u5468\u6770\u502b"}, {"type": 0, "id": "lucdiane", "content": ": \u5ac1\u7d66\u5468\u6770\u502b"}, {"type": 0, "id": "josLynYa", "content": ": \u4e0d\u7136\u61c9\u8a724\u845b\u5c0f\u6a21/\u7db2\u7d05/\u76f4\u64ad\u4e3b"}, {"type": 1, "id": "yeay", "content": ": \u4ee3\u8868\u4f5c\u8ddf\u5433\u4f69\u6148\u5dee\u4e0d\u591a"}, {"type": 1, "id": "funster", "content": ": \u5468\u5abd\u5abd\u8a8d\u53ef\u7684\u61c9\u8a72\u6bd4\u4f60\u60f3\u7684\u6709\u6599"}, {"type": 1, "id": "fix78", "content": ": \u5ac1\u5c0d\u4eba"}, {"type": 0, "id": "Heiken", "content": ": \u5ac1\u5c0d\u4eba"}, {"type": 1, "id": "k33536", "content": ": \u4fdd\u96aa\u5957\u6233\u6d1e"}, {"type": 1, "id": "lwrwang", "content": ": \u81c9\u90e8\u5347\u7d1a"}, {"type": -1, "id": "genovis", "content": ": \u4e0a\u9019\u7a2e\u7bc0\u76ee\u7684\u6709\u597d\u7684\uff1f"}, {"type": 0, "id": "UooU5566", "content": ": \u5ac1\u5c0d\u4eba"}, {"type": 0, "id": "akumo", "content": ": \u5e72\u6211\u5c41\u4e8b"}, {"type": 1, "id": "paulsama", "content": ": \u5468\u8463\u7684\u8001\u5a46"}, {"type": 1, "id": "Ghostchaos", "content": ": \u7d50\u5a5a\u5178\u79ae"}, {"type": 0, "id": "Liwjim", "content": ": \u7576\u7136\u662f\u5ac1\u8001\u516c"}, {"type": 1, "id": "andycat5566", "content": ": \u5468\u6770\u502b\u773c\u5149\u771f\u7684\u5f88\u597d"}, {"type": 1, "id": "oberonz", "content": ": \u6770\u502b\u6211\u8166\u516c"}, {"type": 1, "id": "jolynn403", "content": ": \u5ac1\u5468\u5427\uff1f\u8981\u4e0d\u662f\u9019\u6a23\u5979\u6703\u6709\u540d\uff1f"}, {"type": 1, "id": "bluerinoa", "content": ": \u8001\u516c\u554a\uff01"}, {"type": 1, "id": "shorty696820", "content": ": \u5468\u592a\u592a"}, {"type": 1, "id": "bcdef", "content": ": \u627e\u5c0d\u8001\u516c"}, {"type": 0, "id": "shooter555", "content": ": \u5c31\u5468\u59bb \u6c92\u5225\u7684"}], "post_ip": "223.136.100.66", "post_content": "\n\u6606\u51cc\uff08\u82f1\u8a9e\uff1aHannah Quinlivan\uff0c1993\n\n\u5e748\u670812\u65e5\uff0d\uff09\uff0c\u4e2d\u97d3\u6fb3\u6df7\u8840\u5152\uff0c\u53f0\u7063\n\n\u5973\u85dd\u4eba\uff0c\u66fe\u70baChannel V\u300a\u6211\u611b\u9ed1\u6f80\n\n\u6703\u300b\u53ca\u300a\u7f8e\u5c11\u5973\u6642\u4ee3\u300b\u7bc0\u76ee\u56fa\u5b9a\u73ed\u5e95\u3002\n\n\u6709\u6c92\u6709\u9019\u65b9\u9762\u7684\u516b\u5366\uff1f\n\n--\n"}