{"ptt_id": "vonKAI", "post_url": "https://www.ptt.cc/bbs/Gossiping/M.1566109431.A.A5D.html", "post_type": "\u554f\u5366", "post_title": "\u8eca\u724c\u662fATM\u958b\u982d\u7684\u8eca\u4e3b\u5fc3\u60c5\u5982\u4f55", "post_time": "2019-08-18 14:23:49", "post_score": 13, "post_pushes": [{"type": 1, "id": "linshuhui", "content": ": \u4eba\u751fATM"}, {"type": 1, "id": "e34l892", "content": ": \u4e0d\u7ba1\u600e\u6a23\u90fd\u6703\u88ab\u6e2c\u901f\u62cd"}, {"type": 0, "id": "bestguy", "content": ": \u6211\u7684\u8eca\u724c\u662fBBS..."}, {"type": 1, "id": "p72910", "content": ": \u6211\u7684\u8eca\u724cAKB"}, {"type": 0, "id": "Workforme", "content": ": \u6c92\u770b\u904e \u4e0d\u904e\u611f\u89ba\u6eff\u597d\u73a9\u7684"}, {"type": 1, "id": "jason0330", "content": ": RAT\u90fd\u662f\u8001\u9f20"}, {"type": 0, "id": "jason0330", "content": ": \u6211\u8a18\u5f97ATM\u662f2017\u5e74\u5e95\u53f0\u5317\u5e02\u767c\u7684\u724c"}, {"type": -1, "id": "tallpenguin", "content": ": \u6709\u8da3\u55ce"}, {"type": 1, "id": "hank7202", "content": ": ATM-8888\u9019\u500b\u8eca\u724c\u597d\u50cf80\u5e7e\u842c"}, {"type": 0, "id": "bogui", "content": ": \u6211\u7684\u8eca\u662fptt"}, {"type": 1, "id": "pohy960", "content": ": ASS TO MOUTH"}, {"type": 0, "id": "sl11pman", "content": ": TMD\u8eca\u4e3b\u4f60\u600e\u9ebc\u770b"}, {"type": 1, "id": "cuteyy", "content": ": \u5e7e\u500b\u670b\u53cb\u6709\uff0c\u90fd\u662f\u9322\u838a\u3001\u535a\u5f08\u985e\u7684\u7522\u696d"}, {"type": 1, "id": "a09619508", "content": ": \u524d\u9663\u5b50\u6d41\u884cAmg \u8ddfbnw"}, {"type": 0, "id": "soleaching", "content": ": BMW\u958b\u982d\u7684\u8eca\u724c"}, {"type": 0, "id": "amethystboy", "content": ": \u6211\u8eca\u865f\u662f0887"}, {"type": 1, "id": "LOVEWS", "content": ": ATM-150"}, {"type": 1, "id": "TellthEtRee", "content": ": \u9084\u6709RIP\u7684"}, {"type": 1, "id": "jlo67", "content": ": \u6211\u8eca\u724cATW\"\u611b\u53f0\u7063\"\u6211\u9a55\u50b2"}, {"type": 1, "id": "demodemo", "content": ": ASS \u8eca\u4e3b\u8868\u793a"}, {"type": 1, "id": "Fidi", "content": ": TKS9527"}, {"type": 1, "id": "Moneygerm", "content": ": \u99ac\u7af6\u7403\u8ff7\u311a"}], "post_ip": "111.248.148.21", "post_content": "\n\u5982\u984c\n\n\u6700\u8fd1\u5728\u8def\u4e0a\u770b\u5230\u4e0d\u5c11ATM\u958b\u982d\u7684\u8eca\u724c\n\n\u6709\u4e00\u7a2e\u8aaa\u4e0d\u51fa\u4f86\u7684\u9055\u548c\u611f\n\n\u597d\u50cf\u5728\u54ea\u88e1\u770b\u904e\uff32\n\n\u6709\u6c92\u6709\u8eca\u724c\u958b\u982d\u662f ATM \u7684\u8eca\u4e3b\u5fc3\u60c5\u5982\u4f55\u7684\u516b\u5366\uff1f\n\u203b \u516b\u5366\u677f\u52d9\u8acb\u5230 GossipPicket \u6aa2\u8209\u677f\u8a62\u554f\n\u203b a.\u5f35\u8cbc\u554f\u5366\u8acb\u6ce8\u610f\uff0c\u5145\u5be6\u6587\u7ae0\u5167\u5bb9\u3001\u662f\u5426\u6709\u5c08\u677f\uff0c\u672c\u677f\u4e26\u975e\u842c\u80fd\u554f\u677f\u3002\n\u203b b.\u4e00\u5929\u53ea\u80fd\u5f35\u8cbc \"\u5169\u5247\" \u554f\u5366\uff0c\u81ea\u522a\u53ca\u88ab\u522a\u4e5f\u7b97\u5169\u7bc7\u4e4b\u5167\uff0c\n\u203b   \u8d85\u8cbc\u8005\u5c07\u88ab\u6c34\u6876\uff0c\u8acb\u6ce8\u610f!\n\u203b c.\u672c\u770b\u677f\u56b4\u683c\u7981\u6b62\u653f\u6cbb\u554f\u5366\uff0c\u767c\u6587\u554f\u5366\u524d\u8acb\u5148\u4ed4\u7d30\u95b1\u8b80\u76f8\u95dc\u677f\u898f\u3002\n\u203b d.\u672a\u6eff30\u7e41\u9ad4\u4e2d\u6587\u5b57\u6c34\u68763\u500b\u6708\uff0c\u56b4\u91cd\u8005\u4ee5\u9b27\u677f\u8ad6\uff0c\u8acb\u6ce8\u610f\uff01\n\u203b (\u2191\u770b\u5b8c\u63d0\u9192\u8acb\u522a\u9664ctrl + y)\n\n--\n"}