{"ptt_id": "plutox", "post_url": "https://www.ptt.cc/bbs/Gossiping/M.1569231547.A.102.html", "post_type": "\u554f\u5366", "post_title": "\u65b9\u82ae\u6b23\u662f\u4e0d\u662f\u6aa2\u8209\u9054\u4eba\uff1f", "post_time": "2019-09-23 17:39:05", "post_score": 3, "post_pushes": [{"type": 0, "id": "VVizZ", "content": ": \u5976\u5927\u55ce"}, {"type": 1, "id": "tom501062003", "content": ": \u7206\u96f7\u5594 \u92fc\u9435\u4eba\u6b7b\u4e86"}, {"type": 0, "id": "mikemagic88", "content": ": \u65b9\u540c\u5b78 \u570b\u5bb6\u6703\u611f\u8b1d\u4f60\u7684"}, {"type": -1, "id": "momoispig", "content": ": \u6839\u672c\u6aa2\u8209\u738b"}, {"type": -1, "id": "momocom", "content": ": \u96f7\u5c41\u554a\uff0c\u6211\u624d\u73a9\u5230\u7fe0\u83ef\u4e2d\u5b78\u98b1\u98a8"}, {"type": 1, "id": "yoyodio", "content": ": \u5976\u4e0d\u5927\uff0c\u4f46\u662f\u5f88\u53ef\u611b"}, {"type": 0, "id": "felixr0123", "content": ": \u65b9\u540c\u5b78 \u570b\u2026\u570b\u5bb6\u6a5f\u5668\u52d5\u2026\u52d5\u5f97\u597d\u5feb\uff01"}, {"type": 1, "id": "heureuxseed", "content": ": \u8981\u662f\u904e\u666e\u901a\u751f\u6d3b\u5230\u73fe\u5728\u6703\u8b8a\u6210\u97d3\u7c89\u55ce"}, {"type": 1, "id": "soria", "content": ": \u61c9\u8a72\u662f\u5148\u8b8a\u6210\u99ac\u7c89"}, {"type": 0, "id": "akway", "content": ": \u6aa2\u8209\u59ec\u5427"}, {"type": 0, "id": "akumo", "content": ": \u95dc\u4f60\u5c41\u4e8b"}, {"type": 1, "id": "tending", "content": ": \u770b\u96fb\u5f71\u611f\u89ba\u65b9\u82ae\u6b23\u96b1\u4e73"}], "post_ip": "114.136.193.5", "post_content": "\n\u90a3\u500b\uff0c\n\u6211\u4e00\u76f4\u4e0d\u80fd\u7406\u89e3\uff0c\n\u65b9\u82ae\u6b23\u660e\u660e\u4e5f\u6c92\u505a\u932f\u4ec0\u9ebc\uff0c\n\u70ba\u4ec0\u9ebc\u8981\u906d\u53d7\u5be9\u5224\u8036\uff1f\n\n\u53cd\u5012\u662f\u5f35\u8001\u5e2b\uff0c\n\u641e\u81ea\u5df1\u7684\u8f14\u5c0e\u5973\u5b78\u751f\uff0c\n\u53c8\u5e36\u982d\u9055\u6cd5\u9818\u8457\u5b78\u751f\u770b\u7981\u66f8\uff0c\n\u4e0d\u662f\u66f4\u52a0\u7684\u53ef\u60e1\u55ce\uff1f\n\n\u662f\u4e0d\u662f\u56e0\u70ba\u65b9\u82ae\u6b23\u662f\u6aa2\u8209\u9054\u4eba\uff0c\n\u6240\u4ee5\u624d\u88ab\u8feb\u63a5\u53d7\u5be9\u5224\u5440\uff1f\n\u5176\u5be6\u5979\u4e5f\u6c92\u505a\u932f\u4ec0\u9ebc\u5427\uff0c\n\u9670\u66f9\u5730\u5e9c\u4e0d\u9700\u8981\u6839\u64da\u967d\u9593\u7684\u6cd5\u5f8b\uff0c\n\u4f86\u5c0d\u4eba\u505a\u51fa\u5408\u7406\u7684\u8a55\u65b7\u55ce\uff1f\n\u6aa2\u8209\u7981\u66f8\u5728\u7576\u6642\u65bc\u6cd5\u5c31\u6c92\u932f\u5440\uff0c\n\u9670\u66f9\u5730\u5e9c\u4e0d\u723d\uff0c\n\u70ba\u4ec0\u9ebc\u4e0d\u76f4\u63a5\u4f7f\u7528\u5929\u96f7\u5492\u628a\u771f\u6b63\u7684\u58de\u4eba\u5288\u6b7b\uff1f\n\u537b\u8981\u6b3a\u8ca0\u53ef\u6190\u7684\u5973\u5b78\u751f\uff1f\n\u6709\u8ab0\u53ef\u4ee5\u4f86\u8ddf\u6211\u8aaa\u8aaa\u55ce\uff1f\n\n\n--\n\u61c9\u8a72\u4e0d\u5920\u5927\uff0c\u5f35\u8001\u5e2b\u624d\u4e0d\u611b\n\u203b \u7de8\u8f2f: plutox (114.136.193.5 \u81fa\u7063), 09/23/2019 17:40:31\n"}