{"ptt_id": "joe10337", "post_url": "https://www.ptt.cc/bbs/Gossiping/M.1569990117.A.79D.html", "post_type": "\u554f\u5366", "post_title": "\u53f0\u7063\u4eba\u5e79\u561b\u5728\u610f\u6e2f\u4ed4\u7684\u751f\u547d\u5b89\u5168\uff1f", "post_time": "2019-10-02 12:21:53", "post_score": 0, "post_pushes": [{"type": 0, "id": "james732", "content": ": \u6295\u7d66\u8214\u5171\u9ee8\u7c3d\u4e00\u570b\u5169\u5236\u53f0\u7063\u5c31\u6703\u8b8a\u90a3\u6a23\u5b50"}, {"type": 1, "id": "allgamba", "content": ": \u5c0f\u82f1\u7e3d\u7d71\u90fd\u8aaa\u95dc\u5fc3\u4e86          \u4f46\u4e0d\u4ecb\u5165"}, {"type": 0, "id": "ststLiang", "content": ": \u7f8e\u570b\u4eba\u5e79\u561b\u5728\u610f\u53f0\u7063\u4eba\u6703\u4e0d\u6703\u88ab\u8001\u5171\u5e79"}, {"type": 0, "id": "ststLiang", "content": ": \u6389\uff1f"}, {"type": 1, "id": "jab", "content": ": \u628a\u4e00\u500b\u5730\u65b9\u7684\u4eba\u7e3d\u6b78\u4e00\u7a2e\u610f\u8b58\u578b\u614b"}, {"type": 1, "id": "headcase", "content": ": \u4e4b\u524d\u5c31\u8aaa\u9ec3\u4e4b\u92d2 \u7d50\u679c\u88ab\u67ef\u7c89\u570d\u527f\u8aaa\u6211\u62b9\u7d05"}, {"type": -1, "id": "youngglasses", "content": ": \u4f60\u5230\u5e95\u662f\u54ea\u4f86\u7684xx? \u982d\u6bbc\u88dd\u4ec0\u9ebc"}, {"type": 0, "id": "jab", "content": ": \u9019\u4e0d\u662f\u4e8c\u5206\u6cd5 \u5c31\u662f\u4e94\u6bdb\u624b\u6cd5"}, {"type": 1, "id": "dp44", "content": ": \u4f60\u50bb\u50bb\u7684 \u9999\u6e2f\u8d8a\u4e82 \u4e2d\u5171\u8d8a\u982d\u75db"}, {"type": -1, "id": "godnnn", "content": ": \u9664\u4e86\u6563\u767c\u4ec7\u6068\u9084\u80fd\u5e79\u561b\uff1f"}, {"type": -1, "id": "sky568127", "content": ": \u672a\u96e8\u7da2\u7e46 \u61c2\uff1f"}, {"type": 1, "id": "ht91008", "content": ": \u5927\u5bb6\u4ee5\u5f8c\u5514\u597d\u776c\u4f62\u5730\u54aa\u5f97\u56c9"}, {"type": -1, "id": "popopal", "content": ": \u7d14\u6e2f\u6c11\u5927\u6982\u5168\u4e16\u754c\u90fd\u53ef\u62ff\u9ec3\u91d1\u8b77\u7167XD"}, {"type": 1, "id": "Friend5566", "content": ": \u9078\u8209\u5230\u4e86 \u8b93\u89ba\u9752\u6d88\u8cbb\u4e00\u4e0b\u561b"}, {"type": 0, "id": "popopal", "content": ": \u52a0\u82f1\u7f8e\u61c9\u8a72\u6c92\u554f\u984c \u4f46\u9078\u53f0\u7063\u4e5f\u4e0d\u932f"}, {"type": 0, "id": "dp44", "content": ": \u66f4\u4f55\u6cc1 \u633a\u4eba\u6b0a \u53cd\u4e2d\u5171 \u9019\u4e0d\u662f\u7406\u6240\u7576\u7136\u55ce"}, {"type": -1, "id": "whathefuc", "content": ": \u7576\u4f60\u662f\u73ed\u4e0a\u88ab\u9738\u51cc\u7b2c\u4e8c\u9806\u4f4d\uff0c\u4f60\u4e00\u5b9a\u6703\u5728"}, {"type": 0, "id": "whathefuc", "content": ": \u4e4e\u7b2c\u4e00\u9806\u4f4d\u662f\u4e0d\u662f\u9084\u6d3b\u8457"}, {"type": 0, "id": "monitor", "content": ": \u4e0d\u7d66\u5e72\u6d89\u5c31\u662f\u627f\u8a8d\u53f0\u7368\u5427"}, {"type": 0, "id": "elainakuo", "content": ": \u4f60\u4e0d\u95dc\u5fc3\u5225\u4eba \u6700\u5f8c\u8a72\u6b7b\u4e86 \u4e0d\u8981\u558a\u6551\u547d"}, {"type": -1, "id": "chawer", "content": ": \u4eca\u65e5\u9999\u6e2f\u660e\u65e5\u53f0\u7063"}, {"type": 0, "id": "otsuka123", "content": ": \u9999\u6e2f\u65e9\u5c31\u662f\u4e2d\u570b\u4e00\u90e8\u5206 \u6c92\u7406\u7531\u4ecb\u5165"}, {"type": 1, "id": "dp44", "content": ": \u73fe\u5728\u4e0d\u662f\u9999\u6e2f\u4e3b\u6b0a\u554f\u984c  \u800c\u662f\u4eba\u6b0a\u4e86"}, {"type": -1, "id": "sunnybody907", "content": ": \u723d\u554a\u652f\u90a3\u8d8a\u4e82\u6211\u8d8a\u633a"}, {"type": -1, "id": "artning", "content": ": \u9999\u6e2f\u4eba\u60f3\u8981\u771f\u666e\u9078\uff0c\u9019\u662f\u4ed6\u5011\u6b0a\u5229\uff0c\u6211\u5011\u662f"}, {"type": 0, "id": "artning", "content": ": \u652f\u6301\u6c11\u4e3b"}, {"type": 0, "id": "bourne5566", "content": ": \u9999\u6e2f\u4ed4\u771f\u7684414 \u4e0d\u8981\u4f86\u53f0\u7063\u7092\u623f\u5587\u6de6"}, {"type": 0, "id": "ct412133", "content": ": \u7248\u5927\u4f60\u932f\u4e86\uff0c\u771f\u4ee5\u70ba\u4ed6\u5011\u5728\u610f\u55ce"}, {"type": 0, "id": "ct412133", "content": ": \u4ed6\u5011\u53ea\u6015\u9999\u6e2f\u4e0d\u5920\u4e82"}, {"type": 1, "id": "mynewid", "content": ": \u81ed\u6e2f\u4ed4\u6c92\u79ae\u8c8c\u5168\u90e8\u88ab\u6253\u6b7b\u6700\u597d"}, {"type": 0, "id": "aqsss", "content": ": \u540c\u6587\u540c\u7a2e\u963f  \u4eca\u65e5\u9999\u6e2f\u660e\u65e5\u53f0\u7063"}, {"type": 0, "id": "Jokerzz", "content": ": \u5ee2\u7269\u6e2f\u4ed4\u81ea\u5df1\u8981\u8972\u8b66 \u88ab\u7206\u6253\u525b\u597d\u62c9!"}], "post_ip": "114.137.176.6", "post_content": "\n\u8aaa\u8001\u5be6\u8a71\n\n\u6211\u5de6\u770b\u53f3\u770b\uff0c\u9999\u6e2f\u90fd\u662f\u4e2d\u5171\u7684\u4e00\u90e8\u5206\n\n\u4e5f\u5c31\u662f\u8aaa\u9999\u6e2f\u4eba\u660e\u660e\u5c31\u662f\u652f\u90a3\u4eba\u7684\u4e00\u7a2e\n\n\u73fe\u5728\u53ea\u662f\u4e2d\u5171\u652f\u90a3\u4eba\u8ddf\u9999\u6e2f\u652f\u90a3\u4eba\u4e4b\u9593\u7684\u6230\u722d\n\n\u8eab\u70ba\u53f0\u7063\u4eba\uff0c\u53ea\u8981\u95dc\u5fc3\u9001\u4e2d\u689d\u4f8b\u6703\u5371\u5bb3\u5230\u53f0\u7063\u4eba\u7684\u6b0a\u76ca\u5c31\u597d\u4e86\u5427\uff1f\n\n\u65e2\u7136\u9001\u4e2d\u689d\u4f8b\u80ce\u6b7b\u8179\u4e2d\uff0c\u53f0\u7063\u4eba\u9084\u90a3\u9ebc\u71b1\u60c5\u53c3\u8207\u4eba\u5bb6\u7684\u6230\u722d\u5e79\u561b= =\n\n\u800c\u9019\u4e9b\u6297\u722d\u7684\u4eba\u770b\u4f86\u4e5f\u5f88\u8a8d\u540c\u81ea\u5df1\u662f\u4e2d\u570b\u4eba\u554a\n\n\u9023\u9ec3\u4e4b\u92d2\u90fd\u8aaa\u4ed6\u4e0d\u662f\u6e2f\u7368...\n\n\u90a3\u5230\u5e95\u53f0\u7063\u4eba\u53bb\u5e72\u6d89\u4ed6\u570b\u4e8b\u52d9\u5e79\u561b\uff1f\n\n\u4e2d\u6771\u6216\u975e\u6d32\u7576\u5730\u8ecd\u95a5\u6216\u6050\u6016\u7d44\u7e54\u5c60\u6bba\u7576\u5730\u4eba\uff0c\u53f0\u7063\u4eba\u4e5f\u6c92\u7279\u5225\u5728\u610f\u554a...\n\n\u9019\u4e9b\u6e2f\u652f\u6700\u53ef\u7b11\u7684\u5730\u65b9\u5c31\u662f\uff0c\u6253\u4e0d\u904e\u4e2d\u5171\u652f\u9084\u60f3\u9003\u4f86\u53f0\u7063\u5b9a\u5c45...\n\n\u6211\u53ea\u80fd\u8aaa\u53ef\u4ee5\u62dc\u8a17\u6e2f\u652f\u5225\u4f86\u7092\u623f\u50f9\u55ce\uff1f\n\n\u771f\u7684\u6709\u672c\u4e8b\u5feb\u79fb\u53bb\u82f1\u570b\u554a...\n\n\u53f0\u7063\u9019\u5ea7\u5c0f\u5edf\u771f\u7684\u5bb9\u4e0d\u4e0b\u4f60\u5011\u9019\u4e9b\u6e2f\u652f\u5927\u4f5b...\n\n\n\n\n\n--\n\u203b \u7de8\u8f2f: joe10337 (114.137.176.6 \u81fa\u7063), 10/02/2019 12:23:08\n\n\u9999\u6e2f\u4eba\u53c8\u6c92\u8ecd\u968a\uff0c\u6839\u672c\u5e6b\u4e0d\u4e0a\u53f0\u7063\n\n\u62b1\u7dca\u7f8e\u570b\u7238\u7238\u7684\u5927\u817f\u6bd4\u8f03\u5be6\u5728...\n\n\u7f8e\u570b\u4f60\u4e5f\u770b\u4e0d\u5230\u7f8e\u570b\u4eba\u641e\u5728\u53f0\u7063\u9019\u7a2e\u53cd\u4e2d\u633a\u6e2f\u7684\u904a\u884c\u554a...\n\n\u6240\u4ee5\u6211\u8aaa\u771f\u7684\u770b\u4e0d\u61c2\u90a3\u4e9b\u4e00\u982d\u71b1\u7684\u53f0\u7063\u4eba\u5728\u60f3\u5565...\n\n\u652f\u90a3\u4eba\u5c11\u4e00\u9ede\uff0c\u4e16\u754c\u66f4\u7f8e\u597d\u3002\n\u203b \u7de8\u8f2f: joe10337 (114.137.176.6 \u81fa\u7063), 10/02/2019 12:28:55\n"}