{"ptt_id": "yachungyu", "post_url": "https://www.ptt.cc/bbs/Gossiping/M.1563428055.A.754.html", "post_type": "\u554f\u5366", "post_title": "\u8349\u4eba\u63d2\u91dd\u7684\u516b\u5366\uff1f", "post_time": "2019-07-18 13:34:12", "post_score": 4, "post_pushes": [{"type": 0, "id": "sbflight", "content": ": https://i.imgur.com/pJywcbQ.jpg"}, {"type": 0, "id": "preisner", "content": ": \u4e94\u6a13\u90fd\u88ab\u63d2\u809b\u9580"}, {"type": 0, "id": "sunkiss5566", "content": ": \u54ea\u90e8"}, {"type": 1, "id": "kavengany", "content": ": \u4e0d\u662f\u4e0d\u5831 \u662f\u6642\u5019\u672a\u5230"}, {"type": 0, "id": "kavengany", "content": ": \u4e00\u6a13\u6050\u6016\u5716"}, {"type": 1, "id": "not5not6not7", "content": ": \u8001\u9df9\u547c\u53eb\u5c0f\u96de\u5566\u6eff\u8eca\u7684\u6885\u82b1\u5587"}, {"type": 1, "id": "rocf117", "content": ": \u6211\u5927\u7dad  \u5e2b\u516c\u90a3\u4e00\u639b\u7684  \u60a8\u662f?"}, {"type": 0, "id": "amu110327", "content": ": \u6797\u5317\u7d66\u4f60\u665a\u9ede\u540d\u5587\uff01"}, {"type": 1, "id": "yuanisme", "content": ": \u5225\u4eba\u7684\u5c0f\u5b69\u6b7b\u4e0d\u5b8c"}], "post_ip": "27.242.126.175", "post_content": "\n\n\u7576\u5175\u6642\u6709\u73ed\u9577\u592a\u6a5f\u63b0\n\n\u540c\u68af\u6709\u500b\u5e2b\u516c\u505a\u4e86\u73ed\u9577\u8349\u4eba\n\n\u63d2\u54ea\u88e1\u5c31\u50b7\u54ea\u88e1\n\n\u6709\u6c92\u6709\u5176\u4e2d\u516b\u5366\uff1f\n-----\nSent from JPTT on my iPhone\n\n--\n"}