{"ptt_id": "LukeSkywaker", "post_url": "https://www.ptt.cc/bbs/Gossiping/M.1564577190.A.91E.html", "post_type": "\u65b0\u805e", "post_title": "\u6642\u529b\u958b\u9358\u9ad8\u6f5e \u9055\u80cc\u5275\u9ee8\u50f9\u503c\u5373\u65e5\u8d77\u505c\u6b0a", "post_time": "2019-07-31 20:46:27", "post_score": 55, "post_pushes": [{"type": 0, "id": "MoWilliams", "content": ": \u6562\u554f  \u6642\u4ee3\u529b\u91cf\u7684\u5275\u9ee8\u50f9\u503c\u662f?"}, {"type": 1, "id": "snow3804", "content": ": \u53cd\u89c0"}, {"type": 0, "id": "cheetahspeed", "content": ": \u53ea\u597d\u52a0\u5165\u6ab3\u6994\u9ee8\u4e86"}, {"type": 1, "id": "badid", "content": ": \u53cd\u89c0\u5c0f\u7159"}, {"type": 1, "id": "tsairay", "content": ": \u51fa\u5e2d\u7d00\u5f8b\u59d4\u54e1\u6703\u7136\u5f8c\u8981\u7d00\u5f8b\u59d4\u54e1\u5168\u9ad4\u8ff4\u907f?"}, {"type": 1, "id": "tchialen", "content": ": +35%\u9084\u4e0d\u5920"}, {"type": 1, "id": "sbflight", "content": ": \u5275\u9ee8\u50f9\u503c\u5c31\u662f\u6211\u8981\u7576\u5c0f\u7da0 \u4e0b\u53bb\u56c9"}, {"type": 1, "id": "pokyhoyo", "content": ": \u53ea\u80fd\u554f\u554f\u975e\u51e1\u5b78\u9577 \u73fe\u5728\u53bb\u9084\u6709\u6c92\u6709\u7f3a\u4e86"}, {"type": 1, "id": "agonia", "content": ": \u52a0\u5165\u53f0\u6c11\u9ee8\u525b\u597d loser\u806f\u76df"}, {"type": 0, "id": "b891050402", "content": ": \u9ad8\uff1a\u807d\u8aaa\u6700\u8fd1\u6709\u7d44\u65b0\u9ee8"}, {"type": 0, "id": "lescholar", "content": ": \u6240\u4ee5\u9084\u662f\u8981\u9ee8\u4ee3\u8868\u5927\u6703\u901a\u904e\u5427\uff1f"}, {"type": 1, "id": "pda2001", "content": ": \u770b\u8d77\u4f86\u6c92\u9055\u6cd5\u4e5f\u4e0b\u5982\u6b64\u91cd\u624b...."}, {"type": 1, "id": "netio", "content": ": \u53cd\u89c0DPP\u4e0d\u958b\u9664\u5c0f\u83f8"}, {"type": 1, "id": "kaminari22tw", "content": ": \u53ea\u597d\u56de\u6b78\u5927\u7da0\u4e86  \u563b\u563b"}, {"type": 0, "id": "taikonkimo", "content": ": \u9019\u4f4d\u5be6\u5728\u592a\u722d\u8b70\u4e86 \u505a\u5f97\u597d"}, {"type": 1, "id": "bluestart26", "content": ": \u53cd\u89c0DPP\u653e\u4efb\u4e00\u5806\u5783\u573e"}, {"type": 0, "id": "taikonkimo", "content": ": \u6700\u53ad\u60e1\u4e00\u51fa\u4e8b\u5148\u558a\u81ea\u5df1\u539f\u4f4f\u6c11"}, {"type": 1, "id": "tanby", "content": ": \u53ef\u4ee5\u554f\u4e00\u4e0b\u6642\u529b\u7684\u5275\u9ee8\u50f9\u503c\u662f\u4ec0\u9ebc\u55ce"}, {"type": 0, "id": "ezorttc", "content": ": \u9084\u662f\u52a0\u5165\u570b\u6c11\u9ee8\u5427\uff0c\u7b26\u5408\u9ee8\u7684\u7cbe\u795e"}, {"type": 0, "id": "pda2001", "content": ": \u4e0b\u500b\u6703\u671f\u53ea\u52694\u500b\u7acb\u59d4\u4e86 \u4e0d\u5206\u5340\u6c92\u4eba\u88dc\u4e86"}, {"type": 1, "id": "KGarnett05", "content": ": \u8981\u52a0\u5165\u6ab3\u6994\u9ee8\u4e86"}, {"type": 1, "id": "duo0518", "content": ": \u7d00\u5f8b\u59d4\u54e1\u6703\u8acb\u4f60\u4f86\u9084\u8981\u8ff4\u907f?"}, {"type": 1, "id": "evaji548", "content": ": !!!"}, {"type": 1, "id": "canoism24", "content": ": \u6c34\u5594\u7d66\u63a8"}, {"type": 1, "id": "imhere", "content": ": \u6703\u4e0d\u6703\u9ee8\u4ee3\u8868\u5927\u6703\u660e\u5e74\u624d\u53ec\u958b\u5462"}, {"type": 1, "id": "HOME101", "content": ": \u4ed6\u5011\u6709\u5275\u9ee8\u50f9\u503c\uff1f"}, {"type": 1, "id": "just8811", "content": ": \u9084\u6709\u842c\u7528\u8a5e\uff1a\u6b67\u8996\u539f\u4f4f\u6c11"}, {"type": 0, "id": "pda2001", "content": ": \u9019\u7a2e\u6a19\u6e96\u6aa2\u9a57 \u52a0\u5165\u9078\u7684\u4e0d\u5206\u5340\u5927\u6982\u662f\u8056\u4eba"}, {"type": 1, "id": "wayne1120", "content": ": \u63a8"}, {"type": 0, "id": "nakayamayyt", "content": ": \u6709\u7a2e"}, {"type": 0, "id": "b777787", "content": ": \u539f\u4f4f\u6c11\u7684\u5566"}, {"type": 1, "id": "oops66", "content": ": \u525b\u597d\u52a0\u5165\u53f0\u9298\u9ee8"}, {"type": 0, "id": "pda2001", "content": ": \u975e\u5e38\u61f7\u7591\u9ec3\u570b\u660c\u771f\u7684\u7d44\u7684\u4e86\u6b63\u7fa9\u806f\u76df?"}, {"type": 0, "id": "iamthebest08", "content": ": \u624d\u505c\u3111\u3129\u3122"}, {"type": 1, "id": "kevin40294", "content": ": \u5e79\u5f97\u597d"}, {"type": 1, "id": "ysz0000", "content": ": \u8caa\u5a6a\u539f\u4f4f\u6c11 \u548c\u5ba2\u5bb6\u4e00\u6a23"}, {"type": 1, "id": "spirit119", "content": ": \u5168\u9ad4\u8ff4\u907f\u90a3\u9084\u958b\u500b\u5c41"}, {"type": 1, "id": "nodnod", "content": ": \u6f22\u4eba\u53c8\u5728\u8feb\u5bb3\u539f\u4f4f\u6c11\u4e86"}, {"type": 1, "id": "lynchen", "content": ": \u5f9e\u6b77\u53f2\u4f86\u770b\uff0c\u756a\u4ed4\u5c31\u662f\u7121\u6065"}, {"type": 1, "id": "eogjds", "content": ": \u63a8"}, {"type": 0, "id": "scum5566", "content": ": \u9019\u500b\u9ee8\u9084\u662f\u50f9\u503c??\u7b11\u6b7b \u5c0f\u7da0\u7da0\u9ee8"}, {"type": 0, "id": "timppt222", "content": ": \u63a8"}, {"type": 1, "id": "neo5277", "content": ": \u9322\u90fd\u6536\u5230"}, {"type": 0, "id": "qk3380888", "content": ": \u53cd\u89c0\u9152\u99d5\u767c\u8a00\u4eba"}, {"type": 0, "id": "seazure2016", "content": ": 8888888"}, {"type": 1, "id": "truffaut", "content": ": \u52a0\u5165\u8523\u6e2d\u6c342.0 \u6240\u4ee5\u6253\u79c1\u83f8\u8b93\u82f1\u6c11\u8abf\u6389"}, {"type": 1, "id": "jenchieh5", "content": ": \u53cd\u6b63\u9019\u500b\u9ee8\u5927\u6982\u5feb\u4e0d\u898b\u4e86"}, {"type": 0, "id": "truffaut", "content": ": \u5206\u5d29\u96e2\u6790 \u6709\u7684\u52a0\u5165\u7da0"}, {"type": 0, "id": "kakain", "content": ": \u54c7 \u90a3\u4f60\u5011\u8981\u505c\u6b0a\u7684\u4e0d\u6b62\u4e00\u500b"}, {"type": 1, "id": "koxinga", "content": ": \u53ef\u4ee5\u5275\u7acb\u81fa\u7063\u570b\u6c11\u9ee8\u554a"}, {"type": 1, "id": "ts01232165", "content": ": \u310f9\u310f9"}, {"type": 1, "id": "money069219", "content": ": \u53cd\u89c0"}, {"type": 0, "id": "Nedd", "content": ": \u5431\u5431\u662f\u4e0d\u662f\u90fd\u4e0d\u6562\u8aaa\u8a71\u4e86"}, {"type": 1, "id": "s8800892000", "content": ": \u54c7\u9760 \u9019\u624d\u662f\u52a0\u5206\u7684\u8868\u73fe \u53cd\u89c0\u7159\u6587"}, {"type": 0, "id": "nikewang", "content": ": \u6642\u4ee3\u529b\u91cf\u8feb\u5bb3\u539f\u4f4f\u6c11"}, {"type": 0, "id": "madeathmao", "content": ": \u780d\u4e0d\u780d\u90fd\u662f\u88ab\u9178\uff0c\u5475\u5475"}, {"type": 0, "id": "MK250", "content": ": \u52a0\u5165kmt\u5c31\u4e0d\u9055\u548c\u4e86"}, {"type": 1, "id": "wadeabc", "content": ": \u8a72\u65b7\u5247\u65b7\u505a\u5f97\u597d"}, {"type": 0, "id": "nikewang", "content": ": \u4eba\u5bb6\u9ee8\u7d00\u59d4\u54e1\u6703\u7d66\u9ad8\u6f5e\u6a5f\u6703\u51fa\u9762\u89e3\u91cb \u5979\u9023"}, {"type": 0, "id": "nikewang", "content": ": \u51fa\u5e2d\u90fd\u4e0d\u51fa\u5e2d \u9019\u7a2e\u539f\u6c11\u98a8\u9aa8\u771f\u9ad8\u5c1a"}, {"type": 0, "id": "nikewang", "content": ": \u6253\u932f \u662f\u6709\u51fa\u5e2d"}, {"type": 1, "id": "MW1220", "content": ": \u63a8 \u7d2f\u4e86\u5c31\u4f11\u606f\u5427"}, {"type": 0, "id": "wsx26997785", "content": ": \u63a8\u6642\u529b \u6bd4DPP\u5c4c"}, {"type": 1, "id": "audi0909", "content": ": \u9019\u53ef\u4ee5"}, {"type": 0, "id": "kinomon", "content": ": \u5e79\u5f97\u597d \u9019\u6a23\u624d\u5c0d\u5f97\u8d77\u9078\u6c11"}, {"type": 1, "id": "tp6ful6", "content": ": \u53ef\u4ee5\u8003\u616e\u52a0\u5165\u6c11\u9032\u9ee8 \u58ef\u5927\u53f0\u7063\u6b63\u7d71\u672c\u571f\u653f"}, {"type": 1, "id": "shhs1000246", "content": ": \u8b9a\u5594 \u89ba\u9752\u7e7c\u7e8c\u7f75\u554a \u6642\u4ee3\u529b\u91cf\u5c31\u662f\u8655\u7406"}, {"type": 0, "id": "shhs1000246", "content": ": \u4e86"}, {"type": 1, "id": "gundun", "content": ": \u539f\u4f4f\u6c11\u6307\u8003\u52a0\u5206\u5c31\u662f\u626f"}, {"type": 1, "id": "flyqoo", "content": ": \u72af\u7f6a\u5df2\u78ba\u5b9a\uff1f\uff1f\uff1f"}, {"type": 1, "id": "lovegensokyo", "content": ": \u6709\u8655\u7406\u4e00\u6a23\u7d66\u63a8\u5566\uff0c\u4e0d\u904e\u9019\u6a23\u6642\u529b\u662f"}, {"type": 0, "id": "lovegensokyo", "content": ": \u4e0d\u662f\u5c31\u4e0d\u80fd\u7d44\u9ee8\u5718\u4e86\uff1f"}, {"type": 1, "id": "yellowones", "content": ": \u9084\u5728\u7b49\u83ef\u570b\u660c\u51fa\u4f86\u7f75\u4eba\u5462\uff01\u53bb\u54ea\u4e86\uff1f\uff1f"}, {"type": 1, "id": "winiS", "content": ": \u61c9\u8a72\u6703\u5206\u88c2\u6210\u767d\u7da0\u5169\u9ee8\u5427"}, {"type": 0, "id": "winiS", "content": ": \u6709\u8655\u7406\u7d66\u63a8 \u5c0f\u83f8\u5728\u90a3\u88dd\u6b7b\u771f\u7684\u5f88\u5641\u5fc3"}, {"type": 1, "id": "ueewen", "content": ": \u4e09\u4eba\u4ee5\u4e0a\u5373\u6709\u9ee8\u5718"}, {"type": -1, "id": "yeng1217", "content": ": \u8ff4\u907f\u4e09\u5c0f \u4e0d\u5c31\u5f88\u79cb"}, {"type": 1, "id": "howfreedom", "content": ": \u8b9a"}, {"type": 1, "id": "spidina", "content": ": \u6642\u4ee3\u9084\u662f\u6709\u662f\u975e\u7684 \u53cd\u89c0\u83f8\u9ee8"}, {"type": 1, "id": "shorty696820", "content": ": \u63a8\u63a8\u63a8"}, {"type": 0, "id": "facefear", "content": ": https://i.imgur.com/2mIYsQx.jpg"}, {"type": 1, "id": "taiB", "content": ": \u53ea\u554f\u5c0d\u932f\u4e0d\u504f\u8892\u505a\u5f97\u597d!\u53cd\u89c0\u5783\u573e\u85cd\u7da0..."}, {"type": 1, "id": "xc332211", "content": ": \u4ed6\u662f\u9760\u52a0\u5206\u624d\u80fd\u7576\u7acb\u59d4\u3107"}, {"type": 1, "id": "ez0980", "content": ": \u53cd\u89c0DPP\u9152\u99d5\u9084\u80fd\u7576\u767c\u8a00\u4eba"}, {"type": 1, "id": "dragonsea2", "content": ": \u63a8\u6642\u4ee3\u529b\u91cf"}, {"type": 0, "id": "controlgod", "content": ": \u8543\u5a46"}, {"type": 1, "id": "liandkuang", "content": ": \u63a8"}, {"type": 0, "id": "smallz", "content": ": \u9019\u624d\u53eb\u9b44\u529b \u53cd\u89c0\u83f8\u9ee8\u8ddf\u72d7\u9ee8"}, {"type": 1, "id": "es612", "content": ": \u4e00\u5c46\u90fd\u505a\u4e0d\u5b8c...\u6709\u5920\u5ee2"}, {"type": 1, "id": "papapapapapa", "content": ": \u53e6\u4e00\u9ee8\u6709\u53f0\u7063\u50f9\u503c\u5c31\u6c92\u4e8b\u54c8\u54c8"}, {"type": -1, "id": "cct1527", "content": ": \u9322\u8981\u9000\u9084\u55ce\uff1f"}, {"type": 0, "id": "cycutom", "content": ": \u505c\u6b0a\u85aa\u6c34\u7167\u9818\uff0c\u7b49\u958b\u9664\u518d\u4f86\u8aaa\u5427"}, {"type": 1, "id": "MidoBanA", "content": ": \u63a8"}, {"type": 1, "id": "sleep119", "content": ": \u8b9a~"}], "post_ip": "114.136.250.154", "post_content": "\n\u6642\u529b\u958b\u9358\u9ad8\u6f5e \u9055\u80cc\u5275\u9ee8\u50f9\u503c\u5373\u65e5\u8d77\u505c\u6b0a\n\n2019-07-31 20:31\u806f\u5408\u5831 \u8a18\u8005\u8521\u6649\u5b87\u2571\u5373\u6642\u5831\u5c0e\n\n\u6642\u4ee3\u529b\u91cf\u7acb\u59d4\u9ad8\u6f5e\u30fb\u4ee5\u7528\u570b\u6703\u8fa6\u516c\u5ba4\u52a9\u7406\u6d89\u5acc\u5229\u7528\u8077\u52d9\u4e4b\u4fbf\u9818\u53d6\u88dc\u52a9\u6848\uff0c\u6642\u529b\u9ee8\u4e2d\u592e\u4eca\u53ec\n\u958b\u7b2c\u4e8c\u6b21\u7d00\u5f8b\u59d4\u54e1\u6703\uff0c\u6703\u5f8c\u505a\u51fa\u505c\u6b0a\u6c7a\u8b70\uff0c\u5f85\u9ee8\u4ee3\u8868\u5927\u6703\u78ba\u8a8d\u901a\u904e\u5f8c\uff0c\u5c31\u6703\u6b63\u5f0f\u9664\u540d\uff0c\u540c\n\u6642\u55aa\u5931\u5176\u7acb\u59d4\u8cc7\u683c\u3002\n\n\u6642\u4ee3\u529b\u91cf\u9023\u7e8c\u5169\u5929\u53ec\u958b\u7d00\u5f8b\u59d4\u54e1\u6703\uff0c\u5728\u6628\u5929\u7d00\u5f8b\u59d4\u54e1\u6703\u505a\u51fa\u9650\u6642\u8aaa\u660e\u7b493\u9ede\u6c7a\u8b70\u5f8c\uff0c\u9ad8\u6f5e\n\uff0e\u4ee5\u7528\u66fe\u4e3b\u52d5\u8207\u7d00\u5f8b\u59d4\u54e1\u806f\u7e6b\u3002\u7a0d\u65e9\u7d00\u5f8b\u59d4\u54e1\u6703\u4e2d\uff0c\u9664\u91dd\u5c0d\u9818\u53d6\u7d93\u6fdf\u90e8400\u842c\u88dc\u52a9\u4e00\u6848\uff0c\n\u4e5f\u8a0e\u8ad6\u4eca\u65e5\u518d\u88ab\u7206\u6599\uff0c\u52a9\u7406\u9673\u6069\u6fa4\u672a\u4e3b\u52d5\u63ed\u9732\u570b\u6703\u52a9\u7406\u8eab\u5206\u7372\u5f97\u52de\u52d5\u90e8\u6a19\u6848\u3002\u6703\u5f8c\u674e\u5146\u7acb\n\u8868\u793a\uff1a\u9ad8\u6f5e\u52a9\u7406\u7533\u8acb\u88dc\u52a9\u6848\uff0c\u7d93\u7d00\u5f8b\u59d4\u54e1\u6703\u8a0e\u8ad6\uff0c\u8a8d\u5b9a\u5176\u5df2\u9055\u53cd\u5229\u76ca\u8ff4\u907f\u539f\u5247\uff0c\u4e14\u9055\u53cd\u6642\n\u4ee3\u529b\u91cf\u5275\u9ee8\u50f9\u503c\uff0c\u4e14\u640d\u5bb3\u9ee8\u8072\u8b7d\u60c5\u7bc0\u91cd\u5927\uff0c\u6c7a\u8b70\u5c0d\u9ad8\u6f5e\u4ee5\u7528\u505c\u6b0a\u8655\u5206\uff0c\u4e26\u63d0\u5831\u9ee8\u4ee3\u8868\u5927\u6703\n\u8207\u4ee5\u9664\u540d\u3002\n\n\u674e\u5146\u7acb\u8aaa\uff0c\u9ad8\u6f5e\u59d4\u54e1\u4eca\u96d6\u6709\u51fa\u5e2d\u7d00\u5f8b\u59d4\u54e1\u6703\uff0c\u4f46\u63d0\u51fa\u7d00\u5f8b\u59d4\u54e1\u6703\u59d4\u54e1\u8981\u5168\u9ad4\u8ff4\u907f\uff0c\u7d00\u5f8b\u59d4\n\u54e1\u6703\u4e88\u4ee5\u62d2\u7d55\uff0c\u9ad8\u6f5e\u4e5f\u4ee5\u7a0b\u5e8f\u539f\u56e0\u70ba\u7531\uff0c\u62d2\u7d55\u56de\u7b54\u76f8\u95dc\u554f\u984c\u3002\n\nhttps://udn.com/news/story/6656/3962116\n\n--\nhttps://j.gifs.com/NL5186.gif\n\n--\n\u203b \u7de8\u8f2f: LukeSkywaker (114.136.250.154 \u81fa\u7063), 07/31/2019 20:46:54\n"}