{"ptt_id": "david3809", "post_url": "https://www.ptt.cc/bbs/Gossiping/M.1568935158.A.3B9.html", "post_type": "\u554f\u5366", "post_title": "\u59c6\u54aa\u662f\u570b\u6c11\u5973\u5152\u55ce\uff1f", "post_time": "2019-09-20 07:19:16", "post_score": 6, "post_pushes": [{"type": -1, "id": "Kitakami", "content": ": \u5cf6"}, {"type": 1, "id": "wbt77hsy", "content": ": \u904e\u6c23"}, {"type": 0, "id": "Nevhir", "content": ": \u59c6\u54aa\u5c31\u50cf\u88ab\u907a\u5fd8\u4e86\u96f7\u59c6 \u56de\u4e0d\u53bb\u4e86"}, {"type": 0, "id": "thewtf", "content": ": \u4e00\u8d77\u4f86\u8e66\u8e66\u8df3"}, {"type": 1, "id": "wangyc", "content": ": \u8b8a\u6210AGA\u89d2\u8272\u4e86"}, {"type": 1, "id": "asderavo", "content": ": \u59c6\u54aa"}, {"type": 1, "id": "fujimoto", "content": ": \u59c6\u54aa\u59c6\u54aa\u59c6\u54aa\u59c6\u54aa\u59c6\u54aa\u59c6\u54aa"}, {"type": 1, "id": "devilkool", "content": ": \u570b\u6c11\u5bf5\u7269\u72ac"}, {"type": 1, "id": "jjelm", "content": ": \u5012\u4e86\u7d66\u63a8"}, {"type": 1, "id": "Andebull", "content": ": \u597d\u5537\u597d\u5537\uff0c\u59c6\u54aa@_<"}], "post_ip": "49.104.67.165", "post_content": "\n\n\u5982\u984c\n\n\u516b\u5366\u5973\u795e\u59c6\u54aa\n\n\u662f\u5927\u5bb6\u7684\u5076\u50cf \u9b3c\u7236\u7684\u73a9\u5177\n\n\u6bcf\u5929\u7684\u5de5\u4f5c\u5c31\u662f\u6eff\u8db3\u9b3c\u7236\u8ddf\u5e36\u7d66\u5927\u5bb6\u6b61\u6a02\n\n\u5bb6\u55bb\u6236\u66c9\u7684\u5979\n\n\u7b97\u4e0d\u7b97\u662f\u570b\u6c11\u5973\u5152\u554a\uff1f\n\n\u90a3\u89aa\u5207\u7684\u500b\u6027\n\n\u590f\u5929\u9084\u662f\u5805\u6301\u7a7f\u5154\u5916\u5957\u7684\u786c\u9838\u7cbe\u795e\n\n\u9084\u6709\u5b8c\u7f8e\u7684\u667a\u5546\n\n\u61c9\u8a72\u53ef\u4ee5\u52dd\u4efb\u5427\uff1f\n\n\u6709\u6c92\u6709\u9019\u985e\u7684\u516b\u5366\u554a\uff1f\n\n\u5e79\u59c6\u54aa\n\nhttps://i.imgur.com/e6CKDwC.jpg\n\n--\n\u96f7\u59c6\u624d\u771f\u7684\u904e\u6c23\n\u203b \u7de8\u8f2f: david3809 (49.106.174.118 \u65e5\u672c), 09/20/2019 07:29:29\n\u5976\u6cb9\uff1f\n\u59c6\u54aa\u59c6\u54aa \u597d\u6cb9\u597d\u6cb9\n\u203b \u7de8\u8f2f: david3809 (49.104.67.165 \u65e5\u672c), 09/20/2019 13:50:39\n"}