{"ptt_id": "olmtw", "post_url": "https://www.ptt.cc/bbs/Gossiping/M.1566607687.A.AA2.html", "post_type": "\u65b0\u805e", "post_title": "\u4e0d\u518d\u5047\u88dd\u662f\u670b\u53cb \u5ddd\u666e\u7a31\u7fd2\u8fd1\u5e73\u300c\u6575\u4eba\u300d", "post_time": "2019-08-24 08:48:04", "post_score": 32, "post_pushes": [{"type": 1, "id": "peter080808", "content": ": \u67ef:"}, {"type": 0, "id": "EXGG", "content": ": \u592a\u65e9"}, {"type": 1, "id": "sinon0123", "content": ": \u8981\u5b78\u5e2b\u7236\u7a31\u5c0d\u624b\u963f"}, {"type": 0, "id": "AustinRivers", "content": ": \u6211\u5011\u5e2b\u5085\u5f88\u591a\u670b\u53cb"}, {"type": 1, "id": "abramtw", "content": ": \u4ed6\u5f37\u4efb\u4ed6\u5f37 \u8f15\u98a8\u62c2\u5c71\u5d17"}, {"type": 1, "id": "Hitagi", "content": ": \u9760\u592d\u54e9 \u5c0d\u9762\u4f4f\u760b\u5b50\u4f60\u8981\u8ddf\u4ed6\u5435?"}, {"type": 1, "id": "RaY4451", "content": ": \u4e2d\u6216\u6210"}, {"type": 1, "id": "Vladivostok", "content": ": \u8ddf\u6575\u4eba\u5efa\u4ea4\u771f\u662f\u592a\u59d4\u5c48\u4e86"}, {"type": 1, "id": "kairi5217", "content": ": \u8d81\u4ed6\u75c5 \u8981\u4ed6\u547d \u5305\u5b50\u9019\u7687\u4f4d\u9084\u80fd\u5750\u591a\u4e45\uff1f"}, {"type": 1, "id": "scarofwind", "content": ": \u4e0d\u6f14\u4e86"}, {"type": -1, "id": "railman", "content": ": \u4e0d\u6703\u5b78\u96f7\u6839\u52a0\u95dc\u7a05100%\u5594"}, {"type": 1, "id": "ct412133", "content": ": \u7b49\u4e0d\u5230\u8a02\u55ae \u751f\u6c23\u4e86"}, {"type": 0, "id": "jokc7839", "content": ": \u9084\u4ee5\u70ba\u6b4c\u8a5e\u6587"}, {"type": 1, "id": "kara21", "content": ": \u795e\u7d93\u75c5\u4f60\u8ddf\u4ed6\u5435 \u4e0d\u8981\u7406\u4ed6\u5c31\u597d\u4e86"}, {"type": 0, "id": "ct412133", "content": ": \u7fd2\u8fd1\u5e73\u8b93\u6b65\u624d\u6703\u88ab\u62c9\u4e0b\u4f86\u5427"}, {"type": -1, "id": "kauosong", "content": ": \u5ddd\u666e\u53cd\u53cd\u8986\u8986\u4e5f\u4e0d\u662f\u7b2c\u4e00\u6b21"}, {"type": 1, "id": "kk8921647", "content": ": \u770b\u7f8e\u570b\u660e\u5e74\u7e3d\u7d71\u9078\u8209\u5427\uff0c\u9019\u6a23\u624d\u77e5\u9053\u7f8e"}, {"type": 0, "id": "kk8921647", "content": ": \u570b\u4eba\u5c0d\u4e2d\u570b\u7684\u5370\u8c61"}, {"type": 1, "id": "hclstarkid", "content": ": \u4e2d\u570b\u6839\u672c\u6c92\u5728\u9ce5\u4f60 \u770b\u4f60\u8981\u73a9\u591a\u4e45 \u4f60\u6709"}, {"type": 0, "id": "hclstarkid", "content": ": \u591a\u5c11\u56db\u5e74\uff1f"}, {"type": 1, "id": "frank11", "content": ": \u723d"}, {"type": 0, "id": "charlie01", "content": ": \u4ee5\u5f8c\u5225\u505a\u670b\u53cb"}, {"type": 0, "id": "hclstarkid", "content": ": \u7fd2\u73fe\u5728\u53ef\u662f\u7121\u9650\u671f\u7576\u4e3b\u5e2d"}, {"type": 0, "id": "dslite", "content": ": \u67ef\u6587\u54f2\u6c23\u6c23\u6c23\u6c23\u6c23"}, {"type": 1, "id": "iamgungod", "content": ": \u6211\u5ddd\u5a01\u6b66"}, {"type": 1, "id": "norder", "content": ": \u53ea\u6709\u5ddd\u666e\u5f37\u786c?\u7f8e\u570b\u570b\u6703\u66f4\u5f37\u786c\u5427"}, {"type": 0, "id": "rogergon", "content": ": the \u4e0d\u8b93"}, {"type": 0, "id": "norder", "content": ": \u4e0a\u6b21\u4e2d\u570b\u4e2d\u8208\u4e8b\u4ef6,\u570b\u6703\u5c31\u6bd4\u5ddd\u666e\u5f37\u786c"}, {"type": 0, "id": "norder", "content": ": \u570b\u6703\u9084\u6015\u5ddd\u666e\u592a\u8edf https://reurl.cc/2xpkE"}, {"type": -1, "id": "hclstarkid", "content": ": \u4e2d\u570b\u6490\u5230\u4f60\u5ddd\u666e\u4e0b\u53f0  \u4f60\u80fd\u6490\u5230\u7fd2\u4e0b\u53f0"}, {"type": 0, "id": "norder", "content": ": \u5c0d\u4e2d\u570b\u5f37\u786c\u5df2\u7d93\u662f\u5168\u7f8e\u570b\u7684\u57fa\u672c\u653f\u7b56\u4e86"}, {"type": 0, "id": "hclstarkid", "content": ": \u55ce"}, {"type": 1, "id": "Workforme", "content": ": \u807d\u807d\u5c31\u597d \u9019\u500b\u4eba\u8b1b\u8a71\u4e09\u5929\u8b8a\u4e00\u6b21\u7acb\u5834"}, {"type": 0, "id": "norder", "content": ": \u4e94\u6bdb\u9084\u50bb\u5230\u4ee5\u70ba\u53ea\u6709\u5ddd\u666e\u5c0d\u4e2d\u570b\u5f37\u786c,\u53ef\u60b2"}, {"type": 0, "id": "Workforme", "content": ": \u53ef\u4ee5\u5408\u7406\u61f7\u7591\u4ed6\u4f48\u597d\u80a1\u5e02\u7a7a\u55ae\u4e86"}, {"type": 1, "id": "ter2788", "content": ": \u4e2d\u570b\u90fd\u5feb\u7206\u70b8\u4e86 \u9084\u5728\u4e0d\u9ce5"}, {"type": 0, "id": "hunterh01", "content": ": \u7b49\u661f\u671f\u4e00\u80a1\u5e02\u5427,\u5728\u5d29\u4e00\u5929\u5c31\u53c8\u662f\u670b\u53cb\u4e86"}, {"type": 0, "id": "ter2788", "content": ": \u4e94\u6bdb\u5929\u771f\u4ee5\u70ba\u4e2d\u570b\u4eba\u5403\u8349\u6c92\u554f\u984c"}, {"type": 0, "id": "hunterh01", "content": ": \u9078\u9031\u4e94\u4e0b\u5348\u516c\u5e03\u5c31\u662f\u8981\u7528\u9031\u672b\u4f86\u55ac\u4e8b\u60c5"}, {"type": 0, "id": "smallshow3", "content": ": gj"}, {"type": 1, "id": "ct412133", "content": ": \u4f60\u8981\u77ad\u89e3\u6975\u6b0a\u570b\u5bb6\u662f\u4ec0\u9ebc\u60c5\u6cc1"}, {"type": 0, "id": "smallshow3", "content": ": \u7528\u5c3c\u54e5\u70b8\u5f48 \u6c59\u67d3\u4e16\u754c\u7684\u7f6a\u60e1\u570b\u5bb6"}, {"type": 1, "id": "ktootk", "content": ": \u8212\u670d"}, {"type": 0, "id": "Workforme", "content": ": \u770b\u5230\u4e0b\u9762\u7f8e\u80a1\u65b0\u805e \u679c\u7136\u53c8\u7206\u70b8 \u5ddd\u666e\u5927\u8cfa"}, {"type": 0, "id": "ct412133", "content": ": \u4e2d\u570b\u4eba\u5403\u8349\uff0c\u4f46\u4e2d\u5171\u4e00\u6a23\u978f\u56fa\u5dba\u5c0e\u4e2d\u5fc3"}, {"type": 1, "id": "ndtoseooqd", "content": ": \u5982\u679c\u5ddd\u666e\u53c8\u4e0a\u4e86\uff0c5\u6bdb\u8981\u5403\u5c4e4\u5e74\u3002"}, {"type": 1, "id": "trumpete", "content": ": \u5c0f\u82f1\u653f\u5e9c\u9818\u5c0e\u6709\u65b9 \u5916\u4ea4\u7a81\u7834"}, {"type": 1, "id": "N48212", "content": ": \u5e25"}, {"type": 0, "id": "fireda", "content": ": \u4e0d\u6f14\u4e86"}, {"type": 1, "id": "scum5566", "content": ": \u5b89\u5566 \u7b49\u7f8e\u80a1\u8dcc3000\u9ede\u5c31\u56de\u4f86\u8ac7\u4e86\u5566"}, {"type": 0, "id": "dream99", "content": ": \u5ddd\u666e\u53e3\u982d\u7a31\u8b9a\u7fd2\uff0c\u5be6\u8cea\u767c\u52d5\u8cbf\u6613\u6230\uff0c\u53f0\u7063\u7e3d"}, {"type": 0, "id": "dream99", "content": ": \u7d71\u53e3\u982d\u6c11\u4e3b\uff0c\u5be6\u8cea\u62d6\u521d\u9078\uff0c\u7db2\u8def\u63a7\u8f3f\u8ad6"}, {"type": 1, "id": "Moratti", "content": ": \u7fd2\u8c6c\u982d"}, {"type": 0, "id": "kaodio", "content": ": \u6293\u5230\u4e86 \u4e09\u666e\u4e5f\u5b78\u67efP2\u9762\u8a0e\u597d \u67efP\u5148\u77e5"}, {"type": 1, "id": "ralfeistein", "content": ": https://youtu.be/Qo7aSRdrcDM"}, {"type": 1, "id": "Noxus", "content": ": \u90a3\u5c31\u52a0\u5927\u5f04\u6b7b\u4ed6\u7684\u529b\u5ea6\u963f\u5e79"}, {"type": 0, "id": "Freeven", "content": ": \u53cd\u89c0"}, {"type": 1, "id": "juyac11", "content": ": \u54e6\u54e6\u54e6"}, {"type": 1, "id": "oops66", "content": ": \u5e79\u6b7b\u7fd2\u5305\u5b50"}, {"type": 1, "id": "xiaoyiping", "content": ": \u4e94\u6bdb\u7e7c\u7e8c\u5929\u771f\u505a\u767d\u65e5\u5922"}, {"type": -1, "id": "WWIII", "content": ": \u5feb\u9ede\u5ba3\u5e03\u8ddf\u53f0\u7063\u5efa\u4ea4"}, {"type": -1, "id": "bootscan", "content": ": \u7f8e\u570b\u5728\u9019\u5834\u8d38\u6613\u6230\u5fc5\u6557\u7121\u7591\u7684\uff0c\u76f8\u4fe1\u6211\uff0c"}, {"type": 0, "id": "bootscan", "content": ": \u7f8e\u570b\u628a\u4eba\u6c11\u6c11\u610f\u505a\u70ba\u4f9d\u6b78\uff0c\u4e2d\u570b\u628a\u4eba\u6c11\u7576"}, {"type": 0, "id": "bootscan", "content": ": \u6b66\u5668\uff0c\u53cc\u65b9\u4eba\u53e3\u6578\u53c8\u5dee\u90a3\u9ebc\u591a\uff0c\u8d0f\u7684\u4e86\u55ce"}, {"type": 0, "id": "bootscan", "content": ": \uff1f"}, {"type": 1, "id": "peter105096", "content": ": \u806f\u5408\u91cd\u5de5\u7528\u6c23\u6025\u6557\u58de\u9019\u5b57\u7acb\u5834\u5f88\u660e\u986f\u4e86"}, {"type": 0, "id": "peter105096", "content": ": \u5427 \u8ddf\u65fa\u4e2d\u540c\u4e00\u9663\u7dda\u7684\u554a"}, {"type": 0, "id": "The5F", "content": ": \u82de\u723e\u5b8c\u5168\u88ab1450\u7576\u908a\u7de3\u4eba"}, {"type": 1, "id": "lostman", "content": ": \u958b\u6230\u5566"}, {"type": 1, "id": "kerorobear", "content": ": \u6211\u5ddd\u8056\u65e8\uff0c\u652f\u90a3\u8c6c\u5fc5\u6b7b"}, {"type": 1, "id": "ginsengwolf", "content": ": \u4e0d\u6f14\u4e86\u5594"}, {"type": 1, "id": "kumegawa", "content": ": \u4e94\u6bdb\u5403\u8349"}, {"type": 1, "id": "GALA256", "content": ": \u770b\u9999\u6e2f\u5c31\u77e5\u9053\u4e2d\u570b\u58d3\u529b\u934b\u5feb\u70b8\u4e86"}, {"type": 1, "id": "polypodiacea", "content": ": \u6b7b\u4ea1\u4e4b\u63e1"}, {"type": 1, "id": "okladavid", "content": ": \u7576\u5e74\u51b7\u6230\u4e5f\u5e7e\u4e4e\u8981\u5230\u958b\u6230\u4e86\uff0c\u7d50\u679c\u8607\u806f"}, {"type": 0, "id": "okladavid", "content": ": \u89e3\u9ad4\uff0c\u518d\u5fcd\u4e00\u4e0b\u5c31\u77e5\u9053\u8ab0\u8981\u7206\u70b8"}, {"type": 0, "id": "gwenwoo", "content": ":  \u4e2d\u5171\u6b66\u5668=\u4e94\u6bdb+\u75c5\u6b7b\u8c6c+\u5783\u573e ~\u98c4\u6d0b\u904e\u6d77~"}], "post_ip": "150.116.251.124", "post_content": "\n\n1.\u5a92\u9ad4\u4f86\u6e90:\n\u203b \u4f8b\u5982\u860b\u679c\u65e5\u5831\u3001\u81ea\u7531\u6642\u5831\uff08\u8acb\u53c3\u8003\u7248\u898f\u4e0b\u65b9\u7684\u6838\u51c6\u5a92\u9ad4\u540d\u55ae\uff09\n\u806f\u5408\u65b0\u805e\u7db2\n\n2.\u8a18\u8005\u7f72\u540d\n\u203b \u6c92\u6709\u5728\u9019\u6253\u4e0a\u8a18\u8005\u7f72\u540d\u7684\u65b0\u805e\u6703\u88ab\u6c34\u687614\u5929 \u7de8\u8f2f\u975e\u8a18\u8005\n\u203b \u5916\u96fb\u81f3\u5c11\u8981\u6709\u4f86\u6e90\u6216\u7de8\u8f2f \u5982:\u6cd5\u65b0\u793e\n\u7530\u601d\u6021\n\n3.\u5b8c\u6574\u65b0\u805e\u6a19\u984c:\n\u203b \u6a19\u984c\u6c92\u6709\u5b8c\u6574\u5beb\u51fa\u4f86 ---> \u4f9d\u7167\u677f\u898f\u522a\u9664\u6587\u7ae0\n\u4e0d\u518d\u5047\u88dd\u662f\u670b\u53cb \u5ddd\u666e\u7a31\u7fd2\u8fd1\u5e73\u300c\u6575\u4eba\u300d\n\n4.\u5b8c\u6574\u65b0\u805e\u5167\u6587:\n\u203b \u793e\u8ad6\u7279\u7a3f\u90fd\u4e0d\u80fd\u8cbc\uff01\u9055\u8005\u522a\u9664\uff08\u653f\u6cbb\u985e\u6c34\u68763\u500b\u6708)\uff0c\u8cbc\u5ee3\u544a\u4e5f\u6703\u88ab\u522a\u9664\u5594\uff01\u53ef\u8a73\u770b\u7248\u898f\n\u5118\u7ba1\u7f8e\u4e2d\u8cbf\u6613\u6230\u5347\u9ad8\uff0c\u7f8e\u570b\u7e3d\u7d71\u5ddd\u666e\u904e\u53bb\u4e00\u76f4\u7dad\u6301\u8207\u4e2d\u570b\u5927\u9678\u570b\u5bb6\u4e3b\u5e2d\u7fd2\u8fd1\u5e73\u7684\u597d\u95dc\u4fc2\n\uff0c\u672c\u6708\u7a0d\u65e9\u9084\u7a31\u7fd2\u8fd1\u5e73\u662f\u300c\u6211\u7684\u670b\u53cb\u300d\uff0c\u4e26\u7a31\u8b9a\u4ed6\u7684\u9818\u5c0e\u80fd\u529b\uff0c\u4f46\u5ddd\u666e23\u65e5\u5728\u63a8\u7279\u4e0a\u76f4\n\u63a5\u6279\u8a55\u7fd2\u8fd1\u5e73\u500b\u4eba\uff0c\u7a31\u7fd2\u8fd1\u5e73\u662f\u300c\u6575\u4eba\u300d\u3002\n\n\u5ddd\u666e\u5c0d\u7f8e\u4e2d\u8cbf\u6613\u8ac7\u5224\u82e6\u7121\u9032\u5c55\uff0c\u4ee5\u53ca\u7f8e\u570b\u7d93\u6fdf\u51fa\u73fe\u8f49\u5f31\u8a0a\u865f\u6c23\u6975\u6557\u58de\uff0c\u5c07\u77db\u982d\u6307\u5411\u7fd2\u8fd1\n\u5e73\u548c\u806f\u6e96\u6703\u4e3b\u5e2d\u9b91\u723e\u3002\u4ed623\u65e5\u63a8\u6587\uff1a\u300c\u8ab0\u662f\u6211\u5011\u66f4\u5927\u7684\u6575\u4eba\uff1f\u9b91\u723e\u6216\u7fd2\u4e3b\u5e2d\uff1f\u300d\n\n\u4e2d\u570b\u5927\u967823\u65e5\u7a0d\u65e9\u5c0d\u7f8e\u570b750\u5104\u7f8e\u5143\u9032\u53e3\u5546\u54c1\u52a0\u5fb5\u95dc\u7a05\uff0c\u9b91\u723e\u5247\u5728\u6f14\u8aaa\u4e2d\u8868\u793a\uff0c\u7f8e\u570b\u7d93\n\u6fdf\u9762\u81e8\u76f8\u7576\u5927\u7684\u98a8\u96aa\uff0c\u4f86\u81ea\u5168\u7403\u7d93\u6fdf\u6210\u9577\u8d70\u7de9\u548c\u7f8e\u4e2d\u8cbf\u6613\u6230\u3002\n\n\u83ef\u76db\u9813\u90f5\u5831\u6307\u51fa\uff0c\u5ddd\u666e\u6279\u8a55\u7fd2\u8fd1\u5e73\u500b\u4eba\uff0c\u986f\u793a\u5ddd\u666e\u653f\u5e9c\u5c0d\u4e2d\u570b\u7684\u5c0d\u6297\u7b56\u7565\u8f49\u5411\u66f4\u5f37\u786c\u3002\n\n5.\u5b8c\u6574\u65b0\u805e\u9023\u7d50 (\u6216\u77ed\u7db2\u5740):\n\u203b \u7576\u65b0\u805e\u9023\u7d50\u904e\u9577\u6642\uff0c\u9700\u63d0\u4f9b\u77ed\u7db2\u5740\u65b9\u4fbf\u7db2\u53cb\u9ede\u64ca\nhttps://udn.com/news/story/12639/4007367\n\n6.\u5099\u8a3b:\n\u203b \u4e00\u500b\u4eba\u4e00\u5929\u53ea\u80fd\u5f35\u8cbc\u4e00\u5247\u65b0\u805e\uff0c\u88ab\u522a\u6216\u81ea\u522a\u4e5f\u7b97\u984d\u5ea6\u5167\uff0c\u8d85\u8cbc\u8005\u6c34\u6876\uff0c\u8acb\u6ce8\u610f\n\n--\nSent from Google Chrome on Windows 10 Pro.\n\n--\n"}