{"ptt_id": "Paul1021", "post_url": "https://www.ptt.cc/bbs/Gossiping/M.1562031712.A.B31.html", "post_type": "\u554f\u5366", "post_title": "\u5609\u85e5\u5927\u4ec1\u85e5\u5b78\u7cfb\u770b\u5230\u5176\u4ed6\u7cfb\u7684\u540c\u5b78\u6703\u60f3\u4ec0\u9ebc", "post_time": "2019-07-02 09:41:50", "post_score": 25, "post_pushes": [{"type": 1, "id": "YandereLove", "content": ": \u563b\u563b"}, {"type": 0, "id": "w199381", "content": ": \u5176\u4ed6\u7684\u540c\u5b78\u770b\u8d77\u4f86\u50cf\u539f\u59cb\u4eba\u5427QQ"}, {"type": 1, "id": "jeff0025", "content": ": \u56db\u5e74\u904e\u5f8c\u5c31\u540c\u5316\u4e86"}, {"type": 1, "id": "lusifa2007", "content": ": 10\u5e74\u524d\u5927\u6982\u4e94\u5341\u51fa\u982d\u5c31\u53ef\u4ee5\u4e86"}, {"type": 1, "id": "k44754", "content": ": \u5927\u6982\u5c31\u6b63\u59b9\u770b\u7aae\u9178\u80a5\u5b85\u7684\u773c\u795e"}, {"type": 1, "id": "pengxiaolun", "content": ": \u8f14\u5927\u91ab\u5b78\u7cfb\u8868\u793a\uff1a"}, {"type": 0, "id": "lusifa2007", "content": ": \u5b78\u6e2c"}, {"type": 1, "id": "Lions", "content": ": \u8f14\u5927\u91ab\u5b78\u7cfb\u8868\u793a...."}, {"type": 0, "id": "lusifa2007", "content": ": \u8fd1\u5e74\u8d85\u7d1a\u592f\uff0c\u5b78\u6e2c\u81f3\u5c1165"}, {"type": -1, "id": "polypress", "content": ": \u8f14\u5927\u91ab\u5b78\u7cfb\u770b\u5230\u5176\u4ed6\u79d1\u7cfb\u540c\u5b78\u5728\u60f3\u4ec0\u9ebc"}, {"type": 1, "id": "meokay", "content": ": \u6148\u6fdf\u91ab\u5b78\u7cfb\u8868\u793a\uff1a"}, {"type": 0, "id": "meokay", "content": ": \u7fa9\u5b88\u5927\u5b78\u91ab\u5b78\u7cfb\u8868\u793a"}, {"type": 1, "id": "wertabcmk", "content": ": \u7fa9\u5b88\u91ab\u5b78\u7cfb\uff1a"}, {"type": 0, "id": "meokay", "content": ": \u4e2d\u5c71\u91ab \u91ab\u5b78\u7cfb\u8868\u793a"}, {"type": 0, "id": "meokay", "content": ": \u9577\u5e9a\u91ab\u5b78\u7cfb\u8868\u793a"}, {"type": 0, "id": "melo0986", "content": ": \u53f0\u5927\u91ab\u5b78\u7cfb\u8868\u793a\uff1a"}, {"type": 1, "id": "YMGGN", "content": ": \u5c31\u5f88\u591a89\u963f \u4f46\u4e5f\u6709\u8a8d\u771f\u7684\u4eba \u7136\u5f8c\u6c92\u6709\u300c\u81f3\u5c11"}, {"type": 0, "id": "YMGGN", "content": ": \u300d65\u5566"}, {"type": 0, "id": "YMGGN", "content": ": \u9019\u5169\u5c46\u4e00\u6a2360\u4e0a\u4e0b\u5c31\u53ef\u4ee5\u4e86"}, {"type": 1, "id": "heliotropism", "content": ": \u5927\u8449\u91ab\u5b78\u7cfb\u8868\u793a:"}, {"type": 1, "id": "QB5566", "content": ": \u96dc\u7cfb"}, {"type": 1, "id": "lovekangin", "content": ": \u5609\u5927\u7378\u91ab:"}, {"type": 1, "id": "yuechen", "content": ": \u8f14\u5927\u91ab\u5b78\uff1a"}, {"type": 1, "id": "moara", "content": ": \u5c4f\u79d1\u5927\u7378\u91ab\u8868\u793a"}, {"type": 1, "id": "lebronlp097", "content": ": \u62115 6 \u5e74\u524d  64\u7d1a\u9032\u4e0d\u53bb\u5566 \u5316\u5b78\u7b46\u8a66"}, {"type": 0, "id": "lebronlp097", "content": ": 176/200  \u5099\u53d63\u767e\u591a\u540d"}, {"type": -1, "id": "s72005ming", "content": ": \u9019\u4ec0\u9ebc\u5b78\u5e97\u2026\u2026"}, {"type": 1, "id": "k6011813", "content": ": \u6a13\u4e0a\u6211\u770b\u4f60\u662f\u4e0d\u61c2\u5594"}, {"type": 1, "id": "huangboy31", "content": ": \u6211\u540c\u5b78\u5609\u85e5\u85e5\u5b78\u7562\u696d\uff0c\u5728\u6821\u6642\u8003\u4e0a\u85e5\u5291"}, {"type": 0, "id": "huangboy31", "content": ": \u5e2b\u570b\u8003\uff0c\u73fe\u5728\u6708\u85aa50k~60k\u7d66\u4f60\u53c3\u8003"}, {"type": 1, "id": "wbt77hsy", "content": ": \u4e2d\u5c71\u91ab\u9084\u6709\u7259\u91ab\u7cfb\u5566 \u800c\u4e14\u91ab\u5b78\u5927\u5b78\u91ab\u5b78"}, {"type": 0, "id": "wbt77hsy", "content": ": \u7cfb\u591a\u5230\u8ddf\u72d7\u4e00\u6a23 \u7a00\u9b06\u5e73\u5e38"}, {"type": 1, "id": "peterou1236", "content": ": \u5927\u6982\u4e00\u5e74\u5c31\u7fd2\u6163\u4e86"}, {"type": 1, "id": "mhlee", "content": ": \u770b\u667a\u969c\u7684\u611f\u89ba\u5427"}, {"type": 1, "id": "crohns", "content": ": \u5783\u573e\uff0c\u771f\u5fc3\u4e0d\u9a19\uff0c\u7136\u5f8c\u7537\u751f\u5634\u4e00\u9ede\u59b9\u5b50\u6c41\u4e0d"}, {"type": 0, "id": "crohns", "content": ": \u5b8c"}, {"type": 0, "id": "ayrtonvitas", "content": ": \u5728\u6821\u6642\u662f\u8981\u600e\u9ebc\u8003\u904e\u570b\u8003\u5566 \u61c9\u8003\u689d\u4ef6"}, {"type": 0, "id": "ayrtonvitas", "content": ": \u662f\u8981\u6709\u7562\u696d\u8b49\u66f8\u597d\u3107"}, {"type": -1, "id": "darknew", "content": ": \u5927\u4ec1\u85e5\u5b78\u6c92\u90a3\u9ebc\u9ad8\u5427\uff1f13\u5e74\u524d\u6211\u540c\u5b78\u624d52"}, {"type": 0, "id": "darknew", "content": ": \u7d1a\u5206\u5c31\u4e0a\u4e86"}, {"type": 0, "id": "lollipop030", "content": ": \u6a13\u4e0a \u6700\u8fd1\u8b8a\u9ad8\u4e86...."}, {"type": 1, "id": "wey3293548", "content": ": \u5abd\u7684\u4f4e\u7aef"}, {"type": 1, "id": "bowen5566", "content": ": \u53bb\u5e7c\u4fdd\u7cfb\u53ef\u4ee5\u9078\u5983 \u8d85\u723d"}, {"type": 1, "id": "wetland", "content": ": \u63a8\u6587\u6709\u4e9b\u6839\u672c\u97d3\u7c89\u667a\u5546\u6c34\u6e96"}, {"type": 1, "id": "candysagaboy", "content": ": \u5230\u52d5\u7269\u5712\u770b\u52d5\u7269\u7684\u611f\u89ba\u5427?"}, {"type": 1, "id": "iamwilliams", "content": ": \u83dc\u96de\u4e92\u5544"}, {"type": 1, "id": "AZBTPATONY", "content": ": \u85e5\u5e2b\u771f\u7684\u723d \u53c8\u7a69\u5b9a"}, {"type": 1, "id": "newwer", "content": ": \u85e5\u5e2b\u5c31\u5730\u677f\u9ad8\u5929\u82b1\u677f\u4f4e\u7684\u8077\u696d\uff0c\u8b80\u53f0\u5927\u85e5\u6216"}, {"type": 0, "id": "newwer", "content": ": \u5927\u4ec1\u85e5\u53ea\u8981\u8003\u5f97\u4e0a\u57f7\u7167\u672a\u4f86\u767c\u5c55\u6027\u90fd\u5dee\u4e0d\u591a"}, {"type": 0, "id": "zxnstu3104", "content": ": \u4e2d\u570b\u91ab \u91ab\u5b78\u7cfb:"}, {"type": -1, "id": "elvissheng", "content": ": \u5c31\u50cf\u91ab\u5b78\u7cfb\u770b\u5230\u5176\u4ed6\u79d1\u7cfb\u4e00\u6a23\u554a"}, {"type": 1, "id": "steven0121", "content": ": \u67d0\u6a13\u9084\u5728\u85e5\u5291\u5e2b\uff0c\u50bb\u773c"}], "post_ip": "175.180.69.205", "post_content": "\n\u5609\u85e5\u85e5\u5b78\u7cfb\u8ddf\u5927\u4ec1\u85e5\u5b78\u7cfb\n\n\u5206\u6578\u90fd\u8981\u6709\u570b\u7acb\u4e2d\u5b57\u8f29\u5927\u5b78\u4ee5\u4e0a\u7684\u6c34\u6e96\u624d\u80fd\u9032\u53bb\n\n\u4f46\u662f\u5609\u85e5\u8ddf\u5927\u4ec1\u5176\u4ed6\u79d1\u7cfb\n\n\u537b\u662f\u7d71\u6e2c\u5169\u767e\u591a\u5206\u5c31\u80fd\u9032\u53bb\n\n\u7d71\u6e2c\u6eff\u5206\u662f\u4e03\u767e\n\n\u540c\u4e00\u6240\u5b78\u6821\n\n\u79d1\u7cfb\u843d\u5dee\u537b\u9019\u9ebc\u5927\n\n\u5609\u85e5\u85e5\u5b78\u7cfb\u8ddf\u5927\u4ec1\u85e5\u5b78\u7cfb\u7684\u5b78\u751f\n\n\u770b\u5230\u540c\u6821\u5176\u4ed6\u7cfb\u7684\u540c\u5b78\n\n\u6703\u60f3\u4ec0\u9ebc\u5462\n\n\n\n--\n"}