{"ptt_id": "kkes0001", "post_url": "https://www.ptt.cc/bbs/Gossiping/M.1563711803.A.C11.html", "post_type": "\u554f\u5366", "post_title": "\u539f\u4f4f\u6c11\u52a0\u5206\u662f\u6b67\u8996\u4ed6\u5011\u5e73\u5747\u667a\u5546\u4f4e\u55ce", "post_time": "2019-07-21 20:23:21", "post_score": 5, "post_pushes": [{"type": 0, "id": "i7851", "content": ": \u9019\u500b\u4e16\u754c\u4e0a\u6c92\u597d\u8655\u624d\u53eb\u6b67\u8996\u5566"}, {"type": 1, "id": "ge9487", "content": ": \u62d4\u8349\u6e2c\u98a8\u5411"}, {"type": 1, "id": "SUMPO", "content": ": \u62d4\u8349"}, {"type": -1, "id": "davidwolf", "content": ": \u4e0d\u662f\u6b67\u8996\u539fpo\uff0c\u53ea\u662f\u6e2c\u8a662\u6709\u6c92\u6709\u58de\u4e0d\u8981"}, {"type": 0, "id": "davidwolf", "content": ": \u4ecb\u610f"}, {"type": 1, "id": "LICENSE", "content": ": \u653f\u6cbb\u8cb7\u7968\u5566  \u61c2?"}, {"type": 0, "id": "dan5209", "content": ": \u500b\u4eba\u8a8d\u70ba \u5176\u5be6\u73fe\u5728\u95a9\u5357\u4eba\u6bd4\u8f03\u5f31\u52e2"}, {"type": 0, "id": "dan5209", "content": ": \u6bd4\u5982\u8aaa\u4eca\u5e74\u6210\u7acb\u7684\u53f0\u8a9e\u53f0"}, {"type": 0, "id": "dan5209", "content": ": \u500b\u4eba\u7814\u7a76\u63a8\u8ad6\u8a8d\u70ba,\u5176\u5be6\u5c31\u662f2019\u5e74\u95a9\u5357\u4eba"}, {"type": 0, "id": "dan5209", "content": ": \u4eba\u53e3\u5df2\u7d93\u88ab\u8d85\u8d8a \u4eba\u53e3\u92b3\u6e1b\u4e86"}, {"type": 0, "id": "ayakiax", "content": ": \u5c0f\u8072\u554f\uff0c\u6240\u4ee5\u53f0\u5927\u6709\u90fd\u662f\u539f\u4f4f\u6c11\u55ce\uff1f"}, {"type": 0, "id": "dan5209", "content": ": \u95a9\u5357\u4eba\u6b63\u5f0f \u4e0d\u662f\u7b2c\u4e00\u5927\u65cf\u7fa4\u4e86 \u7b2c\u4e00\u5927\u662f"}, {"type": 0, "id": "dan5209", "content": ": \u5ba2\u5bb6\u4eba"}, {"type": 0, "id": "dan5209", "content": ": \u6240\u4ee5\u904e\u53bb20\u591a\u5e74 \u4e0d\u6210\u7acb\u53f0\u8a9e\u53f0 \u662f\u56e0\u70ba\u4ee5\u524d"}, {"type": 0, "id": "dan5209", "content": ": \u95a9\u5357\u4eba\u4e00\u76f4\u662f\u4eba\u53e3\u512a\u52e2"}, {"type": 0, "id": "dan5209", "content": ": \u4f46\u73fe\u5728\u98a8\u5411\u65e9\u8b8a\u4e86"}, {"type": 1, "id": "lemonshine", "content": ": \u53ef\u80fd\u6559\u80b2\u8cc7\u6e90\u7684\u843d\u5dee\u5427\uff1f\uff01"}, {"type": 0, "id": "dan5209", "content": ": \u95a9\u5357\u4eba\u8655\u65bc\u5f31\u52e2\u6587\u5316 \u6240\u4ee5\u6210\u7acb\u53f0\u8a9e\u53f0\u4f86\u63a8"}, {"type": 0, "id": "dan5209", "content": ": \u5ee3 \u53ef\u80fd\u5f88\u591a\u4eba\u90fd\u4e0d\u77e5\u9053\u5427 \u5475\u5475"}, {"type": -1, "id": "pauljet", "content": ": \u6211\u807d\u904e\u5ba2\u5bb6\u4eba\u4e0d\u6703\u8b1b\u5ba2\u5bb6\u8a71 \u50cf\u8fa3\u53f0\u59b9 \u6c92"}, {"type": 0, "id": "pauljet", "content": ": \u807d\u904e\u95a9\u5357\u4eba\u4e0d\u6703\u8b1b\u53f0\u8a9e"}, {"type": 1, "id": "konanno1", "content": ": \u4ee5\u5937\u5236\u5937\u554a\uff0c\u8001k\u611b\u7528\uff0c\u73fe\u5728\u5783\u573ed\u4e5f\u611b\u7528"}, {"type": 1, "id": "kamisun", "content": ": \u6709\u4e9b\u539f\u4f4f\u6c11\u4f4f\u5728\u90fd\u5e02\uff0c\u8ddf\u666e\u901a\u4eba\u4e00\u6a23\u5ff5\u66f8"}, {"type": 0, "id": "kamisun", "content": ": \u4ed6\u5011\u4e5f\u53ef\u4ee5\u7372\u5f97\u52a0\u5206\u554a"}, {"type": 0, "id": "lyt40", "content": ": \u95a9\u5357\u4eba\u5728\u798f\u5efa\uff0c\u81fa\u7063\u51fa\u751f\u5c31\u662f\u81fa\u7063\u4eba\uff1b\u5e73\u57d4"}, {"type": 0, "id": "lyt40", "content": ": \u65cf\u88ab\u525d\u596a\u6389\u539f\u4f4f\u6c11\u8eab\u5206\u624d\u662f\u771f\u6b67\u8996"}, {"type": 1, "id": "jojomoron", "content": ": \u662f"}], "post_ip": "180.204.153.241", "post_content": "\n\u6b38\u6b38\u6b38\n\n\u807d\u8aaa\u539f\u4f4f\u6c11\u5f88\u591a\u5730\u65b9\u90fd\u6709\u52a0\u5206\n\n\u5982\u679c\u8aaa\u539f\u4f4f\u6c11\u7d93\u6fdf\u76f8\u5c0d\u5f31\u52e2\u4ec0\u9ebc\u7684\n\n\u90a3\u4e5f\u61c9\u8a72\u662f\u7d66\u7d93\u6fdf\u5f31\u52e2\u7684\u88dc\u52a9\u5427\n\n\u73fe\u5728\u539f\u4f4f\u6c11\u52a0\u5206\u662f\u53ea\u8981\u4f60\u662f\u539f\u4f4f\u6c11\u5c31\u52a0\u5206\n\n\n\u52a0\u5206\u662f\u56e0\u70ba\u539f\u4f4f\u6c11\u5e73\u5747\u667a\u5546\u4f4e\u55ce\n\n\u4e0d\u7136\u70ba\u4ec0\u9ebc\u8981\u52a0\u5206\u554a\uff1f\n\n\u9019\u7a2e\u8d64\u88f8\u88f8\u7684\u6b67\u8996\u70ba\u4ec0\u9ebc\u90fd\u6c92\u6709\u4eba\u6297\u8b70\n\n\u5594\uff0c\u6c23\u6c23\u6c23\u6c23\u6c23\u6c23\n\n--\n\u4e00\u7bc7\u597d\u7684\u5ee2\u6587\u4e0d\u662f\u8981\u5e95\u4e0b\u6709\u4e00\u5806\u5653\n\u800c\u662f\u8981\u8b93\u4eba\u89ba\u5f97\u5e79\u4f60\u5a18\u6d6a\u8cbb\u6211\u7684\u6642\u9593\n\u5982\u679c\u770b\u5b8c\u9019\u7bc7\u8b93\u60a8\u611f\u89ba\u81ea\u5df1\u7684\u4eba\u751f\u53c8\u88ab\u6d6a\u8cbb\u4e86\u4e00\u5206\u9418\n\u90a3\u6211\u7684\u5ee2\u6587\uff0c\u4e00\u7247\u7121\u6094\n\n--\n\u7063)\nhttps://www.ptt.cc/bbs/Gossiping/M.1563711803.A.C11.html\n\u6c92\u95dc\u4fc2\uff0c\u6211\u63a8\u5f88\u591a\uff0c\u5118\u7ba1\u6e2c\u8a66\n\u203b \u7de8\u8f2f: kkes0001 (180.204.153.241 \u81fa\u7063), 07/21/2019 20:30:53\n"}