{"ptt_id": "L1ON", "post_url": "https://www.ptt.cc/bbs/Gossiping/M.1563125958.A.A7D.html", "post_type": "\u554f\u5366", "post_title": "\u795e\u4e4b\u4e00\u624b", "post_time": "2019-07-15 01:39:16", "post_score": 5, "post_pushes": [{"type": 0, "id": "nut7470", "content": ": \u4e8c\u6a13\u795e\u4e4b\u4e00\u5c4c"}, {"type": 1, "id": "frommr", "content": ": \u6a13\u4e0b\u795e\u4e4b\u4e00\u809b"}, {"type": 1, "id": "Bignana", "content": ": \u4e94\u6a13\u88ab\u56db\u6a13\u7528\u4e2d\u6307\u6316\u524d\u5217\u817a\u6316\u5230\u9ad8\u6f6e\u5c04\u51fa"}, {"type": -1, "id": "a81255316", "content": ": \u7b2c\u4e00\u624b\u5929\u5143"}, {"type": 1, "id": "Bignana", "content": ": \u84cb"}, {"type": 1, "id": "Yude0109", "content": ": \u4e94\u6a13\u795e\u4e4b\u809b"}, {"type": 1, "id": "Dinenger", "content": ": \u5091\u51fa\u7684\u4e00\u624b"}, {"type": 1, "id": "greenmiracle", "content": ": \u5f80\u88c1\u5224\u6253"}, {"type": 0, "id": "oyabun", "content": ": \u4e94\u6a13\uff1f"}], "post_ip": "180.217.144.51", "post_content": "\n\u85e4\u539f\u4f50\u70ba\u5c0d\u5854\u77e2\u884c\u6d0b\n\n\u8fd1\u85e4\u5149\u5c0d\u5854\u77e2\u4eae\n\n\u90fd\u662f\u5728\u8ffd\u6c42\u795e\u4e4b\u4e00\u624b\n\n\u5176\u4ed6\u7684\u904b\u52d5\u4e5f\u6709\u4e00\u6a23\u7684\u60c5\u6cc1\u55ce\uff1f\n\n\u9802\u5c16\u5c0d\u6c7a\u624d\u80fd\u51fa\u73fe\u7684\u795e\u4e4b\u4e00\u624b\uff1f\n\n\u7db2\u7403\u6709\u55ce\uff1f\n\n\u74dc\u74dc\uff1f\n\n--\n\u592a\u7dca\u5f35\u4e86\u6211\u8981\u5403\u51b0\n\u203b \u7de8\u8f2f: L1ON (180.217.144.51 \u81fa\u7063), 07/15/2019 01:41:24\n"}