{"ptt_id": "vikk33", "post_url": "https://www.ptt.cc/bbs/Gossiping/M.1569554463.A.78E.html", "post_type": "\u65b0\u805e", "post_title": "\u4e2d\u570b\u8910\u76ae\u66f8\u516c\u5e03\u300b\u88fd\u9020\u3001\u5730\u7522\u3001\u670d\u52d93\u5927\u7522", "post_time": "2019-09-27 11:21:01", "post_score": 56, "post_pushes": [{"type": 1, "id": "thegreatlcx", "content": ": \u4e2d\u6216\u6deb"}, {"type": 1, "id": "popopal", "content": ": \u611a\u6c11\u5f31\u6c11\u8ca7\u6c11 \u8ab0\u53eb\u9019\u9ebc\u7b28\u597d\u7d71\u6cbb:)"}, {"type": 1, "id": "RCYhorneT", "content": ": \u4e2d\u570b\u6709\u9322\uff0c\u990a\u8001\u91d1\u767c\u4e0d\u51fa\u4f86\u4e5f\u6c92\u95dc\u4fc2"}, {"type": 0, "id": "patrol", "content": ": \u5403\u8457\u65b9\u4fbf\u9eb5 \u559d\u8457\u5730\u6e9d\u6cb9 \u4f4f\u5728\u7db2\u5496\u4e0a\u7db2\u6253"}, {"type": 0, "id": "patrol", "content": ": \u6211\u662f\u8b77\u65d7\u624b \u5927\u570b\u5d1b\u8d77\u597d\u68d2\u68d2"}, {"type": 1, "id": "bigsun0709", "content": ": \u4e2d\u570b\u8dcc\u5012\uff0c\u53f0\u7063\u5403\u98fd"}, {"type": 1, "id": "sulaman", "content": ": \u4e2d\u570b\u5c31\u662f\u9760\u5730\u7522\u885dGDP\u7684"}, {"type": 1, "id": "MXZR", "content": ": 9.2\u60b2\u61a4"}, {"type": 1, "id": "bimmers0", "content": ": \u80fd\u6436\u5c31\u6436\u3001\u80fd\u6488\u5c31\u6488\u7684\u5927\u6642\u4ee3"}, {"type": 1, "id": "allenatptt", "content": ": \u723d\u5566\uff0c\u5783\u573e\u652f\u90a3\u8ce4\u755c"}, {"type": 1, "id": "minami77", "content": ": \u4e2d\u570b\u5171\u7522\u9ee8\u6c92\u9322\u5c31\u4e0d\u6703\u505a\u602a"}, {"type": 0, "id": "beerduck", "content": ": \u54c8\u54c8\u54c8"}, {"type": 1, "id": "Cersei", "content": ": \u6c92\u95dc\u4fc2\u5566\u97ed\u83dc\u591a\u7528\u4e86\u5272\u554a"}, {"type": 1, "id": "EggAcme", "content": ": \u53f0\u7063\u89aa\u4e2d\u5783\u573e:\u8981\u9760\u4e2d\u570b\u767c\u5927\u8ca1"}, {"type": 1, "id": "rscs", "content": ": \u6c92\u4e8b\u5152"}, {"type": 1, "id": "sw11236", "content": ": \u53ef\u6190\u5594\u4e2d\u5171\u5047\u8cfd"}, {"type": 1, "id": "gossipboy060", "content": ": \u5783\u573e\u652f\u90a3\u5047\u8cfd"}, {"type": 1, "id": "xiokai", "content": ": \u6c92\u4e8bder"}, {"type": 1, "id": "citima", "content": ": \u563b\u563b \u652f\u90a3\u4e0d\u662f\u5f88\u5f37"}, {"type": 1, "id": "kixer2005", "content": ": \u5403\u4eba\u5403\u8d77\u4f86"}, {"type": 1, "id": "dreamer15", "content": ": \u54c7\u2026\u2026 \u54ed\u54ed"}, {"type": 1, "id": "konta", "content": ": \u540c\u6587\u540c\u7a2e\u6ab3\u6994\u67ef\u8214\u5f88\u723d"}, {"type": 1, "id": "Ladios", "content": ": \u4e2d\u6216\u8d0f"}, {"type": 1, "id": "k3o5l6bj", "content": ": \u4e2d\u5171\u6efe"}, {"type": 1, "id": "kani1984", "content": ": \u7518\u6211\u5c41\u4e8b\u554a"}, {"type": 1, "id": "WWWWWWWWWWWV", "content": ": \u4e2d\u5171\u5783\u573e"}, {"type": 1, "id": "qaz13145204", "content": ": \u723d"}, {"type": 1, "id": "LITTLEDENNY", "content": ": \u5614\u5614\u5614"}, {"type": 1, "id": "weiprincess", "content": ": \u4e94\u6bdb\u6703\u4e0d\u6703\u64d4\u5fc3\u9818\u4e0d\u5230\u5de5\u8cc7\u554a\uff1f"}, {"type": 0, "id": "gowaa", "content": ": \u5047\u65b0\u805e\u5566  \u4e2d\u5171\u5e36\u9818\u4e0b \u65e9\u5c31\u5d1b\u8d77\u4e86\u4e0d\u662f\u55ce?"}, {"type": 1, "id": "ace4", "content": ": \u4e94\u6bdb\u61c9\u8a72\u6703\u88ab\u964d\u50f9\u62102.5\u6bdb"}, {"type": 0, "id": "BEHIND", "content": ": \u6703\u6b7b"}, {"type": 1, "id": "pavacana", "content": ": \u8ab0\u53eb\u4f60\u5011\u4e0d\u4fe1\u97d3\u5c0e\u624d\u80fd\u767c\u5927\u8ca1"}, {"type": 1, "id": "jaguars33", "content": ": \u6c92\u95dc\u4fc2 \u7e7c\u7e8c\u8cb7\u53f0\u7063\u7684\u90a6\u4ea4\u570b \u7dad\u5c3c\u842c\u6b72"}, {"type": 1, "id": "jims123", "content": ": \u5012\u5c31\u5c0d\u4e86"}, {"type": 1, "id": "rscs", "content": ": \u4e2d\u6216\u8d0f"}, {"type": 1, "id": "simple8772", "content": ": \u53ef\u6190\u5594\u4e2d\u5171\u5047\u8cfd"}, {"type": 1, "id": "GW1014", "content": ": \u5783\u573e\u4e2d\u5171"}, {"type": 1, "id": "loveHyeri", "content": ": \u597d\u723d"}, {"type": 1, "id": "ks22523", "content": ": \u652f\u90a3\u5012\u4e86\u6211\u4e5f\u4e0d\u6703\u5e6b\u4ed6QQ\u7684"}, {"type": 1, "id": "frtwwilo", "content": ": \u6c92\u4e8b \u7246\u5167\u4e00\u7247\u7965\u548c"}, {"type": 1, "id": "kohanchen", "content": ": \u9913\u4e5f\u4e0d\u80fd\u9913\u5171\u7522\u9ee8 \u4eba\u6c11\u5403\u8349"}, {"type": -1, "id": "Syd", "content": ": \u5927\u7d00\u5143\u4e0d\u53ef\u4fe1"}, {"type": 1, "id": "MattOwl", "content": ": \u6158"}, {"type": 1, "id": "Daz2005i", "content": ": \u4e2d\u5171\u53bb\u6b7b"}, {"type": 1, "id": "kendiv", "content": ": \u5171\u7522\u518d\u6b21\u5049\u5927"}, {"type": 1, "id": "daemonshadow", "content": ":  https://imgur.com/SAIzfpO.jpg"}, {"type": 1, "id": "daemonshadow", "content": ":  https://imgur.com/c8mqeEW.jpg"}, {"type": 1, "id": "daemonshadow", "content": ":     https://imgur.com/5KLNr2R.jpg"}, {"type": 1, "id": "daemonshadow", "content": ":  https://imgur.com/rBdXmVD.jpg"}, {"type": 1, "id": "daemonshadow", "content": ":    https://imgur.com/FDjPf4R.jpg"}, {"type": 1, "id": "daemonshadow", "content": ": https://i.imgur.com/tN9280q.jpg"}, {"type": 1, "id": "billy5588tw", "content": ": \u5783\u573e\u652f\u90a3"}, {"type": 1, "id": "proque", "content": ": \u5783\u573e\u4e2d\u5171\u5047\u8cfd\u5566"}, {"type": 1, "id": "zxnm1224", "content": ": \u4e2d\u5171\u5403\u5c4e\u5566"}, {"type": 1, "id": "gossipboy060", "content": ": \u5783\u573e\u652f\u90a3\u5047\u8cfd"}, {"type": -1, "id": "smpian", "content": ": \u4e0d\u662f\u9084\u62ff\u9322\u7d66\u5c0f\u9ed1\u4eba\u90a6\u4ea4\u570b"}, {"type": 0, "id": "lbowlbow", "content": ": \u53cd\u6b63\u4e2d\u570b\u5b8c\u5168\u4e0d\u6015\u8001\u767e\u59d3\u8df3\u6a13\u7684"}, {"type": 1, "id": "h22212247888", "content": ": \u5783\u573e\u4e2d\u5171\u5012\u4e00\u6392"}, {"type": 1, "id": "busters0", "content": ": \u5f4e\u5f4e\u53ea\u6703\u9020\u8b20 \u54b1\u5011\u4e2d\u570b\u597d\u5f97\u5f88!"}, {"type": 0, "id": "snosaes5566", "content": ": \u9020\u8b20 \u660e\u660e\u5c31\u4e2d\u6216\u8d0f"}, {"type": 1, "id": "rayonwu", "content": ": \u63a8"}, {"type": 1, "id": "sggs", "content": ": \u570b\u5167\u5d29\u76e4\u7136\u5f8c\u9001\u9322\u6436\u53f0\u7063\u90a6\u4ea4\u570b\uff0c\u5171\u7522\u9ee8\u771f\u884c"}, {"type": 1, "id": "ssnpiggy", "content": ": \u4ec0\u9ebc\u6642\u5019\u63db\u6211\u5011\u6488"}, {"type": 1, "id": "avinlee2001", "content": ": \u5783\u573e\u652f\u90a3"}, {"type": 1, "id": "w2234s", "content": ": \u9001\u7d66\u5317\u97d3\u597d\u4e86"}, {"type": 1, "id": "nidia", "content": ": \u5403\u5c4e\u5427\u5783\u573e\u5171"}], "post_ip": "117.56.12.221", "post_content": "\n\u203b\u767c\u6587\u71211~6\u5c0f\u6a19\u683c\u5f0f\u6216\u672a\u4f9d\u9806\u5e8f\u4efb\u610f\u522a\u9664\u8005\u6703\u88ab\u522a\u6587\n\n1.\u5a92\u9ad4\u4f86\u6e90:\n\u203b \u4f8b\u5982\u860b\u679c\u65e5\u5831\u3001\u81ea\u7531\u6642\u5831\uff08\u8acb\u53c3\u8003\u7248\u898f\u4e0b\u65b9\u7684\u6838\u51c6\u5a92\u9ad4\u540d\u55ae\uff09\n\u81ea\u7531\u6642\u5831\n\n2.\u8a18\u8005\u7f72\u540d\n\u203b \u6c92\u6709\u5728\u9019\u6253\u4e0a\u8a18\u8005\u7f72\u540d\u7684\u65b0\u805e\u6703\u88ab\u6c34\u687614\u5929 \u7de8\u8f2f\u975e\u8a18\u8005\n\u203b \u5916\u96fb\u81f3\u5c11\u8981\u6709\u4f86\u6e90\u6216\u7de8\u8f2f \u5982:\u6cd5\u65b0\u793e\n\u9b4f\u570b\u91d1\n\n3.\u5b8c\u6574\u65b0\u805e\u6a19\u984c:\n\u203b \u6a19\u984c\u6c92\u6709\u5b8c\u6574\u5beb\u51fa\u4f86 ---> \u4f9d\u7167\u677f\u898f\u522a\u9664\u6587\u7ae0\n\u4e2d\u570b\u8910\u76ae\u66f8\u516c\u5e03\u300b\u88fd\u9020\u3001\u5730\u7522\u3001\u670d\u52d93\u5927\u7522\u696d\u5168\u5012 \u4e2d\u570bQ3\u7d93\u6fdf\u6158\n\n4.\u5b8c\u6574\u65b0\u805e\u5167\u6587:\n\u203b \u793e\u8ad6\u7279\u7a3f\u90fd\u4e0d\u80fd\u8cbc\uff01\u9055\u8005\u522a\u9664\uff08\u653f\u6cbb\u985e\u6c34\u68763\u500b\u6708)\uff0c\u8cbc\u5ee3\u544a\u4e5f\u6703\u88ab\u522a\u9664\u5594\uff01\u53ef\u8a73\u770b\u7248\u898f\n\n\u3014\u7de8\u8b6f\u9b4f\u570b\u91d1\uff0f\u7d9c\u5408\u5831\u5c0e\u3015\u4e2d\u570b\u8910\u76ae\u66f8\uff08CBB\uff09\u5831\u544a\u6307\u51fa\uff0c\u4e2d\u570b\u7d93\u6fdf\u7b2c\u4e09\u5b63\u9054\u5230\u4eca\u5e74\u4ee5\u4f86\n\u6700\u75b2\u8edf\u7a0b\u5ea6\uff0c\u88fd\u9020\u3001\u5730\u7522\u8207\u670d\u52d9\u90e8\u9580\u5168\u90fd\u6bcf\u6cc1\u6108\u4e0b\uff0c\u5c24\u5176\u88fd\u9020\u696d\u71df\u6536\u3001\u5229\u6f64\u3001\u7522\u91cf\u8207\u92b7\u552e\n\u50f9\u683c\u7686\u4ee5\u96d9\u4f4d\u6578\u5e45\u5ea6\u5f9e\u7b2c\u4e8c\u5b63\u4e0b\u6ed1\uff0c\u4f46\u501f\u8cb8\u537b\u9054\u4e8c\u25cb\u4e00\u25cb\u5e74\u76f8\u95dc\u8abf\u67e5\u5c55\u958b\u4ee5\u4f86\u7684\u6700\u9ad8\u6c34\u6e96\n\uff1b\u800c\u5728\u4e2d\u570b\u7576\u5c40\u70ba\u523a\u6fc0\u7d93\u6fdf\u6210\u9577\uff0c\u964d\u4f4e\u53bb\u69d3\u687f\u529b\u9053\u5f8c\uff0c\u898f\u6a21\u516b\u5341\u56db\u5146\u7f8e\u5143\u7684\u5f71\u5b50\u9280\u884c\u5df2\u6372\n\u571f\u91cd\u8fd4\u3002\n\n\u5317\u4eac\u91cd\u56de\u6492\u9322\u8001\u8def \u5f71\u5b50\u9280\u884c\u5927\u5fa9\u6d3b\n\u63d0\u4f9b\u4e2d\u570b\u5404\u9762\u5411\u7368\u7acb\u7d93\u6fdf\u6578\u64da\u7684CBB\u6307\u51fa\uff0c\u7576\u524d\u4e2d\u570b\u7d93\u6fdf\u75b2\u8edf\u4e3b\u56e0\u5728\u65bc\u88fd\u9020\u696d\uff0c\u800c\u9664\u4e86\u51fa\n\u53e3\u4e0b\u6ed1\u5916\uff0c\u300c\u92b7\u552e\u50f9\u683c\u589e\u9577\u5927\u5e45\u653e\u7de9\u300d\u662f\u5c0e\u81f4\u88fd\u9020\u696d\u4e0d\u632f\u7684\u91cd\u8981\u56e0\u7d20\uff1b\u5831\u544a\u8868\u793a\uff0c\u7522\u54c1\u51fa\n\u5ee0\u50f9\u683c\u516d\u6708\u505c\u6b62\u4e0a\u5347\uff0c\u63a5\u8457\u4e03\u3001\u516b\u5169\u6708\u4e0b\u6ed1\uff0c\u8a72\u8da8\u52e2\u6050\u50b7\u5bb3\u4f01\u696d\u7372\u5229\uff0c\u4e26\u4f7f\u5176\u6295\u8cc7\u8207\u511f\u50b5\n\u80fd\u529b\u53d7\u9650\u3002\n\n\u670d\u52d9\u90e8\u9580\u8868\u73fe\u6301\u7e8c\u4e0d\u4f73\uff0c\u71df\u6536\u8207\u7372\u5229\u7686\u8f03\u53bb\u5e74\u540c\u671f\u4e0b\u632b\uff0c\u62db\u8058\u653e\u7de9\uff0c\u610f\u5473\u82e5\u88fd\u9020\u696d\u5927\u5e45\u88c1\n\u54e1\uff0c\u670d\u52d9\u90e8\u9580\u4e5f\u7121\u529b\u5438\u7d0d\uff1b\u8207\u6b64\u540c\u6642\uff0c\u501f\u8cb8\u66b4\u589e\uff0c\u5f71\u5b50\u9280\u884c\u51fa\u73fe\u4e8c\u25cb\u4e00\u25cb\u5e74\u4ee5\u4f86\u6700\u5927\u5b63\u5ea6\n\u589e\u9577\uff0c\u50b5\u5238\u767c\u884c\u9023\u7e8c\u7b2c\u4e94\u5b63\u6210\u9577\u3001\u653e\u8cb8\u589e\u52a0\uff0c\u800c\u903e\u4e09\u5341\uff05\u7684\u88fd\u9020\u4f01\u696d\u6bcf\u5b63\u501f\u8cb8\uff0c\u300c\u9019\u986f\u793a\n\u6574\u9ad4\u88fd\u9020\u696d\u660e\u986f\u9677\u5165\u6399\u624e\uff0c\u6216\u6709\u5f88\u5927\u6bd4\u4f8b\u61c9\u6703\u7834\u7522\u300d\u3002\n\n\u91d1\u878d\u6642\u5831\u4e5f\u4f9d\u64daCBB\u5831\u544a\u6307\u51fa\uff0c\u5305\u62ec\u5404\u5f0f\u9280\u884c\u5e33\u5916\u653e\u8cb8\u3001P2P\u7db2\u8def\u8cb8\u6b3e\u8207\u8cc7\u7522\u7ba1\u7406\u516c\u53f8\u7684\u64f4\n\u5f35\u6027\u4fe1\u8cb8\u7b49\u5f71\u5b50\u9280\u884c\u7522\u696d\uff0c\u5728\u4eca\u5e74\u7b2c\u4e8c\u5b63\u8207\u7b2c\u4e09\u5b63\u300c\u5927\u5fa9\u6d3b\u300d\uff0c\u5f71\u5b50\u501f\u8cb8\u4f54\u653e\u8cb8\u7e3d\u984d\u5206\u5225\n\u9054\u56db\u5341\u4e94\uff05\u3001\u4e09\u5341\u4e5d\uff05\uff0c\u70ba\u4e8c\u25cb\u4e00\u4e09\u5e74\u4ee5\u4f86\u6700\u9ad8\uff1b\u76f8\u8f03\u53bb\u5e74\u4e2d\uff0c\u5f71\u5b50\u653e\u6b3e\u50c5\u4e8c\u5341\u4e00\uff05\u3002\n\n\u91d1\u878d\u6642\u5831\u9084\u5831\u5c0e\uff0c\u4e2d\u570b\u4eba\u6c11\u9280\u884c\u884c\u9577\u6613\u7db1\u4e8c\u5341\u56db\u65e5\u8b66\u544a\u90e8\u5206\u5730\u5340\u9280\u884c\u300c\u76f2\u76ee\u64f4\u5f35\u300d\uff0c\u82e5\u672a\n\u4f86\u9280\u884c\u5012\u9589\uff0c\u4ed6\u5011\u7684\u5927\u80a1\u6771\u5c07\u627f\u64d4\u300c\u4e3b\u8981\u8cac\u4efb\u300d\uff1b\u9019\u662f\u4eba\u6c11\u9280\u884c\u81ea\u4eca\u5e74\u4e94\u6708\u63a5\u7ba1\u5305\u5546\u9280\u884c\n\uff0c\u53e6\u5169\u5bb6\u5927\u578b\u5730\u5340\u9280\u884c\u300c\u9326\u5dde\u9280\u884c\u300d\u8207\u300c\u6046\u8c50\u9280\u884c\u300d\u5206\u5225\u63a5\u53d7\u4e2d\u570b\u5de5\u5546\u9280\u884c\u8207\u4e2d\u570b\u4e3b\u6b0a\u8ca1\n\u5bcc\u57fa\u91d1\u7d13\u56f0\u4ee5\u4f86\uff0c\u9996\u5ea6\u8ac7\u8ad6\u4e2d\u570b\u9280\u884c\u90e8\u9580\u919e\u91c0\u4e2d\u7684\u98a8\u96aa\u3002\n5.\u5b8c\u6574\u65b0\u805e\u9023\u7d50 (\u6216\u77ed\u7db2\u5740):\n\u203b \u7576\u65b0\u805e\u9023\u7d50\u904e\u9577\u6642\uff0c\u9700\u63d0\u4f9b\u77ed\u7db2\u5740\u65b9\u4fbf\u7db2\u53cb\u9ede\u64ca\n\nhttps://reurl.cc/alNYe3\n6.\u5099\u8a3b:\n\u203b \u4e00\u500b\u4eba\u4e00\u5929\u53ea\u80fd\u5f35\u8cbc\u4e00\u5247\u65b0\u805e\uff0c\u88ab\u522a\u6216\u81ea\u522a\u4e5f\u7b97\u984d\u5ea6\u5167\uff0c\u8d85\u8cbc\u8005\u6c34\u6876\uff0c\u8acb\u6ce8\u610f\n\u7b49\u5230\n\u50b5\u52d9\u6ce1\u6cab\u8207\u4f01\u696d\u98a8\u72c2\u5012\u9589\u6f6e\n\u6700\u5f8c\n\u570b\u4e0d\u60f3\u9032\u6c11\u4e5f\u5168\u9000\u4e86\n\u4e5f\u4e0d\u53ef\u80fd\u518d\u6709\u786c\u901a\u8ca8\n\u53ea\u80fd\u56de\u5230\u9589\u95dc\u9396\u570b\u8a08\u756b\u7d93\u6fdf\u81ea\u7acb\u66f4\u751f\n\u6bdb\u6fa4\u6771\u6642\u4ee3\u518d\u73fe\n\n--\n"}