{"ptt_id": "bonfferoni", "post_url": "https://www.ptt.cc/bbs/Gossiping/M.1563199369.A.0A8.html", "post_type": "\u554f\u5366", "post_title": "\u521d\u9078\u843d\u6557\u7684\u4eba\u6703\u6295\u7d66\u540c\u9663\u71df\u7684\u55ce?", "post_time": "2019-07-15 22:02:47", "post_score": 4, "post_pushes": [{"type": 1, "id": "s72005ming", "content": ": \u7368\u6d3e\u9084\u662f\u6703\u6295\u5c0f\u82f1"}, {"type": 1, "id": "a520", "content": ": 1450\uff1a\u53f0\u7063\u50f9\u503c\u4e0d\u53ef\u8cea\u7591"}, {"type": 0, "id": "jajoy", "content": ": \u4f60\u554f\u8cf4\u7c89\u6703\u4e0d\u6703\u6295\u7d66\u5c0f\u82f1"}, {"type": 0, "id": "wady12407249", "content": ": \u4f60\u53ef\u4ee5\u554f\u554f\u516b\u9762\u73b2\u74cf(\u5149\u901f\u9003"}, {"type": 1, "id": "jgpkhgadk", "content": ": \u5634\u5df4\u6703\u5427"}, {"type": 1, "id": "EvilPrada", "content": ": \u6709\u500b\u4f8b\u5b50  \u7576\u6642\u80cc\u9aa8\u8208\u521d\u9078\u8f38\u7d66\u9673\u83ca  \u8f38"}, {"type": 0, "id": "EvilPrada", "content": ": \u4e0d\u8d77\u9000\u9ee8\u7368\u7acb\u53c3\u9078  \u7d50\u679c\u539f\u672c\u652f\u6301\u4ed6\u7684\u7968"}, {"type": 0, "id": "EvilPrada", "content": ": \u4ed6\u53ea\u7559\u4f4f\u4e00\u534a\u4e0d\u5230  \u80cc\u9aa8\u4ed4\u7684\u7968  \u6703\u6709\u4e00"}, {"type": 0, "id": "EvilPrada", "content": ": \u534a\u4ee5\u4e0a\u7684\u7968\u6703\u8f49\u79fb\u7d66\u540c\u9663\u71df  \u5982\u679c\u4e0d\u80cc\u9aa8"}, {"type": 0, "id": "EvilPrada", "content": ": \u8f49\u79fb\u7387\u6703\u66f4\u9ad8"}], "post_ip": "110.28.10.26", "post_content": "\n\u5404\u4f4d\u80a5\u5b85\u665a\u5b89\n\n\u8cb7\u5bb5\u591c\u6c92?\n\n\u6700\u8fd1\u6e96\u5099\u8fce\u65b0\u5bbf\u71df\n\n\u8981\u9078\u4e00\u500b\u5e36\u982d\u7684\n\n\u65bc\u662f\u73ed\u4e0a\u5e7e\u500b\u5c0f\u5718\u9ad4\u6295\u7968\u9078\u8209\n\n\u5176\u4e2d\u6709\u500b\u5718\u9ad4\u9084\u641e\u521d\u9078\n\n\u901a\u904e\u521d\u9078\u7684\u624d\u80fd\u4f86\u9078\u5e36\u982d\u7684\n\n\u662f\u8aaa\n\n\u90a3\u4e9b\u521d\u9078\u843d\u6557\u7684\n\n\u81ea\u5df1\u6295\u7968\u6703\u6295\u7d66\u81ea\u5df1\u5718\u7684\u55ce?\n\n\u809b\u4e94\u516b\u5366?\n\n--\n"}