{"ptt_id": "isaluku", "post_url": "https://www.ptt.cc/bbs/Gossiping/M.1568783488.A.1CA.html", "post_type": "\u554f\u5366", "post_title": "\u6c92\u4eba\u5728\u7d00\u5ff5\u4eca\u5929\u4e5d\u4e00\u516b\u4e8b\u8b8a\uff1f", "post_time": "2019-09-18 13:11:26", "post_score": 2, "post_pushes": [{"type": 1, "id": "cena0605", "content": ": \u5f88\u91cd\u8981\u55ce"}, {"type": 1, "id": "cattgirl", "content": ": \u4e5d\u4e00\u516b\u4e8b\u8b8a\u662f\u4ec0\u9ebc"}, {"type": -1, "id": "poqwiuer", "content": ": \u6c92\u653e\u5047 \u54ea\u6703\u8a18\u5f97"}, {"type": 0, "id": "qsz20005", "content": ": \u5df2\u7d93\u4e0d\u662f\u90a3\u4e00\u8f29\u7684\u4eba\u4e86\uff0c\u5f88\u96e3\u53bb\u611f\u540c\u8eab\u53d7"}, {"type": 0, "id": "liusim", "content": ": \u90a3\u4e00\u8f29\u500b\u5c41\u554a \u4e2d\u570b\u7684\u4e8b\u60c5\u95dc\u6211\u5011\u5c41\u4e8b= ="}, {"type": 0, "id": "liusim", "content": ": \u6d41\u4ea1\u8001\u5175\u5e79\u53e4\u662f\u5f88\u5408\u7406\u5566 \u5176\u4ed6\u5c31\u7b97\u4e86"}, {"type": 1, "id": "CavendishJr", "content": ": \u90a3\u6642\u5019\u53f0\u7063\u4eba\u662f\u65e5\u672c\u4eba\u5440"}, {"type": -1, "id": "poqwiuer", "content": ": \u60f3\u7576\u5e74\u90a3\u6642\u9084\u662f\u4e2d\u83ef\u6c11\u570b"}, {"type": 0, "id": "liusim", "content": ": \u6240\u8b02\u7684\u300c\u90a3\u4e00\u8f29\u300d\u591a\u6578\u4eba\u7684\u8001\u9577\u8f29\u90a3\u6642\u5019\u7b97"}, {"type": 0, "id": "liusim", "content": ": \u662f\u65e5\u672c\u4eba\u5427"}, {"type": 0, "id": "CowBaoGan", "content": ": \u4ed6\u570b\u4e8b\u52d9\u662f\u8981\u7d00\u5ff5\u4ec0\u9ebc \u66f4\u4f55\u6cc1\u90a3\u500b\u6642\u5019"}, {"type": 0, "id": "CowBaoGan", "content": ": \u53f0\u7063\u9084\u662f\u65e5\u672c\u9818\u571f"}, {"type": 0, "id": "gowaa", "content": ": \u4f60\u8981\u7d00\u5ff5 ok\u554a"}, {"type": 1, "id": "Ilat", "content": ": \u90a3\u6642\u5019\u53f0\u7063\u662f\u65e5\u672c\u7687\u6c11 \u6240\u4ee5\u61c9\u8a72\u8981\u6176\u795d"}, {"type": 1, "id": "harlow", "content": ": \u5176\u5be6\u662f\u4e2d\u83ef\u6c11\u570b\u4e8b\u52d9\u5594"}, {"type": 0, "id": "harlow", "content": ": \u4e8c\u6230\u6642\u8ddf\u65e5\u672c\u4ea4\u6230\u7684\u662f\u4e2d\u83ef\u6c11\u570b\u5594"}, {"type": 1, "id": "isiyou", "content": ": \u8aaa\u771f\u7684\u5e72\u6211\u5c41\u4e8b"}, {"type": 1, "id": "PTTJim", "content": ": \u8981\u7d00\u5ff5\u4ec0\u9ebc\uff1f\u7d00\u5ff5\u7956\u7236\u3001\u66fe\u7956\u7236\u5728\u6eff\u5dde\u570b\u627e"}, {"type": 0, "id": "PTTJim", "content": ": \u5230\u65b0\u5de5\u4f5c\uff1f"}, {"type": 1, "id": "LoveMakeLove", "content": ": \u6211\u5403\u6771\u5317\u6bba\u8c6c\u83dc\u4e82\u7096\u7d00\u5ff5"}, {"type": 0, "id": "elainakuo", "content": ": \u5e72\u6211\u5c41\u4e8b"}, {"type": 0, "id": "oxiz", "content": ": \u90a3\u4e00\u5929\u53f0\u7063\u6709\u767c\u751f\u4ec0\u9ebc\u4e8b\u55ce\uff1f"}, {"type": -1, "id": "ak904", "content": ": \u4ed6\u570b\u4e8b\u52d9"}, {"type": 1, "id": "koxinga", "content": ": \u81fa\u7063\u90a3\u6642\u5019\u662f\u4e0d\u662f\u5728\u5403\u51b0\u963f"}, {"type": -1, "id": "playcat1944", "content": ": \u65e5\u6e05cup noodle\u767c\u552e\u7d00\u5ff5\u65e5\u5587\u5e79"}, {"type": 0, "id": "playcat1944", "content": ": https://bit.ly/2kFOgr0"}, {"type": -1, "id": "Tass", "content": ": \u4ed6\u570b\u4e8b\u7269"}, {"type": -1, "id": "fantasy00249", "content": ": \u7518\u6211p4"}, {"type": -1, "id": "playcat1944", "content": ": https://bit.ly/2kRXXCv"}, {"type": 1, "id": "AllenHuang", "content": ": \u4e8c\u6230\u6642\u5019\u53f0\u7063\u4eba\u662f\u65e5\u672c\u4eba"}, {"type": -1, "id": "Fongin", "content": ": \u4e5d\u4e00\u516b\u4e8b\u8b8a\u8ddf\u53f0\u7063\u7121\u95dc"}], "post_ip": "180.204.230.193", "post_content": "\n\u5176\u5be6\u6691\u5047\u7684\u6642\u5019\u597d\u50cf\u4e5f\u6c92\u4eba\u5728\u7d00\u5ff5\u4e03\u4e03\u4e8b\u8b8a\uff1f\n\n\u9023\u570b\u9632\u90e8\u90fd\u5f88\u5b89\u975c\uff0c\u8001\u5175\uff08\u5176\u5be6\u6709\u53c3\u8207\u7684\u61c9\u8a72\u90fd\u6b7b\u5149\u4e86\uff09\u4e5f\u6c92\u6709\u5e7e\u500b\u8dd1\u51fa\u4f86\uff0c\u53f0\u7063\u793e\u6703\u4e00\n\u7247\u7121\u611f\uff01\n\n\u5927\u5bb6\u90fd\u5fd8\u8a18\u4e86\u4e5d\u4e00\u516b\u4e8b\u8b8a\uff1f\n\n--\n"}