{"ptt_id": "mariomaurer", "post_url": "https://www.ptt.cc/bbs/Gossiping/M.1570077110.A.2C3.html", "post_type": "\u554f\u5366", "post_title": "\u6709\u6c92\u6709\u96ea\u82b1\u9905(\u96eaQ\u9905)\u7684\u516b\u5366", "post_time": "2019-10-03 12:31:48", "post_score": 3, "post_pushes": [{"type": -1, "id": "GGrunrundela", "content": ": \u4e00\u6a13\u5c4c\u8d85\u8edfq"}, {"type": 1, "id": "kawazakiz2", "content": ": \u7c21\u55ae\u597d\u505a\uff0c\u9580\u53e3\u64fa\u5f35\u684c\u5b50\u5c31\u80fd\u8cfa\u9322"}, {"type": 0, "id": "kawazakiz2", "content": ": \u6211\u8868\u59b9\u5931\u696d\u90a3\u9663\u5b50\u5c31\u8ce3\u9019\u500b\uff0c"}, {"type": 0, "id": "kawazakiz2", "content": ": \u4e00\u5305\u4e00\u767e\uff0c\u5927\u591a\u81ea\u5df1\u4eba\u6367\u5834"}, {"type": 0, "id": "kawazakiz2", "content": ": \u7576\u7136\u4e5f\u662f\u6709\u8def\u904e\u7684\u4eba\u6703\u8cb7\u5c31\u662f\u4e86"}, {"type": 0, "id": "sky568127", "content": ": \u81f3\u5c11\u9858\u610f\u8cfa\u9322 \u4e0d\u932f\u4e86"}, {"type": 0, "id": "benomy", "content": ": \u6211\u60f3\u5403\uff0c\u6536\u4fe1"}, {"type": 0, "id": "benomy", "content": ": \u4e8c\u6a13\u8868\u59b9\u6709\u5728\u8ce3\u55ce\uff1f\u60f3\u5403\u8868\u59b9"}, {"type": 0, "id": "benomy", "content": ": \u505a\u7684\u96ea\u82b1\u9905"}, {"type": 0, "id": "kawazakiz2", "content": ": \u65e9\u5c31\u627e\u5230\u5de5\u4f5c\u60f9"}, {"type": 0, "id": "pp0731", "content": ": \u96ea\u82b1\u9f4b"}, {"type": 0, "id": "cattgirl", "content": ": \u5546\u696d\u884c\u70ba \u677f\u4e3b\u600e\u9ebc\u8aaa"}, {"type": 0, "id": "su831118", "content": ": \u82b1Q\u9905"}, {"type": 1, "id": "DOOHDLIHC", "content": ": \u97d3\u7e3d\u767c\u8ca1\u9905\u5c31\u662f\u9019\u7a2e\u9905"}, {"type": 1, "id": "laikyo", "content": ": \u5f88\u597d\u5403\u5594"}, {"type": 1, "id": "sandy0925", "content": ": \u597d\u5403\u6b38"}], "post_ip": "114.137.200.231", "post_content": "\n\n\u96ea\u82b1\u9905(\u96eaQ\u9905)\n\n\u6838\u5fc3\u6750\u6599\u662f\u9905\u4e7e \u68c9\u82b1\u7cd6 \u5976\u6cb9 \u5976\u7c89\n\n\u518d\u4e82\u52a0\u4e00\u5806\u6709\u7684\u6c92\u7684\n\n\u6700\u8fd1\u770b\u5230\u597d\u591a\u4eba\u5e38\u5e38\u5728\u8aaa\n\n\n\u6211\u5abd/\u6211\u59d0/\u6211\u963f\u59e8\n\n\u81ea\u5df1\u505a\u4e86\u624b\u5de5\u96ea\u82b1\u9905(\u96eaQ\u9905)\n\n\u6750\u6599\u5f88\u7528\u5fc3 \u8ddf\u5916\u9762\u5e97\u5bb6\u8ce3\u7684\u4e0d\u4e00\u6a23\n\n(\u901a\u5e38\u8ce3\u5f97\u6bd4\u8f03\u8cb4)\n\n\u8981\u8cb7\u7684\u79c1\u8a0a\u6211^^\n\n\n\u5230\u5e95\u9019\u500b\u96ea\u82b1\u9905(\u96eaQ\u9905)\u6709\u4ec0\u9ebc\u9b45\u529b\n\n\u53ef\u4ee5\u8b93\u90a3\u9ebc\u591a\u7684\u5a46\u5a46\u5abd\u5abd\u81ea\u5df1\u505a\u4f86\u8ce3\n\n\u800c\u4e14\u9084\u89ba\u5f97\u8ce3\u5f97\u51fa\u53bb\u5462\n\n\u6709\u6c92\u6709\u516b\u5366\n\n--\n\u6c92\u5728\u8ce3\u5587\n\u203b \u7de8\u8f2f: mariomaurer (114.137.200.231 \u81fa\u7063), 10/03/2019 12:36:03\n"}