{"ptt_id": "Luckmeow", "post_url": "https://www.ptt.cc/bbs/Gossiping/M.1563782970.A.CC5.html", "post_type": "\u65b0\u805e", "post_title": "\u5c0d\u6230\u8521\u82f1\u6587\u3001\u97d3\u570b\u745c \u6797\u6fc1\u6c34\uff1a\u67ef\u6587\u54f2\u5f97", "post_time": "2019-07-22 16:09:28", "post_score": 29, "post_pushes": [{"type": 1, "id": "deann", "content": ": \u73fe\u5728\u5e74\u8f15\u4eba\u6d41\u884c\u5403\u8292\u679c\u4e7e"}, {"type": 1, "id": "qilar", "content": ": \u51e1\u795e\u624d\u662f\u5e74\u8f15\u9078\u7968\u652f\u6301\u7684\u5c0d\u8c61"}, {"type": 0, "id": "KK10305", "content": ": \u771f\u7684~\u6211\u5011\u7528\u5927\u6578\u64da\u8dd1\u4e00\u904d1124"}, {"type": 0, "id": "pp9960", "content": ": \u53c8\u7834\u4e86"}, {"type": 1, "id": "DORAQMON", "content": ": 2020\u6ec51450"}, {"type": 0, "id": "greedypeople", "content": ": \u6797\u6fc1\u6c34\u4e5f\u883b\u5999\u7684  \u97d3\u67ef\u8521\u90fd\u7f75"}, {"type": 0, "id": "bigbirdfly", "content": ": \u5c0d\u4e2d\u6bd4\u96de\u8edf\u9aa8\u9084\u8edf\uff0c\u4e0d\u610f\u5916"}, {"type": 1, "id": "michaelkobe", "content": ": \u67ef\u81ea\u5df1\u90fd\u5728\u9935\u8292\u679c\u4e7e\uff0c\u602a\u5e74\u8f15\u4eba\u611b\u5403\uff1f"}, {"type": 0, "id": "lovejamwu", "content": ": \u4ed6\u771f\u7169\u6b38!\u5ee2\u8a71\u4e00\u63a8!"}, {"type": 0, "id": "greedypeople", "content": ": \u9019\u6a23\u4ed6\u5230\u5e95\u7e3d\u7d71\u8981\u6295\u8ab0"}, {"type": 1, "id": "garone", "content": ": \u6c92\u6709\u4eba\u662f\u5b8c\u7f8e\u7684\uff0c\u505a\u4e0d\u597d\u7684\u5730\u65b9\u7576\u7136\u90fd\u8981\u7f75"}, {"type": 0, "id": "garone", "content": ": \uff01"}, {"type": 1, "id": "oxoxx", "content": ": \u5168\u90e8\u90fd\u88ab\u4ed6\u5acc\u5149\u4e86"}, {"type": 1, "id": "madden", "content": ": https://i.imgur.com/bjrRJPh.jpg"}, {"type": 1, "id": "GDTJRHS", "content": ": \u67ef\u6587\u54f2\u53c8\u8981\u8a0e\u53ad\u6797\u6fc1\u6c34\u4e86"}, {"type": 1, "id": "userpeter", "content": ":         \u56e0\u70ba\u67efP\u8b0a\u8a71\u8d8a\u8aaa\u8d8a\u8a87\u5f35... = ="}, {"type": -1, "id": "snowsdream", "content": ": \u73fe\u5728\u5e74\u8f15\u4eba\u6c92\u9322\u53ea\u80fd\u8cfa1450\u963f"}, {"type": 0, "id": "userpeter", "content": ": \u9999\u6e2f\u53cd\u9001\u4e2d\uff0c\u67efP\u6015\u5f97\u7f6a\u4e2d\u5171\uff0c\u90fd\u9f9c\u4e86..."}, {"type": 1, "id": "yz122534", "content": ": \u67ef\u6587\u54f2\u4e4b\u524d\u8aaa\u8981\u628a\u6c11\u4e3b\u9001\u53bb\u4e2d\u570b\uff0c\u9084\u88ab\u9019"}, {"type": 0, "id": "yz122534", "content": ": \u4e9b\u4eba\u7b11\uff0c\u73fe\u5728\u4f60\u5011\u652f\u6301\u9999\u6e2f\u6c11\u4e3b\u5316\u53c8\u597d\u68d2"}, {"type": 0, "id": "yz122534", "content": ": \u68d2\u4e86\uff0c\u679c\u7136\u540c\u4ef6\u4e8b\u6c11\u9032\u9ee8\u505a\u5c31\u53ef\u4ee5\uff0c\u67ef\u6587"}, {"type": 0, "id": "yz122534", "content": ": \u54f2\u505a\u5c31\u4e0d\u884c\uff0c\u99ac\u4e0a\u6253\u81c9"}, {"type": 1, "id": "sinon0123", "content": ": \u767d\u8272\u8292\u679c\u4e7e\u597d\u5403\u6b50"}, {"type": 0, "id": "elainakuo", "content": ": \u67ef\u6587\u54f2\u81ea\u5df1\u628a\u5e74\u8f15\u4eba\u8d95\u8dd1\u7684 \u53cd\u5171\u662f\u5e95\u7dda"}, {"type": 0, "id": "elainakuo", "content": ": \u4ed6\u4e0d\u662f\u628a\u6c11\u4e3b\u9001\u53bb\u4e2d\u570b \u662f\u628a\u53f0\u7063\u9001\u53bb\u4e2d"}, {"type": 0, "id": "elainakuo", "content": ": \u570b"}, {"type": 1, "id": "jab", "content": ": \u6797\u624d\u662f\u771f\u6b63\u6709\u5403\u8aa0\u5be6\u8c46\u6c99\u5305"}, {"type": 0, "id": "yz122534", "content": ": \u628a\u53f0\u7063\u4eba\u9001\u53bb\u4e2d\u570b\uff0c\u4f60\u662f\u8aaa\u8521\u82f1\u6587\u653f\u5e9c\u5b8c"}, {"type": 0, "id": "yz122534", "content": ": \u5168\u6551\u4e0d\u4e86\u88ab\u9001\u53bb\u4e2d\u570b\u7684\u53f0\u7063\u8a50\u9a19\u72af\u8ddf\u674e\u660e"}, {"type": 0, "id": "yz122534", "content": ": \u54f2\u55ce\uff1f"}, {"type": 0, "id": "huart", "content": ": \u67ef\u6587\u54f2\u5e74\u8f15\u7968\u7684\u78ba\u6389\u5f88\u591a"}, {"type": -1, "id": "Aidrux", "content": ": \u597d\u4e0d\u5bb9\u6613\u85cd\u7da0\u593e\u6bba\u4e0b\u9078\u4e0a\u5e02\u9577\u5c31\u597d\u597d\u505a\u6eff"}, {"type": 1, "id": "ZABORGER", "content": ": \u67ef\u9001\u4e86\u4ec0\u9ebc\u6c11\u4e3b\u53bb\u652f\u90a3 \u8aaa\u4f86\u807d\u807d\u554a? \u90a3"}, {"type": 0, "id": "ZABORGER", "content": ": \u500b\u5077\u62cd\u76f4\u64ad\u55ce?"}, {"type": 0, "id": "huart", "content": ": \u67ef\u5982\u679c\u843d\u8dd1\u53c3\u9078\uff0c\u5e74\u8f15\u7968\u6703\u7e7c\u7e8c\u4e0b\u63a2"}, {"type": 1, "id": "Maiar", "content": ": \u4e00\u5b9a\u7684\u554a \u53cd\u9001\u4e2d\u69cd\u5c31\u5728\u90a3 \u4f60\u67ef\u70ba\u4ec0\u9ebc\u4e0d\u64bf?"}, {"type": 0, "id": "Maiar", "content": ": \u8eb2\u5230\u4eca\u5929\u9084\u5728\u8eb2 \u6700\u8fd1\u53c8\u7126\u616e\u5230\u8a9e\u7121\u502b\u6b21 \u770b\u7834"}, {"type": 1, "id": "julia66", "content": ": \u597d\u5927\u96bb\u76841450"}, {"type": 0, "id": "yz122534", "content": ": \u90a3\u6c11\u9032\u9ee8\u53c8\u9001\u4e86\u4ec0\u9ebc\u5e6b\u52a9\u9999\u6e2f\u6c11\u4e3b\u5316\uff1f"}, {"type": 0, "id": "yz122534", "content": ": \u67ef\u6587\u54f2\u53bb\u6170\u554f\u9999\u6e2f\u5b78\u751f\uff0c\u9084\u88ab\u7da0\u71df\u53cd\u4e32\u7684"}, {"type": 0, "id": "yz122534", "content": ": \u5047\u9999\u6e2f\u751f\u626f\u5f8c\u817f"}, {"type": 1, "id": "julia66", "content": ": DPP\u8072\u63f4\u9999\u6e2f\u53cd\u9001\u4e2d\u548c\u4eba\u9053\u6551\u52a9\uff0c\u67ef\uff1f"}, {"type": 0, "id": "serval623", "content": ": \u67ef\u6587\u54f2\u53ea\u80fd\u79c1\u4e0b\u5077\u5077\u6170\u554f"}, {"type": 0, "id": "serval623", "content": ": \u6015\u88ab\u7956\u570b\u77e5\u9053\u6263\u5206"}, {"type": 0, "id": "cschuan", "content": ": \u6211\u67ef\u53c8\u4e0d\u5c51\u89ba\u9752\u7684\u7968 \u667a\u969c\u7968\u66f4\u591a\u53c8\u597d\u9a19"}, {"type": 0, "id": "yz122534", "content": ": DPP\u6709\u6574\u500b\u570b\u5bb6\u6a5f\u5668\u8ddf\u8cc7\u6e90\uff0c\u51fa\u529b\u6bd4\u8f03\u591a"}, {"type": 0, "id": "yz122534", "content": ": \u4e5f\u5408\u7406\uff0c\u6211\u4e5f\u6c92\u8aaaDPP\u8072\u63f4\u9999\u6e2f\u662f\u932f\u7684\uff0c"}, {"type": 0, "id": "yz122534", "content": ": \u4f46\u4e0d\u7528\u8b1b\u7684\u53ea\u6709DPP\u6700\u6b63\u7fa9"}, {"type": 0, "id": "ukif", "content": ": \u4f60\u4ee5\u70ba\u5e74\u8f15\u4eba\u90fd\u8070\u660e\uff1f"}, {"type": 1, "id": "MisuzuXD", "content": ": \u5ee2\u8a71 \u76f4\u63a5\u628a\u53cd\u5c0d\u610f\u898b\u6253\u62101450 \u4ed6\u524d\u5e7e\u5e74"}, {"type": 1, "id": "cttw19", "content": ": \u67ef\u90fd\u9760\u650f\u6cdb\u85cd\u8ad6\u8ff0\u4e86 \u5c31\u5225\u5e6b\u4ed6\u8d85\u8b6f\u4e86"}, {"type": 0, "id": "MisuzuXD", "content": ": \u6839\u672c\u4e0d\u662f\u9019\u6a23\u8aaa \u6b7b\u597d"}, {"type": 0, "id": "cttw19", "content": ": \u8981\u4e0d\u7136\u4ee5\u5f8c\u81c9\u6703\u5f88\u816b"}, {"type": 1, "id": "kujoukk", "content": ": \u67ef\u90fd\u4e0d\u6562\u53cd\u5c0d\u9001\u4e2d\u689d\u4f8b \u4e0d\u6562\u6279\u8a55\u4e2d\u5171 \u53bb\u6170"}, {"type": 0, "id": "kujoukk", "content": ": \u554f\u6709\u5c41\u7528 \u4ee3\u8868\u4e2d\u5171\u53bb\u6478\u982d\u7684\u5427"}, {"type": 1, "id": "julia66", "content": ": \u5171\u6a5f\u7e5e\u53f0\u8d8a\u4e2d\u7dda\uff0c\u67ef\u4e5f\u662f\u7832\u53e3\u5411\u5167\uff0c\u6b63\u7fa9\uff1f"}, {"type": 0, "id": "julia66", "content": ": \u5c31\u7b97\u5047\u6e2f\u751f\u6c92\u6709\u55c6\u8072\uff0c\u5a92\u9ad4\u5929\u5929\u7763\u9ea5"}, {"type": 0, "id": "julia66", "content": ": \u67ef\u8981\u8868\u614b\u633a\u53cd\u9001\u4e2d\u9084\u6015\u6c92\u6a5f\u6703\u55ce\uff1f"}, {"type": 1, "id": "sedition", "content": ": \u67ef\u662f\u4e0d\u662f\u8a0e\u53ad\u6797\u6fc1\u6c34\u6211\u4e0d\u77e5\u9053\uff0c\u6797\u6fc1\u6c34\u8a0e"}, {"type": 0, "id": "sedition", "content": ": \u53ad\u67ef\uff0c\u67ef\u537b\u9084\u5f15\u4ed6\u7684\u8a55\u8ad6\uff0c\u89ba\u5f97\u97d3\u7c89\u7d44\u6210"}, {"type": 0, "id": "sedition", "content": ": \u8aaa\u5f97\u5f88\u5c0d\u3002\u9019\u4e0d\u5c31\u8c61\u5fb5\u67ef\u5be6\u4e8b\u6c42\u662f\u7684\u7acb\u5834"}, {"type": 0, "id": "sedition", "content": ": \uff1f"}, {"type": 1, "id": "ferrinatice", "content": ": 1450\u529f\u4e0d\u53ef\u6c92"}, {"type": 1, "id": "oxoxx", "content": ": \u4e2d\u570b\u7fd2\u8aaa\u4e86\u7b97\uff0c\u67ef\u8981\u7fd2\u653e\u68c4\u6b0a\u529b\u55ce\uff1f\u5929\u771f"}, {"type": 1, "id": "burglur", "content": ": \u5e74\u8f15\u4eba\u7684\u7968\u672c\u4f86\u5c31\u8521/\u67ef\u5929\u4e0b\u3002\u9019\u7d50\u8ad6\u60f3\u8aaa"}, {"type": 0, "id": "burglur", "content": ": \u5565\uff1f"}, {"type": 0, "id": "hoyalon", "content": ": \u73fe\u5728\u9084\u6709\u5e74\u8f15\u4eba\u652f\u6301\u67efp\u55ce"}, {"type": 0, "id": "sociwrk", "content": ": \u9019\u554f\u984c\u4e0d\u7528\u53bb\u63a2\u7a76\uff0c\u5927\u5bb6\u90fd\u667a\u554670\u4ee5\u4e0a\u7684"}, {"type": 0, "id": "sociwrk", "content": ": \u6210\u5e74\u4eba\u4e86"}, {"type": 1, "id": "henry55566", "content": ": \u7968\u4e0d\u904e\u662f\u5f9e\u67ef\u8dd1\u5230\u8521\u800c\u5df2"}, {"type": 0, "id": "TWkiller", "content": ": \u6797\u67ef\u90fd\u53cd\u8521\u554a\uff0c\u5c0d\u4e0a\u8521\u82f1\u6587\u53ef\u4ee5\u5718\u7d50\u7684"}, {"type": 0, "id": "aben15", "content": ": \u5634\u5df4\u53cd\u5c0d\u53cd\u9001\u4e2d\u80fd\u5e79\u561b\uff1f\u80fd\u6539\u8b8a\u4ec0\u9ebc\uff1f"}, {"type": 1, "id": "julia66", "content": ": \u9023\u5634\u5df4\u90fd\u4e0d\u633a\uff0c\u5e74\u8f15\u7968\u8dd1\u6389\u525b\u597d"}, {"type": 1, "id": "BasebaIIGod", "content": ": \u9ad8\u8abf"}, {"type": 1, "id": "romber", "content": ": \u4ed6\u8b1b\u7684\u8a71\u90fd\u883b\u9ede\u51fa\u4e8b\u5be6\u7684\uff0c\u4e5f\u4e0d\u6703\u504f\u9817"}, {"type": -1, "id": "ryan0714123", "content": ": \u8b77\u8cf4\u6e05\u4e56\u5b6b\u6642\u4e0d\u504f\u9817\u54e6\uff1f\u7b11\u6b7b"}, {"type": 1, "id": "romber", "content": ": \u6a13\u4e0a\u6709\u4f8b\u5b50\u55ce\uff1f\u6c92\u8ddf\u5230"}, {"type": 1, "id": "waeting", "content": ": \u97d3\u570b\u745c\u6a02\u52dd\u5566\uff01\u767d\u8272\u529b\u91cf\u88ab\u97d3\u7e3d\u5438\u6536"}, {"type": 1, "id": "RLH", "content": ": \u67ef\u81ea\u6bc0\u9577\u57ce \u7121\u8a71\u53ef\u8aaa"}, {"type": 1, "id": "ararar", "content": ": \u5662 \u56e0\u70ba\u5e74\u8f15\u4eba\u611b\u5403\u8292\u679c\u4e7e\u554a"}, {"type": 0, "id": "facefear", "content": ": https://i.imgur.com/2mIYsQx.jpg"}, {"type": 0, "id": "littleaoc", "content": ":  https://i.imgur.com/vwtXvlS.jpg"}, {"type": 0, "id": "littleaoc", "content": ": https://i.imgur.com/NT7bXQI.jpg"}, {"type": 0, "id": "newstarisme", "content": ": exactly"}], "post_ip": "111.243.3.27", "post_content": "\n\n\u5c0d\u6230\u8521\u82f1\u6587\u3001\u97d3\u570b\u745c\u3000\u6797\u6fc1\u6c34\uff1a\u67ef\u6587\u54f2\u5f97\u5230\u5e74\u8f15\u4e16\u4ee3\u652f\u6301\u7684\u795e\u8a71\u5df2\u7834\u6ec5\n\nEttoday\n\nhttps://www.ettoday.net/news/20190722/1495643.htm\n\n\u8a18\u8005\u694a\u8553\uff0f\u53f0\u5317\u5831\u5c0e\n\n\n\u6c11\u9032\u9ee8\u524d\u7acb\u59d4\u6797\u6fc1\u6c3422\u65e5\u8868\u793a\uff0c\u5f9e\u8209\u8fa6\u96d9\u57ce\u8ad6\u58c7\u5230\u9999\u6e2f\u53cd\u9001\u4e2d\u904b\u52d5\uff0c\u53f0\u5317\u5e02\u9577\u67ef\u6587\u54f2\u9010\u6f38\n\u7121\u6cd5\u7372\u5f97\u5e74\u8f15\u4eba\u4fe1\u4efb\uff0c\u4ed6\u76f4\u8a00\u300c\u67ef\u6587\u54f2\u5f97\u5230\u5e74\u8f15\u4e16\u4ee3\u652f\u6301\u7684\u795e\u8a71\u5df2\u7d93\u7834\u6ec5\u300d\uff0c\u751a\u81f3\u8db3\u4ee5\u50b7\n\u5bb3\u67ef\u6587\u54f2\u7684\u6839\u672c\u3002\n\u53f0\u7063\u6c11\u610f\u57fa\u91d1\u670322\u65e5\u516c\u5e03\u6700\u65b0\u6c11\u8abf\uff0c\u5206\u6790\u8521\u82f1\u6587\u3001\u97d3\u570b\u745c\u3001\u53f0\u5317\u5e02\u9577\u67ef\u6587\u54f2\u300c\u4e09\u8173\u7763\u300d\u7684\n\u60c5\u6cc1\u4e0b\uff0c\u97d3\u570b\u745c\u4ee533.5%\u652f\u6301\u5ea6\u9818\u5148\u8521\u82f1\u658732.6%\uff0c\u4ee5\u53ca\u67ef\u6587\u54f2\u768425.5%\u3002\u5f9e\u5e74\u9f61\u9032\u4e00\u6b65\u5206\n\u6790\uff0c\u8521\u82f1\u6587\u572820\u81f324\u6b72\u4e0a\u7372\u5f9746.8%\u7684\u9ad8\u652f\u6301\u5ea6\uff0c\u67ef\u6587\u54f2\u5247\u4ee535.9%\u843d\u5f8c\u3002\n\n\u6797\u6fc1\u6c34\u5206\u6790\u6307\u51fa\uff0c\u904e\u53bb\u67ef\u6587\u54f2\u5ee3\u53d7\u5e74\u8f15\u65cf\u7fa4\u652f\u6301\uff0c\u751a\u81f3\u652f\u6301\u5ea6\u6700\u9ad8\u66fe\u885d\u5230\u516d\u6210\u4ee5\u4e0a\uff0c\u4f46\u8fd1\n\u671f\u6c11\u8abf\u537b\u986f\u793a\u4ed6\u7684\u5e74\u8f15\u65cf\u7fa4\u652f\u6301\u5ea6\u4e0d\u65b7\u6d41\u5931\uff0c\u76f4\u8a00\u300c\u67ef\u6587\u54f2\u5f97\u5230\u5e74\u8f15\u4eba\u652f\u6301\u7684\u795e\u8a71\u5df2\u7d93\u7834\n\u6ec5\u3002\u300d\n\u4ed6\u5f37\u8abf\uff0c\u5927\u5bb6\u90fd\u8aaa\u5e74\u8f15\u4eba\u662f\u300c\u5929\u7136\u7368\u300d\uff0c\u800c\u904e\u53bb\u53ea\u6709\u300c\u8001\u53f0\u7368\u300d\u7121\u6cd5\u5bb9\u5fcd\u67ef\u6587\u54f2\uff0c\u300c\u5929\u7136\n\u7368\u300d\u53ef\u4ee5\u5fcd\uff0c\u7136\u800c\uff0c\u4ed6\u5011\u7d42\u7a76\u9084\u662f\u300c\u7368\u300d\uff0c\u65e5\u524d\u67ef\u6587\u54f2\u70ba\u4e86\u8fa6\u96d9\u57ce\u8ad6\u58c7\u5929\u5929\u7f75\u53f0\u7368\uff0c\u6700\u95dc\n\u9375\u7684\u5247\u662f\u5728\u9999\u6e2f\u300c\u53cd\u9001\u4e2d\u904b\u52d5\u300d\u671f\u9593\uff0c\u53f0\u7063\u5e74\u8f15\u4eba\u4e00\u9762\u5012\u652f\u6301\u9999\u6e2f\u6c11\u4e3b\u5316\uff0c\u4f46\u67ef\u6587\u54f2\u5df2\u592a\n\u4e0d\u8b93\u4ed6\u5011\u4fe1\u4efb\u3002\n\n\u4e0d\u904e\uff0c\u6797\u6fc1\u6c34\u4e5f\u6307\u51fa\uff0c\u67ef\u6587\u54f2\u96d6\u7136\u5728\u300c\u5929\u7136\u7368\u300d\u9078\u6c11\u6709\u91cd\u5927\u640d\u5931\uff0c\u4f46\u4ed6\u5728\u4e2d\u7522\u968e\u7d1a\u53ca\u4e2d\u6027\n\u9078\u6c11\u7684\u652f\u6301\u5ea6\u4e0a\u5247\u975e\u5e38\u7a69\u5b9a\u3002\u6839\u64da\u6c11\u8abf\u986f\u793a\uff0c\u67ef\u6587\u54f2\u5728\u57fa\u5c64\u548c\u9ad8\u968e\u767d\u9818\u4eba\u54e1\uff0c\u5206\u5225\u90fd\u6709\u7d04\n4\u6210\u7684\u652f\u6301\u5ea6\uff0c\u6b64\u5916\uff0c\u653f\u9ee8\u50be\u5411\u4e2d\u6027\u9078\u6c11\u90e8\u5206\uff0c\u67ef\u4e5f\u6709\u7d044\u6210\u652f\u6301\u5ea6\uff0c\u9818\u5148\u8521\u82f1\u6587\u548c\u97d3\u570b\u745c\n\u3002\n\u6797\u6fc1\u6c34\u8868\u793a\uff0c\u653f\u9ee8\u50be\u5411\u4e2d\u6027\u9078\u6c11\u5c0d\u65bc\u8521\u82f1\u6587\u3001\u97d3\u570b\u745c\u7684\u652f\u6301\u5ea6\u662f\u6d6e\u52d5\u7684\uff0c\u6bcf\u500b\u6708\u90fd\u6709\u9ad8\u4f4e\n\u8d77\u4f0f\uff0c\u76f8\u8f03\u4e4b\u4e0b\u67ef\u6587\u54f2\u76f8\u7576\u7a69\u5b9a\uff0c\u56e0\u6b64\uff0c\u5982\u679c\u67ef\u6587\u54f2\u8981\u53c3\u9078\u7e3d\u7d71\uff0c\u5728\u767d\u9818\u4e2d\u7522\u968e\u7d1a\u3001\u4e2d\u6027\n\u9078\u6c11\u7684\u90e8\u5206\u662f\u8f03\u7a69\u5b9a\u7684\uff0c\u4e0d\u904e\uff0c\u5e74\u8f15\u9078\u7968\u5df2\u7d93\u5927\u5e45\u6d41\u5931\uff0c\u300c\u9019\u4e0d\u53ea\u662f\u4e00\u6642\u7684\u73fe\u8c61\uff0c\u800c\u662f\u5df2\n\u7d93\u8b93\u67ef\u6587\u54f2\u50b7\u5230\u6839\u672c\u3002\u300d\n\n--\n"}