{"ptt_id": "AizenSousuke", "post_url": "https://www.ptt.cc/bbs/Gossiping/M.1562210749.A.891.html", "post_type": "\u554f\u5366", "post_title": "\u6240\u4ee5\u6709\u6c92\u6709\u80fd\u7528\u4f86\u5408\u6cd5\u81ea\u885b\u7684\u5668\u5177\uff1f", "post_time": "2019-07-04 11:25:47", "post_score": 25, "post_pushes": [{"type": 1, "id": "DogBe105", "content": ": R20"}, {"type": 0, "id": "roywow", "content": ": \u9435\u9444\u934b"}, {"type": 0, "id": "XZXie", "content": ": R20"}, {"type": 0, "id": "kawazakiz2", "content": ": R20"}, {"type": 0, "id": "SteveNeko", "content": ": \u98db\u6a5f\u676f"}, {"type": 0, "id": "k4654564", "content": ": \u96de\u96de"}, {"type": 0, "id": "gvvg5566", "content": ": \u4e94\u6a13\u76f4\u63a5\u9732\u51fa\u81ed\u5305\u8396 \u76f4\u63a5\u628a\u72af\u4eba\u81ed\u6688"}, {"type": 1, "id": "crimson11", "content": ": \u80a5\u5b85\u81ed\uff1f"}, {"type": 0, "id": "NTULioner", "content": ": \u611b\u6ecb\u75c5\u8b49\u660e\u66f8"}, {"type": 0, "id": "buwa56", "content": ": R20"}, {"type": 1, "id": "steve91240", "content": ": \u6a13\u4e0b\u90fd\u7528\u5565\u5f81\u670d\u7532\u7532"}, {"type": 0, "id": "wuchiou", "content": ": +9\u8edf\u5c4c"}, {"type": 1, "id": "abobstar", "content": ": \u770b\u6cd5\u5b98\u7684\u5fc3\u60c5 \u5c31\u7b97\u5408\u6cd5\u4f7f\u7528\u4e5f\u4e0d\u4e00\u5b9a\u6c92\u4e8b"}, {"type": 1, "id": "zero00072", "content": ": \u793e\u6703\u4fe1\u7528\u8a55\u5206.jpg\u3002"}, {"type": 0, "id": "k1400", "content": ": R20"}, {"type": 0, "id": "TaiwanUp", "content": ": \u9435\u88fd\u5927\u6c34\u58fa"}, {"type": 0, "id": "blackhippo", "content": ": mas"}, {"type": 0, "id": "TaiwanUp", "content": ": Kingsman\u5098"}, {"type": 1, "id": "zotal", "content": ": \u9a5a\uff01\u81ea\u6211\u9632\u885b\u7db2\u53cb\u5927\u63a8\u300cR20\u300d\uff01"}, {"type": 0, "id": "minifat", "content": ": \u661f\u5df4\u514b\u4fdd\u6eab\u74f6\u963f \u53c8\u6f6e\u53c8\u9632\u8eab"}, {"type": 1, "id": "bathilda", "content": ": \u5e73\u5e95\u934b\u90fd\u80fd\u6253\u6b7b\u4eba\u7684"}, {"type": 0, "id": "tzonren", "content": ": \u4e0a\u6b21\u62ffR20\u51fa\u4f86 \u5147\u5acc\u76f4\u63a5\u7576\u5834\u64fc\u7ba1"}, {"type": 1, "id": "xxxg00w0", "content": ": M67\u6216SPF87\u5427"}, {"type": 1, "id": "pipi8696044", "content": ": \u958b\u5c71\u5200\u3001\u5315\u9996\u3001\u934b\u84cb\uff0c\u5e73\u5e38\u6536\u597d\u4e0d\u8981"}, {"type": -1, "id": "GSX150s", "content": ": \u76f4\u63a5\u8cb7AR-15\u74e6\u65af\u69cd\u554a \u53cd\u6b63\u90fd\u9055\u6cd5\uff0c\u8cb7\u4e00"}, {"type": 0, "id": "pipi8696044", "content": ": \u62ff\u51fa\u4f86\u4e82\u6643\u597d\u50cf\u6c92\u6709\u95dc\u4fc2\u5427\uff1f"}, {"type": 0, "id": "GSX150s", "content": ": \u628a\u5687\u6b7b\u4eba\u7684"}, {"type": 1, "id": "SupCat", "content": ": R20"}, {"type": 1, "id": "tending", "content": ": \u97d3\u570b\u745c\u7389\u7167"}, {"type": 1, "id": "fgh81113", "content": ": R20"}, {"type": 1, "id": "floz", "content": ": https://imgur.com/X8IWx9p"}, {"type": 0, "id": "RAA1144557", "content": ": \u8cb7\u6ce1\u6cab\u578b\u7684MACE\u9632\u8eab\u5674\u9727\u554a"}, {"type": 0, "id": "aitela", "content": ": \u8b66\u5bdf\u8981\u96a8\u8eab\u651c\u5e36\u300c\u96fb\u64ca\u68d2\u3001\u69cd\u300d\u5167\u653f\u90e8\uff1f"}, {"type": 1, "id": "bathilda", "content": ": \u7528\u68c9\u7dda\u888b\u88dd\u4fdd\u6eab\u676f\u5c31\u53ef\u4ee5\u5c3b\u4eba\u4e86"}, {"type": 1, "id": "Freeven", "content": ": \u62cb\u7db2\u69cd\u4e0d\u77e5\u9053\u884c\u4e0d\u884c"}, {"type": 1, "id": "bigbirdfly", "content": ": \u76ae\u5e36\uff0c\u7529\u5230\u982d\u99ac\u4e0a\u723d\u6b6a\u6b6a"}, {"type": 1, "id": "p95649564", "content": ": \u76f4\u63a5\u62ff\u69cd \u5e79 \u53f0\u7063\u4e00\u5806\u4eba\u6709\u69cd \u5269\u6211\u6c92\u6709"}, {"type": 0, "id": "henryhao", "content": ": \u5148\u8dd1\u518d\u8aaa"}, {"type": 0, "id": "jeff52", "content": ": \u53eb\u6cd5\u5b98\u4f86\u8089\u8eab\u64cb"}, {"type": 1, "id": "okah", "content": ": R20\u662f\u8981\u628a\u6b79\u5f92\u5695\u5230\u7206\u5594"}, {"type": 1, "id": "elzohar", "content": ": \u8fa3\u6912\u6c34\u6548\u679c\u5f88\u597d\u554a..\u5674\u4e0b\u53bb\u4e4b\u5f8c\u5c31\u96a8\u4f60\u4e86"}, {"type": 1, "id": "lyn426", "content": ": \u80a5\u5b85\u9ad4\u5473"}, {"type": 1, "id": "pinCC", "content": ": \u96e8\u5098"}, {"type": 1, "id": "gjhuang", "content": ": \u8cb7\u920d\u5668\u9632\u8eab\u68d2\uff0c\u5408\u6cd5"}, {"type": 1, "id": "tomxyz", "content": ": note 7"}, {"type": 0, "id": "ivesonion", "content": ": \u5341\u5927\u6b66\u5668\u4e4b\u9996 \u6298\u51f3"}, {"type": 1, "id": "yayawoliyau", "content": ": \u6182\u529b\u81a0\u689d"}, {"type": 1, "id": "xanthippe", "content": ": \u7528R20\u53ef\u4ee5\u7a7a\u624b\u5165\u767d\u5203"}, {"type": 1, "id": "kavalan1979", "content": ": \u3010\u81ea\u62cd\u68d2\u3011"}, {"type": 0, "id": "wsx26997785", "content": ": \u68d2\u7403\u68cd"}], "post_ip": "49.219.186.167", "post_content": "\n\n\u5abd\u7684 \u4eca\u5929\u9019\u500b\u512a\u826f\u8b66\u5bdf\u6b7b\u6389 \u771f\u7684\u662f\u570b\u5bb6\u7684\u640d\u5931\n\n\u80a5\u5b85\u6211\u6df1\u6df1\u5730\u611f\u5230\u907a\u61be\n\n\u4e5f\u6df1\u89ba\u793e\u6703\u4e0a\u760b\u5b50\u8d8a\u4f86\u8d8a\u591a \u800c\u4e14\u5f80\u5f80\u7121\u6cd5\u9632\u7bc4\n\n\n\n\u60f3\u8aaa\u8cb7\u500b\u7529\u68cd\u4f86\u81ea\u885b \u4f46\u597d\u50cf\u53cd\u800c\u6703\u9055\u6cd5\n\n\u96fb\u64ca\u68d2\u548c\u96fb\u64ca\u69cd\u597d\u50cf\u4e5f\u4e0d\u884c\n\n\u9632\u72fc\u5674\u9727\u548c\u8fa3\u6912\u6c34\u53c8\u6c92\u6709\u963b\u64cb\u80fd\u529b\n\n\u6709\u6c92\u6709\u53ef\u4ee5\u7528\u4f86\u5408\u6cd5\u81ea\u885b\u7684\u5668\u68b0\u554a\uff1f\n\n--\n"}