{"ptt_id": "kobe30418", "post_url": "https://www.ptt.cc/bbs/Gossiping/M.1564240745.A.8E0.html", "post_type": "\u554f\u5366", "post_title": "RO\u7684\u7375\u4eba\u7a7a\u624b\u6709\u591a\u5f37\uff1f", "post_time": "2019-07-27 23:19:03", "post_score": 4, "post_pushes": [{"type": 0, "id": "breakheart", "content": ": (*\u2032\u2200`)~\u2665"}, {"type": 0, "id": "a27588679", "content": ": \u7528dos\u6bd4\u8f03\u5feb"}, {"type": 1, "id": "koiopolo2", "content": ": ad99 \u5fc3\u795e\u51dd\u805a\u7576\u7136\u5feb\u311a"}, {"type": 1, "id": "new122851", "content": ": \u6bd4\u523a\u5ba2\u5feb\u6b63\u5e38\u5427 \u5fc3\u795e\u51dd\u805a"}, {"type": 1, "id": "y9111116", "content": ": Aspd193 \u6bcf\u500b\u7375\u4eba\u57fa\u672c\u5427"}, {"type": 0, "id": "ymx3xc", "content": ": \u9ce5\u5f9e\u982d\u98db\u5230\u5e95 \u53ef\u662f\u7121\u5c6c\u6027 U\u6ce2\u60e1\u6ce2\u53ef\u4ee5\u64cb"}, {"type": 1, "id": "revive25", "content": ": \u4e8c\u9023\u77e2\u9023\u5c04"}], "post_ip": "42.77.197.13", "post_content": "\n\u4ee5\u524d\u73a9RO\u554a\n\n\u770b\u5230\u6709\u500b\u4eba\u73a9PVP\u7684\u7375\u4eba\n\n\u4e0d\u7528\u5f13\u7bad \u53ea\u7528\u7a7a\u624b\n\n\u770b\u5230\u6cd5\u5e2b\u5c31\u904e\u53bb\u7d66\u4ed6\u4e00\u9813\u7c97\u98fd\n\n\u653b\u901f\u8d85\u5feb \u6253\u7684\u6cd5\u5e2b\u4e0d\u8981\u4e0d\u8981\u7684\n\n\u6211\u5c31\u89ba\u5f97\u5947\u602a \u600e\u9ebc\u7375\u4eba\u653b\u901f\u6bd4\u523a\u5ba2\u5feb\n\n\u662f\u4e0d\u662f\u958b\u639b\uff1f\n\n--\n"}