{"ptt_id": "pqpqpqpq", "post_url": "https://www.ptt.cc/bbs/Gossiping/M.1567062734.A.AE1.html", "post_type": "\u554f\u5366", "post_title": "\u70ba\u4ec0\u9ebc\u8001\u5916\u63d0\u5230\u652f\u90a3\u60f3\u5230\u7684\u90fd\u662f\u529f\u592b\uff1f", "post_time": "2019-08-29 15:12:12", "post_score": 14, "post_pushes": [{"type": 0, "id": "highyes", "content": ": \u8782\u6027\u624d\u662f\u5427\uff01"}, {"type": 0, "id": "firemothra", "content": ": \u9084\u6709\u6210\u9f8d"}, {"type": 0, "id": "asd52726", "content": ": \u6771\u65b9\u795e\u79d8\u529b\u91cf"}, {"type": 1, "id": "h555220", "content": ": \u4ed6\u5011\u5f88\u611b\u674e\u5c0f\u9f8d"}, {"type": 0, "id": "roywow", "content": ": \u6211\u89ba\u5f97\u662f\u674e\u5c0f\u9f8d=="}, {"type": -1, "id": "thegreatlcx", "content": ": \u56e0\u70ba\u90a3\u500b\u8001\u5916\u662f\u667a\u969c"}, {"type": 1, "id": "AntiCompete", "content": ": \u8001\u5916\u90fd\u662f1450\u5047\u626e\u7684"}, {"type": 0, "id": "stocktonty", "content": ": \u534a\u5632\u7b11\u5fc3\u614b\u5427"}, {"type": 1, "id": "a1122334424", "content": ": \u903c \u6316\u7279  \u8cb7 \u670d\u7df4"}, {"type": 1, "id": "kent", "content": ": \u4e2d\u570b\u529f\u592b\uff08X\uff09\u82b1\u62f3\u7e61\u817f\uff08O\uff09"}, {"type": 1, "id": "nobeldd", "content": ": \u74f7\u5668"}, {"type": -1, "id": "mc0204", "content": ": \u641e\u4e0d\u61c2\u70ba\u4ec0\u9ebc\u5916\u570b\u4eba\u611b\u5439\u6367\u674e\u5c0f\u9f8d \u4ed6\u80fd\u6253"}, {"type": 1, "id": "hosen", "content": ": \u56e0\u70ba\u7576\u5e74\u7684\u674e\u5c0f\u9f8d\u592a\u53b2\u5bb3\u4e86"}, {"type": 0, "id": "mc0204", "content": ": \u7684\u904e\u6cf0\u68ee\uff1f"}, {"type": 0, "id": "hosen", "content": ": \u4e0d\u77e5\u9053\u674e\u5c0f\u9f8d\u6709\u591a\u53b2\u5bb3\u53ef\u4ee5\u56de\u53bb\u770b\u7d00\u9304\u7247"}, {"type": 1, "id": "transfixgod", "content": ": MMA\u4e0b\u4e2d\u570b\u529f\u592b\u76e1\u662f\u5783\u573e"}, {"type": 1, "id": "pornstar", "content": ": \u67d0\u6a13\u7121\u77e5\u7684\u53ef\u4ee5\u53bb\u770b\u4e00\u4e0b\u674e\u5c0f\u9f8d\u5404\u7a2e\u8a2a\u8ac7,"}, {"type": 0, "id": "pornstar", "content": ":  \u5c31\u77e5\u9053\u8001\u5916\u70ba\u5565\u628a\u4ed6\u7576\u795e"}, {"type": 0, "id": "transfixgod", "content": ": \u674e\u5c0f\u9f8d\u6700\u597d\u80fd\u6253...\u6f14\u6232\u4f60\u7576\u771f\uff1f"}, {"type": 0, "id": "transfixgod", "content": ": \u8449\u554f\u4e5f\u4e00\u526f\u5f31\u7206\u7684\u81ea\u55e8\u7247"}, {"type": 0, "id": "pornstar", "content": ": \u9023\u4ed6\u5152\u5b50\u674e\u570b\u8c6a\u7684\u8a2a\u8ac7\u4e5f\u53ef\u4ee5\u770b\u4e00\u4e0b, \u6709"}, {"type": 0, "id": "pornstar", "content": ": \u7e7c\u627f\u8001\u7238\u7684\u9b45\u529b"}, {"type": 1, "id": "hyuchi0202", "content": ": \u674e\u5c0f\u9f8d\u771f\u7684\u80fd\u6253\u554a\uff0c\u4f60\u53ea\u770b\u904e\u96fb\u5f71\u55ce\uff1f"}, {"type": 0, "id": "pornstar", "content": ": \u674e\u5c0f\u9f8d\u662f\u8857\u982d\u5be6\u6230\u51fa\u8eab\u7684, \u8aaa\u4ed6\u4e0d\u80fd\u6253\u7684"}, {"type": 0, "id": "transfixgod", "content": ": \u6253\u4e00\u5834MMA\u5c31\u77e5\u9053\u674e\u5c0f\u9f8d\u662f\u4e0d\u662f\u5783\u573e\u4e86"}, {"type": 0, "id": "pornstar", "content": ": \u624d\u662f\u5370\u8c61\u6d3e\u3002"}, {"type": -1, "id": "mc0204", "content": ": \u80fd\u6709\u591a\u53b2\u5bb3\uff1f\u5c31\u90a3\u5c0f\u8eab\u677f \u6cf0\u68ee\u76f4\u63a5\u4e00\u62f3\u6253\u8db4"}, {"type": 1, "id": "pornstar", "content": ": \u6c92\u6709\u674e\u5c0f\u9f8d\u5c31\u4e0d\u6703\u6709\u73fe\u5728\u7684MMA\u6982\u5ff5\uff0c\u6a13\u4e0a"}, {"type": 0, "id": "pornstar", "content": ": \u53ef\u4ee5\u4e0d\u7528\u79c0\u4e0b\u9650,  \u53bb\u770b\u4e00\u4e0bMMA\u9078\u624b\u5c0d\u674e"}, {"type": 0, "id": "pornstar", "content": ": \u5c0f\u9f8d\u7684\u8a55\u50f9"}, {"type": 1, "id": "transfixgod", "content": ": \u6367\u674e\u5c0f\u9f8d\u8cfa\u4e2d\u570b\u50bb\u903c\u7684\u9322\u554a\uff0c\u61c2\uff1f"}, {"type": 1, "id": "pornstar", "content": ": \u674e\u5c0f\u9f8d\u5c31\u662f\u8ddf\u7576\u6642\u6700\u5f37\u7684\u683c\u9b25\u9078\u624b(\u7a7a\u624b\u9053"}, {"type": 0, "id": "pornstar", "content": ": \u51a0\u8ecd)\u5c0d\u7df4, \u4ed6\u662f\u5f15\u9032\u904b\u52d5\u79d1\u5b78\u5316\u8ddf\u6253\u7834\u6b66"}, {"type": 0, "id": "pornstar", "content": ": \u8853\u9580\u6d3e(\u73fe\u4ee3\u81ea\u7531\u683c\u9b25)\u7684\u9996\u4f4d\u63d0\u5021\u8005"}, {"type": 0, "id": "pornstar", "content": ": \u89ba\u9752\u8166\u771f\u7684\u53ef\u4ee5\u9589\u5634, \u8001\u5916\u5f9e50\u5e74\u524d\u5c31\u628a"}, {"type": 0, "id": "pornstar", "content": ": \u674e\u5c0f\u9f8d\u7576\u795e, \u539f\u4f86\u5f9e50\u5e74\u524d\u5c31\u61c2\u5f97\u8cfa\u4e2d\u570b"}, {"type": 0, "id": "pornstar", "content": ": \u9322XDD \u66f4\u4f55\u6cc1\u6b50\u7f8e\u5357\u7f8e\u6d32\u751a\u81f3\u4e2d\u6771\u5730\u5340\u5c0d"}, {"type": 1, "id": "pornstar", "content": ": \u674e\u5c0f\u9f8d\u7684\u8ffd\u6367\u6bd4\u4e2d\u570b\u9084\u8a87\u5f35\uff0c\u539f\u4f86\u5168\u4e16\u754c"}, {"type": 0, "id": "pornstar", "content": ": \u90fd\u662f\u70ba\u4e86\u8cfa\u4e2d\u570b\u9322\u624d\u6367\u674e\u5c0f\u9f8dXD \u89ba\u9752\u8166"}, {"type": 0, "id": "pornstar", "content": ": \u4e2d\u53ea\u5269\u53cd\u4e2d \u53ef\u60b2~"}, {"type": 1, "id": "pornstar", "content": ": \u53e6\u5916\u674e\u5c0f\u9f8d\u672c\u4eba\u4ee5\u53ca\u4ed6\u592a\u592a,\u5b50\u5973,\u5168\u662f\u7f8e"}, {"type": 0, "id": "pornstar", "content": ": \u570b\u4eba\u3002\u6367\u674e\u5c0f\u9f8d\u5c0d\u4e2d\u570b\u6709\u5565\u597d\u8655\u6211\u9084\u771f\u770b"}, {"type": 0, "id": "pornstar", "content": ": \u4e0d\u592a\u51fa\u4f86, \u5168\u4e16\u754c\u6700\u5d07\u62dc\u674e\u5c0f\u9f8d\u7684\u5176\u5be6\u662f"}, {"type": 0, "id": "pornstar", "content": ": \u7f8e\u570b\u9ed1\u4eba\u793e\u7fa4,\u8ddf\u5357\u7f8e\u6d32"}, {"type": 1, "id": "pornstar", "content": ": \u53e6\u5916\u88dc\u5145, \u674e\u5c0f\u9f8d\u7684\u601d\u60f3\u8ddf\u73fe\u4ee3\u4e2d\u5171\u570b\u65cf"}, {"type": 0, "id": "pornstar", "content": ": \u4e3b\u7fa9\u5929\u58e4\u4e4b\u5225, \u4ed6\u5728\u7f8e\u570b\u6536\u7684\u7b2c\u4e00\u500b\u5b78\u751f"}, {"type": 0, "id": "pornstar", "content": ": \u662f\u9ed1\u4eba, Jesse Glover, \u9019\u572860\u5e74\u4ee3\u7f8e\u570b"}, {"type": 0, "id": "pornstar", "content": ": \u662f\u975e\u5e38\u8d85\u524d\u6642\u4ee3\u7684\u601d\u60f3, \u4ed6\u88ab\u7f8e\u570b\u4eba\u8ffd\u6367"}, {"type": 0, "id": "pornstar", "content": ": \u7684\u539f\u56e0\u5f88\u5927\u90e8\u4efd\u4e5f\u662f\u4ed6\u7684\u601d\u60f3\u8d85\u8d8a\u90a3\u500b\u5e74"}, {"type": 0, "id": "pornstar", "content": ": \u4ee3\u5e7e\u5341\u5e74\u3002\u4f60\u53ef\u4ee5\u53bb\u770b\u4ed6196X\u5e74\u67d0\u6bb5\u8a2a\u8ac7"}, {"type": 0, "id": "pornstar", "content": ": \u7684\u56de\u7b54, \u7576\u6642\u7f8e\u570b\u4e3b\u6301\u4eba\u554f\u674e\u5c0f\u9f8d\u81ea\u8a8d\u662f"}, {"type": 0, "id": "pornstar", "content": ": \u7f8e\u570b\u4eba\u9084\u662f\u4e2d\u570b\u4eba"}, {"type": 1, "id": "capriphoenix", "content": ": \u4e2d\u570b\u529f\u592b\u5176\u5be6\u8ddf\u65e5\u672c\u5fcd\u8005\u5dee\u4e0d\u591a"}, {"type": 1, "id": "jason985", "content": ": Pornstar\u4f60\u5e79\u561b\u8ddf\u667a\u969c\u8a8d\u771f"}], "post_ip": "203.160.80.22", "post_content": "\n\u5b89\u5b89\npq\u6253\u5c41\u80a1\n\n\u652f\u90a3\u570b\n\u597d\u50cf\u90fd\u88ab\u8001\u5916\u7528\u529f\u592b\u5b9a\u4f4d\u4e86\nChinese kungfu\n\n\u9023\u52d5\u756b\n\u529f\u592b\u718a\u8c93\u4e5f\u662f\u88ab\u5b9a\u4f4d\u5728\u652f\u90a3\n\n\u4f46\u662f\u9f41\n\u5176\u5be6\u627e\u4e00\u500b\u683c\u9b25\u6d3e\u7684\n\u61c9\u8a72\u90fd\u80fd\u79d2\u6389\u4ec0\u9ebc\u592a\u6975\u4ec0\u9ebc\u8a60\u6625\u7684\n\u751a\u81f3\u6cf0\u62f3\u90fd\u6bd4\u652f\u90a3kungfu \u5c4c\u5427\n\n\u4f46\u70ba\u4ec0\u9ebc\u8001\u5916\u9084\u662f\u89ba\u5f97kungfu\u5f88\u5c4c\uff1f\n\n\u662f\u4e0d\u662f\u88ab\u7576\u5e74\u7684\u7fa9\u548c\u5718\u5687\u5230\u4e86\uff1f\n\n--\n"}