{"ptt_id": "CavendishJr", "post_url": "https://www.ptt.cc/bbs/Gossiping/M.1564968563.A.372.html", "post_type": "\u554f\u5366", "post_title": "\u9577\u9aee\u96f7\u59c6\u770b\u8d77\u4f86\u8d85\u8272\u6c23", "post_time": "2019-08-05 09:29:20", "post_score": -3, "post_pushes": [{"type": 1, "id": "wolver", "content": ": \u85cd\u8272\u9577\u9aee\uff1f\u6211\u53ea\u8a8d\u8b58\u667a\u529b3\u7684\u90a3\u500b"}, {"type": 0, "id": "meicon5566", "content": ": \u9019\u4e32\u6c92\u81ed\u6211\u8868\u6f14\u81ea\u542b\u89bd\u53eb"}, {"type": 0, "id": "iPolo3", "content": ": \u4e00\u6a13\u5641\u5b85\u6700\u611b\u827e\u871c\u62c9"}, {"type": 0, "id": "roywow", "content": ": \u6a13\u4e0b\u61f6\u89ba\u5f88\uff1f"}, {"type": -1, "id": "AOA2", "content": ": \u5916\u64f4\u597d\u56b4\u91cd..."}, {"type": -1, "id": "paul2chiu", "content": ": \u81ed\u6b7b\u4e86 \u6efe\u5566\u5e79"}, {"type": 0, "id": "noreg0393933", "content": ": \u660a"}, {"type": -1, "id": "breadking", "content": ": \u5614\u5614\u5614 \u597d\u5641"}, {"type": 0, "id": "gameguy", "content": ": \u984f\u8272\u6b63\u78ba\uff0c\u9019\u4e00\u5b9a\u662f\u963f\u514b\u897f\u65af\u6559\u5f92"}, {"type": -1, "id": "dhe3626", "content": ": \u6ed1\u5012"}, {"type": 0, "id": "akumo", "content": ": \u6efe"}, {"type": -1, "id": "userpeter", "content": ": \u55ef\u55ef"}, {"type": 0, "id": "forever1985", "content": ": \u85cd\u9577\u9aee\u963f\u514b\u897f\u65af\u842c\u6b72...\u5176\u4ed6\u90fd\u662f\u507d\u7269"}, {"type": 1, "id": "yyan1218", "content": ":  https://i.imgur.com/YD0tMpT.jpg"}, {"type": 0, "id": "yyan1218", "content": ":  https://i.imgur.com/fxKyAFk.jpg"}, {"type": -1, "id": "meta41110", "content": ": https://i.imgur.com/vH14UfT.gif\u51f8("}, {"type": 0, "id": "meta41110", "content": ": \uff9f\u0434\uff9f)\u51f8\u6454\u5012"}, {"type": 1, "id": "skygray2", "content": ": https://i.imgur.com/101yR97.jpg"}], "post_ip": "101.137.192.97", "post_content": "\n\n\u70ba\u4ec0\u9ebc\u77ed\u9aee\u7121\u611f\n\n\u7559\u4e86\u9577\u9aee\u770b\u8d77\u4f86\u5c31\u8d85\u8272\u6c23\n\nhttps://i.imgur.com/FUXS6rx.jpg\n\n\u6211\u6562\u8aaa\u7d55\u5c0d\u8ddf\u5976\u5b50\u7121\u95dc\n\n\n\u6709\u516b\u5366\u55ce><\n\n\n\n\n\n\n--\n\u5b78\u59b9 https://i.imgur.com/XjQxgGj.jpg \u4fdd\u93e2 https://i.imgur.com/yOJRbbk.jpg\n\u5973\u5152 https://i.imgur.com/RJIgDKA.jpg\n\u5de6\u592b\u4eba https://i.imgur.com/4umIdbL.jpg \u53f3\u592b\u4eba https://i.imgur.com/3SSem7f.jpg\n\u8001\u5a46\u7684\u59d0\u59b9 https://i.imgur.com/i5n1N2F.jpg\n\u4fe1\u4ef0\u795e\u7947 https://i.imgur.com/PNLCKJN.jpg\n\u7406\u4e8b\u9577 https://i.imgur.com/udT8Zfo.jpg\n\n--\n"}