{"ptt_id": "kent", "post_url": "https://www.ptt.cc/bbs/Gossiping/M.1568857808.A.BCA.html", "post_type": "\u65b0\u805e", "post_title": "\u963f\u4f2f\u662f\u72fc\uff01\u516c\u5712\u8eca\u9707\u6027\u4fb5\u540c\u5c45\u5973\u7ae5 \u7292\u8cde\u751c", "post_time": "2019-09-19 09:50:05", "post_score": 12, "post_pushes": [{"type": 1, "id": "jorden", "content": ": \u672a\u770b\u5148\u731c \u9b3c\u7236\u5e02"}, {"type": 0, "id": "milk250", "content": ": A\u4ec0\u9ebcA  \u516c\u5e03\u59d3\u540d\u548c\u9577\u76f8\u554a\u5e79  \u5b78\u5b78\u7f8e\u570b\u7238"}, {"type": 0, "id": "milk250", "content": ": \u7238\u597d\u55ce"}, {"type": 1, "id": "SaiJhin", "content": ": \u65b0\u5317"}, {"type": 1, "id": "wwf0322", "content": ": \u5730\u9ede\u6b63\u78ba"}, {"type": 1, "id": "Beanoodle", "content": ": a\u6bba\u5c0f\u5e79"}, {"type": 1, "id": "longkiss0618", "content": ": \u5730\u9ede\u6b63\u78ba"}, {"type": -1, "id": "Krishna", "content": ": A\u59d3\u5144\u5f1f\u662f\u4e09\u5c0f\uff1f\u672a\u6210\u5e74\u59d3\u90fd\u4e0d\u80fd\u516c\u4f48\uff1f"}, {"type": 0, "id": "SonyXperiaZ3", "content": ": #\u53f0\u7537 #\u65b0\u5317 #\u7570\u6027\u6200 #\u863f\u8389\u63a7"}, {"type": 1, "id": "ianlin1216", "content": ": \u751c\u4e0d\u8fa3 =="}, {"type": 1, "id": "kingkiller", "content": ": \u600e\u9ebc\u8001\u662f\u65b0\u5317"}, {"type": 1, "id": "uubbabb8", "content": ": \u65b0\u5317\u5c31\u4e00\u5806\u5783\u573e\u4f4f\u7684\u5730\u65b9"}, {"type": 1, "id": "fireda", "content": ": \u5f15\u8a98\u5c11\u5e74\u70ba\u6709\u5c0d\u50f9\u6027\u4ea4\u7f6a \u662f\u4e0d\u662f\u4e0d\u7d66\u9322\u5c31\u597d"}, {"type": 1, "id": "ElizabethXIV", "content": ": \u76f4\u63a5\u516c\u5e03\u5f88\u96e3\u55ce"}, {"type": 1, "id": "flybirdy", "content": ": \u5e79\u4e00\u767e\u5143\u9084\u8981\u627e\u9322 \u771f\u5920\u6e23"}, {"type": 1, "id": "shapei0626", "content": ": \u7576\u5730\u5e02\u9577\u662f\u9435\u6f22"}, {"type": 1, "id": "ShinRuei", "content": ": \u672a\u770b\u5148\u731c\u65b0\u5317"}, {"type": 1, "id": "IreneLan1111", "content": ": \u5e79\u5783\u573e"}, {"type": 0, "id": "JackTheRippe", "content": ": \u7292\u8cde\u5404\u7a2e\u751c\u4e0d\u8fa3 \u771f\u5641"}, {"type": 0, "id": "buwa56", "content": ": \u5e79 \u771f\u7684\u61c9\u8a72\u53bb\u6b7b"}, {"type": -1, "id": "ramire", "content": ": \u5783\u573e"}, {"type": 1, "id": "ktoaoeex", "content": ": \u885b\u5bae\u662f\u72fc"}, {"type": -1, "id": "kimp01pr1nce", "content": ": \u7570\u6027\u6200\u7684\u65b0\u805e\u90fd\u4e0d\u6703\u770b\u5230\u64b2\u6bba\u5b57\u773c"}, {"type": -1, "id": "AdamChiau", "content": ": \u771f\u7684\u4e0d\u610f\u5916"}, {"type": 1, "id": "maccty159", "content": ": \u5730\u9ede\u6b63\u78ba"}, {"type": -1, "id": "ppplum", "content": ": \u5641"}, {"type": 0, "id": "fuhu66", "content": ": AAAAAAAAAA"}, {"type": 1, "id": "cynthiajul", "content": ": \u53f0\u7537\u53c8\u505a\u51fa\u53f0\u7537\u884c\u70ba\u4e86"}, {"type": 0, "id": "wayne62", "content": ": https://www.flyingv.cc/projects/23638"}, {"type": 0, "id": "wayne62", "content": ": \u8774\u8776\u6735\u6735\u50b3\u611b\u504f\u9109\uff0c\u719f\u4eba\u6027\u4fb5\u9632\u6cbb\u7f3a\u4f60\u4e0d\u53ef"}, {"type": 0, "id": "wuheroin", "content": ": \u53f0\u7537\u53c8\u53f0\u7537\u4e86"}], "post_ip": "114.42.248.75", "post_content": "\n1.\u5a92\u9ad4\u4f86\u6e90:\n\u81ea\u7531\n\n2.\u8a18\u8005\u7f72\u540d\n\u3014\u8a18\u8005\u9673\u6170\u6148\uff0f\u65b0\u5317\u5831\u5c0e\u3015\n\n3.\u5b8c\u6574\u65b0\u805e\u6a19\u984c:\n\u963f\u4f2f\u662f\u72fc\uff01\u516c\u5712\u8eca\u9707\u6027\u4fb5\u540c\u5c45\u5973\u7ae5 \u7292\u8cde\u751c\u4e0d\u8fa3...\n\n4.\u5b8c\u6574\u65b0\u805e\u5167\u6587:\n\n\u3014\u8a18\u8005\u9673\u6170\u6148\uff0f\u65b0\u5317\u5831\u5c0e\u3015\u65b0\u5317\u5e02\u4e00\u540d12\u6b72\u5973\u7ae5\uff0c\u548cA\u59d3\u5144\u5f1f\u662f\u540c\u4e00\u5c64\u6a13\u623f\u5ba2\uff0cA\u5f1f\u8d81\u8207\u5973\n\u7ae5\u7368\u8655\u4e4b\u969b\uff0c\u5f37\u903c\u5973\u7ae5\u5e6b\u4ed6\u53e3\u4ea4\uff0c\u786c\u4e0a\u5973\u7ae5\uff0c\u751a\u81f3\u628a\u5973\u7ae5\u8f09\u5230\u516c\u5712\u8eca\u9707\u6027\u4fb5\uff0c\u7d50\u675f\u5f8c\u5e36\u5973\n\u7ae5\u53bb\u5403\u751c\u4e0d\u8fa3\u624d\u8fd4\u5bb6\uff0c\u76f4\u5230\u9130\u5c45\u767c\u73fe\u5973\u7ae5\u884c\u8e64\u6709\u7570\u8ffd\u554f\uff0c\u6b64\u6848\u624d\u66dd\u5149\uff0c\u65b0\u5317\u5730\u6aa2\u7f72\u4eca\u4f9d\u52a0\n\u91cd\u5f37\u5236\u6027\u4ea4\u7f6a\u5c07A\u5f1f\u8d77\u8a34\u3002\n\n\u8d77\u8a34\u6307\u51fa\uff0c\u4eca\u5e748\u67085\u65e5\u665a\u9593\uff0cA\u5f1f\u8d81\u53ea\u6709\u4ed6\u8ddf\u5973\u7ae5\u5728\u5bb6\uff0c\u5728\u5ba2\u5ef3\u5167\u5f37\u543b\u5973\u7ae5\uff0c\u903c\u5973\u7ae5\u5e6b\u4ed6\n\u53e3\u4ea4\uff0c\u9694\u5929\u898b\u5973\u7ae5\u6d17\u5b8c\u6fa1\uff0c\u7adf\u628a\u5973\u7ae5\u53eb\u9032\u54e5\u54e5\u623f\u9593\uff0c\u8981\u5973\u7ae5\u53e3\u4ea4\uff0c\u518d\u5f37\u812b\u5973\u7ae5\u8863\u8932\u6027\u4fb5\u5f97\n\u901e\uff1b\u7fcc\u65e5\u898b\u5973\u7ae5\u5728\u5ba2\u5ef3\u770b\u96fb\u8996\uff0c\u53c8\u4e0d\u61f7\u597d\u610f\u554f\u5973\u7ae5\uff1a\u300c\u8981\u4e0d\u8981\u51fa\u53bb\u8cb7\u6771\u897f\uff1f\u300d\u958b\u8eca\u5c07\u5973\u7ae5\n\u8f09\u81f3\u516c\u5712\uff0c\u5728\u8eca\u4e0a\u6d29\u617e\uff0c\u7d50\u675f\u5f8c\u4e26\u5e36\u5973\u7ae5\u53bb\u5403\u751c\u4e0d\u8fa3\uff0c\u5973\u7ae5\u7576\u665a\u56de\u5bb6\u5f8c\uff0c\u88ab\u9130\u5c45\u5bdf\u89ba\u6709\u7570\n\uff0c\u8ffd\u554f\u5f8c\u624d\u5f97\u77e5A\u5f1f\u7adf\u662f\u60e1\u72fc\u3002\n\n\u958b\u5ead\u6642\uff0cA\u5f1f\u5426\u8a8d\u6027\u4fb5\uff0c7\u65e5\u5728\u8eca\u4e0a\u662f\u8ddf\u5973\u7ae5\u804a\u5929\uff0c\u9130\u5c45\u537b\u6307\u7a31\uff0c8\u67087\u65e5\u665a\u4e0a7\u9ede\u591a\u4e0b\u73ed\uff0c\n\u770b\u898b\u5973\u7ae5\u5f1f\u5f1f\uff0c\u554f\u300c\u4f60\u59ca\u59ca\u5462\uff1f\u300d\u5973\u7ae5\u5f1f\u56de\uff1a\u300c\u59ca\u59ca\u8ddf\u963f\u4f2f\u51fa\u53bb\u4e86\uff01\u300d\u76f4\u5230\u665a\u4e0a10\u9ede\u591a\uff0c\n\u5973\u7ae5\u624d\u56de\u5bb6\uff0c\u56e0\u7576\u5929\u662f\u4e03\u5915\u60c5\u4eba\u7bc0\uff0c\u4ed6\u597d\u5947\u554f\uff1a\u300c\u662f\u4e0d\u662f\u4ea4\u7537\u53cb\u6240\u4ee5\u8dd1\u51fa\u53bb\uff1f\u300d\u5973\u7ae5\u537b\u652f\n\u652f\u543e\u543e\uff0c\u4ed6\u9032\u4e00\u6b65\u8ffd\u554f\u5973\u7ae5\u624d\u8aaa\u88ab\u963f\u4f2f\u6027\u4fb5\u3002\n\n\u6aa2\u65b9\u4f9d\u64da\u9130\u5c45\u8b49\u8a5e\u53ca\u76e3\u8996\u5668\u756b\u9762\uff0c\u8a8d\u5b9aA\u5f1f\u6709\u8f09\u5973\u7ae5\u5230\u516c\u5712\uff0c\u4e26\u5728\u8eca\u4e0a\u505c\u755920\u5206\u9418\uff0c\u5973\u7ae5\n\u4e0b\u9ad4\u4e5f\u6709\u6495\u88c2\u50b7\uff0c\u56e0\u6b64\u4e0d\u63a1\u4fe1\u5176\u8faf\u8a5e\uff0c\u8a8d\u5b9aA\u7537\u6027\u4fb5\u5973\u7ae53\u6b21\uff0c\u5c07\u4ed6\u8d77\u8a34\u3002\n\n\u81f3\u65bc\u5973\u7ae5\u53e6\u6307\uff0c\u300c\u2026\u7d50\u675f\u5f8c\u963f\u4f2f\u5e36\u6211\u53bb\u5403\u751c\u4e0d\u8fa3\uff0c\u5403\u5b8c\u5f8c\u4ed6\u8aaa\u8981\u53bb\u505c\u8eca\uff0c\u53eb\u6211\u8d70\u8def\u56de\u5bb6\uff0c\n\u5230\u5bb6\u5f8c\uff0c\u4ed6\u62ff100\u5143\u7d66\u6211\u53eb\u6211\u8cb7\u51b0\u6c99\uff0c\u4e00\u676f\u51b0\u6c9925\u5143\uff0c\u5269\u4e0b75\u5143\u6211\u62ff\u7d66\u963f\u4f2f\uff0c\u963f\u4f2f\u7d66\u621150\n\u5143\u300d\uff0cA\u7537\u6d89\u5acc\u9055\u72af\u5152\u5c11\u6027\u525d\u524a\u689d\u4f8b\u5f15\u8a98\u5c11\u5e74\u70ba\u6709\u5c0d\u50f9\u6027\u4ea4\u7f6a\u5acc\uff0c\u6aa2\u65b9\u8a8d\u70ba\u6b64\u4e8b\u5728\u6027\u4fb5\u7d50\n\u675f\u5f8c\uff0c\u6027\u4fb5\u524d\u4e26\u7121\u4ee5\u91d1\u9322\u5f15\u8a98\u5973\u7ae5\uff0c\u6b64\u90e8\u5206\u7f6a\u5acc\u4e0d\u8db3\u4e0d\u8d77\u8a34\u3002\n\n5.\u5b8c\u6574\u65b0\u805e\u9023\u7d50 (\u6216\u77ed\u7db2\u5740):\nhttps://news.ltn.com.tw/news/society/breakingnews/2919693\n\n6.\u5099\u8a3b:\n\u203b \u4e00\u500b\u4eba\u4e00\u5929\u53ea\u80fd\u5f35\u8cbc\u4e00\u5247\u65b0\u805e\uff0c\u88ab\u522a\u6216\u81ea\u522a\u4e5f\u7b97\u984d\u5ea6\u5167\uff0c\u8d85\u8cbc\u8005\u6c34\u6876\uff0c\u8acb\u6ce8\u610f\n\n--\n\u6211\u80a5\u5f97\u7406\u76f4\u6c23\u58ef \u6211\u80d6\u5f97\u6bd4\u8ab0\u90fd\u723d\n\n--\n"}