{"ptt_id": "haruka281", "post_url": "https://www.ptt.cc/bbs/Gossiping/M.1567263537.A.334.html", "post_type": "\u554f\u5366", "post_title": "\u6709\u6c92\u6709\u53e4\u5751\u9802\u67f4\u8def\u7684\u639b", "post_time": "2019-08-31 22:58:55", "post_score": 1, "post_pushes": [{"type": 1, "id": "vovovolibear", "content": ": \u592a\u9109\u4e0b\u4e86 google\u8857\u666f\u8eca\u958b\u4e0d\u9032\u53bbQQ"}, {"type": 0, "id": "vovovolibear", "content": ": \u7b49\u7b49 \u90a3\u500b\u662f\u6597\u516d\u5427\uff1f"}], "post_ip": "27.246.11.24", "post_content": "\n\u5c0f\u5f1f\u6211\u6700\u8fd1\u5728\u7528Google map\n\u5728\u67e5\u8a62\u53e4\u5751\u9109\u9802\u67f4\u8def\u7684\u8857\u666f\u6642\n\u537b\u767c\u73fe\u5b8c\u5168\u6c92\u6709\u756b\u9762\n\u4e00\u7247\u9ed1\n\n\u662f\u570b\u5bb6\u91cd\u8981\u8ecd\u4e8b\u57fa\u5730\u55ce\uff1f\n\u4e0d\u7136\u600e\u9ebc\u6c92\u8857\u666f\u756b\u9762\uff1f\n\n\u6709\u5366\u55ce\uff1f\n\n--\n"}