{"ptt_id": "rondox", "post_url": "https://www.ptt.cc/bbs/Gossiping/M.1562480930.A.504.html", "post_type": "\u554f\u5366", "post_title": "\u4e00\u4f4d\u85cd\u5e95\u767d\u9ede\u80a5\u5b85\u771f\u5fc3\u8a71", "post_time": "2019-07-07 14:28:47", "post_score": -1, "post_pushes": [{"type": 0, "id": "kilof", "content": ": \u7c43\u5e95\u767d\u9ede\u4e00\u5b9a\u767c\u9709\u4e86"}, {"type": 0, "id": "linda17a3", "content": ": \u6c92\u4eba\u5728\u4e4e\u80a5\u5b85\u5728\u60f3\u4ec0\u9ebc \u55da\u55da\u55da\u55da\u55da"}, {"type": -1, "id": "hh800315", "content": ": \u6efe\u7532\u7248"}, {"type": 0, "id": "shevchen", "content": ": Who care about you?"}, {"type": -1, "id": "jorden", "content": ": \u5641"}, {"type": 1, "id": "Forthelife", "content": ": \u6709\u5716"}], "post_ip": "180.217.89.73", "post_content": "\n\u6b38\u4f60\u5404\u4f4d\u71b1\u611b\u5ee2\u6587\u7684\u516b\u5366\u9109\u6c11\n\n\u672c50cm\u5de8\u5c4c\u80a5\u5b85\n\n\u7a7f\u85cd\u5e95\u767d\u9ede\u5167\u8932\u53bb\u7d04\u8dd1\n\n\u5230\u5e95\u6709\u6c92\u6709\u52a0\u5206\u86e4?\n\n\u793a\u610f\u5716\nhttps://i.imgur.com/GxBXfil.jpg\n\n\n--\n"}