{"ptt_id": "luciffar", "post_url": "https://www.ptt.cc/bbs/Gossiping/M.1569110570.A.D99.html", "post_type": "\u554f\u5366", "post_title": "\u6709\u6c92\u6709\u5275\u610f\u5438\u6536\u6c34\u5206\u7684\u516b\u5366", "post_time": "2019-09-22 08:02:48", "post_score": -2, "post_pushes": [{"type": -1, "id": "cake10414", "content": ": ....."}, {"type": 0, "id": "bassmaster", "content": ": \u6709\u5920\u817f"}, {"type": -1, "id": "yorkyoung", "content": ": \u516c\u4e09\u5c0f"}, {"type": 0, "id": "greensaru", "content": ": \u3002\u3002\u3002\u3002"}, {"type": 0, "id": "qa1122z", "content": ": \u4e94\u6a13\u60f3\u8868\u6f14"}, {"type": 0, "id": "qa1122z", "content": ": \u5e79"}, {"type": 0, "id": "ilove640", "content": ": \u4e94\u6a13\u958b\u59cb\u4f60\u7684\u8868\u6f14"}, {"type": 0, "id": "QBey", "content": ": \u767e\u5408\u5927\u6cd5\u597d"}, {"type": 1, "id": "SydLrio", "content": ": \u4e94\u6a13\u958b\u76f4\u64ad\u554a\uff01"}, {"type": -1, "id": "bassmaster", "content": ": \u6a13\u4e0a\u6536\u5230\u9322\u5f88\u958b\u5fc3\u9f41"}, {"type": 0, "id": "qa1122z", "content": ": \u9996\u5148\u8981\u5148\u812b\u8932\u5b50"}, {"type": 0, "id": "SydLrio", "content": ": \u5047\u7684\u5566\uff01\u600e\u9ebc\u53ef\u80fd\u771f\u7684\u6536\u5230\u9322"}, {"type": 0, "id": "bassmaster", "content": ": 51\u4e5f\u8aaa\u88e1\u9762\u6c92\u5916\u661f\u4eba"}, {"type": 0, "id": "cake10414", "content": ": 5F..."}], "post_ip": "223.138.154.108", "post_content": "\n\u4e00\u822c\u4eba\u5438\u6536\u6c34\u5206 \u90fd\u662f\u7528\u559d\u7684\n\n\u4f46\u662f\u6211\u807d\u8aaa\u91ce\u5916\u6c42\u751f\u7684\u5c08\u5bb6 \u906d\u96e3\u6642\n\n\u7121\u6cd5\u53d6\u5f97\u4e7e\u6de8\u7684\u6c34\u6e90\u6642 \u6703\u8acb\u540c\u4f34\n\n\u5f9e\u809b\u9580\u7528\u5634\u5df4\u704c\u9aaf\u9ad2\u7684\u6c34\u9032\u53bb\u76f4\u63a5\u5438\u6536\u6c34\u5206\n\n\u8acb\u554f\u9019\u6a23\u771f\u7684\u4e0d\u6703\u751f\u75c5\u55ce?\u6709\u5c08\u5bb6\u53ef\u4ee5\u89e3\u7b54\u55ce\n\n\u4eba\u9ad4\u9084\u6709\u54aa\u6709\u5404\u7a2e\u82b1\u5f0f\u7684\u559d\u6c34\u65b9\u5f0f\u53ef\u4ee5\u4ecb\u7d39\u4e00\u4e0b\u7684\n\n--\n"}