{"ptt_id": "cena0605", "post_url": "https://www.ptt.cc/bbs/Gossiping/M.1562856793.A.B71.html", "post_type": "\u554f\u5366", "post_title": "\u6709\u6c92\u6709Joeman\u7834160\u842c\u8a02\u95b1\u7684\u516b\u5366\uff1f", "post_time": "2019-07-11 22:53:11", "post_score": -3, "post_pushes": [{"type": -1, "id": "bonfferoni", "content": ": \u4e7e\u6211P\u4e8b"}, {"type": 1, "id": "Skydier", "content": ": \u96e3\u602a\u97d3\u570b\u745c\u9078\u5f97\u4e0a"}, {"type": 0, "id": "Rrrxddd", "content": ": \u667a\u969c\u6700\u611b \u4e0d\u610f\u5916"}, {"type": 0, "id": "Rrrxddd", "content": ": \u570b\u6c11\u9ee8\u90fd\u6709\u9019\u9ebc\u591a\u7968\u4e86"}, {"type": 1, "id": "Ram5566", "content": ": \u6709\u5920\u6703\u8e6d\u4eba\u6c23"}, {"type": -1, "id": "slaughter99", "content": ": \u5e6b\u5783\u573e\u58ae\u80ce\u738b\u6d17\u767d\u662f\u5973\u7db2\u53cb\u6316\u6d1e\u7d66\u4ed6"}, {"type": 0, "id": "slaughter99", "content": ": \u90fd\u5fd8\u4e86\uff1f"}, {"type": -1, "id": "jim12441", "content": ": \u4e5d\u9762\u4eba\u5614\u5614\u5614\u5614\u5614"}, {"type": 0, "id": "Iakane", "content": ": \u4ed6\u6709\u7626\u6b38"}, {"type": 0, "id": "xamous", "content": ": \u679c\u51cd\u7db2\u8ecd\uff1f"}, {"type": -1, "id": "qaz159", "content": ": \u4e5d\u9762\u4eba"}, {"type": 0, "id": "zoriyah", "content": ": \u4f60\u767c\u5728\u516b\u5366\u6703\u88ab\u5653"}, {"type": 0, "id": "jcrryjerry", "content": ": \u55ae\u770b\u5f71\u7247\u4eba\u5bb6\u6709\u8fa6\u6cd5\u6709\u8a71\u984c\u6027\uff0c\u6c92\u80fd\u529b"}, {"type": 0, "id": "jcrryjerry", "content": ": \u5c31\u4e0b\u53bb"}, {"type": -1, "id": "astrayzip", "content": ": \u65b0\u7d30\u660e\u9ad4\u4e8b\u4ef6\u5614\u5614\u5614\u5614\u5614\u5614"}, {"type": 0, "id": "ss18963", "content": ": \u6efe\u5566\u6a13\u4e0b\u5e6b\u5653"}, {"type": 1, "id": "vanadiu", "content": ": \u5641\u5fc3\u865b\u507d\u7537"}, {"type": -1, "id": "kagto790", "content": ": whose car"}, {"type": 0, "id": "GGINDOWBOW", "content": ": \u4e5d\u9762\u4eba"}], "post_ip": "126.205.4.243", "post_content": "\n\u8ddd\u96e2150\u842c\u9054\u6210\u5f8c\u597d\u4e45\u624d\u5230160\u842c\n\n\u771f\u662f\u8f9b\u82e6Joeman\u4e86 \u8d8a\u88ab\u904e\u6c23\u80a5\u5b85\u5144\u5f1f\u7c89\u9ed1\u5c31\u8d8a\u6210\u529f\n\n\u6709\u6c92\u6709160\u842c\u8a02\u95b1\u7684\u516b\u5366\uff1f\n\nhttps://i.imgur.com/MnNRH3I.jpg\n\n--\n"}