{"ptt_id": "asssstang", "post_url": "https://www.ptt.cc/bbs/Gossiping/M.1564228331.A.252.html", "post_type": "\u554f\u5366", "post_title": "\u6211484\u8d8a\u4f86\u8d8a\u908a\u7de3", "post_time": "2019-07-27 19:52:08", "post_score": 3, "post_pushes": [{"type": 0, "id": "gamania0515", "content": ": \u5de6\u8f49\u908a\u677f"}, {"type": 1, "id": "BIKOMAN", "content": ": 84\uff0c\u9019\u88e1\u7684\u4eba\u8ddf\u4f60\u90fd\u4e00\u6a23"}, {"type": 0, "id": "SydLrio", "content": ": \u6a13\u4e0b484\u611b\u6ecb\u7532\uff1f"}, {"type": 1, "id": "leoqqqoel", "content": ": \u4eba\u751f\u5c31\u662f\u9019\u6a23 \u65e9\u9ede\u7fd2\u6163\u5427"}, {"type": -1, "id": "pitalvlu", "content": ": \u4f60...\u6c92...\u6709...\u59b9\u59b9"}, {"type": 0, "id": "louis0210", "content": ": \u6069"}, {"type": 1, "id": "shrimp3", "content": ": 4"}, {"type": 1, "id": "shrimp3", "content": ": 1"}], "post_ip": "178.128.226.127", "post_content": "\n\u5982\u984c\n\n\u6211\u8ddf\u5bb6\u4eba\u5230\u52a0\u62ff\u5927\u63a2\u671b\u89aa\u621a\n\n\u4e0d\u904e\u6211\u8ddf\u89aa\u621a\u4e0d\u719f \u5c0d\u5531K\u4e5f\u4e0d\u611f\u8208\u8da3\n\n\u7136\u5f8c\u67d0\u5e7e\u500b\u89aa\u621a\u8ddf\u6211\u7684\u5bb6\u9577\u5f88\u719f \u7d04\u4e86\u4e00\u8d77\u5531K\n\n\u6211\u59b9\u807d\u898b\u5176\u4ed6\u8868\u5144\u8868\u59b9\u4e5f\u53bb\u5531\u4e00\u9663\u5b50\u5c31\u8ddf\u8457\u4e00\u8d77\u53bb\n\n\u8aaa\u8981\u7d66\u500b\u9762\u5b50 \u8868\u793a\u6211\u4e5f\u61c9\u8a72\u53bb\n\n\u53ef\u662f\u672c\u80a5\u89ba\u5f97\n\n\u5594\u5594\u90a3\u7fa4\u4eba\u662f\u5e79\u6211\u5c41\u4e8b \u6211\u5c0d\u4ed6\u5011\u4e0d\u611f\u8208\u8da3\n\u800c\u4e14\u4e4b\u5f8c\u5f88\u96e3\u6703\u78b0\u9762\n\n\u7d50\u679c\u7576\u7136\u6211\u662f\u6c92\u53bb \u8ddf\u5176\u4ed6\u5a18\u5bb6\u7684\u4eba\u5b85\u5728\u5bb6\u4e2d\n\n\u6211484\u5f88\u908a\u7de3\u554a\n\n\u6709\u6c92\u6709\u516b\u5366\n\n\n\n\n\n\n\n\n--\n"}