{"ptt_id": "OhLayla", "post_url": "https://www.ptt.cc/bbs/Gossiping/M.1569137726.A.24F.html", "post_type": "\u65b0\u805e", "post_title": "\u9632\u5047\u7c89\u6df7\u5165 \u97d3\u71df\uff1a\u97d3\u7c89\u64f4\u5927\u76e4\u6574", "post_time": "2019-09-22 15:35:23", "post_score": 83, "post_pushes": [{"type": 1, "id": "snsdakb48", "content": ": \u6e05\u9ee8"}, {"type": 1, "id": "DustToDust", "content": ": \u4e00\u5806\u5167\u5978"}, {"type": 1, "id": "CavendishJr", "content": ": \u4e7e\u8106\u98a8\u7d00\u7ba1\u7406\uff0c\u4e0d\u5b88\u898f\u77e9\u4e82\u7f75\u4eba\u7684\u8e22"}, {"type": 1, "id": "windwang", "content": ": \u4e8b\u5be6\u67e5\u6838XD \u90a3\u5e02\u9577\u8aaa\u6c92\u6709\u69cd\u8072\u7b97\u4ec0\u9ebc\uff1f"}, {"type": 0, "id": "polo5615", "content": ": \u6709\u7a2e\u76f4\u92b7\u95dc\u9580\u5927\u6703\u5217"}, {"type": 0, "id": "CavendishJr", "content": ": \u51fa\u53bb"}, {"type": 1, "id": "a176893", "content": ": \u9019\u4e0d\u53eb\u7db2\u8ecd\uff0c\u4ec0\u9ebc\u624d\u53eb\u7db2\u8ecd"}, {"type": 0, "id": "hipab", "content": ": \u806f\u9913\u5bb9\u5171"}, {"type": 0, "id": "pete0328", "content": ": \u570b\u6c11\u9ee8\u958b\u59cb\u8981\u6539\u540d\u4e86\u55ce"}, {"type": 0, "id": "a176893", "content": ": \u9084\u97d3\u7c89\u52d2\uff0c\u7db2\u8ecd\u90fd\u80fd\u9019\u6a23\u6d17\uff1f"}, {"type": 1, "id": "wa88", "content": ": \u6838\u5fc3\u90a3\u500b\u4eba\u672c\u8eab\u5c31\u662f\u75c5\u6bd2"}, {"type": 1, "id": "xamous", "content": ": \u4e8b\u5be6\u67e5\u6838 XDDD"}, {"type": 1, "id": "RitsuN", "content": ": ??"}, {"type": 0, "id": "wa88", "content": ": \u6c34\u5eab\u6c61\u9ed1\u4e0d\u582a \u6c34\u516c\u53f8\u537b\u5168\u9762\u6e05\u6d17\u6c34\u7ba1 \u6709\u7528\u55ce?"}, {"type": 1, "id": "egg100152002", "content": ": \u9ec3\u5dfe\u8cca"}, {"type": -1, "id": "voyhanxu", "content": ": \u771f\u5047\u97d3\u7c89\u4f60\u5206\u5f97\u51fa\u4f86\u55ce\uff1f\u6211\u662f\u7121\u6cd5\u5566\uff01"}, {"type": 0, "id": "bee12", "content": ": \u4e00\u7fa4\u652f\u90a3\u4eba \u4e00\u500b\u500b\u90fd\u5225\u60f3\u8dd1"}, {"type": 0, "id": "lesasa", "content": ": \u6574\u5b8c\u6703\u4e0d\u6703\u5269\u4e0b\u5c0f\u8c93\u5169\u4e09\u96bb"}, {"type": 1, "id": "asiaking5566", "content": ": \u843d\u5be6\u4e94\u67e5\u4e09\u627e"}, {"type": 0, "id": "voyhanxu", "content": ": \u8aaa\u4e0d\u5b9a\u8ca0\u8cac\u56de\u5831\u97d3\u7af6\u7e3d\u672c\u8eab\u5c31\u662f\u5927\u97d3\u9ed1^^"}, {"type": 0, "id": "voyhanxu", "content": ": \u97d3\u56de\u53bb\u7ffb\u570b\u6c11\u9ee8\u53f2\u5c31\u80fd\u4ee5\u53e4\u9451\u4eca\u4e86\u54c8\u54c8\u54c8"}, {"type": 1, "id": "allan0926", "content": ": \u54ea\u662f\u96d9\u5f37\u5c0d\u6c7a?"}, {"type": 1, "id": "cht211", "content": ": \u5148\u67e5\u6838\u97d3\u5c0e\u7684\u8a71\u662f\u771f\u7684\u9084\u662f\u8aaa\u8b0a\u5427"}, {"type": 1, "id": "NohohonZoku", "content": ": \u9019\u6a23\u66f4\u60f9\u4eba\u53adXD"}, {"type": 1, "id": "allenatptt", "content": ": \u770b\u73fe\u5728\u97d3\u7c89\u7684\u4f5c\u70ba\uff0c\u7e3d\u89ba\u5f97\u660e\u5e74\u97d3\u5c0e\u843d"}, {"type": 0, "id": "allenatptt", "content": ": \u9078\u5f8c\uff0c\u5f88\u5927\u6a5f\u7387\u6703\u518d\u4e00\u6b21\u7576\u5e74\u9023\u5b8b\u4e4b\u4e82"}, {"type": -1, "id": "chengcti", "content": ": \u6aa2\u8209\u4f60\u8eab\u908a\u4eba\u7684 \u4e00\u65e6\u767c\u73fe\u4ed6\u662f\u532a\u8adc \u64da\u5831"}, {"type": 0, "id": "chengcti", "content": ":  \u9ee8\u4e2d\u592e\u6709\u8cde \u600e\u9ebc\u597d\u50cf\u300c\u8fd4\u6821\u300d"}, {"type": -1, "id": "gp83b0103", "content": ": \u9019\u624d\u662f\u5a49\u541b\u5440......"}, {"type": 0, "id": "KCKCLIN", "content": ": \u67ef\u6587\u54f2\uff1a\u97d3\u570b\u745c\u6703\u6bd4\u4f60\u5011\u60f3\u50cf\u7684\u66f4\u6709\u6599"}, {"type": 1, "id": "linbsing", "content": ": \u97d3\u7c89\u9663\u71df\u8981\u641e\u6212\u56b4\u6587\u5b57\u7344\u4e86\u55ce"}, {"type": 0, "id": "KCKCLIN", "content": ": \u53cd\u89c0\u667a\u5546157\u90fd\u5207\u5272\u88dd\u6b7b\uff0c\u771f\u6709\u60c5\u6709\u7fa9\u97d3\u7c89"}, {"type": 1, "id": "wbreeze", "content": ": \u7cbe\u92b3\u4f4e\u80fd\u5152"}, {"type": 1, "id": "CloromattXD", "content": ": \u81ea\u6211\u5be9\u67e5"}, {"type": 0, "id": "f1731025", "content": ": \u6d17\u8d8a\u4e7e\u6de8\u8d8a\u597d\u6293 \u81ea\u5df1\u8cbc\u6a19\u7c64\u505a\u5f97\u597d"}, {"type": 1, "id": "Ipadhotwater", "content": ": \u9019\u4e9b\u97d3\u7c89\u65e9\u5c31\u5df2\u7d93\u5931\u63a7\u4e86"}, {"type": 0, "id": "FertilizerN", "content": ": \u60f3\u5207\u5272\u4f4e\u80fd\u5152\u7d50\u679c\u767c\u73fe\u7c89\u5168\u90fd\u662f\u4f4e\u80fd"}, {"type": 1, "id": "jacktedrule", "content": ": \u8acb\u5927\u5bb6\u624b\u6301\u4e00\u672c\u97d3\u8a9e\u9304\uff0c\u4e00\u8d77\u4f48\u9053"}, {"type": 1, "id": "s1032kj", "content": ": \u5728\u6e96\u5099\u51fa\u8349\u4e86"}, {"type": 1, "id": "meredith001", "content": ": \u61f7\u5ff5\u7684\u570b\u6c11\u9ee8"}, {"type": 0, "id": "amaranth5566", "content": ": \u8981\u627e\u5230\u4e0d\u652f\u6301\u97d3\u570b\u745c\u7684\uff1f\u5f88\u53ef\u6015"}, {"type": 0, "id": "jack21023", "content": ": \u97d3\u5c0e\u6709\u4ec0\u9ebc\u4e8b\u5be6\u53ef\u4ee5\u67e5\u6838\uff1f \u958b\u53e3\u5c31\u552c\u721b"}, {"type": -1, "id": "Afae", "content": ": \u611f\u89ba\u597d\u50cf\u6bad\u5c4d\u90e8\u968a\uff1f"}, {"type": 1, "id": "killloli", "content": ": \u795e\u5947ID\u97d3\u7c89\u7248"}, {"type": 1, "id": "sammoon", "content": ": \u65e9\u5c31\u52a0\u5165\u4e86 \u563f\u563f"}, {"type": 1, "id": "KaiManSo", "content": ": \u97d3\u7c89\u5c31\u662f\u9019\u6a23\u7684\u7d20\u8cea\uff0c\u4e0d\u8981\u518d\u81ea\u6b3a\u6b3a\u4eba\u5047"}, {"type": 0, "id": "KaiManSo", "content": ": \u97d3\u7c89\u597d\u55ce\uff1f"}, {"type": 1, "id": "faint7606", "content": ": \u97d3\u7cde\u51fa\u5f81"}, {"type": 1, "id": "frtwwilo", "content": ": \u771f\u7684\u6703\u88ab\u97d3\u7c89\u7b11\u6b7b"}, {"type": 1, "id": "konta", "content": ": \u97d3\u570b\u745c\u51cd\u849c"}, {"type": 1, "id": "citima", "content": ": \u9084\u4ee5\u70ba\u53c8\u770b\u5230\u97d3\u6975\u6df7"}, {"type": 1, "id": "qaz13145204", "content": ": \u6e05\u7b97"}, {"type": 1, "id": "Cersei", "content": ": \u9760\u5317\u5594\u4e0d\u597d\u7684\u90fd\u5047\u7684\u8ddf\u67ef\u6587\u54f2\u6c92\u5169\u6a23"}, {"type": 1, "id": "loveHyeri", "content": ": \u53c8\u5728\u79c0\u4e0b\u9650\u4e86"}, {"type": 1, "id": "GW1014", "content": ": \u5047\u7684\u90fd1450\u5566"}, {"type": 1, "id": "tenoopy", "content": ": \u505a\u500b\u6e2c\u8a66 \u9858\u610f\u5403\u5c4e\u7684\u5c31\u662f\u771f\u97d3\u7c89"}, {"type": 1, "id": "steven10923", "content": ": \u8981\u6536\u97d3\u7c89\u8cbb\u4e86\u55ce"}, {"type": 1, "id": "vivie", "content": ": \u97d3\u67ef\u7cde\u771f\u7684\u4e00\u5bb6\u89aa"}, {"type": 1, "id": "gossipboy060", "content": ": \u771f\u7684\u6703\u88ab\u97d3\u7cde\u7b11\u6b7b"}, {"type": 1, "id": "h22212247888", "content": ": \u61a8\u7c89\u64f4\u5927\u5438\u6536\u6210\u54e1\u4e86XD"}, {"type": 1, "id": "rscs", "content": ": \u9760\u5317\u5594"}, {"type": 1, "id": "orfan", "content": ": \u628a\u5047\u97d3\u7c89\u901a\u901a\u8e22\u6389 \u7d50\u679c\u767c\u73fe\u53ea\u5269\u7ba1\u7406\u54e1"}, {"type": 1, "id": "xiokai", "content": ": \u7b11\u6b7b"}, {"type": -1, "id": "citywanderer", "content": ": \u53ef\u4ee5\u4f86\u8209\u8fa6\u5168\u570b\u5927\u8003 10\u5206\u4ee5\u4e0b \u6b78\u985e"}, {"type": 0, "id": "citywanderer", "content": ": \u70ba\u97d3\u7c89"}, {"type": 1, "id": "jkmeiya", "content": ": \u9019\u908a\u6709\u5957\u8a55\u5206\u8edf\u9ad4\u5f88\u597d\u7528\u7684"}, {"type": 1, "id": "mury1414", "content": ": \u4f86\u627e\u6211\u554a \u6211\u97d3\u9ed1"}, {"type": 1, "id": "n3688", "content": ": \u667a\u5546\u8d85\u904e50\u7684,\u7981\u6b62\u9032\u5165"}, {"type": 0, "id": "aftercome86", "content": ": \u6f5b\u4f0f\u5df2\u4e45  \u97d3\u7c89\u73fe\u5728\u624d\u60f3\u5230? \u5f31\u7206\u4e86"}, {"type": 1, "id": "pinknana", "content": ": \u97d3\u7c89\u81ea\u5df1\u5c31\u5f88\u6703\u88fd\u9020\u5047\u65b0\u805e\u554a"}, {"type": 1, "id": "rscs", "content": ": \u4f4e\u80fd\u97d3\u7c89"}, {"type": 1, "id": "Cersei", "content": ": \u61a8\u7c89\u7d20\u8cea\u6703\u597d\u5c31\u6c92\u6709\u61a8\u7c89\u4e86"}, {"type": 1, "id": "sw11236", "content": ": ....\u795e\u7d93\u75c5"}, {"type": 0, "id": "BEHIND", "content": ": \u76e4\u6574\u5b8c\u5269\u6c92\u5e7e\u500b\u5427"}, {"type": 1, "id": "ice76824", "content": ": \u667a\u529b\u592a\u9ad8\u4e0d\u80fd\u9032"}, {"type": 1, "id": "lavender1227", "content": ": \u8d85\u7d1a\u4f4e\u80fd"}, {"type": 1, "id": "ethan30213", "content": ": \u6e05\u9ee8\u81a9"}, {"type": 1, "id": "intointo", "content": ": \u767e\u842c\u97d3\u7c89\u7686\u70ba\u92b7\u552e\u54e1  \u4e00\u4eba\u62c95\u500b\uff01"}, {"type": 1, "id": "f1731025", "content": ": \u770b\u4f86\u8981\u628a\u8349\u5305\u8e22\u51fa\u53bb\u4e86 \u8d85\u7d1a\u5927\u97d3\u9ed1"}, {"type": 1, "id": "josh24311", "content": ": \u6700\u5bb9\u6613\u88ab\u5047\u65b0\u805e\u8aa4\u5c0e\u7684\u4e00\u7fa4\u4eba\u8aaa\u8981\u4e8b\u5be6\u67e5"}, {"type": 1, "id": "LITTLEDENNY", "content": ": \u975e\u97d3\u4e0d\u6295"}, {"type": 1, "id": "lought1234", "content": ": \u7fa9\u548c\u5718"}, {"type": 1, "id": "feliz5566", "content": ": \u6293\u7d30\u4f5c"}, {"type": 1, "id": "Kikoro", "content": ": \u6709\u75c5"}, {"type": 1, "id": "Argyris", "content": ": \u8ddf\u5171\u7522\u9ee8\u4e92\u76f8\u6279\u9b25\u597d\u50cf"}, {"type": 1, "id": "shintz", "content": ": \u6e05\u9ee8\u5566 \u5168\u90e8\u958b\u9664\u9ee8\u7c4d"}, {"type": 1, "id": "cage820518", "content": ": \u97d3\u5171\u5594"}, {"type": 1, "id": "zxnm1224", "content": ": \u4e00\u7fa4\u4f4e\u80fd\u5152"}, {"type": 1, "id": "foreverkodak", "content": ": \u97d3\u7c89\u81ea\u5df1\u667a\u969c\u4e0d\u5920\u9084\u8981\u62c9\u4eba\u7576\u767d\u7661\uff1f"}, {"type": 1, "id": "murray", "content": ": \u505a\u667a\u529b\u6e2c\u9a57\u8d85\u904e80\u7684\u8e22\u6389\u5c31\u4e0d\u6703\u6709\u5047\u97d3\u7c89\u4e86"}, {"type": 1, "id": "handsomeKim", "content": ": \u4e00\u7fa4\u767d\u7661\u4f4e\u80fd\u5152"}, {"type": 0, "id": "RoaringWolf", "content": ": \u771f\u7684\u61c2\u540c\u6eab\u5c64\u7684\u610f\u601d\u55cewwww"}, {"type": 1, "id": "krousxchen", "content": ": \u570b\u6c11\u9ee8\u652f\u6301\u8005\u6c34\u6e96\u5c31\u662f\u5dee\uff0c\u8dd1\u53bb\u652f\u6301\u67ef"}, {"type": 0, "id": "krousxchen", "content": ": \u6587\u54f2\u4e5f\u662f\u8b8a\u6210\u6c34\u6e96\u4f4e\u7684\u67ef\u7cde"}, {"type": 1, "id": "kani1984", "content": ": \u97d3\u7c89\u5361\u97d3"}, {"type": -1, "id": "kivulan", "content": ": \u67e5\u6838\uff1f\u641e\u7d05\u8272\u6050\u6016\u55ce\uff1f"}, {"type": 0, "id": "krousxchen", "content": ": PTT\u90a3\u7fa4\u8457\u540d\u67ef\u7cde\u90fd\u662fKMT\u9aa8\u67ef\u7c89\u76ae\uff0c\u6c34"}, {"type": 0, "id": "krousxchen", "content": ": \u6e96\u771f\u7684\u662f\u4f4e\u5230\u96e3\u4ee5\u60f3\u50cf"}, {"type": 1, "id": "WWWWWWWWWWWV", "content": ": \u559c\u97d3\u5152"}, {"type": 1, "id": "guitar0225", "content": ": \u601d\u60f3\u5be9\u67e5"}, {"type": 0, "id": "god123456789", "content": ": \u97d3\u5019\u9078\u4eba\u4e00\u958b\u53e3\u5c31\u662f\u81ea\u7206\uff0c\u4f55\u4f86\u653b\u64ca"}, {"type": 0, "id": "god123456789", "content": ": \u4e4b\u8aaa\uff1f"}, {"type": 1, "id": "RockManX8", "content": ": \u5728\u641e\u5b97\u6559\u6d3b\u52d5\u55ce\uff1f"}, {"type": 1, "id": "stevenkuo", "content": ": \u96e3\u602a\u4e0d\u6562\u770b \u8fd4\u6821"}, {"type": 1, "id": "LITTLEDENNY", "content": ": \u975e\u97d3\u4e0d\u6295"}, {"type": 1, "id": "IAMST1011", "content": ": \u97d3\u5c0e\u7528\u5c41\u773c\u7be9\u9078"}, {"type": 1, "id": "sl11pman", "content": ": \u667a\u529b40\u4ee5\u4e0a\u7684\u90fd\u8a72\u6e05\u6389"}, {"type": -1, "id": "GGY5566", "content": ": \u97d3\u7c89\u7d20\u8cea\u4f4e\u843d \u6293\u4e0d\u5230\u5566"}, {"type": 1, "id": "zxnm1224", "content": ": \u7b11\u6b7b\u4e00\u7fa4\u5317\u4e03"}, {"type": 1, "id": "dreamer15", "content": ": \u8981\u5920\u4f4e\u80fd\u624d\u4e0d\u6703\u88ab\u767c\u73fe"}, {"type": 0, "id": "s81048112", "content": ": \u54c8\u54c8 \u8ddf\u652f\u90a3\u7d05\u885b\u5175\u4e00\u6a23 \u97d3\u5f0f\u6050\u6016"}, {"type": 1, "id": "w2234s", "content": ": \u6e05\u7b97"}, {"type": 1, "id": "selvester", "content": ": \u9019\u6703\u8b8a\u6210\u54f2\u5b78\u554f\u984c \u975e\u6211\u96c6\u5408"}, {"type": 1, "id": "Wildsheep", "content": ": \u9632\u6b62\u667a\u5546\u8d85\u904e90\u7684\u4eba\u9032\u5165"}, {"type": 1, "id": "qmo0411", "content": ": \u554f\u984c\u5728\u65bc\u88ab\u53eb\u97d3\u7c89\u5f88\u4e1f\u81c9"}, {"type": 1, "id": "pp3435", "content": ": \u771f \u76f4\u92b7"}, {"type": 0, "id": "ChrisHeat", "content": ": \u5c0f\u4e2d\u5171\uff1f"}, {"type": 1, "id": "jenhaoliao", "content": ": \u597d \u5c07\u4f7f\u7528\u793e\u6703\u4fe1\u7528\u5236\u5ea6\uff01\u6293\u5047\u97d3\u7c89!"}, {"type": 0, "id": "jenhaoliao", "content": ": \u4e00\u5f8b\u9001\u96c6\u4e2d\u71df \u56b4\u683c\u63a7\u7ba1\uff01\u601d\u60f3\u518d\u6559\u80b2"}, {"type": -1, "id": "hw1", "content": ": \u6700\u5f8c\u4e00\u6bb5\u662f\u8981\u717d\u52d5\u97d3\u7cde\u51fa\u5f81\u55ce"}, {"type": 1, "id": "avinlee2001", "content": ": \u54c8\u54c8\u97d3\u7c89\u5c31\u662f\u7121\u8166"}, {"type": 0, "id": "eemail", "content": ": \u4e82\u8e29\u5834\u7834\u58de\u5225\u4eba\u7269\u54c1 \u5927\u5343\u9019\u9a19\u5b50\u770b\u90fd\u770b\u4e0d\u5230"}, {"type": 1, "id": "milton1991", "content": ": \u53ef\u4ee5\u8209\u8fa6\u97d3\u8003\u5236\u5ea6\uff0c\u751f\u5e73\u4e8b\u8e5f\u672a\u905490\u5206"}, {"type": 0, "id": "milton1991", "content": ": \uff0c\u4e00\u5f8b\u5047\u97d3\u7c89"}, {"type": 1, "id": "yhong", "content": ": \u97d3\u7cde\u8981\u5be6\u540d\u5236\uff0c\u4ee5\u5f8c\u90fd\u5f97\u5237\u81c9\u624d\u80fd\u4e0a\u5ec1\u6240"}, {"type": 1, "id": "swingingbear", "content": ": \u97d3\u7c89x \u7db2\u8ecd\u87d1\u8782o"}, {"type": 1, "id": "gossipboy060", "content": ": \u97d3\u7cde\u5f97\u7d20\u8cea\u771f\u7684\u4e0d\u610f\u5916"}, {"type": 0, "id": "gwenwoo", "content": ":  \u8349\u5305\u53ea\u611b\u62da\u9078\u8209"}, {"type": 1, "id": "jamespon1", "content": ": \u64cd\u5f04\u5206\u88c2\u9084\u641e\u7a2e\u65cf\u9694\u96e2\u554a\uff1f"}, {"type": 1, "id": "ks22523", "content": ": \u5783\u573e\u9084\u9700\u8981\u76e4\u6574\u5594\u54c8\u54c8\u54c8"}, {"type": 1, "id": "ck237", "content": ": \u771f\u7684\u8b8a\u76f4\u92b7\u4e86"}, {"type": 0, "id": "changmary", "content": ": \u76f4\u92b7 \u6e05\u8085 \u4e0d\u652f\u6301\u5c31\u662f\u9ed1\u97d3?"}, {"type": 0, "id": "fashionvino", "content": ": \u4e00\u5806\u8ce3\u570b\u8cca\u7684\u7db2\u8ecd"}, {"type": 0, "id": "windofcold", "content": ": \u8209\u5831\u53ad\u97d3\u8005,\u7136\u5f8c\u653b\u64ca\u55ce?\u55ef,\u679c\u7136\u5f88KMT"}, {"type": 1, "id": "billy5588tw", "content": ": \u97d3\u7cde\u958b\u59cb\u5653"}, {"type": 1, "id": "p40403", "content": ": \u597d\u50cf\u5999\u79aa"}], "post_ip": "61.227.241.238", "post_content": "\n\u767c\u6587\u71211~6\u5c0f\u6a19\u683c\u5f0f\u6216\u672a\u4f9d\u9806\u5e8f\u4efb\u610f\u522a\u9664\u8005\u6703\u88ab\u522a\u6587\n\n1.\u5a92\u9ad4\u4f86\u6e90:\n\u806f\u5408\u65b0\u805e\u7db2\n\n\n2.\u8a18\u8005\u7f72\u540d\n\u5f35\u6587\u99a8\n\n\n3.\u5b8c\u6574\u65b0\u805e\u6a19\u984c:\n\u9632\u5047\u7c89\u6df7\u5165 \u97d3\u71df\uff1a\u97d3\u7c89\u64f4\u5927\u76e4\u6574\n\n\n4.\u5b8c\u6574\u65b0\u805e\u5167\u6587:\n\u9632\u5047\u7c89\u6df7\u5165 \u97d3\u71df\uff1a\u97d3\u7c89\u64f4\u5927\u76e4\u6574\n\n2019-09-22 13:05\u00e9p\u5408\u665a\u5831 \u8a18\u8005\u5f35\u6587\u99a8\uff0f\u53f0\u5317\u5831\u5c0e\n\n\u570b\u6c11\u9ee8\u7e3d\u7d71\u53c3\u9078\u4eba\u97d3\u570b\u745c\u9663\u71df\u4eba\u58eb\u6307\u51fa\uff0c\u904e\u53bb\u6709\u5047\u97d3\u7c89\u6df7\u5165\uff0c\u5c0d\u85cd\u71df\u5167\u90e8\u9020\u6210\u58d3\u529b\uff0c\u97d3\u9663\n\u71df\u9010\u4e00\u806f\u7e6b\u97d3\u7c89\u7fa4\u7d44\uff0c\u7d44\u6210\u985e\u4f3c\u4e8b\u5be6\u67e5\u6838\u4e2d\u5fc3\uff0c\u672a\u4f86\u5c07\u5373\u6642\u6f84\u6e05\uff0c\u767c\u5e03\u6709\u95dc\u97d3\u570b\u745c\u7684\u76f8\u95dc\n\u8a0a\u606f\uff0c\u8b93\u97d3\u7c89\u80fd\u64f4\u6563\uff0c\u70ba\u97d3\u8faf\u8b77\uff0c\u5316\u8eab\u92b7\u552e\u54e1\uff0c\u628a\u97d3\u570b\u745c\u92b7\u552e\u51fa\u53bb\uff0c\u722d\u53d6\u66f4\u591a\u4eba\u652f\u6301\u3002\n\n\u97d3\u570b\u745c\u7af6\u9078\u7e3d\u90e8\u526f\u57f7\u884c\u9577\u5b6b\u5927\u5343\u5728\u81c9\u66f8\u8868\u793a\uff0c\u96d9\u5f37\u5c0d\u6c7a\u7684\u683c\u5c40\uff0c\u5c07\u6703\u662f\u4e00\u5834\u8981\u722d\u53d6\u7d55\u5c0d\u591a\n\u6578\uff0c\u624d\u80fd\u7372\u5f97\u52dd\u5229\u7684\u9078\u6230\uff0c\u97d3\u7c89\u5168\u9762\u52d5\u54e1\uff0c\u5c55\u73fe\u611f\u8b1d\u8207\u5c0a\u91cd\u7684\u614b\u5ea6\uff0c\u97d3\u7c89\u8981\u505a\u592a\u967d\uff0c\u4e0d\u8981\n\u505a\u5317\u98a8\uff0c\u767c\u8d77\u722d\u53d6\u9078\u7968\u5927\u4f5c\u6230\u3002\n\n\u97d3\u9663\u71df\u4eba\u58eb\u6307\u51fa\uff0c\u97d3\u7c89\u7684\u7a4d\u6975\u548c\u4e3b\u52d5\u76f8\u7576\u8db3\u5920\uff0c\u9019\u4e9b\u4eba\u51dd\u805a\u5f37\uff0c\u4e0d\u50c5\u5305\u8eca\u5305\u9ad8\u9435\uff0c\u8ddf\u8457\u97d3\n\u570b\u745c\u9020\u52e2\u5168\u53f0\u8dd1\u900f\u900f\uff0c\u4e5f\u6703\u5728\u81c9\u66f8\u4e0a\u5927\u529b\u66ff\u97d3\u8faf\u8b77\u62c9\u7968\uff0c\u5f80\u5f80\u56e0\u70ba\u8cc7\u8a0a\u4e0d\u5920\u5145\u8db3\uff0c\u5728\u7db2\u8def\n\u4e0a\u60f3\u66ff\u97d3\u570b\u745c\u767c\u8072\uff0c\u537b\u88ab\u8a8d\u70ba\u662f\u60c5\u7dd2\u767c\u8a00\u3002\u7af6\u9078\u5718\u968a\u6ce8\u610f\u5230\u9019\u500b\u554f\u984c\uff0c\u4e5f\u5728\u904e\u53bb\u9019\u6bb5\u6642\u9593\n\uff0c\u9010\u4e00\u806f\u7e6b\u9019\u4e9b\u7c89\u7d72\u5718\u3001\u97d3\u7c89\u7fa4\u7d44\u7684\u7ba1\u7406\u54e1\uff0c\u78ba\u5b9a\u8cc7\u8a0a\u5c0d\u53e3\uff0c\u5e0c\u671b\u672a\u4f86\u900f\u904e\u7b2c\u4e00\u6642\u9593\u7684\u8a0a\n\u606f\u50b3\u64ad\uff0c\u900f\u904e\u65e2\u6709\u7684\u7fa4\u7d44\u5411\u5916\u64f4\u6563\uff0c\u907f\u514d\u8b93\u97d3\u5728\u7da0\u71df\u653b\u64ca\u4e0b\u983b\u983b\u6328\u6253\u3002\n\n\u9019\u4f4d\u4eba\u58eb\u8aaa\uff0c\u8b93\u97d3\u7c89\u6b63\u5f0f\u52a0\u5165\u5718\u968a\u904b\u4f5c\uff0c\u5c31\u662f\u64f4\u5927\u540c\u6eab\u5c64\uff0c\u5404\u9663\u71df\u5df2\u958b\u59cb\u6307\u793a\uff0c\u8981\u6c42\u97d3\u7c89\n\u627e\u5230\u4e0d\u652f\u6301\u97d3\u570b\u745c\u7684\u3001\u8a0e\u53ad\u97d3\u570b\u745c\u7684\u4eba\uff0c\u4e86\u89e3\u56de\u5831\uff0c\u8b93\u7af6\u9078\u5718\u968a\u7d71\u6574\uff0c\u63d0\u9192\u97d3\u570b\u745c\uff0c\u76ee\u524d\n\u76f8\u95dc\u8a0a\u606f\u90fd\u5728\u6574\u7406\u4e2d\u3002\n\n\n5.\u5b8c\u6574\u65b0\u805e\u9023\u7d50 (\u6216\u77ed\u7db2\u5740):\nhttps://www.google.com/amp/s/udn.com/news/amp/story/12702/4061717\n\n\n6.\u5099\u8a3b:\n\n\n--\n"}