{"ptt_id": "youhow0418", "post_url": "https://www.ptt.cc/bbs/Gossiping/M.1565678662.A.C7D.html", "post_type": "\u65b0\u805e", "post_title": "\u56db\u5927\u570b\u71df\u4e8b\u696d\u5e74\u7d424.4\u500b\u6708 \u8607\u63c6\uff1a\u4f9d\u898f\u5b9a\u8fa6", "post_time": "2019-08-13 14:44:19", "post_score": 28, "post_pushes": [{"type": 1, "id": "Skydier", "content": ": \u4f9d\u6cd5\u884c\u653f \u8b1d\u8b1d\u6307\u6559"}, {"type": 0, "id": "WeGoStyle", "content": ": \u5927\u6492\u5e63"}, {"type": 1, "id": "kilof", "content": ": \u9019\u908a\u9109\u6c11\u90fd\u5e74\u6536\u767e\u842c  \u4e0d\u5c51\u4ec0\u9ebc\u5e74\u7d42\u56db\u500b\u6708"}, {"type": 0, "id": "Cwren", "content": ": \u8aaa\u500b\u7b11\u8a71 \u8667\u640d \u8a2d\u5099\u8001\u820a"}, {"type": 1, "id": "NSPS6150", "content": ": \u4e0d\u662f\u8aaa\u53f0\u96fb\u8667\u640d\uff0c\u4e00\u5230\u5e74\u5e95\u53c8\u6709\u76c8\u9918\u4e86\uff1f"}, {"type": 0, "id": "james732", "content": ": \u53f0\u96fb\u5927\u8667297\u5104 \u4e0a\u534a\u5e74\u552f\u4e00\u8667\u640d\u570b\u71df\u4e8b\u696d"}, {"type": 0, "id": "wpwsiance", "content": ": \u5c31\u7b97\u8ce0\u9322\u4e5f\u80fd\u767c\u5f97\u51fa\u4f86"}, {"type": 1, "id": "panzerbug", "content": ": \u723d\u6b38"}, {"type": 1, "id": "amury", "content": ": \u5f9e\u99ac\u82f1\u4e5d\u6642\u4ee3\u5435\u9019\u500b\u5435\u5230\u73fe\u5728\u3002 \u5920\u4e86\u6c92?"}, {"type": 0, "id": "amury", "content": ": \u570b\u71df\u4e8b\u696d\u8981\u8cfa\u9322\u5f88\u96e3\u55ce? \u914d\u5408\u653f\u7b56\u6240\u4ee5\u4e0d\u8cfa\u9322"}, {"type": 0, "id": "gbcboy2002", "content": ": \u53f0\u96fb\u6703\u8667\u9084\u4e0d\u5c31\u4e00\u5806\u4eba\u4e0d\u60f3\u6f32\u96fb\u50f9"}, {"type": 0, "id": "yfme", "content": ": \u9078\u8209\u5feb\u5230\u4e86\u4ec0\u9ebc\u88dc\u52a9\u90fd\u6709\uff0c\u83dc\u653f\u5e9c\u82b1\u9322\u6551\u9078\u60c5!"}, {"type": 0, "id": "ChungLi5566", "content": ": \u6bcf\u5e74\u5e74\u5e95\u4f86\u4e00\u6b21 8\u6708\u7acb\u9662\u5be9\u9810\u7b97\u518d\u4e00"}, {"type": 0, "id": "leafall", "content": ": KMT\u6642,DPP\u7f75\u5f88\u5147,\u63db\u81ea\u5df1\u57f7\u653f\u5c31\u6c92\u554f\u984c\u4e86"}, {"type": 1, "id": "morichi", "content": ": \u5e74\u5e95\u5ee2\u7269\u5b78\u5e97\u8a18\u8005\u6703\u54ed\u7238\u570b\u71df\u9818\u592a\u591a"}, {"type": -1, "id": "new1974", "content": ": \u516c\u6559\u624d2.5\u500b\u6708"}, {"type": 0, "id": "tonica", "content": ": \u5efa\u8b70\u516c\u52d9\u54e1\u4e5f\u6bd4\u71674\u500b\u6708\u5e74\u7d42"}, {"type": 1, "id": "tony121010", "content": ": \u570b\u71df\u5c31\u662f\u5e95\u85aa\u6bd4\u8f03\u4f4e\uff0c\u4f46\u662f\u734e\u91d1\u9ad8"}, {"type": 1, "id": "sassuck", "content": ": \u9019\u5012\u5e95\u6709\u4ec0\u9ebc\u597d\u5435\u7684 ZZZZZZ"}, {"type": 1, "id": "pigofwind", "content": ": \u6bcf\u5e74\u90fd\u53ef\u4ee5\u9178\u5169\u6b21\u963f\uff0c\u5be9\u9810\u7b97\u9178\u4e00\u6b21\u3001\u5e74"}, {"type": 0, "id": "pigofwind", "content": ": \u5e95\u9178\u4e00\u6b21\uff0c\u8667\u640d\u5c31\u8aaa\u8667\u9322\u4f60\u600e\u9ebc\u53ef\u4ee5\u767c"}, {"type": 0, "id": "pigofwind", "content": ": \u8cfa\u9322\u5c31\u8aaa\u9019\u4e9b\u90fd\u4eba\u6c11\u8840\u6c57\u9322\u4f60\u600e\u9ebc\u53ef\u4ee5\u767c"}, {"type": -1, "id": "dannioabc", "content": ": \u6bcf\u5e74\u5435\u9019\u500b\u4e0d\u81a9\u554a\uff0c\u559c\u6b61\u7684\u8a71\u81ea\u5df1\u8003\u9032\u53bb"}, {"type": 0, "id": "dannioabc", "content": ": \u554a\uff01\u6c92\u80fd\u529b\u53c8\u5728\u90a3\u9b3c\u543c\u9b3c\u53eb"}, {"type": 0, "id": "andy00319", "content": ": \u53f0\u96fb\u8667\u9322\u9084\u7d66\u5e74\u7d42 \u79bf\u9a62?"}, {"type": 1, "id": "soeasylai", "content": ": \u53f0\u96fb\u8667\u640d\u662f\u53f0\u96fb\u7684\u554f\u984c\u55ce\uff1f"}, {"type": 1, "id": "dlsh610252", "content": ": \u8a18\u8005\u6709\u4e8b\u55ce\uff1f"}, {"type": 1, "id": "zyng", "content": ": \u4e00\u5ea6\u96fb10\u584a\uff0c\u5e74\u7d42\u5c31\u53ef\u4ee5\u767c10\u500b\u6708\u4e86"}, {"type": 1, "id": "Zeroyeu", "content": ": \u53f0\u96fb\u4eba\u54e1\u4fee\u5f97\u90a3\u9ebc\u8f9b\u82e6\uff0c\u7d66\u56db\u500b\u6708\u600e\u9ebc\u4e86\u55ce"}, {"type": 1, "id": "insist0511", "content": ": \u6709\u672c\u4e8b\u8003\u9032\u53bb\u554a \u8003\u4e0d\u4e0a\u5728\u90a3\u908a\u9760\u5317"}, {"type": -1, "id": "Cliffx", "content": ": \u53c8\u4f86\u4e86 \u6bcf\u5e74\u90fd\u6709\u9019\u7a2e\u5ee2\u6587"}, {"type": 1, "id": "Beanoodle", "content": ": \u597d\u723d"}, {"type": 0, "id": "nibonnibon", "content": ": \u7d66\u4f60\u4fbf\u5b9c\u96fb\u624d\u6c92\u8cfa\u9322\uff0c\u5435\u4ec0\u9ebc\uff1f"}, {"type": 0, "id": "nibonnibon", "content": ": \u570b\u71df\u4e8b\u696d\u8cfa\u9322\u53c8\u4e0d\u662f\u76ee\u7684\uff0c\u7a69\u5b9a\u50f9\u683c\u624d"}, {"type": 0, "id": "nibonnibon", "content": ": \u662f\u76ee\u7684\u597d\u55ce"}, {"type": 1, "id": "Fukker", "content": ": \u53f0\u96fb\u5e73\u5747\u6bcf\u4eba\u4e00\u767e\u591a\u842c \u771f\u723d"}, {"type": 0, "id": "katanakiller", "content": ": \u5e74\u7d93\u6587\u53c8\u4f86\u4e86"}, {"type": 0, "id": "pigofwind", "content": ": \u7136\u5f8c\u4ed6\u5011\u5c31\u6703\u958b\u59cb\u62ff\u4f60\u7238\u8ddf\u59b3\u5abd\u5e73\u5747\u4e00\u9846"}, {"type": 0, "id": "pigofwind", "content": ": \u776a\u4e38\u7684\u8a08\u7b97\u65b9\u5f0f\u4f86\u8ddf\u4f60\u8aaa\u5e73\u5747\u9818\u9019\u9ebc\u591a\u904e"}, {"type": 0, "id": "pigofwind", "content": ": \u597d\u723d\uff0c\u6bcf\u5e74\u90fd\u9019\u7a2e\u6a21\u5f0f\u4e0d\u7d2f\u55ce"}, {"type": 0, "id": "katanakiller", "content": ": \u53ea\u5831\u6700\u9ad8\u98184.4\u500b\u6708 \u600e\u4e0d\u5831\u5e73\u5747\u591a\u5c11"}, {"type": 1, "id": "ginsengwolf", "content": ": \u6bcf\u5e74\u90fd\u8981\u5435\u4e00\u6b21@@"}, {"type": 0, "id": "katanakiller", "content": ": \u80fd\u9818\u5230\u56db\u500b\u6708\u7684\u53ea\u6709\u5c11\u6578\u9ad8\u5c64\u548c\u8001\u9ce5"}, {"type": 1, "id": "ntr203", "content": ": \u53f0\u96fb\u8cfa\u9019\u9ebc\u591a\u9084\u60f3\u6f32\u96fb\u8cbb\u5594\uff1f"}, {"type": 0, "id": "abc19450902", "content": ": \u6211\u4ee5\u70ba\u516b\u5366\u5404\u500b\u5e74\u6536\u4e09\u767e\u8d77\u8df3\u7406\u61c9\u6703"}, {"type": 0, "id": "abc19450902", "content": ": \u5653\u7206\u5acc\u9818\u592a\u5c11\u4f4e\u85aa\u4f01\u696d"}, {"type": 1, "id": "mypttsid", "content": ": \u9019\u9084\u597d\u5427"}, {"type": 0, "id": "pigofwind", "content": ": \u5e74\u6536\u4e09\u767e\u53ea\u6709\u5728\u8ac7\u81ea\u5df1\u85aa\u6c34\u7684\u6642\u5019\u5566\uff0c\u50cf"}, {"type": 0, "id": "pigofwind", "content": ": \u9019\u7a2e\u6642\u5019\u5c31\u6703\u81ea\u52d5\u8b8a\u6210\u5916\u9762\u52de\u5de5\u90fd\u981823K"}, {"type": 1, "id": "cress0128", "content": ": \u8b1b\u7d50\u5a5a\u751f\u5c0f\u5b69\u7684\u898f\u5283 \u6bcf\u500b\u4eba\u90fd\u6703\u8b8a\u6210\u5e74"}, {"type": 1, "id": "feng0312s", "content": ": \u8aaa\u723d\u7684\u81ea\u5df1\u4f86\u8003"}, {"type": 0, "id": "cress0128", "content": ": \u6536300 \u5e74\u7d4210\u500b\u6708"}, {"type": -1, "id": "spring53287", "content": ": \u4e0d\u7ba1\u54ea\u4e00\u9ee8\u57f7\u653f\uff0c\u570b\u71df\u4e0d\u7ba1\u8667\u9322\u9084\u662f"}, {"type": 0, "id": "spring53287", "content": ": \u8cfa\u9322\u90fd\u9ebb\u6709\u4fdd\u5e95\u5e74\u7d42"}, {"type": 0, "id": "cress0128", "content": ": \u7136\u5f8c\u516c\u5e79\u4f4e\u85aa\u4f4e\u5230\u5403\u571f\u7684\u570b\u71df\u54e1\u5de5 \u5c31\u8b8a"}, {"type": 0, "id": "spring53287", "content": ": kmt\u7acb\u59d4\u4e5f\u5225\u60f3\u7528\u9019\u500b\u984c\u76ee\u5237\u5b58\u5728\u611f\u5566"}, {"type": 0, "id": "cress0128", "content": ": \u6210\u52de\u5de5\u981824K"}, {"type": 0, "id": "spring53287", "content": ": \uff0c\u96a8\u4fbfgoogle\u99ac\u6876\u57f7\u653f\u4e5f\u662f\u4e00\u500b\u6a23"}, {"type": 0, "id": "ziso", "content": ": \u4e0d\u7d66\u5e74\u7d42 \u90a3\u4ee5\u5f8c\u5225\u60f3\u64cb\u8abf\u6f32\u554a \u6703\u8667\u4e5f\u662f\u653f\u5e9c"}, {"type": 0, "id": "ziso", "content": ": \u7684\u554f\u984c \u4e0d\u7136\u57fa\u672c\u7368\u4f54\u662f\u8981\u600e\u8667\uff1f"}, {"type": 1, "id": "cress0128", "content": ": \u623f\u4ef2\u7092\u623f\u5e74\u7d42\u5341\u5e7e\u500b\u6708 \u600e\u9ebc\u6c92\u4eba\u7f75\uff1f"}, {"type": 0, "id": "spector66", "content": ": DPP\u5634\u6b78\u5634  \u4e00\u6a23\u4e0d\u6562\u52d5\u570b\u71df\u5566"}, {"type": 1, "id": "hellam", "content": ": \u5920\u4e86"}, {"type": 1, "id": "wjes30325", "content": ": \u9019\u88e1\u4e0d\u662f\u5e74\u6536100\u662f\u525b\u904e\u8ca7\u7aae\u7dda\u55ce \u570b\u71df\u85aa"}, {"type": 0, "id": "wjes30325", "content": ": \u6c34\u53ea\u662f\u9913\u4e0d\u6b7b\u800c\u5df2\u5566 \u60f3\u767c\u8ca1\u9084\u5f88\u9060"}, {"type": 0, "id": "jimmykuo123", "content": ": PTT\u5e74\u6536\u6709\u4f4e\u65bc\u4e09\u767e\u7684\u5427?\u516c\u52d9\u54e1\u9818\u591a\u5c11"}, {"type": 0, "id": "jimmykuo123", "content": ": \u6839\u672c\u5c31\u4e0d\u5728\u4e4e \u8b1d\u8b1d\u6307\u6559"}, {"type": 1, "id": "fisher6879", "content": ": \u9ed1\u934b\u90fd\u7d66\u5446\u96fb\u80cc\uff0c\u4e0d\u767c\u597d\u767c\u6eff\u8aaa\u4e0d\u904e\u53bb"}, {"type": -1, "id": "KAIL1984", "content": ": \u79d1\u6280\u696d\u8868\u793a\u570b\u71df\u624d2.4\u500b\u6708 \u53ef\u60b2"}, {"type": -1, "id": "snowbox", "content": ": \u7acb\u59d4\u8c6c\u516c\u600e\u9ebc\u4e0d\u6e1b\u85aa"}, {"type": 1, "id": "x941u4vu86", "content": ": \u516c\u65592.5? \u5e73\u884c\u4e16\u754c?"}, {"type": 1, "id": "amyforestry", "content": ": \u5acc\u9818\u592a\u591a\u55ce\uff0c\u90a3\u5c31\u5b78\u5065\u4fdd\u5c40\u8b8a\u6210\u516c\u52d9\u4eba"}, {"type": 0, "id": "amyforestry", "content": ": \u54e1\u5427"}, {"type": 0, "id": "sugigu", "content": ": \u570b\u71df\u9000\u4f11\u662f\u52de\u5de5\u8eab\u4efd \u7d66\u9ad8\u734e\u91d1\u662f\u4e00\u5b9a\u7a0b\u5ea6"}, {"type": 0, "id": "sugigu", "content": ": \u62c9\u8fd1\u516c\u52d9\u54e1\u5f85\u9047 \u4e0d\u7136\u6c92\u4eba\u8981\u8003"}, {"type": 1, "id": "MRHAUNG", "content": ": \u5783\u573e\u8a18\u8005"}, {"type": 0, "id": "soushi", "content": ": \u600e\u4e0d\u5831\u990a\u6210\u73ed\u96c7\u54e1\u8d77\u85aa\uff1f"}, {"type": 0, "id": "soushi", "content": ": \u5728\u8a13\u7df4\u6240\u624d\u9818\u591a\u5c11\uff1f"}, {"type": 1, "id": "dymagic", "content": ": \u696d\u52d9\u8f15\u9b06"}, {"type": 1, "id": "lemonshine", "content": ": \u767c\u5927\u8ca1"}, {"type": -1, "id": "spector66", "content": ": \u9f4a\u982d\u5f0f\u7684\u9ad8\u734e\u91d1\u53ea\u662f\u500b\u641e\u7b11\u7684\u7e3e\u6548\u5236\u5ea6"}, {"type": 1, "id": "pitchone", "content": ": \u7576\u4eba\u5bb6\u5728\u4fee\u96fb\u687f\u4fee\u6c34\u7ba1\u6642\u5019\u8981\u611f\u8b1d"}, {"type": 1, "id": "inewnew", "content": ": \u7b11\u6b7b\uff0c\u53bb\u5e74\u7684\u7e3e\u6548\u73fe\u5728\u624d\u8981\u767c\uff0c\u90fd\u516b\u6708\u4e86"}, {"type": 1, "id": "stloqa", "content": ": \u80a5\u8c93\u7684\u9322\u4e0d\u80fd\u5c11\u767c \u8b9a\u8b9a\u8b9a"}, {"type": 1, "id": "f33783378", "content": ": \u4e00\u5ea6\u96fb60\u5c31\u4e0d\u6703\u8667\u4e86"}, {"type": 0, "id": "juenren11", "content": ": \u53ea\u6709\u7aae\u9b3c\u6703\u9178\u6703\u5728\u4e4e\u4eba\u5bb6\u61c9\u5f97\u7e3e\u6548\u734e\u91d1"}, {"type": 0, "id": "juenren11", "content": ": \u7f75\u80a5\u8c93\u5225\u628a\u6240\u6709\u54e1\u5de5\u90fd\u626f\u9032\u53bb"}, {"type": 1, "id": "frankochris", "content": ": \u4e16\u754c\u7b2c\u4e8c\u4f4e\u96fb\u50f9\u771f\u628a\u5201\u6c11\u80c3\u53e3\u990a\u5927\u4e86"}, {"type": 0, "id": "frankochris", "content": ": \u96fb\u50f9\u6bd4\u7167\u570b\u969b\u6c34\u6e96\u53f0\u96fb\u5c31\u6e96\u5099\u8d77\u98db\u4e86"}, {"type": -1, "id": "AGIknight", "content": ": \u8981\u9078\u8209\u4e86  \u7a81\u7136\u5f88\u6562\u767c\u5e74\u7d42"}, {"type": 1, "id": "CDOL", "content": ": \u5317\u4e03\u9019\u53c8\u6c92\u6709\u7968"}, {"type": 0, "id": "jack0216", "content": ": \u5634\u6c99\u5c0f\u554a \u57fa\u5c64\u54e1\u5de5 \u98b1\u98a8\u5929\u51fa\u4f86\u6642\u600e\u9ebc\u4e0d"}, {"type": 0, "id": "jack0216", "content": ": \u9760\u5317 \u5e79\u767c\u500b\u5e74\u7d42\u5c31\u5728\u90a3\u5630\u5630\u6b6a\u6b6a"}, {"type": 1, "id": "kayu", "content": ": \u6cb9\u6c34\u597d\u591a"}, {"type": 1, "id": "troy831118", "content": ": 108\u5e74\u5e74\u4e2d\u767c107\u5e74\u7684\u7e3e\u6548\uff0c\u5225\u4eba\u9818\u5f97\u6eff"}, {"type": 0, "id": "troy831118", "content": ": \u6eff\u7684\u904e\u5e74\u6642\uff0c\u570b\u71df\u54e1\u5de5\u9084\u8981\u53bb\u501f\u9322\u624d\u80fd"}, {"type": -1, "id": "tsenghaoyuan", "content": ": \u6f32\u6c34\u96fb\u6cb9\u50f9  \u56de\u6b78\u5e02\u5834\u6a5f\u5236\u554a"}, {"type": 0, "id": "troy831118", "content": ": \u904e\u5e74\uff0c\u600e\u9ebc\u5c31\u6c92\u770b\u904e\u8a18\u8005\u5beb\uff1f"}, {"type": 1, "id": "lowgflejd", "content": ": \u780d\u5e74\u91d1\u5f8c\u570b\u71df\u5df2\u7d93\u5927\u65bc\u516c\u52d9\u54e1 \u516c\u52d9\u54e1\u53bb"}, {"type": 0, "id": "lowgflejd", "content": ": \u65c1\u908a\u73a9\u6c99\u5566"}, {"type": 1, "id": "p1227426", "content": ": \u6bcf\u5e74\u90fd\u62ff\u51fa\u4f86\u97ad \u4e0d\u7ba1\u85cd\u7da0\u8ab0\u7576\u5bb6"}, {"type": 1, "id": "loveapple33", "content": ": \u8ce0\u9322\u4e5f\u6709\u5e74\u7d42\uff0c\u7da0\u5431\u62ff\u4ec0\u9ebc\u7b11\u5225\u4eba\u554a\uff1f"}, {"type": 0, "id": "ken812025", "content": ": \u5e74\u7d93\u6587 \u6642\u9593\u5230 \u8a18\u8005\u5c31\u6703\u6539\u500b\u6578\u5b57\u5c31\u8cbc\u4e0a"}, {"type": -1, "id": "attpp", "content": ": \u53c8\u5728\u5435\u9019\u500b\uff0c\u4e5f\u4e0d\u662f\u6bcf\u500b\u90fd4.4\uff0c\u8667\u640d\u4e5f\u662f\u4f60"}, {"type": 0, "id": "attpp", "content": ": \u5011\u9019\u4e9b\u5201\u6c11\u990a\u51fa\u7684\u653f\u5ba2\u5bb3\u7684"}, {"type": 1, "id": "versailles94", "content": ": \u5408\u6cd5\u8cb7\u7968^_^"}, {"type": 0, "id": "versailles94", "content": ": \u51cd\u6f32\u9084\u80fd\u767c\u5e74\u7d42\u6b38 66666"}, {"type": 1, "id": "WeiMinChen", "content": ": \u53f0\u96fb\u88ab\u653f\u5e9c\u641e\u6700\u6158\u5427"}, {"type": 1, "id": "dmezspk", "content": ": \u516b\u5366\u9109\u6c11\u5e74\u6536\u81f3\u5c11300\u842c"}, {"type": 0, "id": "dmezspk", "content": ": \u61c9\u8a72\u5f88\u770b\u4e0d\u8d774.4\u500b\u6708\u5e74\u7d42"}, {"type": -1, "id": "fiveminutes", "content": ": \u5ee2\u7269\u8a18\u8005\u7acb\u59d4\u53c8\u4f86\u6311\u64a5\u96e2\u9593\u56c9"}, {"type": -1, "id": "k22639588", "content": ": \u6700\u9ad84.4\u597d\u55ce \u8d85\u904e\u90fd\u6c92\u6709"}, {"type": -1, "id": "monar", "content": ": \u5653\u8a18\u8005\u5a92\u9ad4\u641e\u5206\u88c2"}, {"type": -1, "id": "ray88076", "content": ": \u53f0\u7063\u96fb\u50f9\u597d\u50cf\u4e16\u754c\u524d\u5e7e\u4f4e\u3002\u8667\u9322\u80fd\u602a\u53f0\u96fb"}, {"type": -1, "id": "dsfrf", "content": ": \u5993\u8005\u7238\u5abd\u5404\u6709\u4e00\u9846\u86cb\u86cb\u6587"}, {"type": 0, "id": "dsfrf", "content": ": \u6211\u6c92\u67094.4\u500b\u6708\uff0c\u7f3a\u7684\u5993\u8005\u6703\u88dc\u7d66\u6211\u55ce"}, {"type": 1, "id": "feather3", "content": ": \u4f9d\u6cd5\u884c\u653f   \u8b1d\u8b1d\u6307\u6559"}, {"type": -1, "id": "staramit", "content": ": \u4e0d\u60f3\u53f0\u96fb\u8667\u53ef\u4ee5\u554a \u96fb\u50f9\u4e0d\u8981\u64cb\u554a"}, {"type": -1, "id": "wei2291", "content": ": \u54ea\u500b\u7acb\u59d4\u5beb\u51fa\u4f86\u554a"}, {"type": 0, "id": "wei2291", "content": ": \u518d\u5435\u5c31\u96c6\u9ad4\u7f77\u5de5\u554a"}, {"type": -1, "id": "SQOneal", "content": ": \u721b\u900f\u4e86 \u8ce0\u4e00\u5806 \u9084\u6562\u98184.4\u500b\u6708"}, {"type": 0, "id": "auraandy", "content": ": \u65b0\u4eba\u7b2c\u4e00\u5e74\u6839\u672c\u6c92\u5e74\u7d42..."}, {"type": 1, "id": "Localboy", "content": ": \u7b11\u6b7b\uff0c\u4e0d\u8b93\u53f0\u96fb\u71df\u5229\uff0c\u7136\u5f8c\u53c8\u8981\u4ee5\u71df\u5229\u7684"}], "post_ip": "223.138.172.234", "post_content": "\n1.\u5a92\u9ad4\u4f86\u6e90:\n\u4e2d\u6642\n\n2.\u8a18\u8005\u7f72\u540d\n\u8607\u79c0\u6167\n\n3.\u5b8c\u6574\u65b0\u805e\u6a19\u984c:\n\n\u56db\u5927\u570b\u71df\u4e8b\u696d\u5e74\u7d424.4\u500b\u6708 \u8607\u63c6\uff1a\u4f9d\u898f\u5b9a\u8fa6\u7406\n\n4.\u5b8c\u6574\u65b0\u805e\u5167\u6587:\n\n\u6cb9\u3001\u96fb\u3001\u7cd6\u3001\u6c34\u56db\u5927\u570b\u71df\u4e8b\u696d\u54e1\u5de5\u5e74\u7d42\u734e\u91d1\u78ba\u5b9a\u53ef\u62ff\u52304.4\u500b\u6708\uff0c\u7acb\u59d4\u8cea\u7591\u53bb\u5e74\u8ddf\u524d\u5e74\u4e2d\n\u6cb9\u3001\u53f0\u96fb\u983b\u983b\u51fa\u5305\uff0c\u70ba\u4ec0\u9ebc\u7e3e\u6548\u7532\u7b49\uff0c\u9084\u6709\u9019\u9ebc\u9ad8\u7684\u5e74\u7d42\u734e\u91d1\u662f\u9078\u8209\u8003\u91cf\uff0c\u884c\u653f\u9662\u9577\u8607\u8c9e\n\u660c\u4eca\u5929\u9996\u5ea6\u56de\u61c9\u8868\u793a\uff0c\u570b\u71df\u4e8b\u696d\u8003\u8a55\u8ddf\u7e3e\u6548\u734e\u91d1\u6838\u767c\uff0c\u90fd\u6709\u4e00\u5b9a\u7684\u4f5c\u696d\u7a0b\u5e8f\uff0c\u7531\u76f8\u95dc\u90e8\u6703\n\u4f9d\u898f\u5b9a\u8fa6\u7406\u3002\n\n\u53bb\u5e74\u4e2d\u6cb9\u3001\u53f0\u96fb\uff0c\u53f0\u7cd6\u548c\u53f0\u6c34\u76c8\u9918\u8d85\u6a19\uff0c\u7d93\u6fdf\u90e8\u5169\u500b\u6708\u524d\u5df2\u6838\u5b9a\u7e3e\u6548\u734e\u91d12.4\u500b\u6708\uff0c\u800c\u5728\n\u5448\u5831\u8003\u6210\u734e\u91d1\u5f8c\uff0c\u884c\u653f\u9662\u6b63\u5f0f\u62cd\u677f\u7686\u70ba\u7532\u7b49\uff0c\u5169\u7b46\u734e\u91d1\u5408\u8a084.4\u500b\u6708\u3002\n\n\u5176\u4e2d\uff0c\u4e2d\u6cb9\u7a05\u5f8c\u6de8\u5229342\u5104\u5143\u3001\u53f0\u96fb288\u5104\u5143\u3001\u53f0\u7cd671.49\u5104\u5143\u3001\u53f0\u6c342.38\u5104\u5143\u3002\n\n5.\u5b8c\u6574\u65b0\u805e\u9023\u7d50 (\u6216\u77ed\u7db2\u5740):\nhttps://www.chinatimes.com/realtimenews/20190813002269-260407?chdtv\n\n6.\u5099\u8a3b:\n\n--\n"}