{"ptt_id": "pleaseman", "post_url": "https://www.ptt.cc/bbs/Gossiping/M.1564459991.A.B01.html", "post_type": "\u554f\u5366", "post_title": "\u6709\u6c92\u6709\u65e9\u5b89\u5716\u7684\u516b\u5366", "post_time": "2019-07-30 12:13:08", "post_score": 1, "post_pushes": [{"type": 0, "id": "ComeThrough", "content": ": \u7b11\u6b7b"}, {"type": 0, "id": "theeht", "content": ": \u8b9a \u7559\u8a00 \u5206\u4eab"}, {"type": 1, "id": "Yude0109", "content": ": \u65e9\u5b89\u6211\u7684\u670b\u53cb\uff0c\u4f60\u9084\u6c92\u6b7b\u554a"}, {"type": 1, "id": "kawazakiz2", "content": ": \u5982\u679c\u6709\u4eba\u56de\u300c\u4f86\u300d\uff0c\u4f60\u624d\u8981\u6015"}, {"type": 1, "id": "Charley2309", "content": ": \u4ed6\u90a3\u662f\u7b54\u61c9\u4f60\u7684\u610f\u601d"}, {"type": -1, "id": "s035280236", "content": ": \u53ea\u662f\u4e0d\u60f3\u7406\u4f60\u9084\u7576\u4eba\u5bb6\u6c92\u770b\u554a"}, {"type": 0, "id": "zxcasd848", "content": ": https://i.imgur.com/dGZX7vR.jpg"}, {"type": 0, "id": "eunhailoveu", "content": ": https://i.imgur.com/832I7p6.jpg"}, {"type": -1, "id": "tearness", "content": ": https://i.imgur.com/RHH1SFD.jpg"}, {"type": 0, "id": "enigmabp", "content": ": \u9019\u4e0d\u662f\u50b3\u8aaa\u4e2d\u7684\u53f2\u52aa\u6bd4\u72d7\u72d7\u55ce"}], "post_ip": "101.9.211.166", "post_content": "\n\u5c0f\u5f1f\u59b9\u52a0\u5165\u4e86\u4e00\u500b\u8001\u4eba\u7fa4\u7d44\uff0c\n\u6bcf\u5929\u65e9\u4e0a\u4e00\u5806\u65e9\u5b89\u5716\u63a5\u529b\u8cfd\uff0c\n\u6211\u51cd\u6bcf\u5c4c\uff5e\u6c23\u6c23\u6c23\u6c23\u6c23\u6c23\u6c23\n\u65bc\u662f\u5c0f\u5f1f\u59b9po\u4e86\u4e00\u5f35\u54a9\u4fee\u5e79\u67d0\nhttps://i.imgur.com/V7uKZIT.jpg\n\u7adf\u7136\u9084\u6709\u8001\u4eba\u56de\u6211\u5e73\u5b89\u9806\u5fc3\n\u8001\u4eba\u662f\u4e0d\u662f\u90fd\u6c92\u5728\u770b\u65e9\u5b89\u5716\u7684\u5167\u5bb9\n\u6709\u6c92\u6709\u8001\u4eba\u53ea\u6703\u7121\u8166\u8f49\u767c\u65e9\u5b89\u5716\u7684\u639b\uff1f\n\n--\n"}