{"ptt_id": "ayaneoshi", "post_url": "https://www.ptt.cc/bbs/Gossiping/M.1567032661.A.4CC.html", "post_type": "\u554f\u5366", "post_title": "\u5149\u6e90\u6c0f\u5176\u5be6\u662f\u559c\u6b61\u8001\u5973\u4eba\u7684\u5427\uff1f", "post_time": "2019-08-29 06:50:59", "post_score": 1, "post_pushes": [{"type": 0, "id": "end56", "content": ": \u4e94\u6a13\u5c0d\u963f\u5a46\u725b\u8089\u9eb5\u5c3b\u69cd"}, {"type": 1, "id": "fantasy00249", "content": ": \u8001\u5c11\u901a\u5403\uff01\u61c2\u4e0d\uff1f"}, {"type": -1, "id": "deutyi", "content": ": \u5e72\u4f60\u5c41\u4e8b"}, {"type": -1, "id": "zpeople", "content": ": \u4e94\u6a13\u559c\u6b61\u88ab\u8001\u7532\u809b\u809b"}, {"type": 0, "id": "miruw", "content": ": \u90a3\u500b\u6240\u8b02\u7684\u5abd\u5abd\u4e5f\u624d\u5927\u4ed6\u5341\u5e7e\u6b72\u554a"}, {"type": 0, "id": "bn93001", "content": ": \u4e94\u6a13\u771f\u5a01"}, {"type": 1, "id": "williamsm", "content": ": \u963f\u5a46\u725b\u8089\u9eb5\u4e5f\u592a\u6709\u6b77\u53f2\u4e86"}, {"type": 1, "id": "glion", "content": ": \u7d93\u9a57\u591a\u4e86 \u81ea\u7136\u6703\u559c\u6b61\u6210\u719f\u5973\u6027"}, {"type": 0, "id": "kyoku", "content": ": \u4eba\u5bb6\u771f\u6b63\u4eba\u751f\u52dd\u5229\u7d44~\u5b85\u7537\u6709\u8cc7\u683c\u8aaa\u4eba\u5bb6??"}], "post_ip": "114.40.69.8", "post_content": "\n\u5927\u5bb6\u65e9\u554a\n\n\u5149\u6e90\u6c0f\u8457\u540d\u7684\u4e8b\u8e5f\n\n\u5c31\u662f\u628a\u5973\u5152\u7576\u672a\u4f86\u7684\u8001\u5a46\u4f86\u6276\u990a\n\n\u4f46\u662f\u4e8b\u5be6\u4e0a\u4ed6\u4e00\u958b\u59cb\u662f\u559c\u6b61\u81ea\u5df1\u7684\u5abd\u5abd\u7684\n\n\u6bd4\u8d77\u863f\u8389\u61c9\u8a72\u66f4\u559c\u6b61\u5e74\u7d00\u5927\u7684\u5427\n\n\u6709\u6c92\u6709\u5366\uff1f\n\n--\n"}