{"ptt_id": "subcrew", "post_url": "https://www.ptt.cc/bbs/Gossiping/M.1564945630.A.596.html", "post_type": "\u554f\u5366", "post_title": "\u7761\u4e0d\u8457\u600e\u9ebc\u8fa6", "post_time": "2019-08-05 03:07:08", "post_score": 4, "post_pushes": [{"type": 1, "id": "G2S", "content": ": \u8ddf\u7f8a\u7d04\u8dd1"}, {"type": 1, "id": "Destinyqq", "content": ": \u770b\u90e8\u9b3c\u7247\u76f4\u63a5\u9192\u5230\u5929\u4eae"}, {"type": 1, "id": "Dinenger", "content": ": \u6578\u7d04\u514b\u7f8a"}, {"type": 1, "id": "qaz960749", "content": ": \u8ddf\u4e94\u6a13\u4f86\u4e00\u767c"}, {"type": 1, "id": "steer610231", "content": ": .\u4eca\u5929\u4e0d\u7761\u660e\u5929\u7761\u66f4\u597d"}, {"type": -1, "id": "GGrunrundela", "content": ": \u5e79\u4e03\u6a13"}, {"type": -1, "id": "luke11130177", "content": ": \u5b89\u7720\u85e5\u554a"}, {"type": 0, "id": "luke11130177", "content": ": \u6b7b\u80d6\u5b50\u5de5\u4e09\u5c0f"}, {"type": -1, "id": "Ironstick", "content": ": \u5614\u5614\u5614\u5614\u5614\u5614\u5614\u5614\u5614\u5614\u5614"}, {"type": 0, "id": "roy1190", "content": ": \u80fd\u5e79\u7684\u4e03\u6a13"}, {"type": 1, "id": "rumirumi", "content": ": \u6211\u90fd\u5c3b\u5230\u529b\u7aed"}, {"type": 1, "id": "Dcwei", "content": ": \u7403\u68d2"}, {"type": -1, "id": "obov5116", "content": ": \u649e\u7246\u649e\u5230\u7761\u8457"}, {"type": 0, "id": "Coldhands", "content": ": https://youtu.be/YEQJwDfLhLU"}, {"type": 1, "id": "jp6ek6ek6", "content": ": \u5e79\u5c45\u8edf\u8ddf\u7d04\u70ae\u7f8a\u554a"}, {"type": 0, "id": "akumo", "content": ": \u5e72\u6211\u5c41\u4e8b"}], "post_ip": "111.71.18.179", "post_content": "\n\u5982\u984c\n\n\u4e00\u76f4\u7761\u4e0d\u8457\u600e\u9ebc\u8fa6\uff1f\n\n\u518d\u5c3b\u4e00\u767c\uff1f\n\n\u958b\u59cb\u6578\u68c9\u7f8a\uff1f\n\n\u76f4\u63a5\u4e0d\u7761\u5230\u5929\u4eae\uff1f\n\n\u8a72\u600e\u9ebc\u8fa6 \u6709\u5366\u55ce\n\n--\n"}