{"ptt_id": "e551262", "post_url": "https://www.ptt.cc/bbs/Gossiping/M.1564056190.A.DAB.html", "post_type": "\u554f\u5366", "post_title": "\u9078\u8209\u7684\u4fdd\u8b49\u91d1\u53ef\u4ee5\u5148\u9810\u7e73\u518d\u5237\u5361\u55ce", "post_time": "2019-07-25 20:03:08", "post_score": 1, "post_pushes": [{"type": 0, "id": "cattgirl", "content": ": \u73fe\u91d1"}, {"type": 1, "id": "firemothra", "content": ": VVIP"}], "post_ip": "1.200.44.123", "post_content": "\n\u5982\u984c\n\u525b\u525b\u770b\u65b0\u805e\u8aaa\u4fe1\u7528\u5361\u9810\u7e73\u53ef\u4ee5\u62ff\u4f86\u8cb7\u514d\u7a05\u54c1\u3001\u9999\u83f8\u2026\u2026\n\u7136\u5f8c\u6709\u63d0\u5230\u3010\u9810\u7e73\u6709\u7121\u91d1\u984d\u4e0a\u9650\uff0c\u7531\u9280\u884c\u81ea\u884c\u6c7a\u5b9a\u3011\u3002\n\u90a3\u9078\u8209\u4fdd\u8b49\u91d1\u53ef\u4ee5\u7528\u9810\u7e73\u5237\u5361\u55ce\uff1f\uff1f\n\n--\n"}