{"ptt_id": "Dinenger", "post_url": "https://www.ptt.cc/bbs/Gossiping/M.1566863490.A.808.html", "post_type": "\u554f\u5366", "post_title": "\u4e9e\u99ac\u905c\u96e8\u6797\u9084\u6703\u706b\u707d\uff1f", "post_time": "2019-08-27 07:51:28", "post_score": 3, "post_pushes": [{"type": 0, "id": "js52666", "content": ": \u84cb\u84cb\u84cb"}, {"type": 1, "id": "hipab", "content": ": \u58d3\u5abd\u71fb\u5973\u6230\u58eb \u6469\u63d2\u96e8\u6797\u751f\u71b1\uff0c\u505a\u611b\u767c\u96fb\u8d77\u706b"}, {"type": 1, "id": "sugableach14", "content": ": \u4e94\u6a13\u5728\u4e9e\u99ac\u905c\u5c3b\u69cd\u8d70\u706b\u91c0\u707d"}, {"type": 1, "id": "ok771105", "content": ": \u53f0\u7063\u53e4\u8e5f\u4e5f\u6703\u81ea\u71c3"}, {"type": 0, "id": "sa12e3", "content": ": https://www.bbc.com/zhongwen/trad/amp"}, {"type": 0, "id": "sa12e3", "content": ": /science-49466456"}, {"type": 1, "id": "SmonSo", "content": ": \u4e00\u5806\u5973\u751f\u6fd5\u6210\u90a3\u6a23\u4e0d\u4e5f\u4e00\u6a23\u617e\u706b\u6eff\u9ede"}, {"type": 0, "id": "sa12e3", "content": ": \u641c\u5c0b\u5c31\u6709\u7b54\u6848\u4e86\uff1f"}, {"type": 1, "id": "amsmsk", "content": ": \u8352\u539f\u72fc\u4f86\u62ff\u6bcd\u76d2\u4e86"}, {"type": -1, "id": "mc929", "content": ": \u4eba\u70ba"}, {"type": 1, "id": "lottopop2", "content": ": \u570b\u4e2d\u5730\u7406\u4e0d\u90fd\u6559\u4e86"}, {"type": -1, "id": "TCMRYUTARO", "content": ": \u4f60ID \u8aaa\u660e\u4e86\u4e00\u5207"}, {"type": 0, "id": "donation12", "content": ": \u4e0d\u662f\u8aaa\u7576\u5730\u60f3\u958b\u767c\u5c31\u6709\u4eba\u5077\u653e\u706b?"}, {"type": 0, "id": "delvan", "content": ": \u5bd2\u5e36\u51b0\u90fd\u8981\u878d\u5149\u4e86 \u96e8\u6797\u52a0\u500b5\u5ea6 \u4e0d\u80fd\u71d2\u81a9"}, {"type": -1, "id": "pippen2002", "content": ": \u5653 TCMRYUTARO: \u4f60ID \u8aaa\u660e\u4e86\u4e00\u5207"}], "post_ip": "27.247.229.1", "post_content": "\n\u9867\u540d\u601d\u7fa9\n\u4e9e\u99ac\u905c\u71b1\u5e36\u96e8\u6797\n\u5c31\u662f\u9577\u5e74\u4e0b\u96e8\n\u6fd5\u6fd5\u9ecf\u9ecf\u7684\u4e00\u584a\u571f\u5730\n\n\u7d50\u679c\n\u8aaa\u4ec0\u9ebc\n\u68ee\u6797\u5927\u706b\uff1f\n\n\u5728\u8ddf\u6211\u958b\u73a9\u7b11\n\n\u96e8\u6797\u4e4b\u540d\n\u662f\u4e0d\u662f\u904e\u8b7d\u4e86\uff1f\n\n\n--\n"}