{"ptt_id": "winterson", "post_url": "https://www.ptt.cc/bbs/Gossiping/M.1569998648.A.6F9.html", "post_type": "\u554f\u5366", "post_title": "\u9010\u5b57\u7a3f\u4e5f\u80fd\u9ed1\uff1f", "post_time": "2019-10-02 14:44:06", "post_score": -1, "post_pushes": [{"type": 1, "id": "StarTouching", "content": ": \u9010\u5b57\u641e\u54ea\u6bd4\u7684\u4e0a\u98a8\u5411 \u4f60\u61c2\u4eba\u6027\u55ce?"}, {"type": -1, "id": "userpeter", "content": ":"}, {"type": 1, "id": "sunev", "content": ": \u6587\u7d44\u5c08\u9577\uff0c\u8aaa\u6587\u89e3\u5b57"}, {"type": -1, "id": "shotakun", "content": ": \u67ef\u7cde\u5728\u9ed1\u5225\u4eba\u7684\u6642\u5019\u6709\u8cbc\u5c0d\u65b9\u7684\u9010\u5b57\u7a3f\u55ce"}, {"type": -1, "id": "dada0112", "content": ": \u5c0d\u554a\uff0c\u67ef\u5927\u5e02\u9577\u6279\u6279\u5225\u4eba\u7684\u6642\u5019\u6703\u4e0d\u6703\u5148"}, {"type": 0, "id": "dada0112", "content": ": \u770b\u9010\u5b57\u7a3f\u554a\uff0c\u6c92\u4e8b\u6c92\u4e8b\uff0c\u53ea\u662f\u64e6\u69cd\u8d70\u706b\u800c"}, {"type": 0, "id": "dada0112", "content": ": \u5df2"}], "post_ip": "114.136.233.232", "post_content": "\n\u9010\u5b57\u7a3f\u5c31\u662f\u9084\u539f\u539f\u8a71\n\n\u7d66\u5927\u5bb6\u516c\u8a55\n\n\u7d50\u679c\u677f\u4e0a\u4e00\u5806\u4eba\u9023\u9010\u5b57\u7a3f\u4e5f\u80fd\u9ed1\n\n\u53ea\u6709\u4ed6\u5011\u65b7\u7ae0\u53d6\u7fa9 \u683d\u8d13\u5ac1\u798d\u624d\u662f\u771f\u7684\n\n\u9023\u9010\u5b57\u7a3f\u90fd\u662f\u696d\u969c\u592a\u91cd \u5047\u7684\n\n\u5230\u5e95\u8981\u81c9\u76ae\u591a\u539a\u624d\u80fd\u9ed1\u9010\u5b57\u7a3f\u554a\uff1f\n\n\u6709\u6c92\u6709\u9023\u9010\u5b57\u7a3f\u4e5f\u80fd\u9ed1\n\n\u662f\u4e0d\u662f\u8166\u5b50\u58de\u6389\u6216\u5fc3\u809d\u58de\u6389\u7684\u516b\u5366\n\n--\n"}