{"ptt_id": "khfcgmbk", "post_url": "https://www.ptt.cc/bbs/Gossiping/M.1564040340.A.927.html", "post_type": "\u554f\u5366", "post_title": "\u5165\u4f4f\u4e4b\u5f8c\u767c\u73fe\u6709\u4e0a\u4e00\u500b\u623f\u5ba2\u7684\u5167\u8932\u600e\u8fa6\uff1f", "post_time": "2019-07-25 15:38:58", "post_score": 18, "post_pushes": [{"type": 0, "id": "james732", "content": ": \u8214"}, {"type": 0, "id": "wonder6253", "content": ": \u5225\u5077\u805e \u6703\u6709\u5831\u61c9\u4f86\u6572\u9580"}, {"type": 0, "id": "glion", "content": ": \u5148\u6293\u8d77\u4f86\u5957\u982d\u805e\u805e\u770b"}, {"type": 1, "id": "odd5566", "content": ": \u653e\u5fc3 \u90a3\u662f\u4e94\u6a13\u7684\u5566^Q^"}, {"type": 1, "id": "LIONDODO", "content": ": \u6253\u96fb\u8a71\u958b\u5674\u963f"}, {"type": 0, "id": "kino056", "content": ": \u62ff\u8d77\u4e86\u805e \u805e\u5b8c\u9ed8\u9ed8\u7684\u6536\u5165\u53e3\u888b\u73cd\u85cf"}, {"type": 0, "id": "WeGoStyle", "content": ": \u760b\u72c2\u5047\u9762\uff5e"}, {"type": 1, "id": "Litan", "content": ": \u6296\u4e00\u6296\uff0c\u7cbe\u795e\u767e\u500d"}, {"type": 1, "id": "inshadow", "content": ": \u9b3c\u5167\u8932"}, {"type": 1, "id": "p95649564", "content": ": \u5957\u982d\u4e0a\u9084\u8981\u6211\u6559?"}, {"type": 0, "id": "whathefuc", "content": ": \u770b\u8d77\u4f86\u4e0d\u662f\u6b63\u59b9\u7684"}, {"type": 1, "id": "vinor", "content": ": \u9084\u4e0d\u5148\u5438\u5169\u53e3"}, {"type": 1, "id": "ethan0419", "content": ": \u9019\u9593\u9019\u9ebc\u81ed \u8981\u6c42\u5957\u623f\u5347\u7d1a\u554a"}, {"type": 1, "id": "Behind4", "content": ": \u5feb\u5438 \u662f\u59b9\u5b50\u7684"}, {"type": 1, "id": "Hooz", "content": ": \u597d\u5641"}, {"type": 0, "id": "snow3804", "content": ": \u5148\u5438\u5169\u53e3"}, {"type": 1, "id": "xds", "content": ": \u5148\u5438"}, {"type": -1, "id": "distress0730", "content": ": \u4e0d\u5438\u7684\u8a71\u9019\u8f29\u5b50\u6c92\u6a5f\u6703\u4e86"}, {"type": 0, "id": "katana", "content": ": \u4ee3\u8868\u9019\u623f\u9593\u6839\u672c\u6c92\u4eba\u6253\u6383 \u9019\u6a23\u4e5f\u6562\u4f4f\u4e5f\u662f\u5f88"}, {"type": 0, "id": "katana", "content": ": \u53b2\u5bb3"}, {"type": 1, "id": "eltonchiang", "content": ": \u8214\u7206"}, {"type": 0, "id": "scum5566", "content": ": \u62ff\u4f86\u5c3b\u554a\u554a"}, {"type": 1, "id": "je321654", "content": ": \u6211\u4e5f\u89ba\u5f97 \u4ee3\u8868\u623f\u9593\u6574\u7406\u4e0d\u5468 \u63db\u4e00\u9593\u5408\u7406"}, {"type": 0, "id": "je321654", "content": ": \u5427"}, {"type": -1, "id": "railman", "content": ": \u5feb\u5438\u4e0d\u7136\u6703\u6709\u9b3c\u602a\u51fa\u4f86\u5438\u4f60\u967d\u6c23"}, {"type": 1, "id": "laba0528", "content": ": \u90a3\u662f\u98ef\u5e97\u63d0\u4f9b\u7684\u6d74\u5e3d\u62c9  \u62ff\u4f86\u6234\u982d\u4e0a"}, {"type": 0, "id": "agersir", "content": ": \u7b49\u7b49\u6703\u5e6b\u4f60\u6298\u597d"}, {"type": 0, "id": "killing06", "content": ": \u62ff\u8d77\u4f86\u7a7f\u554a"}, {"type": 1, "id": "agersir", "content": ": \u8acb\u8c37\u54e5*\u8dea\u8457\u7684\u5973\u4ebamarvel*"}, {"type": 1, "id": "technobeat", "content": ": \u6d74\u5e3d\u8d85\u597d\u7b11"}, {"type": 0, "id": "ringohejia", "content": ": \u5148\u63db\u624b\u6a5f \u76f8\u6a5f\u592a\u721b\u9084\u662f\u624b\u592a\u6296"}, {"type": 1, "id": "lime1207", "content": ": \u9019\u662f\u767c\u9ec3\u7684\u7537\u7528\u4e09\u89d2\u8932\u55ce"}, {"type": 1, "id": "moomin60129", "content": ": \u597d\u5641\u5fc3"}, {"type": 1, "id": "attpp", "content": ": \u8ddf\u98ef\u5e97\u8981\u4e0a\u4e00\u500b\u8cc7\u6599\uff0c\u4e0d\u7136\u4e0a\u7db2\u7206\u6599"}, {"type": 0, "id": "attpp", "content": ": \u6b63\u7684\u5c31\u6536\u8d77\u4e86"}, {"type": 1, "id": "sulichun", "content": ": \u9019\u662f\u798f\u5229,\u7db2\u8def\u8cb7\u5f88\u8cb4\u7684"}, {"type": 1, "id": "tku9527", "content": ": \u6253\u6383\u963f\u59e8\u7684 \u5feb\u62ff\u53bb\u9084\u5979"}], "post_ip": "101.13.2.246", "post_content": "\n\n\u9644\u5716\nhttps://i.imgur.com/5SwQwJM.jpg\n\u524d\u9663\u5b50\u8981\u5165\u4f4f\u67d0\u500b\u5730\u65b9\u5169\u500b\u665a\u4e0a\n\n\u662f\u54ea\u88e1\u6211\u5c31\u4e0d\u8aaa\u4e86\n\n\u4e00\u9032\u53bb\u8981\u653e\u884c\u674e\u7684\u6642\u5019\n\n\u6253\u958b\u8863\u6ac3\u5c31\u770b\u898b\u9019\u500b\u756b\u9762\n\n\u75fe....\u7e3d\u4e4b\u5f8c\u4f86\u6211\u5011\u5c31\u6c92\u7528\u90a3\u500b\u6ac3\u5b50\u4e86\n\n\u5982\u679c\u9047\u5230\u9019\u500b\u72c0\u6cc1\u8a72\u600e\u9ebc\u8fa6\uff1f\n\n\u5148\u6253\u96fb\u8a71\u958b\u5674\u6ac3\u6aaf\u623f\u52d9\uff1f\n\n\u9084\u662f\uff1f\n-----\nSent from JPTT on my iPhone\n\n--\n\u5641\u52f3\n\u6211\u9023\u78b0\u90fd\u4e0d\u6562\u78b0\u9084\u805e\n\u6015\n\u4e94\u6a13\u96fb\u8a71\u7d66\u6211\n\u4e4b\u524d\u4e5f\u505a\u904e\u98ef\u5e97\u89ba\u5f97\u8a72\u5c07\u5fc3\u6bd4\u5fc3\n\u9f8d\u5167\u8932\uff1f\n\u8b8a\u614b\n\u771f\u7684\u662f\u9f8d\u5167\u8932\uff01\uff01\n\u6015\n\u53c8\u4e00\u500b\u5047\u9762\n\u6211\u529f\u529b\u6c92\u90a3\u9ebc\u6df1\u539a\u770b\u4e0d\u51fa\u4f86\n\u90a3\u6211\u4e5f\u8981\u99d5\u5d29\u4e86\n\u5e79\u6211\u600e\u9ebc\u6c92\u60f3\u5230\n\u4f60\u600e\u77e5\uff1f\n\u771f\u7684\u6bcd\u6e6f\n\u3105\u8981\n\u771f\u9999\uff1f\n\u5e79\u6211\u4e5f\u6c92\u5438\u904e\u524d\u5973\u53cb\u7684\u5167\u8932\u597d\u55ce\n\u6211\u61f7\u7591\u662f\u7d66\u623f\u52d9\u7684\u5c0f\u8cbb\u4e0d\u5920\u591a\n\u8214\u4e09\u5c0f\n\u6839\u672c\u4e0d\u77e5\u9053\u662f\u8ab0\u7684\u54ea\u5c3b\u7684\u51fa\u4f86\n\u770b\u5728\u5176\u4ed6\u5730\u65b9\u6574\u7406\u7684\u9084\u4e0d\u932f\u6211\u5011\u5c31\u7b97\u4e86\n\u6709\u9019\u7a2e\u9b3c\u602a\uff01\uff1f\n\u5c41\u5566\u90a3\u9ebc\u76ba\u4e5f\u592a\u4e0d\u5c08\u696d\n\u4f86\u554a\n\u611f\u89ba\u7a7f\u4e86\u6703\u7662\n\u9019\u4e09\u5c0f\u6c42\u8a73\u7d30\n\u6d74\u5e3d\u597d\u597d\u653e\u5728\u6d74\u5ba4\u597d\u55ce\n\u4e0d\u597d\u610f\u601d\u5728\u5bb6\u4eba\u9762\u524d\u62cd\uff0c\u6240\u4ee5\u5f88\u96a8\u624b\u7684\u62ff\u8d77\u624b\u6a5f\u6c92\u4ec0\u9ebc\u5c0d\u7126\u5c31\u62cd\u4e86\n\u6c92\u7814\u7a76\u90a3\u9ebc\u6df1\u5165\n\u203b \u7de8\u8f2f: khfcgmbk (49.158.208.130 \u81fa\u7063), 07/25/2019 16:52:28\n"}