{"ptt_id": "bengowa", "post_url": "https://www.ptt.cc/bbs/Gossiping/M.1567432917.A.1DF.html", "post_type": "\u554f\u5366", "post_title": "\u660e\u5929\u65e9\u9910\u8981\u5403\u4ec0\u9ebc\u5566? \u6709\u5366?", "post_time": "2019-09-02 22:01:52", "post_score": 5, "post_pushes": [{"type": 0, "id": "Neverfor", "content": ": \u52a0\u5165\u5305\u8396\u6559 \u6709\u4f60\u6709\u6211"}, {"type": 0, "id": "Neverfor", "content": ": \u66f4\u6b63 \u6c92\u6709\u6211"}, {"type": 1, "id": "ms0545173", "content": ": \u5973\u540c\u4e8b\u7684\u81ed\u7d72\u896a"}, {"type": 1, "id": "johnwu", "content": ": \u8001\u5a18\u95c6\u554a \u9084\u8981\u554f"}, {"type": 0, "id": "johnwu", "content": ": \u8001\u95c6\u5a18 = ="}, {"type": 0, "id": "kino056", "content": ": \u5973\u68ee\u5ec1\u6240\u7684\u7d05\u8336\u5305"}, {"type": 0, "id": "g8330330", "content": ": \u6e96\u5099\u5403\u746a\u82ac\u5821"}, {"type": 1, "id": "love0504", "content": ": \u6a13\u4e0b\u8ddf\u6a02\u8299\u5403\u4ec0\u9ebc"}, {"type": 1, "id": "david3809", "content": ": \u5973\u5e97\u54e1\u5566\u5e79"}, {"type": 1, "id": "wang1b", "content": ":  https://i.imgur.com/dvJeFK9.jpg"}, {"type": -1, "id": "alloc", "content": ": \u80a5\u5b85\u54ea\u6709\u9019\u9ebc\u65e9\u7761 \u90fd\u9ebb\u7761\u5230\u4e2d\u5348\u518d\u5403\u65e9\u5348\u9910"}, {"type": 0, "id": "lucybelle", "content": ": \u6211\u660e\u65e9\u624d\u80fd\u77e5\u9053"}, {"type": 0, "id": "love0504", "content": ": \u4e03\u6a13\u5614\u5614\u5614\u5614\u5614\u5614\u5614\u5614"}, {"type": 0, "id": "david3809", "content": ": \u5614\u4e09\u5c0f \u9019\u7a2e\u64f2\u7b4a\u6587\u6a19\u6e96\u7b54\u6848\u4e0d\u5c31\u8001\u95c6\u5a18/"}, {"type": 0, "id": "david3809", "content": ": \u5973\u5e97\u54e1"}, {"type": 0, "id": "data1728", "content": ": https://i.imgur.com/JTWkIBX.jpg"}, {"type": 0, "id": "data1728", "content": ": \u5403\u6a02\u4f5b\u7684\u96de\u61f6\u4f5b"}, {"type": 0, "id": "akumo", "content": ": \u5e72\u6211\u5c41\u4e8b"}, {"type": 1, "id": "mmichaell", "content": ": \u85af\u9905\u86cb\u9905"}], "post_ip": "101.14.172.198", "post_content": "\nYO \u516b\u5366\u5927\u5bb6\n\n\u5feb\u7761\u4e86\u5427?\n\n\u7761\u524d\u9084\u6709\u4e9b\u6642\u9593\n\n\u4e0d\u59a817\u4e43\u96c6\u601d\u5ee3\u76ca\n\n\u5230\u5e95\n\n\u660e\u5929\u65e9\u9910\n\n\u8981\u5403\u4ec0\u9ebc\u597dner?\n\n\u6709\u6c92\u6709\u516b\u5366?\n\n\u6211\u76ee\u524d\u662fprefer\u9baa\u9b5a\u86cb\u9905\n\n<3\n\n\n\n--\n#1QLSs1yt (Gossiping)\n\n--\n"}