{"ptt_id": "Ax0101", "post_url": "https://www.ptt.cc/bbs/Gossiping/M.1568109370.A.71D.html", "post_type": "\u554f\u5366", "post_title": "\u53f0\u4e2d\u4e03\u671f\u6709\u53ef\u80fd\u8d85\u8d8a\u81fa\u5317\u4fe1\u7fa9\u5340\u55ce", "post_time": "2019-09-10 17:56:08", "post_score": 11, "post_pushes": [{"type": 0, "id": "Tchachavsky", "content": ": \u8d85\u8d8a\u5e02\u653f\u5317\u4e03\u8def\u7684"}, {"type": 1, "id": "darkbrigher", "content": ": \u9b3c\u5c4b\u5340"}, {"type": 0, "id": "love0504", "content": ": \u6176\u8a18\u591a\u5403\u4e00\u9ede"}, {"type": 1, "id": "ckscks178", "content": ": \u6709\u5922\u6700\u7f8e"}, {"type": 0, "id": "mnhyuiop", "content": ": \u4e0b\u8f29\u5b50\u5427"}, {"type": 0, "id": "d8109333", "content": ": \u4fe1\u7fa9\u5340\u4e0d\u662f\u5012\u4e86\u4e00\u5806\uff1f"}, {"type": -1, "id": "wz70403", "content": ": \u6ce1\u6cab\u5316\u7684\u901f\u5ea6\u6703\u8d85\u904e\u5587"}, {"type": 1, "id": "tai0913", "content": ": \u6c92\u6709"}, {"type": -1, "id": "cychine", "content": ": \u63a8\u6587\u53c8\u4e00\u500b\u628a\u4fe1\u7fa9\u5340\u8ddf\u4fe1\u7fa9\u8a08\u756b\u5340\u641e\u6df7\u7684"}, {"type": 1, "id": "eddisontw", "content": ": \u5916\u5546??? \u90a3\u908a\u54ea\u6709\u5916\u5546"}, {"type": 1, "id": "Tchachavsky", "content": ": \u9ea5\u7576\u52de\u963f                \u963f\u8b8a\u53f0\u5546\u4e86"}, {"type": 1, "id": "Iakane", "content": ": \u70ba\u4ec0\u9ebc\u5916\u5730\u4eba\u90fd\u53ea\u6703\u8aaa\u4e03\u671f"}, {"type": -1, "id": "data1728", "content": ": \u4e03\u671f\u4f4f\u7684\u90fd\u662f\u8ce3\u6bd2\u7684"}, {"type": 1, "id": "utf84067", "content": ":  \u9b3c\u5c4b\u5340 \u99ac\u5229\u4e9e\u4f4f\u7684\u5730\u65b9"}, {"type": -1, "id": "gn01765288", "content": ": \u5149\u7a7a\u6c59\u6c59\u67d3\u4e5f\u4e0d\u6703\u53bb\u4f4f\u81fa\u4e2d"}, {"type": 1, "id": "f7895123", "content": ": \u552f\u4e00\u8a8d\u53ef\u5317\u4e03\u8def"}, {"type": 1, "id": "so03c", "content": ": \u8d85\u8d8a\u4fe1\u7fa9\u5340\u7684\u5893\u4ed4\u57d4"}, {"type": 1, "id": "yha", "content": ": \u5982\u679c\u4f60\u554f\u7684\u662f\u623f\u50f9 \u4e0d\u53ef\u80fd \u9023\u677f\u6a4b\u90fd\u8d0f\u4e0d\u4e86"}, {"type": 0, "id": "zzro", "content": ": \u4f60\u89ba\u5f97\u53f0\u5317\u6703\u8b93\u4efb\u4f55\u4eba\u8d85\u8d8a\uff1f"}, {"type": -1, "id": "qoo53895", "content": ": \u4e03\u671f\u665a\u4e0a\u6839\u672c\u6c92\u5565\u4eba\u5728\u5927\u6a13"}, {"type": 0, "id": "ymx3xc", "content": ": \u7b49\u500b20\u5e74 \u770b\u6709\u6c92\u6709\u6a5f\u6703"}, {"type": 1, "id": "zero549893", "content": ": \u5dee\u591a\u4e86"}, {"type": -1, "id": "Mtcat", "content": ": \u5916\u5546\u500b\u5c41 \u90fd\u662f\u535a\u5f08y"}, {"type": 1, "id": "tinybunny", "content": ": \u8d85\u8d8a\u53f0\u4e2d\u5927\u5b89\u5340"}, {"type": 1, "id": "delvan", "content": ": 8+9\u671f\u53ef\u4ee5\u8d85\u904e\u4e16\u754c"}, {"type": 1, "id": "chh6166", "content": ": \u53f0\u4e2d\u4e0d\u7528\u8ddf\u5225\u4eba\u6bd4"}, {"type": 1, "id": "stock5566", "content": ": \u73fe\u5728\u4e03\u671f\u5165\u4f4f\u65c5\u5f88\u6b63\u5e38\u4e86  \u5f88\u591a\u9ad8\u6536\u5165"}, {"type": 0, "id": "stock5566", "content": ": \u79df\u5ba2"}, {"type": 0, "id": "mykuririn", "content": ": \u4e03\u671f\u7e41\u69ae\u662f\u7b11\u8a71\u55ce"}, {"type": 1, "id": "sanshin", "content": ": \u6bd2\u8ca9\u73fe\u5728\u5f88\u61c2\uff0c\u90fd\u79df\u9ad8\u79df\u91d1\u8c6a\u5b85"}, {"type": -1, "id": "xx3877", "content": ": \u9023\u8eca\u5c3e\u71c8\u90fd\u770b\u4e0d\u5230"}, {"type": 1, "id": "JT0624", "content": ": \u4e03\u671f\u7e41\u69ae\uff1f \u7a7a\u5c4b\u591a\u7684\u8ddf\u4ec0\u9ebc\u4e00\u6a23"}, {"type": -1, "id": "aitela", "content": ": \u9109\u4e0b\u4eba\u805a\u5728\u4e00\u8d77\u5c31\u6703\u80e1\u601d\u4e82\u60f3"}, {"type": 1, "id": "Diaw01", "content": ": \u6d77\u6c34\u6df9\u4e0a\u4f86\u5f8c\u5c31\u6703\u8d85\u8d8a"}, {"type": 1, "id": "artpower", "content": ": \u53f0\u4e2d\u4e03\u671f\u597d\u554a \u53f0\u4e2d\u7684\u9996\u5584\u4e2d\u5fc3 \u53f0\u4e2d\u662f\u5b9c"}, {"type": 0, "id": "artpower", "content": ": \u5c45\u7684\u57ce\u5e02 \u6b61\u8fce\u559c\u6b61\u53f0\u4e2d\u7684\u5584\u5fc3\u4eba\u58eb\u4f4f\u53f0\u4e2d"}], "post_ip": "42.73.70.154", "post_content": "\n\u55e8\n\n\u5927\u5bb6\u665a\u5b89\u554a\n\n\u5c31\u662f\u554a\n\n\u53f0\u4e2d\u4e03\u671f\u554a\n\n\u807d\u8aaa\u5f88\u7e41\u69ae\u554a\n\n\u5916\u5546\u9032\u99d0\u4e5f\u5f88\u591a\u554a\n\n\u807d\u7db2\u53cb\u8aaa\u6709\u53ef\u80fd\u8d85\u8d8a\u81fa\u5317\u4fe1\u7fa9\u5340\n\n\u771f\u7684\u55ce\uff1f\n\n\u9019\u6a23\u5f88\u731b\u6b38...\n\n--\n"}