{"ptt_id": "badjye911", "post_url": "https://www.ptt.cc/bbs/Gossiping/M.1563992119.A.405.html", "post_type": "\u554f\u5366", "post_title": "\u4e16\u754c\u7f8e\u98df\u7e3d\u532f\u534a\u591c\u4eba\u5f88\u591a\u7684\u516b\u5366\uff1f", "post_time": "2019-07-25 02:15:16", "post_score": 5, "post_pushes": [{"type": -1, "id": "nut7470", "content": ": \u6240\u4ee5\u4f60\u8981\u554f\u4ec0\u9ebc"}, {"type": 1, "id": "Dinenger", "content": ": \u592a\u9727\u4e86\u5427\uff0c\u662f\u4e0d\u662f\u6709\u9b3c"}, {"type": 0, "id": "polobolo", "content": ": \u4e00\u770b\u5c31\u8d85\u5ee2"}, {"type": 1, "id": "railwaytaiwa", "content": ": \u523a\u9752\u7537\u7684\u5716\u54a7?"}, {"type": 0, "id": "iceqaz", "content": ": \u770b\u8d77\u4f86\u771f\u4e0d\u7f8e\u5473"}, {"type": 1, "id": "frommr", "content": ": \u6ce5\u9ede\u3109\u8086\u4ec0\u9ebc\uff1f\u993f\u6c34\u3107\uff1f"}, {"type": 1, "id": "Iakane", "content": ": \u597d\u96a8\u4fbf\u7684\u8c46\u5e72"}, {"type": -1, "id": "preoff", "content": ": \u9019\u6a23\u5e73\u5e38\u7684\u5e97\u5bb6\u6709\u4ec0\u9ebc\u597dpo\u7684\uff1f"}, {"type": 0, "id": "polobolo", "content": ": \u4e00\u5806\u6c38\u548c\u5c31\u8d0f\u9019\u500b\u4e86\u5427"}, {"type": 1, "id": "brianuser", "content": ": \u9a19\u6211\uff0c\u8fa3\u59b9\u52d2"}, {"type": 0, "id": "SeanBoog", "content": ": \u9019\u7a2e\u5e97\u90fd\u6703\u6709\u4eba\u5403 \u771f\u7684\u5f88\u7121\u6cd5\u7406\u89e3"}, {"type": 0, "id": "meredith001", "content": ": \u534a\u591c\u5f88\u6b63\u5e38\u963f"}, {"type": 0, "id": "meredith001", "content": ": \u73fe\u5728\u665a\u4e0a\u7684\u5de5\u4f5c\u90a3\u9ebc\u591a"}, {"type": 1, "id": "blastGG", "content": ": \u5b6b\u7272\u5c31\u5728\u9694\u58c1\u7684\u516c\u5712\u706b\u8eca\u4fbf\u7576\u963f=="}, {"type": 1, "id": "LanceHaHa", "content": ": \u6240\u4ee5\u597d\u5403\u55ce"}, {"type": 1, "id": "brokenlin", "content": ": \u83dc\u55ae\u76f4\u63a5\u5beb\u5728\u7246\u58c1\u4e0a\u4e5f\u592a\u5e25"}, {"type": 0, "id": "kappaisshit", "content": ": \u7d71\u795e\u4ed6\u5011\u6709\u53bb\u5403\u904e\u6b38"}, {"type": -1, "id": "iceqaz", "content": ": \u706b\u817f\u6ce1\u9eb5\u662f\u4ec0\u9ebc\u9b3c"}, {"type": 1, "id": "DustinFu", "content": ": \u6ce1\u9eb5\u770b\u8d77\u4f86\u5f88\u96e3\u5403"}, {"type": 1, "id": "meredith001", "content": ": \u57fa\u672c\u4e0a\u9019\u7a2e\u505a\u534a\u591c\u751f\u610f\u7684\u53e3\u611f\u90fd\u6703\u504f\u91cd"}, {"type": 0, "id": "miloskyman", "content": ": \u4f60PO\u59b3\u963f\u7f75\u7684\u5716\u5e79\u561b"}, {"type": 1, "id": "Dinenger", "content": ": \u90a3\u500b\u624b\u770b\u8d77\u4f86\u4e0d\u5230\u963f\u5b24\u5566\uff0c\u5927\u6982\u662f\u5abd\u5abd"}, {"type": 0, "id": "wang1b", "content": ": \u597d\u9913\u54e6"}, {"type": 0, "id": "oyabun", "content": ": \u9019\u9593\u751f\u610f\u5f88\u597d"}, {"type": 0, "id": "minoru04", "content": ": \u611f\u89ba\u8d85\u5674"}, {"type": -1, "id": "preoff", "content": ": \u4f60po\u7684\u98df\u7269\u5167\u5bb9\u6709\u8272\u7d20\u706b\u817f \u6ce1\u9eb5"}, {"type": -1, "id": "stlevi811101", "content": ": \u534a\u591c\u5403\u5674\u5e79\u561b"}, {"type": 0, "id": "preoff", "content": ": \u90a3\u500b\u7d05\u8272\u706b\u817f\u7684\u7d05\u771f\u7684\u662f\u6c92\u6709\u98df\u617e"}, {"type": 0, "id": "ce1671821", "content": ": \u63db\u624b\u6a5f\u597d\u55ce"}, {"type": 0, "id": "cul287", "content": ": \u624b\u6a5f\u7528\u5f88\u4e45\u7684\u611f\u89ba"}, {"type": -1, "id": "a27588679", "content": ": \u93e1\u982d\u6709\u5920\u6cb9"}], "post_ip": "101.136.238.235", "post_content": "\n\n\u5c0f\u5f1f\u6211\n\n\u5f88\u597d\u5947\n\n\u5c0f\u5f1f\u525b\u525b\u67e5\u5230\u4e00\u959324\u5c0f\u6642\u71df\u696d\u7684\u5e97\u5bb6\n\n\u534a\u591c\u9192\u4f86\u5f88\u9913\n\n\u4e0d\u77e5\u9053\u8981\u5403\u5565\n\n\u65bc\u662f\u4e4e \u6211\u5c31\u8dd1\u5230\u9019\u88e1\u4f86\u4e86\n\n\u5916\u9762\u7684\u684c\u5b50\u4e5f\u662f\u4e00\u5806\u4eba\n\n\u6709\u8fa3\u59b9\u8ddf8+9\u523a\u9752\u7537\n\n\u4eba\u771f\u7684\u4e0d\u5c11\u7684\u516b\u5366\n\n\u672c\u4f86\u4ee5\u70ba\u6c92\u4ec0\u9ebc\u4eba\n\n\nhttps://i.imgur.com/aulVwcv.jpg\nhttps://i.imgur.com/PzPICEJ.jpg\nhttps://i.imgur.com/BWnsUrG.jpg\n\n\n\n-----\nSent from JPTT on my iPhone\n\n--\n\u554f\u70ba\u4ec0\u9ebc\u96d9\u5317\u4eba\u534a\u591c\u90fd\u4e0d\u7761\u89ba\u611b\u5403\u6771\u897f\n\u624b\u6a5f\u5feb\u58de\u310c\n\u203b \u7de8\u8f2f: badjye911 (101.136.238.235 \u81fa\u7063), 07/25/2019 02:16:32\n\u9084\u6c92\u9ede\u5b8c\n\u203b \u7de8\u8f2f: badjye911 (101.136.238.235 \u81fa\u7063), 07/25/2019 02:16:54\n\u6240\u4ee5\u600e\u9ebc\u90a3\u9ebc\u591a\u4eba\u5403\u554a \u7121\u89e3 \u5916\u9762\u4e00\u5806\u4eba\n\u203b \u7de8\u8f2f: badjye911 (101.136.238.235 \u81fa\u7063), 07/25/2019 02:17:21\n https://i.imgur.com/A0N7gn9.jpg\n\u203b \u7de8\u8f2f: badjye911 (101.136.238.235 \u81fa\u7063), 07/25/2019 02:20:05\n\u203b \u7de8\u8f2f: badjye911 (101.136.238.235 \u81fa\u7063), 07/25/2019 02:20:37\n"}