{"ptt_id": "zhwang2123", "post_url": "https://www.ptt.cc/bbs/Gossiping/M.1562917431.A.007.html", "post_type": "\u65b0\u805e", "post_title": "\u6642\u529b\u5fb5\u62db\u300c\u82b7\u5ae3\u300d\u9078\u7acb\u59d4\uff1f \u9ec3\u570b\u660c\uff1a\u6211\u975e", "post_time": "2019-07-12 15:43:49", "post_score": 134, "post_pushes": [{"type": 0, "id": "gamania0515", "content": ": \u7b11\u6b7b"}, {"type": 1, "id": "MeeToo", "content": ": \u6642\u529b\u771f\u7684\u9664\u4e86\u570b\u660c \u5176\u4ed6\u90fd\u8166"}, {"type": 0, "id": "g8330330", "content": ": \u4e00\u6574\u500b\u88ab\u5b64\u7acb\u8036 \u4f55\u6642\u8981\u9000\u9ee8?"}, {"type": 1, "id": "VVizZ", "content": ": \u5feb\u9ede\u9078\u7acb\u59d4\u963f \u5927\u5bb6\u90fd\u60f3\u78b0\u5230\u7a7a\u59d0"}, {"type": 0, "id": "joy2105feh", "content": ": \u4e94\u6a13\u559d\u7d19\u7159\u8336"}, {"type": 0, "id": "swingingbear", "content": ": \u771f\u7684\u5fb5\u53ec \u6642\u4ee3\u5c31\u53ef\u4ee5\u5403\u5c4e\u4e86 \u53ec\u4e00\u500b"}, {"type": 0, "id": "jimehang", "content": ": \u958b\u4ec0\u9ebc\u73a9\u7b11?  \u6709\u9ede\u8166\u597d\u55ce"}, {"type": 1, "id": "kyowinner", "content": ": \u56de\u6536\u6642\u4ee3?"}, {"type": 1, "id": "podon", "content": ": \u6642\u529b\u56de\u6536\u5834"}, {"type": 0, "id": "kgb1019", "content": ": \u8b8a\u6642\u4ee3\u99ac\u6232\u5718\u4e86QAQ"}, {"type": 1, "id": "immercury", "content": ": \u666f\u6ed4\u5728\u6642\u529b\u88e1\u9762\u4eba\u7de3\u5f88\u5dee"}, {"type": 1, "id": "wolver", "content": ": \u6574\u9ee8\u5269\u4e0b\u5c0f\u7da0\u8ddf\u667a\u969c,\u570b\u660c\u60f3\u8df3\u69fd\u5f88\u4e45\u4e86\u5427"}, {"type": 0, "id": "Hirano", "content": ": \u5fb5\u53ec\u5979\u6642\u529b\u5c31\u73a9\u5b8c\u56c9"}, {"type": 0, "id": "kenro", "content": ": \u6642\u529b\u89ba\u5f97\u7968\u5920\u591a\u5594\uff1f"}, {"type": 0, "id": "VVizZ", "content": ": \u6642\u529b\u7576\u5e74\u9023\u7d14\u7d20\u4eba\u6d2a\u6148\u5eb8\u90fd\u6562\u63a8\u4e86"}, {"type": 1, "id": "UtsuhoReiuzi", "content": ": \u96d6\u7136\u6211\u6642\u529b\u9ed1 \u53ef\u662f\u9019\u7a2e\u7db2\u53cb\u610f\u898b\u5e36"}, {"type": 1, "id": "HyDroGen2528", "content": ": \u8077\u4f4d\u932f\u8aa4 \u61c9\u662f\u9996\u5e2dIT\u5de5\u7a0b\u5e2b"}, {"type": 0, "id": "VVizZ", "content": ": \u90ed\u6b63\u5abd\u81f3\u5c11\u9084\u5e79\u904e\u5de5\u6703\u8077\u52d9\u8036"}, {"type": 0, "id": "cattgirl", "content": ": \u652f\u6301\u9577\u69ae\u544a\u6642\u4ee3\u529b\u91cf"}, {"type": 0, "id": "mij", "content": ": \u6709\u8a71\u984c\u4ec0\u9ebc\u90fd\u6536??"}, {"type": 0, "id": "cabemet", "content": ": \u778e\u4e86\u773c\u55ce"}, {"type": 0, "id": "banbee100", "content": ": \u9019\u756b\u9762\u592a\u7f8e\u4e86\u6211\u4e0d\u6562\u770b"}, {"type": 0, "id": "UtsuhoReiuzi", "content": ": \u98a8\u5411\u771f\u7684\u5f88\u96e3\u770b \u5f90\u6c38\u660e\u8b1b\u8a71\u518d\u8aaa"}, {"type": 1, "id": "si1ver1989", "content": ": \u5fb5\u53ec\u53bb\u6253\u87fb\u738b\uff1f"}, {"type": 0, "id": "WTF55665566", "content": ": \u6642\u529b\u63b0"}, {"type": 0, "id": "VVizZ", "content": ": \u6642\u529b\u5982\u679c\u8981\u7576\u5de6\u6d3e\u5de5\u9ee8\u7684\u8a71\u7576\u7136\u8981\u63a8\u5979\u9078"}, {"type": 0, "id": "metal521", "content": ": \u8981\u96fb\u7206\u7acb\u9662\u55ce"}, {"type": 0, "id": "monitor", "content": ": \u7576\u4e0a\u7acb\u59d4\u5c31\u53ef\u4ee5\u96fb\u7206\u4ea4\u901a\u90e8\u548c\u52de\u52d5\u90e8\u4e86"}, {"type": 1, "id": "sisere", "content": ": \u5317\u4e03\u5594"}, {"type": 0, "id": "jorden", "content": ": \u6642\u529b\u7f3a IT\u9ad8\u624b?"}, {"type": 0, "id": "VVizZ", "content": ": \u4e0d\u7136\u5728\u90a3\u88cf\u5047\u5de5\u9ee8\u4e0d\u884c\u5594"}, {"type": 0, "id": "monitor", "content": ": \u652f\u6301\u51fa\u4f86\u9078\u7acb\u59d4"}, {"type": 1, "id": "ohmypipi", "content": ": \u7d2b\u7159\u9078\u4e0a\u7acb\u59d4\u6703\u4e0d\u6703\u96fb\u7206\u7db2\u8def\u80a5\u5b85 \u6015"}, {"type": 0, "id": "dra7763", "content": ": \u6642\u529b\u4ee5\u70ba\u96a8\u4fbf\u62db\u4eba\u9078\u7acb\u59d4 \u52df\u6b3e\u90fd\u6709\u9322\u55ce"}, {"type": 0, "id": "Hirano", "content": ": \u62ff\u7576\u5e74\u7684\u6d2a\u8ddf\u73fe\u5728\u9019\u500b\u90ed\u6bd4...?"}, {"type": 0, "id": "kgb1019", "content": ": \u5230\u6642\u653f\u898b\u767c\u8868\u6703 \u7092\u7c73\u7c89\u8ca2\u4e38\u6e6f\u62ff\u51fa\u4f86"}, {"type": 1, "id": "chattingto", "content": ": \u570b\u660c\u52a0\u6cb9"}, {"type": 0, "id": "VVizZ", "content": ": \u53f0\u7063\u9700\u8981\u771f\u6b63\u7684\u5de5\u9ee8\u963f \u4e0d\u7136\u52de\u6b0a\u8b1b\u5047\u7684\u5594"}, {"type": 0, "id": "jorden", "content": ": \u9019\u7a2e\u6975\u5de6\u6d3e\u7684 \u90fd\u5f88\u6975\u7aef \u5230\u6642\u5019\u88ab\u908a\u7de3\u5316"}, {"type": -1, "id": "dmhorizon", "content": ": \u8a18\u8005\u53c8\u4f86\u4e86 \u662f\u4e0d\u6703\u53bb\u554f\u6642\u529b\u6c7a\u7b56\u59d4\u54e1\u55ce"}, {"type": 0, "id": "kgb1019", "content": ": \u6c92\u4eba\u6562\u5403"}, {"type": 1, "id": "jeffrey0929", "content": ": \u59d0\u597d\u5e25"}, {"type": -1, "id": "Leo4891", "content": ": \u6642\u4ee3\u529b\u91cf\u800d\u667a\u969c\u6c92\u5dee\u5566  \u73a9\u5de6\u81a0\u90a3\u5957 \u7b11\u6b7b"}, {"type": -1, "id": "berserk", "content": ": \u5ed6\u5ed6: \u5e79"}, {"type": 1, "id": "daniel3658", "content": ": \u5c4e\u888bXDDDD"}, {"type": 1, "id": "langeo", "content": ": \u6642\u7acb\u8981\u81ea\u53d6\u6ec5\u4ea1\u5594"}, {"type": -1, "id": "pauljet", "content": ": \u4f60\u9ec3\u570b\u660c \u534a\u591c12\u9ede\u534a \u73fe\u8eab\u7a7a\u59d0\u7f77\u5de5\u73fe\u5834"}, {"type": 0, "id": "pauljet", "content": ":  \u652f\u6301\u7f77\u5de5 \u7136\u5f8c\u8aaa\u4f60\u4ec0\u9ebc\u90fd\u4e0d\u77e5\u9053\uff1f"}, {"type": 1, "id": "lovek123", "content": ": \u5225\u9b27\u4e86"}, {"type": 0, "id": "Leo4891", "content": ": \u9ec3\u570b\u660c\u5feb\u9000\u6642\u529b  \u9019\u7a2e\u5783\u573e\u5c0f\u9ee8\u53ea\u6703\u626f\u5f8c\u817f"}, {"type": 1, "id": "jeeffrey3688", "content": ": \u60f3\u770b\u71b1\u9b27"}, {"type": 1, "id": "lmc66", "content": ": \u9019\u7a2e\u5b8c\u7f8e\u7684\u4eba\u624d \u5efa\u8b70\u8b93\u7d66\u767d\u8272\u529b\u91cf"}, {"type": 0, "id": "langeo", "content": ": \u9019\u856d\u67e5\u67d0\u7576\u7acb\u59d4\u7684\u76ee\u7684\u662f\u4ec0\u9ebc \u5e6b\u5927\u5bb6\u52a0\u6599\u55ce"}, {"type": 0, "id": "Hirano", "content": ": \u652f\u6301\u7f77\u5de5\u4e0d\u4ee3\u8868\u652f\u6301\u90ed\u82b7\u5ae3\u597d\u55ce0.0"}, {"type": 1, "id": "dos32408", "content": ": \u6295\u6642\u529b  \u5c11\u4e00\u7c92"}, {"type": -1, "id": "ja1295", "content": ": \u597d"}, {"type": 1, "id": "NTULioner", "content": ": \u56de\u6536\u9ee8"}, {"type": -1, "id": "xnivek216", "content": ": \u5acc\u7968\u592a\u591a?!"}, {"type": 0, "id": "Leo4891", "content": ": \u90ed\u90a3\u7a2e\u4eba\u9078\u4e0a  \u8ddf\u97d3\u570b\u745c\u7576\u5e02\u9577\u4e00\u6a23\u662f\u707d\u96e3"}, {"type": -1, "id": "jeng7722", "content": ": \u5982\u679c\u771f\u7684\u62db\u7d2b\u7159\uff0c\u4ee5\u5f8c\u5c31\u5c11\u6211\u9019\u7968"}, {"type": 0, "id": "Leo4891", "content": ": \u6642\u4ee3\u529b\u91cf\u770b\u8d77\u4f86\u6bd4\u53f0\u806f\u9084\u5ee2  \u4f55\u6642\u8981\u6ce1\u6cab\u5316"}, {"type": 1, "id": "kaminari22tw", "content": ": \u8b9a\u8b9a  \u652f\u6301"}, {"type": -1, "id": "chiaolin", "content": ": \u8d95\u5feb\u9806\u4fbf\u5fb5\u53ec \u6478\u5976\u7684\u90a3\u500b"}, {"type": 1, "id": "kenro", "content": ": \u9019\u7a2e\u7684\u4e00\u6709\u6b0a\u4f4d\u5c31\u6703\u8d85\u885d"}, {"type": 0, "id": "Leo4891", "content": ": \u5de6\u6d3e\u73a9\u904e\u706b \u5c31\u6703\u641e\u51fa\u97d3\u570b\u745c\u9019\u7a2e\u602a\u7269\u53cd\u64b2"}, {"type": -1, "id": "sfalco", "content": ": \u6642\u529b\u771f\u7684\u662f\u767d\u7661"}, {"type": 0, "id": "excia", "content": ": \u8aaa\u5be6\u5728\u6211\u771f\u7684\u5f88\u60f3\u770b\u82b7\u5ae3\u5f9e\u653f"}, {"type": 1, "id": "season2011", "content": ": \u8b9a\u5566  \u7576\u7acb\u59d4\u4e4b\u5f8c\u56de\u9577\u69ae\u96fb\u7206\u90a3\u4e9b\u8cc7\u65b9"}, {"type": 0, "id": "rapnose", "content": ": \u5e6b\u570b\u660c\u8001\u5e2bQQ"}, {"type": 0, "id": "season2011", "content": ": \u72d7"}, {"type": 1, "id": "qsccft123", "content": ": \u5c4e\u888b\u5c08\u9580\u6536..."}, {"type": 0, "id": "Leo4891", "content": ": \u7d19\u83f8\u7576\u9078\u5594  \u6574\u5929\u770b\u4ed6\u8981\u5831\u5fa9\u60e1\u641e\u8ab0\u5c31\u98fd\u4e86"}, {"type": -1, "id": "idletime", "content": ": \u5230\u5e95\u54ea\u500b\u4f4e\u80fd\u62f1\u7684\uff1f"}, {"type": 0, "id": "galleon2000", "content": ": \u50bb\u4e86\u9006  \u5728\u60f3\u4ec0\u9ebc?"}, {"type": -1, "id": "rei196", "content": ": \u64cd\u4f60\u5abd\u7684\u5982\u679c\u5fb5\u53ec\u7260\u6211\u4e00\u5b9a\u9000\u9ee8"}, {"type": -1, "id": "DarkNT", "content": ": \u6642\u529b\u7684\u6c7a\u7b56\u5718\u8166\u888b\u771f\u7684\u8d8a\u4f86\u8d8a\u5947\u602a\u4e86"}, {"type": 1, "id": "idam1983", "content": ": \u6642\u529b\u4e0d\u662f\u8981\u5206\u88c2\u4e86\u55ce\uff1f"}, {"type": 0, "id": "ch333", "content": ": \u70ba\u4ec0\u9ebc\u662f\u5fb5\u62db\u4e2d\u58e2 ~~"}, {"type": 0, "id": "fuhaho", "content": ": \u8ab0\u4e0d\u627e\u504f\u627e\u5979\u2026"}, {"type": 1, "id": "langeo", "content": ": \u6642\u4ee3\u5df2\u7d93\u63d0\u540d\u4e86\u4e00\u500b\u6843\u7522\u7e3d\u7684\u4eba\u51fa\u4f86\u9078\u4e86"}, {"type": 1, "id": "freeskez", "content": ": \u570b\u660c\u5feb\u96e2\u958b\u5427"}, {"type": 0, "id": "langeo", "content": ": \u73fe\u5728\u53c8\u63d0\u9019\u500b\u7d19\u83f8 \u5927\u6982\u771f\u7684\u60f3\u81ea\u53d6\u6ec5\u4ea1\u5427"}, {"type": 0, "id": "Leo4891", "content": ": \u9ec3\u570b\u660c\u5feb\u96e2\u958b+1  \u4e0d\u9700\u8981\u8b93\u5176\u4ed6\u4eba\u642d\u4f4e\u6c34\u6e96"}, {"type": 1, "id": "obdv", "content": ": \u9019\u500b\u53b2\u5bb3"}, {"type": 1, "id": "kevin8203", "content": ": \u9ed1\u4e86 \u5b8c\u4e86"}, {"type": 1, "id": "ryrp", "content": ": \u570b\u660c\u88ab\u908a\u7de3\u5316\u4e86"}, {"type": 1, "id": "ccucwc", "content": ": \u6642\u4ee3\u62db\u9019\u7a2e\u4eba\u5c31\u662f\u81ea\u6bba\u4e86"}, {"type": 0, "id": "ganganx", "content": ": \u5371\u5bb3\u98db\u5b89\u8aaa\u91cd\u9ede\u662f\u6050\u653b\u672a\u9042\u8036 \u9078\u7acb\u59d4\u2026"}, {"type": -1, "id": "a35715987", "content": ": \u6642\u529b\u7968\u592a\u591a88"}, {"type": 1, "id": "seemoon2000", "content": ": \u9019\u500b\u5fb5\u4e0b\u53bb\u6e96\u5099\u4ea1\u9ee8"}, {"type": 1, "id": "DFTT", "content": ": \u627e\u9019\u96bb\u5c31\u8166\u6b98\u4e86 \u653f\u9ee8\u7968\u90fd\u4e0d\u7d66\u4f60"}, {"type": -1, "id": "yolasiku", "content": ": \u7db2\u53cbpo\u6587\u9078= \u6642\u529b\u5fb5\u53ec\uff1f\u5993\u8005\u771f\u4ed6\u5abd\u6703\u4f5c"}, {"type": 1, "id": "tanby", "content": ": \u6158 \u4e0d\u7576\u5c0f\u7da0\u7da0\u5c31\u9019\u6a23"}, {"type": 0, "id": "yolasiku", "content": ": \u6587"}, {"type": 1, "id": "langeo", "content": ": \u61c9\u8a72\u662f\u5176\u4ed6\u4eba\u8dd1 \u9ec3\u570b\u660c\u672c\u8eab\u4e5f\u662f\u8d70\u5de6\u81a0\u8def\u7dda"}, {"type": -1, "id": "darkholy", "content": ": \u5c4e\u529b\u53ea\u80fd\u9760\u8c6c\u54e5\u7968\u4e86"}, {"type": 1, "id": "Tsucomi69", "content": ": \u86e4???\u9ec3\u570b\u660c\u4e0d\u5728\u6c7a\u7b56\u5718\u968a\u5594"}, {"type": 0, "id": "ganganx", "content": ": \u60f3\u8981\u81ea\u6ec5\u8b93dpp\u5438\u6536\u55ce"}, {"type": 0, "id": "Tsucomi69", "content": ": \u90a3\u53ef\u4ee5\u6539\u540d\u53eb\u6642\u4ee3\u9ee8\u4e86"}, {"type": 1, "id": "seemoon2000", "content": ": \u9ec3\u570b\u660c\u662f\u5de6\u6d3e \u4f46\u5fb5\u53ec\u5979\u8ddf\u5de6\u7121\u95dc"}, {"type": 1, "id": "qoosky", "content": ": \u7d2b\u7159\uff1a\u6211\u7684\u653f\u898b\u662f\uff0c\u4ee5\u5f8c\u4e58\u5ba2\u592a\u8caa\u5fc3\u6211\u5011\u5c31"}, {"type": 0, "id": "qoosky", "content": ": \u7f77\u51cc\u4ed6\uff0c\u6a5f\u9577\u4e0d\u807d\u8a71\u6211\u5011\u5c31\u52a0\u6599\uff0c\u5927\u5bb6\u8aaa\u597d"}, {"type": 0, "id": "qoosky", "content": ": \u4e0d\u597d\u554a\uff01"}, {"type": 1, "id": "hdotistyle", "content": ": \u56de\u6536\u529b\u91cf"}, {"type": 0, "id": "sareed", "content": ": \u6211\u4e0d\u4fe1\u9019\u88e1\u7684\u7537\u6027\u6c92\u6709\u770b\u81c9\u6295\u7968\u7684\u6731\u54e5"}, {"type": 1, "id": "langeo", "content": ": \u7d19\u83f8\u61c9\u8a72\u63a8\u52d5\u4fee\u6cd5 \u52a0\u6599\u7121\u7f6a"}, {"type": 0, "id": "boss88893", "content": ": \u51fa\u4f86\u9078\u7acb\u59d4  \u62dc\u7968\u6642\u624d\u80fd \u63e1\u5230\u5979\u7684\u624b\uff1f"}, {"type": 1, "id": "Feuerbach", "content": ": \u6642\u4ee3\u6c92\u9ec3\u570b\u660c\u5c31\u662f\u6ce1\u6cab\u653f\u9ee8\u4e86"}, {"type": 0, "id": "leocean9816", "content": ": \u516b\u5366\u7248\u5f88\u591a\u4eba\u8981\u88fd\u9020\u6642\u529b\u8ddf\u9ec3\u7684\u885d\u7a81"}, {"type": 1, "id": "dos32408", "content": ": \u563b\u563b\u518d\u8b1b\u7968\u6295\u6642\u529b\u76e3\u7763\u85cd\u7da0\u5440"}, {"type": 0, "id": "darkholy", "content": ": \u9738\u51cc\u7acb\u59d4\u6307\u65e5\u53ef\u5f85"}, {"type": 1, "id": "Hirano", "content": ": \u770b\u81c9\u6295\u7968\u4e5f\u4e0d\u6703\u6295\u7d66\u4ed6\u554a...\u525b\u7576\u5b8c\u5175?"}, {"type": 0, "id": "jim1122", "content": ": \u7b11\u6b7b \u6642\u529b\u5c08\u627e\u82b1\u74f6\u984f\u503c\u9a19\u7968"}, {"type": 0, "id": "lulocke", "content": ": \u54ea\u500b\u667a\u969c\u7db2\u53cb\u5728\u90a3\u908a\u62f1"}, {"type": 0, "id": "stlevi811101", "content": ": https://imgur.com/a/bcR1N4q"}, {"type": 1, "id": "DORAQMON", "content": ": \u679c\u7136\u662f\u6c92\u4eba\u624d\u7684\u5730\u65b9"}, {"type": 1, "id": "v19791119", "content": ": \u6642\u529b\u7a69\u4e86"}, {"type": 1, "id": "superob", "content": ": \u570b\u660c\u5feb\u9ede\u9000\u51fa\uff0c\u9019\u88e1\u4e0d\u9069\u5408\u4f60"}, {"type": 1, "id": "ptadspt", "content": ": \u62dc\u8a17\u5225\u9b27\u4e86"}, {"type": 0, "id": "xfac", "content": ": \u5c4e\u529b"}, {"type": 1, "id": "bubblebeauty", "content": ": \u5168\u90e8\u722d\u8b70\u4eba\u7269\u90fd\u7d66\u4ed6\u5011,\u54c8\u54c8\u54c8\u54c8\u54c8"}, {"type": 0, "id": "sareed", "content": ": \u6240\u4ee5 \u771f\u7684\u8a8d\u70ba\u6d2a\u6148\u50ad\u6bd4\u8f03\u6b63\u5594?"}, {"type": 1, "id": "alamabarry", "content": ": \u9078\u963f~~~~\u6211\u4e00\u7968\u90fd\u4e0d\u6295\u7d66\u4f60\u9019\u7a2e\u9ee8"}, {"type": 1, "id": "imsphzzz", "content": ": \u5783\u573e\u9ee8"}, {"type": 1, "id": "Qweilun", "content": ": \u7b11\u6b7b"}, {"type": -1, "id": "syarokoi", "content": ": \u771f\u7684\u627e\u5979\u9032\u53bb\u6211\u9019\u8f29\u5b50\u90fd\u4e0d\u6703\u6295\u6642\u4ee3\u529b\u91cf"}, {"type": 1, "id": "NTJL", "content": ": \u6642\u529b\u5f88\u5feb\u5c31\u6703\u6ce1\u6cab\u5316\u4e86"}, {"type": 0, "id": "NTJL", "content": ": \u9078\u4e0a\u6703\u88ab\u5176\u4ed6\u7acb\u59d4\u52a0\u6599\u55ce"}, {"type": 0, "id": "dddc", "content": ": \u6536\u9019\u7a2e\uff1f"}, {"type": 1, "id": "LAKobeBryant", "content": ": \u5979\u9023\u82b1\u74f6\u90fd\u8ac7\u4e0d\u4e0a\u5427"}, {"type": 1, "id": "mono5566", "content": ": \u7136\u5f8c\u8981\u958b\u59cb\u96fb\u9078\u6c11?"}, {"type": 1, "id": "cul287", "content": ": \u8f49\u578b\u70ba10\u888b\u529b\u91cf\u4e86\u55ce"}, {"type": 0, "id": "lulocke", "content": ": \u6c92\u6709\u9ec3\u570b\u660c\u7684\u6642\u529b \u8ddf\u6c92\u6709\u6392\u9aa8\u9165\u7684\u6392\u9aa8\u9165"}, {"type": 0, "id": "NTJL", "content": ": \u6253\u932f \u6703\u5e6b\u5176\u4ed6\u7acb\u59d4\u52a0\u6599\u55ce"}, {"type": 0, "id": "lulocke", "content": ": \u6e6f\u6709\u5565\u5169\u6a23"}, {"type": 1, "id": "kissa0924307", "content": ": \u7576\u9ee8\u54e1\u6703\u4e0d\u6703\u88ab\u9738\u51cc\u554a \u6015~~"}, {"type": 0, "id": "herikocat", "content": ": \u6ce1\u6cab\u529b\u91cf"}, {"type": 1, "id": "gugugaga", "content": ": \u6d2a\u59d0\u53f0\u98a8\u5c4c\u6253\u90ed\u767e\u842c\u500d\u597d\u55ce\u5728\u90a3\u908a\u6bd4"}, {"type": 1, "id": "henryhao", "content": ": \uff1f\uff1f\uff1f"}, {"type": 0, "id": "keny80206", "content": ": \u760b\u4e86\u55ce"}, {"type": 1, "id": "langeo", "content": ": \u6d2a\u59ca\u5f88\u8a8d\u771f\u5728\u5e79\u7acb\u59d4\u597d\u55ce \u9019\u5973\u7684\u5c31\u53ea\u662f\u6709\u75c5"}, {"type": 1, "id": "aa01081008tw", "content": ": \u7b11\u6b7bXDD \u6642\u529b\u9019\u9ebc\u60f3\u6ec5\u5718\u5594"}, {"type": 0, "id": "greedypeople", "content": ": \u597d\u5594  \u6642\u529b\u5feb\u84b8\u62db  \u563b\u563b"}, {"type": 1, "id": "s8800892000", "content": ": \u5b89\u5566 \u770b\u770b\u9ee8\u4e3b\u5e2d\u88dc\u9078\u591a\u9ebc\u53b2\u5bb3"}, {"type": 1, "id": "qoololo", "content": ": \u652f\u6301"}, {"type": -1, "id": "po123953", "content": ": \u4e0d\u77e5\u6065\u7684\u7d2b\u7159"}, {"type": 0, "id": "aa01081008tw", "content": ": \u90ed\u4e00\u4ee3\u8868\u6642\u529b..\u9019\u9ee8\u80fd\u53bb\u5403\u5927\u4fbf\u4e86XD"}, {"type": 0, "id": "otld", "content": ": \u6230\u795e\u6703\u4e0d\u6703\u88ab\u62d6\u57ae"}, {"type": 1, "id": "hideho", "content": ": \u570b\u5e2b\u4e0d\u8981\u5783\u573e"}, {"type": 1, "id": "twmarstw7758", "content": ": \u53bb\u5e74\u7968\u6389\u7684\u4e0d\u5920\u591a\u5594"}, {"type": 1, "id": "tom50512", "content": ": \u6642\u4ee3\u529b\u91cf\u771f\u7684\u4e0d\u8981\u9019\u6a23=="}, {"type": 0, "id": "aa01081008tw", "content": ": \u5976\u6614\u54e5\u6709\u633a\u7d2b\u5ae3..\u9084\u771f\u6709\u53ef\u80fd\u51fa\u4f86\u9078"}, {"type": 1, "id": "kamener", "content": ": \u6c92\u570b\u660c\u7684\u6642\u529b\u5c31\u4e7e\u8106\u6d88\u5931\u5427"}, {"type": 1, "id": "tombknight", "content": ": \u8b1d\u8b1d\u9019\u6b21\u7f77\u5de5\u8b93\u6211\u770b\u6e05\u6642\u4ee3\u529b\u91cf"}, {"type": 1, "id": "LuvA", "content": ": \u662f\u8a8d\u771f\u7684\u55ce\uff1f\uff1f"}, {"type": 1, "id": "DBSS", "content": ": \u5982\u679c\u771f\u7684\u5fb5\u62db\u9019\u500b\u6a19\u6e96\u7684\"\u53f0\u5973\" \u6642\u529b\u6e96\u5099\u8981"}, {"type": 0, "id": "DBSS", "content": ": \u6ce1\u6cab\u5316\u4e86..."}, {"type": -1, "id": "boogieman", "content": ": \u6642\u4ee3\u529b\u91cf\u61c9\u8a72\u6c92\u88ab\u5de5\u904b\u87d1\u8782\u7d66\u4f54\u8d70\u4e86\u5427\uff1f"}, {"type": 0, "id": "boogieman", "content": ": \u5e36\u4e09\u6d28\u98a8\u5411\uff1f"}, {"type": 0, "id": "revive25", "content": ": \u4e0d\u6703\u5427 \u6211\u672c\u4f86\u653f\u9ee8\u8981\u6295\u6642\u529b \u6709\u5979\u5c31\u4e0d\u6295"}, {"type": 1, "id": "Maiar", "content": ": \u60f3\u7b11\u6b7b\u4eba\u5594 \u6642\u4ee3\u529b\u91cf\u662f\u982d\u6bbc\u58de\u6389\u55ce"}, {"type": 1, "id": "shutout5566", "content": ": \u5fb5\u53ec\u5979\u771f\u7684\u662f\u627e\u6b7b \u81ea\u6bba"}, {"type": 1, "id": "punchin", "content": ": \uff1f\uff1f"}, {"type": -1, "id": "yuki2474", "content": ": \u4e0d\u8981\u53c8\u591a\u4e00\u500b\u6478\u9b5a\u9b3c\u6df7\u7684"}, {"type": 1, "id": "xiangyi", "content": ": \u662f\u6c92\u6709\u8166\u4e86\u55ce\uff1f \u9078\u9019\u7a2e\u7684\u4f86\u7576\u7acb\u59d4\uff1f\u4ee5\u5f8c"}, {"type": 0, "id": "xiangyi", "content": ": \u7684\u7db2\u8def\u6642\u4ee3\uff0c\u505a\u7684\u4e8b\u60c5\u6703\u66f4\u900f\u660e\uff0c\u6562\u9019\u6a23\u4e82"}, {"type": 0, "id": "xiangyi", "content": ": \u9078\u4eba\uff1f"}, {"type": 1, "id": "miacp", "content": ": \u9ec3\u570b\u660c\u9000\u9ee8\u7b97\u4e86"}, {"type": 0, "id": "isu0911", "content": ": \u60f3\u5bb3\u6642\u529b\u55ce = ="}, {"type": 0, "id": "oops66", "content": ": ..............."}, {"type": 0, "id": "oops66", "content": ": wtf?"}, {"type": 1, "id": "langeo", "content": ": \u570b\u6c11\u9ee8\u90fd\u627e\u4e9b\u9000\u4f11\u570b\u624b\u7576\u7acb\u59d4 \u6642\u4ee3\u627e\u88ab\u9000\u4f11"}, {"type": 0, "id": "langeo", "content": ": \u7684\u5783\u573e\u54e1\u5de5"}, {"type": 0, "id": "C8C8DHC", "content": ": \u5feb\u53bb\uff01\u6e96\u5099\u88ab\u7b11\u6b7b\u5427\uff01 \u6211\u9019\u7968\u7d55\u5c0d\u4e0d\u6703\u7d66"}, {"type": 0, "id": "C8C8DHC", "content": ": \u6642\u529b\uff01"}, {"type": 1, "id": "solsol", "content": ": \u53ef\u4ee5\u63a8\u554a  \u5973\u6b0a.\u52de\u6b0a\u5927\u5e2b\u7968.74\u7968  \u6709\u6a5f\u6703"}, {"type": 0, "id": "C8C8DHC", "content": ": \u672c\u4f86\u60f3\u7d66\u6642\u529b\u7968\u53bb\u5e73\u8861\u85cd\u7da0\u529b\u91cf"}, {"type": 0, "id": "C8C8DHC", "content": ": \u6c92\u60f3\u5230\u9019\u9ebc\u9862\u9807"}, {"type": 0, "id": "solsol", "content": ": \u96d6\u7136\u809a\u721b\u7684\u4f30\u8a08\u4e5f\u6703\u589e\u52a0"}, {"type": 0, "id": "qqq5890003", "content": ": \u5fb5\u53ec\u4ed6\uff1f\u662f\u6c92\u4eba\u624d\u4e86\u662f\u4e0d\u662f"}, {"type": 1, "id": "dreamyello", "content": ": \u7e3d\u8a72\u6709\u500b\u4e3b\u6253\u52de\u6b0a\u7684\u7acb\u59d4\u4e86 \u62ff\u4e0d\u5230\u8cc7\u65b9"}, {"type": 1, "id": "etiennechiu", "content": ": \u4e0d\u8981\u641e\u7b11\u4e86\uff0c\u9738\u51cc\u6050\u5687\u4eba\u7684\u4e5f\u8981"}, {"type": 0, "id": "dreamyello", "content": ": \u737b\u91d1\u5c31\u662f\u4e86"}, {"type": 0, "id": "lulocke", "content": ": \u53cd\u6b63\u67d0\u9ee8\u9023\u6bba\u8b66\u7684\u4e5f ..."}, {"type": 0, "id": "dreamyello", "content": ": \u53f0\u52de\u5c31\u662f\u592a\u8edf\u5f31\u53c8\u9806\u6c11\u624d\u6703\u88ab\u5403\u6b7b\u6b7b \u6709"}, {"type": 0, "id": "dreamyello", "content": ": \u9019\u7a2e\u9df9\u6d3e\u7576\u6b0a\u5e73\u8861\u4e00\u4e0b\u4e5f\u4e0d\u932f"}, {"type": -1, "id": "Moratti", "content": ": \u5317\u4e03 \u4e0d\u5b89\u597d\u5fc3"}, {"type": 1, "id": "yannicklatte", "content": ": \u2026\u4e0d\u53ef\u80fd\u5427\uff1f\u61c9\u8a72\u2026"}, {"type": -1, "id": "song6", "content": ": \u53c8\u5728\u9020\u8b20"}, {"type": 0, "id": "Moratti", "content": ": \u7d2b\u7159 \u6700\u9069\u5408\u9032\u6f14\u85dd\u5708 \u6f14\u6232"}, {"type": 0, "id": "dreamyello", "content": ": \u4f60\u4e0d\u6562\u722d\u6c92\u95dc\u4fc2 \u8b93\u5920\u5147\u7684\u5e6b\u4f60\u722d"}, {"type": 1, "id": "langeo", "content": ": \u4e3b\u6253\u52de\u6b0a\u7684\u7acb\u59d4\u73fe\u5728\u6709\u6709\u4e00\u7968\u597d\u55ce \u4e0d\u7528\u7279\u5730"}, {"type": 1, "id": "eagle22", "content": ": \u4e0d\u63a8\u7d2b\u7159\uff0c\u4e0d\u6295\u6642\u529b"}, {"type": 1, "id": "henrydai", "content": ": \u5979\u6211\u4e0d\u884c\uff0c\u771f\u7684\u5fb5\u62db\u53ea\u597d\u9000\u9ee8"}, {"type": 0, "id": "Moratti", "content": ": \u9032\u6f14\u85dd\u5708\u767c\u5c55 \u4e0d\u6bd4\u7a7a\u59d0\u5dee"}, {"type": 0, "id": "langeo", "content": ": \u9078\u4e00\u500b\u667a\u969c\u4f86\u7576\u597d\u55ce \u4ed6\u7576\u7acb\u59d4\u7d55\u5c0d\u662f\u707d\u96e3"}, {"type": 0, "id": "Moratti", "content": ": \u6797\u4e88\u665e\u5c31\u662f\u7a7a\u59d0\u8f49\u85dd\u4eba"}, {"type": 0, "id": "dreamyello", "content": ": \u539f\u4f86\u6709\u4e00\u7968\u7acb\u59d4\u4e3b\u6253\u52de\u6b0a\u963f\uff1f\u4f60\u6709\u611f\u89ba"}, {"type": 0, "id": "dreamyello", "content": ": \u5230\u4ed6\u5011\u505a\u4e86\u5565\u4e8b\u55ce\uff1f"}, {"type": 0, "id": "langeo", "content": ": \u4ed6\u7576\u7acb\u59d4\u61c9\u8a72\u63a8\u7684\u4e0d\u662f\u52de\u6b0a \u800c\u662f\u52a0\u6599\u9664\u7f6a\u5316"}, {"type": 0, "id": "dreamyello", "content": ": \u53f0\u7063\u6709\u5e7e\u500b\u5de5\u6703\u7d44\u8d77\u4f86\u4e86\uff1f\u6b63\u5e38\u904b\u4f5c\uff1f"}, {"type": 0, "id": "dreamyello", "content": ": \u7576\u6b0a\u7684\u5c31\u662f\u4e00\u7fa4\u8cc7\u65b9\u6253\u624b\u4e0d\u662f\u5e38\u8b58\u55ce"}, {"type": 1, "id": "JayceYen", "content": ": \u9019\u7a2e\u5496\u5c0f\u9078\u4e09\u5c0f\u554a\uff1f"}, {"type": 1, "id": "yzkeroro", "content": ": \u5fb5\u53ec\u4ed6\u5e79\u561b???? \u8166\u5b50\u649e\u5230?"}, {"type": 1, "id": "bluezero000", "content": ": \u7b11\u6b7bXDD"}, {"type": 0, "id": "dreamyello", "content": ": \u9664\u4e86\u53f0\u5317\u52de\u52d5\u5c40\u9577\u4ee5\u5916 \u54ea\u500b\u662f\u7b2c\u4e00\u7dda\u51fa"}, {"type": 0, "id": "dreamyello", "content": ": \u4f86\u7684\uff1f\u7684\u99ac\u662f\u9a19\u7968\u558a\u53e3\u865f\u800c\u5df2"}, {"type": 1, "id": "rosydark", "content": ": \u667a\u969c\u55ce\uff1f\u5c4e\u529b\u63b0"}, {"type": 1, "id": "fairwarning", "content": ": \u4ed6\u51fa\u4f86\u9078\u7acb\u59d4\uff0c\u5475\u5475~"}, {"type": 0, "id": "greedypeople", "content": ": \u53ef\u60dc\u694a\u5049\u4e2d\u639b\u4e86  \u4e0d\u7136\u6700\u9069\u5408\u4ee3\u8868\u52de"}, {"type": 0, "id": "greedypeople", "content": ": \u6b0a\u7684\u8aaa\u4e0d\u5b9a\u662f\u4ed6"}, {"type": 1, "id": "vipgk2002", "content": ": \u6642\u529b\u662f\u4e0d\u662f\u89ba\u9752\u81ea\u80a5\u5c0f\u5708\u5708\u554a \u9664\u4e86\u570b\u660c"}, {"type": 0, "id": "vipgk2002", "content": ": ...."}, {"type": -1, "id": "morgan0", "content": ": \u5fb5\u53ec\u5c31\u7b49\u8457\u770b\u6642\u529b\u6ec5\u4ea1"}, {"type": 1, "id": "dripcoffee", "content": ": \u6642\u4ee3\u529b\u91cf\u4e0d\u662f\u5783\u573e\u56de\u6536\u8eca"}, {"type": 1, "id": "dreamyello", "content": ": \u4f9d\u7167\u516b\u5366\u53cd\u6307\u6a19\u4f86\u770b \u61c9\u8a72\u6703\u9078\u4e0a\u5594"}, {"type": 1, "id": "solitary7146", "content": ": \u70ba\u9078\u6c11\u52a0\u6599"}, {"type": 1, "id": "chichung", "content": ": \u6240\u4ee5\u6642\u529b\u4e5f\u5728\u8e6d\u570b\u660c\u540d\u6c23\u55ce\uff1f\u9084\u662f\u9020\u8b20\uff1f"}, {"type": 1, "id": "sxscts", "content": ": \u81ea\u7206\u4ed4\u4e0d\u7b49\u65bc\u9df9\u6d3e\u597d\u55ce"}, {"type": 1, "id": "LOWJ", "content": ": \u570b\u660c\u4e0d\u662f\u667a\u969c \u4f46\u6642\u529b\u6709\u627e\u5de5\u6703\u51fa\u4f86\u9078\u7684\u667a\u969c"}, {"type": 0, "id": "stoxin", "content": ": \u6230\u9b25"}, {"type": 1, "id": "RoaringWolf", "content": ": \u60f3\u8f38\u5c31\u5fb5\u62db\u5427"}, {"type": 1, "id": "NgJovi", "content": ": ....."}, {"type": -1, "id": "o760823", "content": ": \u6642\u529b\u8981\u662f\u6536\u5c31\u662f\u767d\u7661\u4e86"}, {"type": 1, "id": "ALENDA", "content": ": \u6551\u547d\u554a \u6642\u529b\u4e0d\u8981\u505a\u56de\u6536 \u62dc\u8a17\uff0c\u6211\u653f\u9ee8\u7968\u9084"}, {"type": 0, "id": "ALENDA", "content": ": \u7b49\u8457\u6295\u6642\u529b"}, {"type": 1, "id": "jinx55123", "content": ": \u5bb3\u5b8c\u7a7a\u59d0\u9084\u60f3\u7e7c\u7e8c\u5bb3\u53f0\u7063 \u592d\u58fd"}, {"type": 1, "id": "Hooz", "content": ": \u4e0d\u932f\u5416 \u9019\u9ebc\u6703\u96fb\u4eba"}, {"type": 0, "id": "jackycheny", "content": ": \u5929\u624dIT\u5de5\u7a0b\u5e2b\u9084\u4e0d\u53bb\u7c73\u570b\u8c37\u6b4c\u6488\u9322"}, {"type": 0, "id": "ziso", "content": ": \u5fb5\u62db\u7684\u8a71\u9023\u6211\u9019\u653f\u9ee8\u7968\u90fd\u62ff\u4e0d\u5230 \u5475\u5475"}, {"type": -1, "id": "PLAYGGGG", "content": ": \u5c4e\u888b\u7da0\u91cf"}, {"type": -1, "id": "chris44099", "content": ": \u6211\u53bb\u5e74\u9084\u6295\u4e86\u9ec3\u8272\u7684\u8b70\u54e1\uff0c\u9019\u500b\u5982\u679c\u56de"}, {"type": 0, "id": "chris44099", "content": ": \u6536\u90a3\u6211\u4e0d\u6295\u9019\u500b\u9ee8\u4e86"}, {"type": 1, "id": "ja2200", "content": ": \u6642\u4ee3\u529b\u91cf\u73fe\u5728\u53ea\u633a\u570b\u660c\u8001\u5e2b"}, {"type": -1, "id": "thomas0229", "content": ": \u6536\u9019\u5496\u653f\u9ee8\u7968\u5c31\u53c8\u8981\u6295\u5225\u4eba\u4e86"}, {"type": 1, "id": "help1268", "content": ": \u96fb\u7206"}, {"type": 0, "id": "ja2200", "content": ": \u5e0c\u671b\u6642\u4ee3\u5fb5\u53ec\uff0c\u770b\u4f60\u50112020\u600e\u9ebc\u9078"}, {"type": 0, "id": "kodo555", "content": ": \u9078\u8209\u5217\u8eca\u555f\u52d5\uff01"}, {"type": 1, "id": "howhowandy", "content": ": \u611f\u89ba\u570b\u660c\u8001\u5e2b\u4e00\u76f4\u60f3\u5207\u5272\u6642\u529b\u554a"}, {"type": 1, "id": "yu800910", "content": ": \u5fb5\u53ec\u7684\u8a71\uff0c\u653f\u9ee8\u7968\u5be7\u53ef\u6295\u5ee2\u7968\u4e86"}, {"type": 1, "id": "vking223", "content": ": \u6536\u9738\u51cc\u4ed4,\u7de8\u9020\u6328\u8e22\u9ad8\u624b,\u660e\u986f\u4eba\u683c\u6709\u554f\u984c"}, {"type": 1, "id": "Cgace", "content": ": \u5225\u958b\u73a9\u7b11\u4e86"}, {"type": 1, "id": "kiwihou", "content": ": \u6211\u652f\u6301\u6642\u4ee3\u529b\u91cf\uff0c\u4f46\u7d19\u83f8\u6211\u4e0d\u884c...\u62dc\u8a17\u5225"}, {"type": 1, "id": "ja2200", "content": ": \u9019\u6b21\u6642\u4ee3\u5728\u80cc\u5f8c\u652f\u6301\u5de5\u6703\uff0c\u5c31\u4e0d\u60f3\u6295\u4ed6\u5011\u4e86"}, {"type": 1, "id": "evan1004", "content": ": \u9019\u500b\u5fb5\u4e0b\u53bb\u9ee8\u5c31\u5ee2\u4e86\u54c8\u54c8"}, {"type": 1, "id": "wake7078", "content": ": \u4e0d\u505a\u7a7a\u670d \u5730\u52e4  \u4f9d\u7136\u53ef\u4ee5\u70ba\u4eba\u6c11\u670d\u52d9"}, {"type": -1, "id": "adsl12367", "content": ": \u5c4e\u888b\u771f\u7684\u4ec0\u9ebc\u90fd\u6536  \u7b11\u6b7b\u4eba"}, {"type": 1, "id": "yangmatt", "content": ": \u8ddf\u6d2a\u6148\u5eb8\u4e00\u6a23\u6c92\u5c41\u7528"}, {"type": 1, "id": "JackaLMeI", "content": ": \u662f\u5acc\u7968\u592a\u591a\u5594\uff1f"}, {"type": 0, "id": "wake7078", "content": ": \u7d19\u83f8  \u52a0\u6599!          \u4e0d  \u662f\u52a0\u6cb9!"}, {"type": 1, "id": "IDF5566", "content": ": \u6642\u529b\u53ea\u6709\u570b\u660c\u9084\u662f\u6b63\u5e38\u7684\uff0c\u5176\u4ed6\u90fd\u662f\u6cbe\u9eb5"}, {"type": 0, "id": "IDF5566", "content": ": \u7c89\u7684"}, {"type": 0, "id": "ja2200", "content": ": \u5149\u6797\u4f73\u744b\u5c31\u4e0d\u60f3\u6295\u4e86"}, {"type": 0, "id": "idolman", "content": ": \u6536\u9019\u7a2e\u7684\u9078\u7acb\u59d4 \u6642\u4ee3\u529b\u91cf\u76f4\u63a5\u89e3\u6563\u597d\u60f9"}, {"type": 1, "id": "DynastyFigo", "content": ": 1450\u53c8\u5728\u9ed1\u6642\u529b\u4e86 \u5475\u5475"}, {"type": 1, "id": "henryhao", "content": ": \u9019\u65b0\u805e\u53ea\u662f\u9ec3\u8aaa\u4ed6\u6c92\u6b0a\u6c7a\u5b9a\u3002\u600e\u9ebc\u5927\u5bb6\u90fd"}, {"type": 1, "id": "steven0503", "content": ": \u6536\u4e00\u5806\u5de5\u6703\u7684\u662f\u60f3\u628a\u4e0a\u4e00\u6b21\u653f\u9ee8\u7968\u6295\u6642"}, {"type": 0, "id": "steven0503", "content": ": \u529b\u8e22\u6389\u4e00\u5927\u534a\uff1f \u8b1b\u6700\u96e3\u807d\u7684 \u9023\u6797\u90fd\u4e0d"}, {"type": 0, "id": "steven0503", "content": ": \u61c9\u8a72\u5728\u6642\u529b \u9019\u4e9b\u5de5\u6703\u7684\u5c6c\u6027\u9069\u5408\u793e\u6c11"}, {"type": 1, "id": "shimoku", "content": ": \u6642\u529b\u6c92\u6551\u4e86\uff0c\u570b\u660c\u65e9\u9ede\u8df3\u8239\u5427"}, {"type": -1, "id": "crubby", "content": ": \u4e0d\u60f3\u8981\u653f\u9ee8\u7968\u662f\u4e0d\u662f\uff1f"}, {"type": 1, "id": "mis1114", "content": ": \u9019\u7a2e\u4eba\u6709\u6b0a\u529b\u4e00\u6a23\u4e0d\u7ba1\u5e95\u5c64\u5566\uff0c\u7576\u500b\u5e79\u90e8"}, {"type": 0, "id": "mis1114", "content": ": \u5c31\u60f3\u96fb\u6703\u54e1\uff0c\u6709\u4ec0\u9ebc\u6b63\u7fa9\u611f"}, {"type": 1, "id": "huangevans", "content": ": \u5acc\u7968\u591a\uff1f \u6642\u529b\u771f\u7684\u6c92\u6551\u4e86"}, {"type": 1, "id": "CozyLife", "content": ": \u6797\u5bb6\u744b\u4e0a\u7bc0\u76ee\u90a3\u7a2e\u53e3\u689d\u90fd\u80fd\u9078\u4e86XDDD"}, {"type": 1, "id": "a856445", "content": ": \u54c8\u54c8\u54c8\uff0c\u6843\u7522\u7e3d\u7684\u90fd\u6536\u4e00\u6536\u5566"}, {"type": 1, "id": "bischoff804", "content": ": \u7d2b\u7159\u51fa\u4f86\u4e00\u5b9a\u652f\u6301"}, {"type": 0, "id": "kinomon", "content": ": \u5c0f\u5708\u5708\u5427"}, {"type": -1, "id": "aasdqwe", "content": ": \u6642\u529b\u771f\u7684\u4e00\u5806\u5783\u573e"}, {"type": -1, "id": "a824", "content": ": \u5e79\u4f60\u59b9 \u5acc\u7968\u591a\uff1fXDDD"}, {"type": 0, "id": "kinomon", "content": ": \u5982\u679c\u6642\u529b\u7d19\u83f8\u64fa\u5728\u4e0d\u5206\u5340 \u5927\u6982\u6c92\u4eba\u60f3\u6295"}, {"type": 0, "id": "kinomon", "content": ": \u653f\u9ee8\u7968\u60f9"}, {"type": -1, "id": "wang2346581", "content": ": \u56de\u6536\u6642\u4ee3 \u6c92\u6551\u4e86"}, {"type": 1, "id": "kissa0924307", "content": ": \u5de5\u6703\u5e79\u90e8\u8868\u73fe\u5f97\u8ddf\u97d3\u570b\u745c\u4e00\u6a23 \u662f\u56e0\u70ba"}, {"type": 0, "id": "kissa0924307", "content": ": \u9019\u6a23\u624d\u6c7a\u5b9a\u8981\u627e\u5979\u4f86\u9078\u55ce\uff1f"}, {"type": 1, "id": "chunglee", "content": ": \u60f3\u770b\u7d19\u7159\u96fb\u7206\u52de\u52d5\u90e8\uff0c\u563b\u563b"}, {"type": -1, "id": "UDK0821", "content": ": \u6642\u529b\u6562\u627e\u5979\u4e0d\u6015\u540d\u8072\u81ed\u7206\u55ce"}, {"type": 1, "id": "lightofsky", "content": ": \u5982\u679c\u662f\u771f\u7684\uff0c\u7968\u592a\u591a"}, {"type": -1, "id": "atzer2002", "content": ": \u770b\u4f86\u6642\u529b\u4e5f\u5dee\u4e0d\u591a\u9019\u7a2e\u6c34\u6e96\u800c\u5df2"}, {"type": 1, "id": "qoos0416a", "content": ": \u54c8\u54c8\u89ba\u9752\u6700\u611b"}, {"type": -1, "id": "chenyoung411", "content": ": \u6642\u529b\u662f\u653f\u9ee8\u754c\u56de\u6536\u696d\u8005\uff1f"}, {"type": 0, "id": "stvn2567", "content": ": \u9382\u5149\u71c8\u6436\u7b2c\u4e00 \u6709\u722d\u8b70\u6b21\u5143\u5200"}, {"type": -1, "id": "Sabo5566", "content": ": \u667a\u969c \u4e00\u5806\u5ee2\u7269"}, {"type": 1, "id": "garone", "content": ": \u300c\u5371\u5bb3\u98db\u5b89\u300d\u7684\u4eba\u9084\u6562\u627e\uff0c\u6642\u529b\u4e0d\u5c31\u5b8c\u4e86\uff1f"}, {"type": -1, "id": "strabber", "content": ": \u5e79\uff0c\u6c92\u6709\u570b\u660c\uff0c\u6642\u529b\u53ef\u4ee5\u5403\u5c4e\u4e86"}, {"type": 1, "id": "ssccot", "content": ": \u539f\u4f86\u662f\u56de\u6536\u529b\u91cf\u554a \u9ee8\u90e8\u5728\u65b0\u7af9\u5c0d\u5427"}, {"type": -1, "id": "brke", "content": ": \u6bcd\u6e6f\u554a"}, {"type": 1, "id": "stoxin", "content": ": \u5718\u7d50  \u6230\u9b25  \u4e00\u5b9a\u6210\u529f!!"}, {"type": -1, "id": "blpapf", "content": ": \u4e7e \u6642\u529b\u5176\u4ed6\u4eba\u771f\u7684\u90fd\u597d\u6c92\u8166"}, {"type": -1, "id": "smile810601", "content": ": \u4e0d\u5c31\u6d2a2.0"}, {"type": -1, "id": "pokerhow", "content": ": \u56de\u6536\u529b\u91cf"}, {"type": 0, "id": "g5637128", "content": ": \u6642\u4ee3\u529b\u91cf\u5c08\u9580\u56de\u6536\uff1f"}, {"type": 0, "id": "Gary21", "content": ": \uff1f\uff1f\uff1f\uff1f\uff1f\uff1f\uff1f\uff1f\uff1f"}, {"type": -1, "id": "AuroraSkyFox", "content": ": \u6642\u529b\u73fe\u5728\u662f\u8981\u8f49\u578b\u56de\u6536\u696d\u8005\u5594??"}, {"type": 0, "id": "abxtpml56", "content": ": \u6642\u529b\u5225\u8b93\u6211\u5931\u671b\u554a"}, {"type": 1, "id": "jie123", "content": ": \u9078\u4e0a\u6211\u50bb\u773c"}, {"type": 0, "id": "wang460313", "content": ": \u9019\u7a2e\u4eba\u6700\u9069\u5408\u7576\u653f\u5ba2\u4e86 \u6642\u4ee3\u529b\u91cf\u771f\u8070\u660e"}, {"type": 1, "id": "kissa0924307", "content": ": \u4e5f\u4e0d\u898b\u5f97\u4e0d\u597d\u6b38 \u4ee5\u6bd2\u653b\u6bd2\u6709\u6c92\u6709\u807d\u904e"}, {"type": 0, "id": "kissa0924307", "content": ":  \u570b\u6c11\u5169\u9ee8\u8981\u662f\u60f9\u5979\u751f\u6c23 \u76f4\u63a5\u5e6b\u4ed6\u5011"}, {"type": 0, "id": "kissa0924307", "content": ": \u52a0\u6599 \u9001\u4ed6\u5011\u4e0a\u8def\u4e5f\u4e0d\u932f"}, {"type": 1, "id": "mgjosr", "content": ": \u8aaa\u4e0d\u5b9a\u5f9e\u653f\u6bd4\u7576\u7a7a\u59d0\u9084\u6bd4\u8f03\u80fd\u6709\u8868\u73fe"}, {"type": 1, "id": "BlowjobFace", "content": ": \u9738\u51cc\u5225\u4eba\u7684\u7576\u7acb\u59d4\uff1f\u6642\u529b\u81ea\u6bba\u55ce"}, {"type": 1, "id": "whes88176", "content": ": \u8981\u4e0d\u662f\u9019\u6b21\u7f77\u5de5\u4e8b\u4ef6 \u6211\u9084\u771f\u4e0d\u77e5\u9053\u90a3\u500b"}, {"type": 0, "id": "whes88176", "content": ": \u59d3\u6797\u7684\u9053\u884c\u5230\u54ea \u310f\u310f"}, {"type": 1, "id": "kissa0924307", "content": ": \u9762\u5c0d\u6d41\u6c13\u822c\u7684\u570b\u6c11\u5169\u9ee8\u7acb\u59d4 \u6642\u529b\u53ea\u6709"}, {"type": 0, "id": "kissa0924307", "content": ": \u6d3e\u51fa\u6050\u6016\u4efd\u5b50\u624d\u80fd\u58d3\u5236\u554a"}, {"type": -1, "id": "LeMirage2000", "content": ": \u62dc\u8a17\u5225\u9b27"}, {"type": 0, "id": "keepbusy", "content": ": \u5fb5\u53ec\u9019\u7a2e  \u90a3\u6539\u6295\u5176\u4ed6\u975e\u85cd\u7da0\u7684\u653f\u9ee8"}, {"type": 1, "id": "stu25936", "content": ": \u7d55\u5c0d\u6c92\u5e7e\u5f35\u7968"}, {"type": -1, "id": "oxiz", "content": ": \u4e0d\u8981\u4e82 \u5979\u9084\u4e0d\u5920\u8cc7\u683c"}, {"type": 1, "id": "fit8590", "content": ": \u7576\u521d\u62f1\u9760\u5f1f\u7684\u90a3\u4f4d\u6709\u505a\u51fa\u5565\u7c73\u6210\u7e3e\u55ce\uff1f"}, {"type": 1, "id": "lagercat", "content": ": \u667a\u7f3a\u60f3\u6cd5"}, {"type": 1, "id": "impact999", "content": ": \u5c4e\u888b\u529b\u91cf\u5f88\u610f\u5916\u55ce? \u5c08\u9580\u56de\u6536\u602a\u5496"}, {"type": -1, "id": "TomHolland", "content": ": \u6642\u529b\u662f\u5728\u5e79\u561b\u2026"}, {"type": 1, "id": "sawaman", "content": ": \u6642\u529b\u8166\u5b50\u662f\u4e0d\u662f\u7834\u6d1e\uff1f\u8981\u633a\u6210\u9019\u6a23\uff1f\uff1f"}, {"type": -1, "id": "ax113", "content": ": \u9ec3\u570b\u660c\u6709\u5230\u7f77\u5de5\u73fe\u5834\u652f\u6301\u7f77\u5de5\u7a7a\u59d0 \u73fe\u5728\u5c31\u5207"}, {"type": 0, "id": "ax113", "content": ": \u5272"}, {"type": 1, "id": "Lukechao", "content": ": \u6642\u529b\u81ea\u6211\u6bc0\u6ec5\u8a08\u756bXDD"}, {"type": 1, "id": "j8630222", "content": ": \u721b\u6389\u7684\u5de6\u81a0\u9ee8 \u8b93\u6843\u7522\u7684\u9078\u7acb\u59d4"}, {"type": 1, "id": "chunglee", "content": ": \u56e0\u70ba\u6642\u529b\u63a8\u4e86\u5de5\u6703\u6797\u5bb6\u744b\u9019\u50a2\u4f19\u51fa\u4f86\u9078\uff0c"}, {"type": 0, "id": "anderson0815", "content": ": \u9ec3\u570b\u660c\u5df2\u7d93\u5feb=\u6574\u500b\u6642\u529b\u4e86  = ="}, {"type": 0, "id": "chunglee", "content": ": \u7db2\u53cb\u53cd\u4e32\u62f1\u7d19\u7159\u4e5f\u4ee3\u8868\u6642\u529b\u51fa\u4f86\u9078\uff0c\u8a18\u8005"}, {"type": 0, "id": "chunglee", "content": ": \u9084\u771f\u8a8d\u771f\u6284\u6587\u4e86"}, {"type": 1, "id": "cat05joy", "content": ": \u9019\u8ddf\u5fb5\u62db\u5de6\u4ec0\u9ebc\u7684 \u6709\u5dee\u55ce"}, {"type": 1, "id": "cavitylapper", "content": ": \u570b\u660c\u812b\u9ee8\u5427 \u9019\u500b\u6642\u529b\u9577\u6b6a\u4e86"}, {"type": 0, "id": "ax113", "content": ": \u82b7\u5ae3\u611f\u89ba\u883b\u9069\u5408\u7576\u653f\u5ba2 \u61c9\u8a72\u5f9e\u8b70\u54e1\u8a66\u6c34\u6eab"}, {"type": 0, "id": "newIheart", "content": ": \u7968\u592a\u591a\u4e86\u6211\u5011\u4e0d\u9700\u8981"}, {"type": -1, "id": "imsphzzz", "content": ": \u5783\u573e\u9ee8\u5565\u6642\u74e6\u89e3"}, {"type": 0, "id": "ffaatt", "content": ": \u5e6b\u7acb\u59d4\u52a0\u6599 \u807d\u8d77\u4f86\u4e0d\u932f"}, {"type": -1, "id": "Sinkage", "content": ": \u97d3\u7c89\u653e\u7684\u98a8\u8072\u5427"}, {"type": -1, "id": "REDan25", "content": ": \u6efe\u5566 \u5b78\u5e97\u4ed4"}, {"type": 1, "id": "nodnod", "content": ": \u53b2\u5bb3\u4e86 \u4f60\u7684\u9ee8"}, {"type": 0, "id": "Kreen", "content": ": \u4e0d\u8981\u6316\u6d1e\u7d66\u6642\u529b\u597d\u55ceXDDD"}, {"type": 0, "id": "jjomj666", "content": ": \u73fe\u5728\u6d41\u884c\u81ea\u6bba?"}, {"type": 1, "id": "chrislai", "content": ": \u767c\u795e\u7d93\u554a\uff1f"}, {"type": 1, "id": "horseinwine", "content": ": \u6797\u4f73\u744b\u548c\u90ed\u90fd\u662f\u6557\u7968\u7684 \u9084\u662f\u8d85\u7d1a\u6557"}, {"type": 1, "id": "attpp", "content": ": \u7acb\u9662\u52a0\u6599\uff1f"}, {"type": 1, "id": "dannpptt", "content": ": \u5c0f\u7da0\u540d\u7b26\u5176\u5be6 \u9ec3\u570b\u660c\u90fd\u88ab\u908a\u7de3\u5316\u4e86"}, {"type": 1, "id": "zeke48", "content": ": \u7b11\u6b7b\u3002\u6642\u4ee3\u8a72\u5fb5\u62db\u7684\u61c9\u8a72\u662fIT\u9ad8\u624b\u5427\uff01"}, {"type": 1, "id": "drittenapril", "content": ": \u81ea\u53d6\u6ec5\u4ea1\u5594"}, {"type": 1, "id": "alamabarry", "content": ": \u77ac\u9593\u8b8a\u721b~~~~~~~~\u76f4\u63a5\u89e3\u9ad4"}, {"type": -1, "id": "Shaqui11e", "content": ": \u6642\u4ee3\u529b\u91cf\u9664\u4e86\u9ec3\u570b\u660c\u6bcf\u4e00\u500b\u60f3\u652f\u6301\u7684"}, {"type": -1, "id": "stevensevens", "content": ": \u4e0d\u77e5\u8a72\u600e\u9ebc\u5653....\u6158"}, {"type": 1, "id": "leito", "content": ": \u6642\u4ee3\u6709\u9019\u9ebd\u767d\u7661\uff1f"}, {"type": 0, "id": "guitar0225", "content": ": \u5047\u65b0\u805e \u88ab\u6253\u81c9\u4e86\u5566"}, {"type": -1, "id": "shhs1000246", "content": ": \u5475\u5475"}, {"type": 0, "id": "x90417", "content": ": \u9019\u65b0\u805e\u54ea\u6bb5\u6709\u8aaa\u6642\u529b\u8981\u5fb5\u53ec\uff1f\u6a19\u984c\u52a0\u500b\u554f\u865f"}, {"type": 0, "id": "x90417", "content": ": \u5e36\u98a8\u5411\u4e5f\u662f\u5f88\u6703"}, {"type": 1, "id": "Annis812", "content": ": \u611a\u8822\u6c7a\u7b56"}, {"type": 0, "id": "hotrain13", "content": ": \u9019\u500b\u9078\u7684\u4e0a\u771f\u7684\u7b11\u6b7b"}, {"type": -1, "id": "ss880702ss", "content": ": \u6642\u529b\u771f\u7684\u5f88\u8b93\u4eba\u5931\u671b \u6c92\u6709\u570b\u660c\u76f4\u63a5\u6b7b"}, {"type": 1, "id": "Batou", "content": ": \u88ab\u908a\u7de3\u4e86 \u5e6b\u963f\u660cQQ"}, {"type": 0, "id": "j9131993", "content": ": \u592a\u4e0d\u6311\u4e86\u5427"}, {"type": 1, "id": "kasalai", "content": ": \u6642\u529b\u627e\u4ed6\u7684\u8a71\uff0c\u9019\u6b21\u653f\u9ee8\u7968\u7d55\u5c0d\u4e0d\u6295\u6642\u529b"}, {"type": 1, "id": "AAsoon", "content": ": \u4e0d\u8981\u7968\u4e86\u55ce\uff1f"}, {"type": 1, "id": "IAEFFECT", "content": ": \u6211\u4e0d\u60f3\u9020\u5b7d\u4e16\u754c"}, {"type": 0, "id": "jacky123ooo", "content": ": \u54c7\u9760\u627e\u9019\u7a2e\u8ca8\u8272\u4f86\u9078\uff1f\u81ea\u6bba\uff1f"}, {"type": 1, "id": "yoshihuang8", "content": ": ....."}, {"type": -1, "id": "Cliffx", "content": ": \u6642\u529b\u4e0d\u7528\u9078\u4e86 \u627e\u9019\u7a2e\u5496 \u6839\u672c\u81ea\u6bba"}, {"type": -1, "id": "eric525498", "content": ": \u7db2\u53cb"}, {"type": -1, "id": "GodMuii", "content": ": ....\uff1f\u4e00\u795e\u5e36\u7cde\u9ee8\uff1f"}, {"type": 0, "id": "mycity", "content": ": \u70ae\u7070"}, {"type": 1, "id": "MizunaRei", "content": ": \u9019\u5f88\u5de6\u81a0\u5f88\u53ef\u4ee5 \u90b1\u986f\u667a\u8166\u888b\u6709\u554f\u984c?"}, {"type": -1, "id": "godchildtw", "content": ": \u5fb5\u53ec\u9019\u6050\u5687\u9738\u51cc\u4eba\uff0c\u6211\u5c31\u4e0d\u6295\u6642\u529b"}, {"type": 1, "id": "yenjerr", "content": ": \u9019\u65b0\u805e\u771f\u5920\u721b\uff0c\u539f\u4f86\u662fTVBS\uff0c\u90a3\u4e0d\u610f\u5916\u4e86"}, {"type": 1, "id": "tzuchun0214", "content": ": \u570b\u660c\u8001\u5e2bQQ"}, {"type": 0, "id": "godchildtw", "content": ": \u6c92\u6b0a\u529b\u5c31\u56c2\u5f35\uff0c\u8b93\u5979\u6709\u4e86\u6b0a\u529b\u9084\u5f97\u4e86\uff01"}, {"type": -1, "id": "cathyznzn", "content": ": \u73fe\u5728\u53ea\u8981\u9b27\u51fa\u4e00\u9ede\u98a8\u6ce2\u6bcf\u500b\u90fd\u60f3\u9078\u7acb\u59d4\uff1f"}, {"type": 1, "id": "xhung", "content": ": \u4e0d\u53ef\u80fd\u5566 \u5783\u573e\u85cd\u7da0\u653e\u5047\u65b0\u805e\u4f86\u6253\u64ca\u6642\u529b"}, {"type": 1, "id": "gutalic", "content": ": \u62dc\u8a17\u4e0d\u8981"}, {"type": 1, "id": "keyman2", "content": ": \u4e0d\u505a\u6b7b\u5c31\u4e0d\u6703\u6b7b\uff0c\u6642\u529b\u63b0\u63b0"}, {"type": 1, "id": "revive25", "content": ": \u6642\u529b\u5927\u6982\u89ba\u5f97\u7968\u592a\u591a \u60f3\u5641\u5fc3\u4e00\u4e0b\u652f\u6301\u8005"}, {"type": -1, "id": "littleliu", "content": ": \u9078\u5f97\u4e0a\u6211\u5403\u5c4e\uff0c\u7b97\u4e86\u958b\u73a9\u7b11\u3002"}, {"type": -1, "id": "demonik", "content": ": \u5fb5\u62db\u9019\u7a2e\u4eba\uff0c\u660e\u5e74\u653f\u9ee8\u7968\u5c31\u7d66\u6c11\u9032\u9ee8"}, {"type": 1, "id": "aben112008", "content": ": \u53cd\u4e32\u4e5f\u807d\u4e0d\u51fa\u4f86"}, {"type": 1, "id": "no69", "content": ": \u6642\u4ee3\u529b\u91cf\u771f\u7684\u60f3\u6ec5\u5718\u4e86"}, {"type": 0, "id": "CozyLife", "content": ": \u4e4b\u524d\u6642\u529b\u4e00\u500b\u5973\u7684\u8b1b\u6642\u529b\u91cd\u98db\u5b89 \u73fe\u5728\u8981"}, {"type": 0, "id": "CozyLife", "content": ": \u627e\u4e00\u500b\u5371\u5bb3\u98db\u5b89\u4eba\u7684?XDDD"}, {"type": 1, "id": "kakyou10", "content": ": \u653680\u4ed4\u5e79\u9ebb"}, {"type": 1, "id": "legendrl", "content": ": \u82b7\u5ae3\u548c\u97d3\u5c0e\u500b\u6027\u5f88\u50cf\uff0c\u53ef\u4ee5\u53bb\u9078\u526f\u7e3d\u7d71"}, {"type": 0, "id": "popcorn206", "content": ": \u6642\u4ee3\u529b\u91cf\u6c92\u6551\u4e86"}, {"type": -1, "id": "tim80302", "content": ": TVBS\u5783\u573e\u6587\uff0c\u6240\u4ee5\u5f9e\u982d\u5230\u5c3e\u9019\u500b\u8aaa\u6cd5\u7684\u4f9d"}, {"type": 0, "id": "tim80302", "content": ": \u64da\u5728\u54ea"}, {"type": 1, "id": "ironkyoater", "content": ": \u6642\u4ee3\u529b\u91cf\u6bcf\u500b\u90fd\u9867\u773c\u524d\u81ea\u5df1\u5229\u76ca\u5566\uff01"}, {"type": 0, "id": "ironkyoater", "content": ": \u53ea\u6709\u570b\u660c\u4e00\u4eba\u80fd\u6253\u800c\u5df2"}, {"type": 1, "id": "hjw1023", "content": ": \u570b\u5e2b\u5225\u88ab\u6642\u4ee3\u62d6\u7d2f\u5440\u5440\u5440\uff01\uff01"}, {"type": -1, "id": "AmazingKuo", "content": ": \u4e09\u5c0f\uff1f"}, {"type": 1, "id": "pingwawa", "content": ": \u7b11\u6b7b"}, {"type": -1, "id": "winpig07", "content": ": \u60f3\u6bd4\u85cd\u7da0\u9084\u81ed\u5c31\u5fb5\u554a\uff01"}, {"type": 0, "id": "matt1991", "content": ": \u9019\u4eba\u9019\u9ebc\u9ed1 \u6642\u529b\u6562\u7528\uff1f"}, {"type": 1, "id": "lost815", "content": ": \u6642\u4ee3\u529b\u91cf\u53ea\u8981\u5fb5\u53ec\u5979\uff0c\u4ee5\u5f8c\u653f\u9ee8\u7968\u8ddf\u5176\u4ed6"}, {"type": 0, "id": "lost815", "content": ": \u53c3\u9078\u4eba\u90fd\u4e0d\u6703\u518d\u6295\u7d66\u4f60\u5011"}, {"type": 1, "id": "twmarstw7758", "content": ": \u6642\u4ee3\u4e0d\u610f\u5916"}, {"type": 0, "id": "king72433", "content": ": \u80e1\u4e82\u96fb\u4eba \u7121\u7406\u5c31\u8aaa\u81ea\u5df1\u5f31\u52e2"}, {"type": 0, "id": "yadohime", "content": ": \u65e9\u61f7\u7591\u5de5\u6703\u52d5\u6a5f\u5566  (\u2032\u30fb\u03c9\u30fb`)\uff1f"}, {"type": -1, "id": "pacos", "content": ": \u73fe\u5728\u662f\u90fd\u4e0d\u7be9\u9078\u4eba\u4e86\u9019\u6a23\u55ce"}, {"type": -1, "id": "show9202", "content": ": \u96d6\u7136\u6211\u652f\u6301\u7f77\u5de5\uff0c\u4f46\u89ba\u5f97\u6642\u529b\u771f\u7684\u8981\u6ec5\u5718"}, {"type": 1, "id": "Nick73418", "content": ": \u9019\u500b\u6a19\u984c\u6709\u8166\u55ce\uff1f\u4eba\u6c11\u8cb7\u55ae\u55ce\uff1f"}, {"type": 1, "id": "s6525480", "content": ": \u8d0a\u6210 \u53d6\u4ee3\u6797\u4f73\u744b \u82b7\u7109\u51fa\u4f86 \u653f\u9ee8\u7968\u5c31\u6295"}, {"type": 1, "id": "kissa0924307", "content": ": \u5979\u8981\u662f\u908f\u8f2f\u80fd\u529b\u771f\u7684\u5f37\u5230\u80fd\u96fb\u4eba \u65e9\u5c31"}, {"type": -1, "id": "hank9201", "content": ": \u653f\u9ee8\u7968\u53ef\u4ee5\u7da0\u8272\u5566"}, {"type": 0, "id": "kissa0924307", "content": ": \u5728\u8ac7\u5224\u684c\u4e0a\u96fb\u7206\u8cc7\u65b9\u4e86\u5566 \u9084\u9700\u8981\u5728\u90a3"}, {"type": 0, "id": "kissa0924307", "content": ": \u908a\u6050\u5687\u5b78\u59b9\u55ce\uff1f"}, {"type": 0, "id": "RLH", "content": ": \u6642\u529b\u5982\u679c\u5fb5\u53ec\u9019\u7a2e\u4eba\u662f\u81ea\u53d6\u6ec5\u4ea1"}, {"type": 1, "id": "yfguk6685", "content": ": \u540d\u5634\u53ef\u4ee5"}, {"type": 0, "id": "curranmath", "content": ": \u5fb5\u53ec\u5f8c\uff0c\u6642\u529b\u61c9\u8a72\u5c31gameover"}, {"type": -1, "id": "smallca", "content": ": \u5047\u65b0\u805e\u9084\u4e00\u5806\u4eba\u4fe1"}, {"type": 1, "id": "toolittle", "content": ": \u96fb\u7206\u9577\u69ae"}, {"type": -1, "id": "Xecver", "content": ": \u5047\u6d88\u606f"}, {"type": 0, "id": "cc456", "content": ": \u9019\u5565\u5c0f \u8a8d\u771f\uff1f"}, {"type": 1, "id": "jur1512", "content": ": \u6642\u529b\u5225\u9b27\u4e86...\u641e\u9019\u6a23\u8ab0\u8981\u9078"}, {"type": -1, "id": "Xecver", "content": ": \u5047\u6d88\u606f\u4e00\u5806\u9ad8\u6f6e\uff1f"}, {"type": 1, "id": "sputniky", "content": ": \u6642\u529b\u771f\u7684    \u5f88\u6703\u8868\u6f14....."}, {"type": -1, "id": "ctrlshift", "content": ": \u56de\u6536\uff1f"}, {"type": -1, "id": "Xecver", "content": ": \u5641\u5fc3\u6a19\u984c \u5641\u5fc3\u8a18\u8005 \u5641\u5fc3\u5831\u5c0e"}, {"type": 1, "id": "ViktorGoogle", "content": ": \u5207\u5272 \u4e0d\u8981\u6cbe\u5c4e"}, {"type": 0, "id": "nikewang", "content": ": \u6642\u4ee3\u529b\u91cf\u672c\u4f86\u5c31\u662f\u56de\u6536\u5834 \u5c08\u56de\u6536\u5b83\u9ee8\u908a\u7de3"}, {"type": -1, "id": "chrisgod", "content": ": \u5fb5\u9019\u5496\u8ca0\u8cac\u54ed\u54ed\u55ce=="}, {"type": 0, "id": "nikewang", "content": ": \u4eba\u7528\u7684 \u9084\u6709\u56de\u6536\u5976\u6614\u54e5 \u4e0d\u7136\u4ed6\u66ff\u4ee3\u5f79\u9000"}, {"type": -1, "id": "Alik", "content": ": \u795e\u7d93\u963f \u7d66\u9078\u6c11\u52a0\u83dc\u554a?"}, {"type": 1, "id": "roy120120", "content": ": \u56de\u6536\u529b\u91cf"}, {"type": 0, "id": "nikewang", "content": ": \u5f79\u6c92\u5de5\u4f5c"}, {"type": 0, "id": "nikewang", "content": ": \u9ec3\u570b\u660c\u672c\u4f86\u5c31\u8ddf\u5de5\u6703\u90a3\u7fa4\u4eba\u6c92\u95dc\u4fc2 \u73fe\u5728\u90a3"}, {"type": 0, "id": "nikewang", "content": ": \u7fa4\u4eba\u90fd\u662f\u90b1\u986f\u667a\u540c\u6eab\u5c64\u7684\u5925\u4f34"}, {"type": 0, "id": "UC93", "content": ": \u53ef\u662f\u98a8\u5411\u4e0d\u5c0d    \u600e\u9ebc\u6703\u5fb5\u62db\u5979@@\""}, {"type": 1, "id": "wklxbiwee", "content": ": \u6642\u529b\u8166\u888b\u9032\u6c34\uff1f \u7b97\u4e86 \u53cd\u6b63\u5f9e\u4ed6\u5011\u627e\u90a3\u500b"}, {"type": 0, "id": "wklxbiwee", "content": ": \u524d\u7406\u4e8b\u9577 \u6211\u5c31\u5df2\u7d93\u6c7a\u5b9a\u4e0d\u6295\u6642\u529b\u4e86"}, {"type": 1, "id": "d5369a1c", "content": ": \u4e0d\u662f\u7246\u982d\u8349\u5c31\u662f\u8166\u5305\uff0c\u5be6\u529b\u771f\u7684\u543c"}, {"type": 1, "id": "kobest", "content": ": \u4e00\u5806\u5c4e\u888b\u4fe1\u5f92\u5d29\u6210\u9019\u6a23 \u6797\u90fd\u6562\u63a8\u4e86\u4e0d\u5dee\u90ed\u5566"}, {"type": 0, "id": "kobest", "content": ": \u9019\u6b21\u7f77\u5de5\u5f71\u6b66\u8005\u5148\u67e5\u67e5\u770b\u90fd\u8ab0\u597d\u55ce \u5c4e\u888b\u7c89"}, {"type": 1, "id": "k94050601", "content": ": \u570b\u660c\u5feb\u9003\u554a"}, {"type": 1, "id": "tprktpps", "content": ": \u5c4e\u529b\u8d8a\u4f86\u8d8a\u597d\u7b11\u4e86"}, {"type": -1, "id": "mathrew", "content": ": \u6642\u4ee3\u529b\u91cf\u53ea\u6709\u9ec3\u570b\u660c\u80fd\u770b\uff0c\u5176\u4ed6\u90fd\u662f\u7b11\u8a71"}, {"type": -1, "id": "isolaX", "content": ": \u6642\u529b\u5fb5\u53ec\u963f\uff0c\u90b1\u9019\u6b21\u9078\u5b8c\u5dee\u4e0d\u591a\u5c31\u4e0b\u81fa\u4e86"}, {"type": 1, "id": "staffordan", "content": ": \u52a0\u6cb9"}, {"type": -1, "id": "wonder6253", "content": ": \u672c\u4f86\u4e0d\u6392\u65a5 \u73fe\u5728\u958b\u59cb\u8a0e\u53ad"}, {"type": 0, "id": "Nagisayan", "content": ": \u771f\u62db\u4e86\u9019\u500b\u50a2\u4f19\uff0c\u6211\u5c31\u7d42\u751f\u4e0d\u6295\u6642\u4ee3"}, {"type": 1, "id": "bq99", "content": ": \u5e79"}, {"type": 1, "id": "Muqeem", "content": ": \u7b11\u6b7b"}, {"type": -1, "id": "minimax76715", "content": ": \u73fe\u5728\u6642\u529b\u8ddf\u53f0\u806f\u6c92\u5169\u6a23"}, {"type": -1, "id": "wangzh", "content": ": \u53f0\u7063\u771f\u7684\u4ec0\u9ebc\u72d7\u829d\u9ebb\u90fd\u53ef\u4ee5\u9078\u7acb\u59d4\uff0c\u60b2\u54c0\u9b3c`"}, {"type": 0, "id": "yuiscarlet", "content": ": \u2026 \u62db\u500b\u8166\u6b98\u5e79\u561b \u7f77\u5de5\u8d85\u5931\u6557\u8036"}, {"type": 1, "id": "cancer0708", "content": ": \u6eff\u5634\u53e3\u8aa4\u786c\u5773\u4e5f\u80fd\u9078\u7acb\u59d4?\u53ef\u64a5\u529b\u91cf\u7b11\u6b7b"}, {"type": 1, "id": "Tsubasa1008", "content": ": \u627e\u9019\u500b\u667a\u969c\u51fa\u4f86\u9078\u6211\u5c31\u4e0d\u6295\u6642\u529b\u4e86"}, {"type": 1, "id": "googlexxxx", "content": ": \u90a3\u9084\u4e0d\u5982\u8b93\u90ed\u4ee3\u8868\u6642\u4ee3\u9078\u7e3d\u7d71"}, {"type": 1, "id": "cheng31507", "content": ": \u570b\u660c\u8001\u5e2b \u5feb\u8dd1\u554a"}, {"type": 0, "id": "jim66356", "content": ": \u570b\u660c\u5feb\u5207\u5272\u5427 \u9019\u9ee8..."}, {"type": 1, "id": "stw0975", "content": ": \u7b11\u6b7b"}, {"type": -1, "id": "treeman47", "content": ": \u53ef\u6190\u6210\u9019\u6a23"}, {"type": 0, "id": "jixiang", "content": ": \u8001\u5be6\u8aaa\uff0c\u6211\u89ba\u5f97\u5979\u5f88\u4e0d\u9069\u5408\u5f9e\u653f\uff0c\u7f77\u5de5\u80fd"}, {"type": 0, "id": "jixiang", "content": ": \u641e\u6210\u9019\u6a23\uff0c\u6015\u4ee5\u5f8c\u6703\u5751\u5230\u8cb4\u9ee8\uff0c\u614e\u601d\u2026"}, {"type": 0, "id": "nova27", "content": ": \u672c\u4f86\u9084\u6253\u7b97\u6295\u500b\u7acb\u59d4\u7968\u7684\u8aaa \u770b\u4f86\u4e0d\u7528\u4e86"}, {"type": 1, "id": "silentocean", "content": ": \u60f3\u9738\u51cc\u5225\u4eba\u7684\u4eba\u7576\u7acb\u59d4\uff1f\u6642\u529b\uff1f\u5509"}, {"type": 1, "id": "BelieveRich", "content": ": \u7d2b\u5ae3\u91d1\u99ac\u734e\u5f71\u540e\u5f88\u6709\u53ef\u80fd \u4e0d\u7136\u5c31\u6f14\u5047"}, {"type": 0, "id": "AioTakumi", "content": ": \u60f3\u5230\u6f2b\u756b\u60c5\u7bc0 \u9b3c\u8718\u86db\u70ba\u4e86\u58ef\u5927 \u5438\u6536\u4e86\u5404"}, {"type": 0, "id": "AioTakumi", "content": ": \u7a2e\u5996\u602a"}, {"type": 1, "id": "lin821", "content": ": \u5341\u7c92\u54ea\u500b\u767d\u7661\u60f3\u51fa\u4f86\u7684\u963f"}, {"type": 1, "id": "Nishikino252", "content": ": \u6642\u529b\u662f\u56de\u6536\u696d\u55ce"}, {"type": 0, "id": "jiunyee", "content": ": \u5979\u9664\u4e86\u60c5\u7dd2\u767c\u8a00\u9084\u6703\u4ec0\u9ebc.."}, {"type": 1, "id": "ococ6798", "content": ": \u4f86\u770b1450\u600e\u9ebc\u9ed1\u5b8c\u518d\u6367"}, {"type": 0, "id": "lucien831", "content": ": \u9019\u7bc7\u65b0\u805e\u6c92\u6709\u6709\u610f\u7fa9\u7684\u8cc7\u8a0a\uff0c\u9019\u6a23\u4e5f\u80fd\u4e00"}, {"type": 0, "id": "lucien831", "content": ": \u7bc7\uff1f"}, {"type": 1, "id": "z3728", "content": ": \u5fb5\u62db\u653e\u8a71\u9738\u51cc\u7d66\u98df\u7269\u4e0b\u9ad2\u6599\u7576\u7acb\u59d4 \u6642\u529b\u5df2\u6b7b?"}, {"type": 1, "id": "carl578", "content": ": \u628a\u9078\u6c11\u757687\u55ce?"}, {"type": -1, "id": "fate111085", "content": ": \u5abd\u7684\u667a\u969c \u6642\u4ee3\u529b\u91cf\u9664\u4e86\u9ec3\u570b\u660c\u9084\u6709\u6b63"}, {"type": 0, "id": "fate111085", "content": ": \u5e38\u4eba\u55ce"}, {"type": 1, "id": "ice2240580", "content": ": \u570b\u660c\u9023\u6c7a\u7b56\u7684\u6b0a\u529b\u90fd\u6c92 \u9ee8\u5167\u908a\u7de3\u4eba"}, {"type": 0, "id": "KJC1004", "content": ": \u88ab\u7576\u795e\u4e3b\u724c\u5229\u7528\u4e86 \u5feb\u9000\u9ee8\u5427 \u6211\u60f3\u770b\u5c4e\u529b\u66b4"}, {"type": 0, "id": "KJC1004", "content": ": \u6b7b"}, {"type": 0, "id": "ice2240580", "content": ": \u62db\u4ed6\u5e79\u561b\u4e0d\u53bb\u62db\u8aaa\u8981\u653e\u70b8\u5f48\u7684"}, {"type": 1, "id": "jay3u7218", "content": ": \u81ea\u6bba+\u81ea\u7206"}, {"type": 1, "id": "oyaji5566", "content": ": \u6700\u8a8d\u771f\u7acb\u59d4\u88ab\u9b25\u6210\u908a\u7de3\u4eba\uff0c\u6642\u529b\u58de\u7684\u771f\u5feb"}, {"type": -1, "id": "lena2015", "content": ": \u592a\u9b27\u4e86\uff0c\u5979\u5f62\u8c61\u90a3\u9ebc\u5dee"}, {"type": -1, "id": "william7711", "content": ": \u6642\u4ee3\u771f\u7684\u9019\u6a23\u641e\u662f\u5728\u81ea\u6398\u6b7b\u8def"}, {"type": -1, "id": "antibody27", "content": ": \u760b\u4e86\u55ce"}, {"type": 0, "id": "raku", "content": ": \u7f77\u5de5\u7684\u8981\u6c42\u518d\u8a87\u5f35\u90fd\u7121\u6240\u8b02 \u4f46\u6c92\u6709\u8aa0\u4fe1\u5c31"}, {"type": 0, "id": "shane79926", "content": ": \u6642\u529b\u771f\u7684\u628a\u81ea\u5df1\u5f04\u6b98\u8036\u2026\u2026"}, {"type": -1, "id": "spritepeare", "content": ": \u99ac\u7684\u770b\u4e86\u4e00\u6574\u4e32\u6c92\u4eba\u7ba1\u6a19\u984c\u932f\u5b57 \u4e16\u98a8"}, {"type": 0, "id": "spritepeare", "content": ": \u65e5\u4e0b"}, {"type": 1, "id": "toastegg", "content": ": \u5225\u9b27\u4e86 \u4e00\u500b\u9760\u5f1f\u7684\u9084\u4e0d\u5920?"}, {"type": -1, "id": "ueewen", "content": ": \u5047\u8a0a\u606f\u4e00\u5247\uff0c\u8ddf\u738b\u6d69\u5b87\u540c\u7b49\u7d1a\u7684\u6253\u624b\u5718"}, {"type": 0, "id": "ueewen", "content": ": \u5f80\u4e0a\u770b\uff0c\u4f60\u5c31\u53ef\u4ee5\u770b\u5230\u975e\u5e38\u591a\u738b\u6d69\u5b87!"}, {"type": 1, "id": "lookat1205", "content": ": \u652f\u6301"}, {"type": 1, "id": "Edaw", "content": ": \u652f\u6301"}, {"type": -1, "id": "cyhs21119", "content": ": \u7528\u500b\u554f\u53e5\u6f51\u9ad2\u6c34\u662f\u55ce\uff1f"}, {"type": 1, "id": "pia616", "content": ": \u9019\u7a2e\u5496\u4e5f\u884c\u5594\uff1f"}, {"type": 0, "id": "chch2011", "content": ": \u7b11\u6b7b \u6642\u529b\u6ce1\u6cab\u5316 \u963f\u667a\u554a \u600e\u9ebc\u627e\u9019\u5496\u9078"}, {"type": 1, "id": "minato0115", "content": ": \u54c7\u585e!!!\u8981\u8f49\u8077\u4e86??"}, {"type": -1, "id": "evelynodoubt", "content": ": \u6642\u4ee3\u529b\u91cf\u88e1\u9762\u5230\u5e95\u6709\u5e7e\u500b\u662f\u771f\u7684\u61c2\u6cd5"}, {"type": 0, "id": "evelynodoubt", "content": ": \u5f8b\u7684\u4eba\uff1f\uff1f\uff1f\uff1f\uff1f\uff1f\uff1f\uff1f\uff1f\uff1f\uff1f"}, {"type": 1, "id": "thematic", "content": ": \u5fb5\u53ec\u6e2c\u98a8\u5411"}, {"type": 1, "id": "milton1991", "content": ": \u9ec3\u570b\u660c\u8f9b\u82e6\u60f9"}, {"type": 1, "id": "IdleLife", "content": ": \u5de5\u6703\u7b2c\u4e00\u6230\u5c07\u8f49\u6230\u7acb\u59d4 \u9577\u69ae\u9ad8\u5c64\u61c9\u8a72\u5687\u5230"}, {"type": 0, "id": "IdleLife", "content": ": \u6f0f\u5c3f\u4e86"}, {"type": -1, "id": "warden", "content": ": \u6efe"}, {"type": 0, "id": "macrophager", "content": ": \u6642\u529b\u9664\u4e86\u570b\u5e2b\u6c92\u534a\u500b\u80fd\u770b\u7684"}, {"type": 1, "id": "fjgod", "content": ": \u8ab0\u6cbe\u8ab0\u6158 \u6642\u529b\u4e0d\u8981\u60f3\u4e0d\u958b\u554a"}, {"type": 0, "id": "Jimmy030489", "content": ": \u6642\u4ee3\u529b\u91cf\u627e\u500b\u5c08\u696d\u5de5\u904b\u4eba\u58eb\u5c31Zzz"}, {"type": -1, "id": "ueewen", "content": ": \u6642\u529b\u5df2\u767c\u65b0\u805e\u7a3f\uff0c\u5c31\u6a19\u6e96\u5047\u8a0a\u606f!"}, {"type": 1, "id": "Dayton", "content": ": \u4e0d\u662f\u65e9\u5c31\u8aaa\u662f\u7a7a\u7a74\u4f86\u98a8\u4e86\uff1f"}, {"type": -1, "id": "pearlQQ", "content": ": \u9760\uff0c\u5783\u573e\u90fd\u8dd1\u53bb\u7576\u653f\u6cbb\u4eba\u7269"}, {"type": 1, "id": "forbake1", "content": ": \u6642\u529b\u771f\u7684\u53ea\u5269\u570b\u660c"}, {"type": -1, "id": "enjoylowkey", "content": ": \u9078\u4e0a\u5f8c\u5c31\u96fb\u7206\u5176\u4ed6\u4eba"}, {"type": 1, "id": "kpa788691", "content": ": \u7db2\u53cb\u662f\u4ed6\u5abd\u667a\u969c\u662f\u4e0d\u662f"}, {"type": 0, "id": "seanluan", "content": ": \u662f\u60f3\u6478\u4e86\u55ce"}, {"type": 1, "id": "ensbrager", "content": ": \u53ef\u4ee5\u5fb5\u53ec\u6211\u8001\u5a46\u9ec3\u5a55\u55ce"}, {"type": 1, "id": "space20021", "content": ": \u99ac\u6232\u5718"}, {"type": 1, "id": "Xiaolu0104", "content": ": \u62dc\u8a17\u8981\u627e\u4e5f\u627e\u4e00\u9ede\u6b63\u5e38\u4eba,\u9019\u7a2e\u5496\u5c0f\u4e5f\u8981"}, {"type": 0, "id": "Xiaolu0104", "content": ": \u96e3\u602a\u843d\u5230\u9019\u6b65\u7530\u5730"}, {"type": -1, "id": "ihfreud", "content": ": \u570b\u660c\u5feb\u9000\u9ee8\uff0c\u6642\u529b\u771f\u7684\u767d\u7661\u81ea\u5df1\u8d70\u53bb\u5c0f\u7da0"}, {"type": 0, "id": "wayne80619", "content": ": \u570b\u660c\u5feb\u9000\u9ee8\u5566\u5e79"}, {"type": 1, "id": "justgoapark", "content": ": \u6c92\u6709\u9ec3\u570b\u660c\u7684\u6642\u529b\u6c92\u5b58\u5728\u7684\u5fc5\u8981"}, {"type": 1, "id": "fingers", "content": ": \u5fb5\u53ec\u5979\u5c31\u4e0d\u7528\u9078\u4e86"}, {"type": 1, "id": "rabbit2233", "content": ": \u667a\u969c\u4e09\u5c0f"}, {"type": 1, "id": "sion1993", "content": ": \u7532\u7684\u5427"}, {"type": 1, "id": "popxpopxpop", "content": ": \u63a8\u4ed6\u51fa\u4f86\u6642\u529b\u5c31\u5012\u4e86\u5566X"}, {"type": 1, "id": "ashura1234", "content": ": \u554f\u865f"}, {"type": -1, "id": "Joyoung31", "content": ": \u6642\u529b\u65e9\u5c31\u5426\u8a8d\u4e86\u4e00\u5806\u4eba\u5728\u9760\u5317\u9760\u6728\u4e09\u5c0f"}, {"type": 1, "id": "holebro", "content": ": \u9019\u7a2e\u5496\u5c0f\u4e0d\u8981\u51fa\u4f86\u9b27"}, {"type": 0, "id": "fakeimage", "content": ": \u6642\u529b\u61c9\u8a72\u6c92\u90a3\u9ebc\u8822\u5427\u2026"}, {"type": -1, "id": "abcccbbs", "content": ": \u4e0d\u8981\u5566"}, {"type": 1, "id": "Qkirito", "content": ": \uff1f\uff1f\uff1f\uff1f\uff1f\uff1f \u4f60\u62db\u6211\u5c31\u4e0d\u6295\u6211\u53ea\u8a8d\u570b\u660c"}, {"type": -1, "id": "ueewen", "content": ": \u62b9\u5c4e\u7684\u8a18\u8005\uff0c\u4e0d\u64c7\u624b\u6bb5\u7684\u91d1\u4e3b"}, {"type": -1, "id": "sheep0121", "content": ": \u5979\u80fd\u9078\u4e0a\u81fa\u7063\u771f\u7684\u6c92\u6551\u4e86"}, {"type": 1, "id": "avrw", "content": ": \u53f0\u7063\u6bcd\u8c6c\u5c31\u662f\u8ce4"}, {"type": 1, "id": "lunanightcat", "content": ": \u5fb5\u62db\u9019\u7a2e\u6211\u5c31\u4e0d\u6295\u6642\u529b\u4e86"}, {"type": -1, "id": "p0pblg9876", "content": ": \u9ec3\u570b\u660c\u4e0d\u662f\u633a\u4ed6\uff1f"}, {"type": -1, "id": "nazo", "content": ": \u62dc\u8a17\u4e0d\u8981"}, {"type": 0, "id": "chiayu0211", "content": ": \u524d\u7a7a\u670d\u54e1\uff0c\u7b11\u5c4e"}, {"type": -1, "id": "burger13784", "content": ": \u6642\u4ee3\u6c92\u6551\u4e86"}, {"type": -1, "id": "cftyujmnbvgh", "content": ": \u9019\u6a23\u7684\u65b0\u805e\u5167\u5bb9\u641e\u4e0d\u61c2\u5927\u5bb6\u5728\u8a8d\u771f\u5565"}, {"type": 1, "id": "Juder", "content": ": \u7b11\u6b7b\uff0c\u6211\u5c31\u77e5\u9053\uff0c\u65e9\u5c31\u9810\u8a00\u4e86"}], "post_ip": "1.162.166.247", "post_content": "\n1.\u5a92\u9ad4\u4f86\u6e90:\n\u203b \u4f8b\u5982\u860b\u679c\u65e5\u5831\u3001\u81ea\u7531\u6642\u5831\uff08\u8acb\u53c3\u8003\u7248\u898f\u4e0b\u65b9\u7684\u6838\u51c6\u5a92\u9ad4\u540d\u55ae\uff09\nTVBS\n\n2.\u8a18\u8005\u7f72\u540d\n\u203b \u6c92\u6709\u5728\u9019\u6253\u4e0a\u8a18\u8005\u7f72\u540d\u7684\u65b0\u805e\u6703\u88ab\u7248\u4e3b\u522a\u9664\u5594\n\u8449\u97cb\u8fb0 \u674e\u5ef6\u667a\n\n3.\u5b8c\u6574\u65b0\u805e\u6a19\u984c:\n\u203b \u6a19\u984c\u6c92\u6709\u5b8c\u6574\u5beb\u51fa\u4f86 ---> \u4f9d\u7167\u677f\u898f\u522a\u9664\u6587\u7ae0\n\u6642\u529b\u5fb5\u62db\u300c\u82b7\u5ae3\u300d\u9078\u7acb\u59d4\uff1f \u9ec3\u570b\u660c\uff1a\u6211\u975e\u6c7a\u7b56\u5718\n\n4.\u5b8c\u6574\u65b0\u805e\u5167\u6587:\n\u203b \u793e\u8ad6\u7279\u7a3f\u90fd\u4e0d\u80fd\u8cbc\uff01\u9055\u8005\u522a\u9664\uff08\u653f\u6cbb\u985e\u6c34\u68763\u500b\u6708)\uff0c\u8cbc\u5ee3\u544a\u4e5f\u6703\u88ab\u522a\u9664\u5594\uff01\n\u9577\u69ae\u7a7a\u670d\u54e1\u5de5\u6703\u5e79\u90e8\u90ed\u82b7\u5ae3\u906d\u5230\u89e3\u8077\uff0c\u537b\u5728\u7db2\u8def\u4e0a\u88ab\u62f1\u8981\u53c3\u9078\u4e0b\u4e00\u5c46\u7acb\u6cd5\u59d4\u54e1\uff0c\u7562\u7adf\u524d\u5de5\n\u6703\u79d8\u66f8\u9577\u6797\u4f73\u744b\u5c31\u662f\u88ab\u6642\u4ee3\u529b\u91cf\u5fb5\u62db\uff0c\u53c3\u9078\u4e2d\u58e2\u7684\u7acb\u59d4\uff0c\u8a62\u554f\u6642\u529b\u7acb\u59d4\u9ec3\u570b\u660c\u9ee8\u5167\u6709\u6c92\u6709\n\u76f8\u95dc\u8a08\u756b\uff0c\u5247\u8aaa\u4ed6\u4e0d\u662f\u6c7a\u7b56\u5718\u968a\u4e26\u4e0d\u77e5\u60c5\u3002\n\n\u9577\u69ae\u7a7a\u670d\u54e1\u90ed\u82b7\u5ae3\u56e0\u70baLINE\u7684\u5931\u8a00\u98a8\u6ce2\u88ab\u8a8d\u70ba\u5371\u5bb3\u98db\u5b89\uff0c\u906d\u5230\u89e3\u8077\uff0c\u96e2\u958b\u7a7a\u670d\u5de5\u4f5c\uff0c\u4e0b\u4e00\n\u6b65\u6703\u4e0d\u6703\u662f\u9019\u500b\u3002\n\n\u7acb\u523b\u6709\u7db2\u53cb\u5728\u81c9\u66f8\u793e\u5718po\u6587\u8981\u90ed\u82b7\u5ae3\u52a0\u5165\u7acb\u6cd5\u59d4\u54e1\u9078\u8209\uff0c\u9084\u6709\u4e0d\u5c11\u7db2\u53cb\u5230\u4ed6\u7684\u500b\u4eba\u81c9\u66f8Po\n\u6587\u4e0b\u9762\u8072\u63f4\u3002\n\n\u9577\u69ae\u524d\u7a7a\u670d\u54e1\u90ed\u82b7\u5ae3(06.21)\uff1a\u300c\u547c\u7c72\u9577\u69ae\u822a\u7a7a\uff0c\u6211\u5011\u9019\u4e00\u6b21\u7f77\u5de5\u662f\u5408\u6cd5\u7684\uff0c\u4e26\u4e14\u7f77\u5de5\u7cfe\n\u5bdf\u7dda\uff0c\u8a2d\u7acb\u5728\u9577\u69ae\u822a\u7a7a\u9580\u53e3\uff0c\u4e5f\u662f\u5408\u6cd5\u7684\uff0c\u8acb\u4ed6\u4e0d\u8981\u6df7\u6dc6\u8996\u807d\u3002\u300d\n\n\u7f77\u5de5\u671f\u9593\u90ed\u82b7\u5ae3\u8eab\u70ba\u5de5\u6703\u5e79\u90e8\uff0c\u5728\u73fe\u5834\u6216\u662f\u51f1\u9053\u6d3b\u52d5\uff0c\u5979\u90fd\u662f\u6709\u529b\u7684\u53ec\u96c6\u4eba\uff0c\u4e5f\u80fd\u51dd\u805a\u7a7a\n\u670d\u54e1\u5411\u5fc3\u529b\u3002\n\n31\u6b72\u7684\u5979\u7562\u696d\u65bc\u6771\u5433\u5927\u5b78\uff0c2011\u5e74\u8003\u9032\u9577\u69ae\uff0c\u5f8c\u4f86\u5347\u4e0a\u526f\u4e8b\u52d9\u9577\u3002\n\n\u7a7a\u670d\u54e1\u8077\u696d\u5de5\u6703\u524d\u79d8\u66f8\u9577(2017.11.28)\uff1a\u300c\u6211\u5011\u7d55\u5c0d\u6297\u722d\u5230\u5e95\uff0c\u597d\u4e0d\u597d\uff1f\u300d\n\n\u7562\u7adf\u4e0a\u4e00\u4f4d\u7a7a\u670d\u54e1\u8077\u696d\u5de5\u6703\uff0c\u79d8\u66f8\u9577\u6797\u4f73\u744b\u6295\u8eab\u5de5\u904b\u591a\u5e74\uff0c\u5e36\u9818\u904e\u83ef\u822a\u7f77\u5de5\uff0c\u88ab\u6642\u4ee3\u529b\u91cf\n\u5fb5\u62db\u53c3\u9078\u3002\u53e6\u5916\u9019\u6b21\u9577\u69ae\u7f77\u5de5\uff0c\u5de5\u6703\u958b\u8a18\u8005\u6703\uff0c\u6642\u529b\u4e5f\u6709\u4ee3\u8868\u8072\u63f4\uff0c\u5169\u8005\u95dc\u4fc2\u5f88\u5bc6\u5207\u3002\n\n\u7acb\u6cd5\u59d4\u54e1\u9ec3\u570b\u660c\uff1a\u300c\u6709\u95dc\u6642\u4ee3\u529b\u91cf\uff0c\u6574\u9ad4\u63d0\u540d\u7b56\u7565\u7684\u4e8b\u60c5\uff0c\u6211\u5011\u7531\u4e3b\u5e2d\u6216\u5176\u4ed6\u9ee8\u5167\u6c7a\u7b56\u59d4\n\u54e1\u56de\u7b54\u3002\u300d\n\n\u9ec3\u570b\u660c\u8868\u793a\u5c0d\u65bc\u9ee8\u5167\u6c7a\u7b56\u4e0d\u77e5\u60c5\uff0c\u800c\u90ed\u82b7\u5ae3\u5728\u88ab\u89e3\u8077\u5f8c\uff0c\u4e5f\u4e0d\u9858\u63a5\u53d7\u5c0d\u5916\u8a2a\u554f\u3002\n\n\u7a7a\u670d\u54e1\u7f77\u5de5\u5f8c\uff0c\u4e00\u8209\u4e00\u52d5\u4f9d\u7136\u662f\u95dc\u6ce8\u7126\u9ede\u3002\n\n5.\u5b8c\u6574\u65b0\u805e\u9023\u7d50 (\u6216\u77ed\u7db2\u5740):\n\u203b \u7576\u65b0\u805e\u9023\u7d50\u904e\u9577\u6642\uff0c\u9700\u63d0\u4f9b\u77ed\u7db2\u5740\u65b9\u4fbf\u7db2\u53cb\u9ede\u64ca\nhttps://news.tvbs.com.tw/local/1165031\n6.\u5099\u8a3b:\n\u203b \u4e00\u500b\u4eba\u4e00\u5929\u53ea\u80fd\u5f35\u8cbc\u4e00\u5247\u65b0\u805e\uff0c\u88ab\u522a\u6216\u81ea\u522a\u4e5f\u7b97\u984d\u5ea6\u5167\uff0c\u8d85\u8cbc\u8005\u6c34\u6876\uff0c\u8acb\u6ce8\u610f\n\n--\n"}