{"ptt_id": "ronnyvvang", "post_url": "https://www.ptt.cc/bbs/Gossiping/M.1565168250.A.062.html", "post_type": "\u554f\u5366", "post_title": "\u7d66\u4f60200\u5104\u4f46\u662f\u4e00\u500b\u79ae\u62dc\u8981\u82b1\u5b8c\u4e00\u534a\u9858\u610f\u55ce", "post_time": "2019-08-07 16:57:28", "post_score": -1, "post_pushes": [{"type": 0, "id": "axzs1111", "content": ": \u9858\u610f\u554a"}, {"type": 0, "id": "PanaS0Nic", "content": ": \u9322\u62ff\u4f86\u554a"}, {"type": 0, "id": "iceroy", "content": ": \u9322\u62ff\u4f86\u554a"}, {"type": -1, "id": "Granatha", "content": ": \uff1f"}, {"type": 0, "id": "a7610783", "content": ": \u90a3\u9ebc\u7c21\u55ae\uff0c\u6211\u53ef\u4ee5\u82b1\u5230\u4e00\u6bdb\u4e0d\u5269"}, {"type": 0, "id": "rainylife", "content": ": \u5f88\u50cf\u67d0\u90e8\u9b3c\u7247"}, {"type": -1, "id": "Lenney33", "content": ": \u4e94\u6a13\u6703\u5f88\u9858\u610f\u62ff\u53bb\u8cb7\u725b\u90ce\u7684\u5c41\u80a1\u4e00\u5343\u6b21"}, {"type": 1, "id": "cyclohexane", "content": ": \u9019\u9084\u4e0d\u7c21\u55ae"}, {"type": 1, "id": "etr19941", "content": ": \u53bb\u9999\u6e2f\u8cb7\u623f\u5b50\u554a\u591a\u96e3"}, {"type": 1, "id": "Superxixai", "content": ": \u7c21\u55ae=="}, {"type": -1, "id": "Dreamer48763", "content": ": \u70cf\u9f8d\u6d3e\u51fa\u6240"}, {"type": 0, "id": "rainylife", "content": ": \u6c92\u82b1\u5b8c\u5c31\u5f97\u6b7b"}, {"type": 0, "id": "clubthree", "content": ": \u8cb7\u623f\u5b50\u3001\u8eca\u5b50\u7b97\u6d88\u8cbb\u9084\u7b97\u6295\u8cc7"}, {"type": 0, "id": "kilm665", "content": ": \u5c31\u6350\u51fa\u53bb\u6709\u4ec0\u9ebc\u554f\u984c"}, {"type": -1, "id": "wicer", "content": ": \u516b\u639b\u677f\u5c31\u5269\u9019\u7a2e\u5ee2\u6587?"}, {"type": 0, "id": "nobeldd", "content": ": \u5957\u4f4f\u56e0\u7de3\u4f86\u500b\u4e94\u9593"}, {"type": 0, "id": "Superxixai", "content": ": \u770b\u6295\u8cc7\u600e\u9ebc\u5b9a\u7fa9\uff0c\u6211\u8cb7\u623f\u5730\u7522\u7b97\u6295\u8cc7\u3107"}, {"type": -1, "id": "galleon2000", "content": ": \u9019\u7a2e\u8ab0\u6703\u4e0d\u9858\u610f\u5566"}, {"type": 0, "id": "wicer", "content": ": \u9084\u4e0a\u7ad95000\u591a\u6b21?"}, {"type": 0, "id": "nobeldd", "content": ": \u6211\u8aaa\u65cb\u8f49\u8c6a\u5b85"}, {"type": -1, "id": "Hirano", "content": ": \u82b1\u9322\u6709\u4ec0\u9ebc\u96e3?"}, {"type": -1, "id": "mikasakai", "content": ": \u8cb7\u623f\u554a\uff01\u963f\u4e0d\u7136\u52d2"}, {"type": -1, "id": "michaelwu", "content": ": \u6211\u82b120\u5104\u4f60\u5269\u4e0b\u5168\u90e8\u62ff\u56de\u53bb\u6211\u4e5f\u8cfa"}, {"type": 1, "id": "POWERSERIES", "content": ": \u53f0\u5317\u5e02\u6bcf\u500b\u7834\u5104\u8c6a\u5b85\u8cb7\u5169\u6236\u4e0d\u5c31\u884c\u4e86"}, {"type": -1, "id": "allenatptt", "content": ": \u7576\u7136\u597d\uff0c\u62ff\u4f86\u554a"}, {"type": 0, "id": "ctx1000", "content": ": \u8cb7\u623f\u4e0d\u5c31\u89e3\u6c7a\u4e86"}, {"type": 1, "id": "CarBed", "content": ": \u7f8e\u570b\u6a02\u900f\u8cb7\u500b\u5168\u9910\u5305\u724c\u4e00\u6b21\u5c31\u6c92\u4e86"}, {"type": -1, "id": "fhill12", "content": ": \u7c21\u55ae"}, {"type": 0, "id": "stvn2567", "content": ": \u6548\u6cd5\u5b98\u50da"}, {"type": 1, "id": "orangesky320", "content": ": \u53ef\u4ee5\u963f \u62ff\u4f86\u6211\u8a66\u8a66"}, {"type": -1, "id": "charro", "content": ": \u5982\u679c\u6587\u6c3e\u6feb"}, {"type": 1, "id": "LoveStreet", "content": ": \u6b50\u5370 \u8c6a\u7c21\u55ae"}, {"type": 0, "id": "liao18", "content": ": \u5653\u7528\u6389\u4e86 QQ"}, {"type": 1, "id": "VB6", "content": ": \u4f604\u4e0d4\u5931\u6200?"}, {"type": 1, "id": "genius721105", "content": ": \u53ef\u4ee5\u5728\u4eba\u8089\u5e02\u5834\u6d88\u8cbb\u55ce\uff1f"}, {"type": 1, "id": "deann", "content": ": \u5f88\u96e3\u55ce \u8cb7\u623f \u8cb7\u8eca \u8cb7\u5730 \u8cb7\u4fdd\u96aa \u4e00\u4e0b\u5b50\u5c31\u5149"}, {"type": -1, "id": "lwd15", "content": ": \u5ee2\u6587"}, {"type": 1, "id": "Insania", "content": ": \u7c21\u55ae\uff0c\u7d66\u6211\u7d66\u6211"}, {"type": 1, "id": "phix", "content": ": \u4f60\u6d88\u8cbb\u7d66\u6211 \u6211\u6d88\u8cbb\u7d66\u4f60 \u4f60\u7684\u9322\u5c31\u662f\u6211\u7684\u9322"}, {"type": 0, "id": "ChangWufei", "content": ": \u4e0d\u52d5\u7522\u8cb7\u5230\u6c92\u9322 \u4ee5\u5f8c\u7576\u5305\u79df\u516c\u5c31\u597d\u554a"}, {"type": 0, "id": "opprticx", "content": ": \u90a3\u9ebc\u8f9b\u82e6\u7684\u4e8b\u5c31\u6559\u7d66\u5c0f\u5f1f\u4e86\u5566\uff01"}, {"type": -1, "id": "G888888", "content": ": \u623f\u5b50\u8cb7\u500b\u5e7e\u9593\u5c31\u6c92\u4e86..."}, {"type": -1, "id": "acer758219", "content": ": \u5169\u6d25:"}, {"type": 0, "id": "bdbpzcatqpq", "content": ": \u5e1d\u5bf6\u8cb725\u6236\u5f88\u96e3\uff1f"}, {"type": -1, "id": "dser", "content": ": \u53ef\u4ee5\u554a\u9322\u62ff\u4f86"}, {"type": -1, "id": "prog", "content": ": \u5e7b\u60f3\u6587"}, {"type": 0, "id": "jefe", "content": ": \u6c92\u554f\u984c\uff0c\u6211\u99ac\u4e0a\u5c31\u60f3\u597d\u82b1\u5b8c100\u5104\u5143\u7684\u8a08\u756b"}, {"type": 0, "id": "psychopath", "content": ": \u62ff\u4f86\u518d\u8aaa\u5566"}, {"type": 0, "id": "cytotoxic", "content": ": all in \u6bd4\u7279\u5e63/\u5927\u7acb\u5149"}, {"type": 1, "id": "polypress", "content": ": \u8cb7\u500b\u623f\u5b50\u5c31\u597d\u4e86"}, {"type": 0, "id": "cytotoxic", "content": ": \u5f88\u5feb\u8b8a300\u5104"}, {"type": 0, "id": "cytotoxic", "content": ": \u7d66\u6211\u5169\u5929\u5c31\u597d"}, {"type": 0, "id": "polypress", "content": ": \u5c31\u8aaa\u4e0d\u80fd\u6295\u8cc7\u9084\u5728\u6bd4\u7279\u5e63\u5927\u7acb\u5149 \u662f\u6587\u76f2"}, {"type": 0, "id": "polypress", "content": ": \u5594"}, {"type": 1, "id": "gamer000", "content": ": \u9676\u6731\u96b1\u57126\u6236\uff0c\u8f15\u9b06\u9054\u6a19\u6c92\u5565\u96e3\u5ea6!"}, {"type": -1, "id": "DKouichi", "content": ":"}, {"type": -1, "id": "cc02040326", "content": ": \u62ff\u4f86\u554a\u5e79"}, {"type": 0, "id": "colawei", "content": ": \u8c6a\u5b85.\u8c6a\u83ef\u6cb9\u8f2a.747\u5404\u4e00\u5c31\u884c\u4e86"}, {"type": -1, "id": "tw2000", "content": ": \u7af9\u8449\u9752\u52a0\u51b0"}, {"type": 1, "id": "jerrys0580", "content": ": \u8d85\u7c21\u55ae"}, {"type": 0, "id": "hihimen", "content": ": \u6295\u5165\u80a1\u5e02\uff0c\u4e0d\u7528\u4e00\u5206\u9418"}, {"type": 1, "id": "iwinlottery", "content": ": \u6211\u8cb7\u623f\u81ea\u4f4f\u884c\u5427"}, {"type": -1, "id": "gs056119", "content": ": \u8cb7\u623f\u8cb7\u8eca\u7b97\u6295\u8cc7\u3107"}, {"type": 0, "id": "abc01251", "content": ": \u597d\u554a \u6536\u56de\u800c\u5df2"}, {"type": 0, "id": "gs056119", "content": ": \u6211\u62ff100\u5104\u53bb\u8ced\u535a\u4e0d\u5c31\u597d\u4e86\u310f"}, {"type": 1, "id": "bestteam", "content": ": \u8d85\u7c21\u55ae"}, {"type": 0, "id": "Lovesandy8", "content": ": \u7d66\u6211\u4e00\u6876\u6cb9\u8ddf\u3127\u652f\u756a\u4ed4\u706b"}, {"type": -1, "id": "burberry5566", "content": ": \u53ef\u6190 \u5b69\u5b50 \u4e0d\u8981\u518d\u5e7b\u60f3\u4e86"}, {"type": 0, "id": "route22", "content": ": \u8cb7\u8eca\u61c9\u8a72\u4e0d\u7b97 \u8ca1\u7d93\u53f0\u90fd\u662f\u9019\u6a23\u8aaa\u7684"}, {"type": 1, "id": "ItsTimeToGo", "content": ": \u8cb7\u80a1\u7968\u4f60\u4ee5\u70ba\u662f\u6295\u8cc7\u5176\u5be6\u662f\u4e00\u7a2e\u6d88\u8cbb"}, {"type": -1, "id": "jarry90001", "content": ": \u9802\u591a\u6536\u56de\u53bb\u800c\u5df2 \u9322\u9084\u4e0d\u662f\u7167\u82b1 \u9019\u4ec0\u9ebc"}, {"type": 0, "id": "jarry90001", "content": ": \u721b\u5047\u8a2d"}, {"type": 0, "id": "ex1986512", "content": ": \u8cb7\u9ec3\u91d1\u98fe\u54c1\u6d88\u8cbb"}, {"type": 1, "id": "rrggyy1225", "content": ": \u897f\u7d05\u67ff\u9996\u5bcc"}, {"type": 1, "id": "qphone", "content": ": \u5f88\u7c21\u55ae\u5427\uff0c\u8ddf\u7f8e\u570b\u8a02\u4e09\u53f0F35 , 100\u5104\u8cb7\u6210"}, {"type": 0, "id": "qphone", "content": ": \u54c1\uff0c\u53e6\u5916100\u5104\u990a\u7dad\u4fee\uff0c\u9019\u6a23200\u5104\u5c31\u82b1\u5b8c\u4e86"}, {"type": 0, "id": "qphone", "content": ": \u3002\u4e0d\u752810\u5206\u9418"}, {"type": 0, "id": "vince7098", "content": ": \u62ff\u4f86\u6211\u82b1\u7d66\u4f60\u770b"}, {"type": 1, "id": "utf84067", "content": ": \u8cb7\u5e7e\u53f0\u98db\u6a5f\u8ddf\u5766\u514b\u5c31\u6c92\u4e86 \u597d\u5c11"}, {"type": 1, "id": "mioaria", "content": ": \u9019\u6709\u4ec0\u9ebc\u554f\u984c\uff0c\u62ff\u4f86\u6211\u82b1\u7d66\u4f60\u770b"}, {"type": -1, "id": "a26515969", "content": ": \u554f\u5169\u6d25"}], "post_ip": "223.141.68.16", "post_content": "\n\u7d66\u4f60200\u5104\n\u689d\u4ef6\u662f\u4e00\u500b\u79ae\u62dc\u8981\u82b1\u5b8c\u4e00\u534a\n\u4e5f\u5c31\u662f100\u5104\n\u9322\u4e0d\u80fd\u62ff\u53bb\u6295\u8cc7 \u53ea\u80fd\u6d88\u8cbb\n\u6c92\u6709\u82b1\u5b8c\u4e00\u534a\u7684\u9322\n\u5176\u9918\u7684\u9322\u5c31\u6536\u56de\n\u4f60\u9858\u610f\u55ce\uff1f\n\n--\n"}