{"ptt_id": "powyo", "post_url": "https://www.ptt.cc/bbs/Gossiping/M.1565763665.A.9A9.html", "post_type": "\u554f\u5366", "post_title": "\u5ba2\u5bb6\u4eba\u53bb\u58be\u4e01\u6703\u5403\u4ec0\u9ebc?", "post_time": "2019-08-14 14:21:02", "post_score": 6, "post_pushes": [{"type": 0, "id": "whiteadam", "content": ": 5f\u53ea\u5403\u6d28"}, {"type": 1, "id": "LieFang", "content": ": \u6700\u5357\u5230\u5167\u57d4"}, {"type": -1, "id": "mosquito147", "content": ": \u9019\u7121\u804a\u7684\u54cf\u4ec0\u9ebc\u6642\u5019\u53ef\u4ee5\u505c\u6b62"}, {"type": 1, "id": "TexasFlood", "content": ": \u5403\u840a\u723e\u5bcc\u5427\uff0c\u90237-11\u90fd\u8981\u518d\u4e09\u8003\u616e"}, {"type": -1, "id": "yorkyoung", "content": ": \u4e94\u6a13\u559c\u6b61\u88ab\u5ba2\u5bb6\u4eba\u809b"}, {"type": 1, "id": "nzxc", "content": ": \u9ea5\u7576\u52de\u5ec1\u6240\u7684\u51b0\u584a"}, {"type": 1, "id": "OyAlbert", "content": ": 5F\u5403\u81ea\u5df1\u7684\u6d28\u6700\u74b0\u4fdd\u7701\u9322"}, {"type": 0, "id": "whiteadam", "content": ": \u7d04\u8ab2\u7f8a\u5f88\u8aa0\u5be6!"}, {"type": 1, "id": "DevilHotel", "content": ": \u606d\u559c\u4e94\u6a13\u7d04\u70ae\u7f8a"}, {"type": 0, "id": "yorkyoung", "content": ": \u5e79\u4f60\u5a18"}, {"type": 0, "id": "kino056", "content": ": 5\u6a13\u81ea\u80a5"}, {"type": -1, "id": "impact999", "content": ": \u6c92\u6897\u8ddf\u98a8\u4ed4\u662f\u8981\u628a\u9019\u6897\u73a9\u721b\u55ce"}, {"type": 1, "id": "gtayu", "content": ": \u4e94\u6a13\u8f9b\u82e6\u4e86"}, {"type": 1, "id": "Nicoleya79", "content": ": \u901b\u4e00\u5708\u627e\u6700\u4fbf\u5b9c\u7684\u5c0f\u5403\u5427"}, {"type": 1, "id": "caesst85149", "content": ": \u5148\u6bba\u50f9\u780d\u4e00\u534a"}, {"type": 1, "id": "gin590", "content": ": \u6ce1\u9eb5\u963f"}, {"type": 0, "id": "coolrgin", "content": ": \u81ea\u5099\u677f\u689d\uff0c\u5bb3\u95a9\u5357\u4eba\u8cfa\u4e0d\u5230\u4e03\u4e03\u4e03\u6c23\u6c23"}, {"type": 0, "id": "rogerlarger", "content": ": \u5403\u843d\u5c71\u98a8\u5427"}, {"type": 0, "id": "chuminyin", "content": ": \u5403\u4e94\u6a13\u7684\u7cde"}, {"type": 0, "id": "OGCed", "content": ": \u4e94\u6a13\u597d\u72a7\u7272"}], "post_ip": "118.163.229.98", "post_content": "\n\u773e\u6240\u5468\u77e5 \u58be\u4e01\u662f\u76e4\u5b50\u5728\u53bb\u7684\n\n\u4e7e\u62cc\u9eb5\u4e00\u7897180 \u6ef7\u5473\u4e00\u76e41000\n\n\u5982\u679c\u5ba2\u5bb6\u4eba\u53bb\u58be\u4e01 \u6703\u5403\u4ec0\u9ebc\u5927\u9910 \u6709\u6c92\u6709\u516b\u5366\n\n\n--\n"}