{"ptt_id": "ma4wanderer", "post_url": "https://www.ptt.cc/bbs/Gossiping/M.1568395405.A.3C9.html", "post_type": "\u554f\u5366", "post_title": "\u516c\u4e3b\u75c5\u7684\u8001\u5a46\u80fd\u6559\u597d\u5c0f\u5b69\u55ce\uff1f", "post_time": "2019-09-14 01:23:23", "post_score": 9, "post_pushes": [{"type": 1, "id": "friendly4713", "content": ": \u4f60\u89ba\u5f97\u6709\u53ef\u80fd\u55ce"}, {"type": 1, "id": "kcnny", "content": ": \u4e0d\u53ef\u80fd"}, {"type": 0, "id": "nikewang", "content": ": \u6b63\u4e5f\u6c92\u5e7e\u5e74 \u5973\u751f\u904e28\u6b72 \u518d\u52a0\u4e0a\u751f\u904e\u5c0f\u5b69"}, {"type": 0, "id": "chchang0820", "content": ": \u8abf\u6559\u963f!!! \u8089\u8abf\u4e00\u6ce2!!!!"}, {"type": 0, "id": "nikewang", "content": ": \u57fa\u672c\u4e0a\u5c31\u662f\u9ec3\u81c9\u5a46\u5f62\u614b \u4fdd\u990a\u54c1\u6551\u4e0d\u56de\u4f86"}, {"type": 1, "id": "fifybl", "content": ": \u5c0f\u5b69\u6703\u5f88\u7368\u7acb \u5abd\u5abd\u662f\u516c\u4e3b\u4e0d\u4f46\u4e0d\u6703\u9867\u5c0f\u5b69"}, {"type": 0, "id": "fifybl", "content": ": \u9084\u8981\u5c0f\u5b69\u7576\u5abd\u5abd\u7684\u5abd\u5abd"}, {"type": 0, "id": "kcnny", "content": ": \u5176\u5be6\u90a3\u4e9b\u7238\u7238 \u9019\u6a23\u662f\u8650\u5f85\u5152\u7ae5"}, {"type": 1, "id": "s001582000", "content": ": \u5973\u751f\u56e0\u70ba\u5f88\u6b63\u4e4b\u6240\u4ee5\u813e\u6c23\u5dee \u9019\u662f\u56e0\u679c"}, {"type": 0, "id": "rei196", "content": ": \u516c\u4e3b\u4e0d\u6703\u751f\u5c0f\u5b69"}, {"type": 1, "id": "wawaking1", "content": ": \u5c0f\u5b69\u6703\u7368\u7acb\u9577\u5927\u50cf\u7537\u4eba\uff0c\u53f0\u7537\u4e00\u5806\u5abd\u5bf6\u5c31"}, {"type": 0, "id": "wawaking1", "content": ": \u662f\u4ee5\u524d\u5abd\u5abd\u7167\u9867\u592a\u597d"}, {"type": 0, "id": "ev331", "content": ": \u770b\u4eba \u4e0d\u6703\u53cd\u7701\u7684\u516c\u4e3b\u4e0d\u53ef\u80fd"}, {"type": 1, "id": "peggy345", "content": ": \u516c\u4e3b\u6703\u9032\u5316\u6210\u592a\u540e"}, {"type": 0, "id": "ev331", "content": ": \u9760\u4e48\u4e5f\u592a\u6296"}, {"type": 1, "id": "may88011", "content": ": \u901a\u5e38\u5abd\u5abd\u592a\u80fd\u5e79\u7684\uff0c\u5c0f\u5b69\u4e0d\u592a\u7368\u7acb\uff0c\u5abd\u5abd"}, {"type": 0, "id": "may88011", "content": ": \u4e0d\u80fd\u5e79\u7684\u5c0f\u5b69\u6bd4\u8f03\u7368\u7acb"}, {"type": 0, "id": "IDfor2010", "content": ": \u7b54\u6848\u662f:\u4e0d\u53ef\u80fd / \u89ba\u5f97\u53ef\u80fd\u7684\u662f\u4f60\u60f3\u591a\u4e86"}, {"type": 1, "id": "heat0204", "content": ": \u5c0f\u5b69\u6703\u5f88\u7d2f \u53f0\u7537\u4e0d\u8981\u53ea\u60f3\u5e79 \u8981\u70ba\u5c0f\u5b69\u60f3"}, {"type": 0, "id": "newstyle", "content": ": \u592b\u59bb\u4e4b\u9593\u4e5f\u6709\u60c5\u7dd2\u52d2\u7d22\uff1a"}, {"type": 0, "id": "newstyle", "content": ": http://0rz.tw/edEHt  \u53f0\u7063\u7368\u6709\u7684~"}, {"type": 1, "id": "newstyle", "content": ": \u4ec0\u9ebc\u6709\u516c\u4e3b\u75c5\u7684\u5abd\u5abd\uff0c\u5c0f\u5b69\u6703\u7368\u7acb\uff0c\u6211\u770b"}, {"type": 0, "id": "newstyle", "content": ": \u8ddf\u8457\u5abd\u5abd\u4e00\u8d77\u7576\u738b\u5b50\u516c\u4e3b\u7684\u6a5f\u7387\u6bd4\u8f03\u9ad8~"}], "post_ip": "123.194.152.161", "post_content": "\n\n\u525b\u525b\u770b\u5230\u4e00\u7bc7\u5abd\u5abd\u60c5\u7dd2\u52d2\u7d22\u7684\u6587\u7ae0\u6709\u611f\u800c\u767c\n\n\u6709\u4e9b\u5973\u751f \u5f88\u6b63 \u4f46\u813e\u6c23EQ\u5f88\u5dee\n\n\u8b93\u4eba\u5f88\u8a0e\u53ad\n\n\u4f46\u6709\u4e9b\u7537\u751f\u4e0d\u4ecb\u610f\n\n\u89ba\u5f97\u6b63\u5c31\u597d \u665a\u4e0a\u6109\u5feb \u7238\u7238\u958b\u5fc3 \u51fa\u9580\u4e5f\u98a8\u5149\n\n\n\u6709\u9322\u4e00\u9ede\u7684\u751a\u81f3\u76f4\u63a5\u8b93\u8001\u5a46\u8fad\u8077\n\n\u7576\u5168\u8077\u5bb6\u5ead\u4e3b\u5a66 \u5e36\u5c0f\u5b69\n\n\u53ef\u662f\u6559\u80b2\u4e0d\u53ea\u8a00\u6559 \u9084\u6709\u8eab\u6559\n\n\u516c\u4e3b\u75c5\u6b63\u59b9 \u61f6\u60f0 \u9084\u611b\u9b27\u813e\u6c23\n\n\u8b93\u4eba\u5f88\u597d\u5947\n\n\u516c\u4e3b\u75c5\u7684\u8001\u5a46\u80fd\u6559\u597d\u5c0f\u5b69\u55ce\uff1f\n\n\u6709\u6c92\u6709\u5366\uff1f\n\n--\n\u6211\u5728\u60f3\u6709\u4eba\u8aaa\u6d6a\u5b50\u6703\u56de\u982d\n\n\u8aaa\u4e0d\u5b9a\u516c\u4e3b\u75c5\u7684\u5973\u751f\u751f\u4e86\u5c0f\u5b69\u5c31\u6703\u8b8a\u5f97\u6709\u8cac\u4efb\u611f\n\u203b \u7de8\u8f2f: ma4wanderer (123.194.152.161 \u81fa\u7063), 09/14/2019 01:25:21\n"}