{"ptt_id": "btm978952", "post_url": "https://www.ptt.cc/bbs/Gossiping/M.1570022696.A.D0C.html", "post_type": "\u554f\u5366", "post_title": "\u670b\u53cb\u8aaa\u5bb6\u9644\u8fd1\u6709\u7c92\u5b50\u52a0\u901f\u5668\u555f\u52d5\u5178\u79ae\uff1f", "post_time": "2019-10-02 21:24:53", "post_score": -2, "post_pushes": [{"type": -1, "id": "chadmu", "content": ": \u4e0d\u8981\u7d66\u9752\u6885\u7af9\u99ac\u73a9\u626d\u86cb"}, {"type": 0, "id": "edward4904", "content": ": \u9583\u96fb\u4fe0  \u4e0d\u7528\u8b1d\u4e86"}, {"type": 0, "id": "Ponimp", "content": ": \u7c92\u5b50\u52a0\u901f\u8d85\u6fc0\u901f\u947d\u5165\u4e94\u6a13\u5c41\u773c"}, {"type": -1, "id": "Fartboss", "content": ": \u8ddf\u4f60\u670b\u53cb\u8aaa \u535a\u58eb\u662f\u9006\u9583\u96fb"}], "post_ip": "101.9.180.106", "post_content": "\n\n\u670b\u53cb\u8aaa\u4ed6\u5bb6\u9644\u8fd1\u597d\u50cf\u6709\u6d3b\u52d5\n\u662f\u7c92\u5b50\u52a0\u901f\u5668\u7684\u555f\u52d5\u5178\u79ae\n\n\u53ea\u662f\u4ed6\u90a3\u908a\u597d\u50cf\u4e0b\u8457\u66b4\u98a8\u96e8\u4e0d\u77e5\u9053\u6703\u4e0d\u6703\u6709\u5371\u96aa\n\n\u6709\u4ec0\u9ebc\u53ef\u4ee5\u63d0\u9192\u6211\u670b\u53cb\u8a72\u6ce8\u610f\u55ce\uff1f\n\u6709\u6c92\u6709\u516b\u5366\uff01\n\n--\n"}