{"ptt_id": "gn01982027", "post_url": "https://www.ptt.cc/bbs/Gossiping/M.1565333342.A.6AB.html", "post_type": "\u65b0\u805e", "post_title": "\u5317\u6377\u6355\u7372\u91ce\u751f\u5468\u6167\u654f \u7c89\u7d72\u76f4\u558a\uff1a\u8981\u53bb\u8cb7\u6a02", "post_time": "2019-08-09 14:49:00", "post_score": 22, "post_pushes": [{"type": 0, "id": "night0805", "content": ": \u9019\u7b97\u696d\u914d\u55ce"}, {"type": 1, "id": "yafx4200p", "content": ": \u5531\u7247\u516c\u53f8\u81ea\u5df1\u63d0\u4f9b\u7167\u7247...\u4e5f\u7b97\u91ce\u751f"}, {"type": 1, "id": "shokotan", "content": ": \u4e2d\u6642\u6539\u5929\u53ef\u4ee5\u767c\u4e00\u7bc7 \u97d3\u7c89\u9047\u91ce\u751f\u97d3\u570b\u745c\uff01"}, {"type": 1, "id": "JingP", "content": ": \u592a\u626f\u4e86\u90fd\u4e0d\u6703\u8001"}, {"type": 1, "id": "justbejohnny", "content": ": \u6211\u5728\u5317\u6377\u6709\u9047\u5230\u5468\u6167\u654f \u548c\u5979\u5750\u540c\u4e00\u7bc0"}, {"type": 0, "id": "justbejohnny", "content": ": \uff5e\u641e\u5230\u6700\u5f8c \u6211"}, {"type": 0, "id": "saw6904", "content": ": \u5c31\u5c04\u51fa\u4f86\u4e86"}, {"type": 0, "id": "jodojeda", "content": ": \u6574\u5f35\u81c9\u6839\u672c\u50f5\u786c\u4e86 \u8ddf\u7389\u5973\u6642\u671f\u5dee\u592a\u591a\u4e86"}, {"type": 1, "id": "kavengany", "content": ": \u5403\u4e86\u7ca5 \u6703\u904e\u654f"}, {"type": 0, "id": "MLBgu", "content": ": 52\u6b72\u4e86\u8981\u548c\u7389\u5973\u6642\u671f\u5dee\u4e0d\u591a\u624d\u5947\u602a\u5427"}, {"type": 0, "id": "MLBgu", "content": ": \u904e50\u4e86\u9084\u80fd\u4fdd\u990a\u6210\u9019\u6a23\u5f88\u5f37\u4e86"}, {"type": 1, "id": "tn907915", "content": ": \u771f\u7684\u90fd\u6c92\u8b8a"}, {"type": 1, "id": "buke", "content": ": \u6b63\u7ffb"}, {"type": 1, "id": "weight1000kg", "content": ": \u539f\u4f86\u4ed6\u5c31\u662f\u5468\u8559\u554a"}, {"type": 1, "id": "fp737", "content": ": \u61f7\u5ff5\u5c0f\u7336\u592a\u6642\u671f"}, {"type": 1, "id": "s8960046", "content": ": \u554a\u554a\u554a\u554a\u554a\u554a\u554a\u554a\u554a\u554a\u554a\u554a\u554a\u554a\u554a\u5636\uff01\uff5e"}, {"type": 0, "id": "rabbit83035", "content": ": \u8ab0\u6703\u53bb\u807d?"}, {"type": 1, "id": "jevin", "content": ": \u7b11\u6b7b  \u91ce\u751f\u9084\u8981\u81ea\u5df2\u516c\u53f8\u767c\u7a3f\u63d0\u4f9b\u7167\u7247"}, {"type": 0, "id": "BlueBird5566", "content": ": \u8981\u662f\u6211\u9047\u5230 \u6211\u4e5f\u8a8d\u4e0d\u51fa\u4f86"}, {"type": 1, "id": "scum5566", "content": ": 50\u6b72\u9577\u9019\u6a23 \u6211\u8d85\u786c\u7684\u554a"}, {"type": 1, "id": "nepenthes7", "content": ": \u770b\u5230\u4e94\u5341\u6b72\u7684\u9084\u80fd\u786c \u4fdd\u990a\u4e0d\u597d?"}, {"type": 1, "id": "abel0201", "content": ": 50\u6b72\u53ea\u80fd\u62cd\u9060\u666f\u4e86 \u8fd1\u62cd\u99ac\u4e0a\u8edf\u6389"}, {"type": 0, "id": "abel0201", "content": ": \u800c\u4e14\u6211\u8a18\u5f97\u6167\u654f\u7684\u6b4c\u8072\u5f88\u62b1\u6b49\u7684\u8aaa"}, {"type": 1, "id": "cvit", "content": ": \u7834\u5c3f\u9178\u6253\u5230\u81c9\u90fd\u50f5\u786c\u4e86\uff1f"}, {"type": 1, "id": "POWERSERIES", "content": ": \u8ab0\u5bb6\u88e1\u9ec3\u81c9\u5a4652\u6bd4\u5979\u6b63\u7684"}, {"type": 1, "id": "mikiji", "content": ": \u600e\u9ebc\u90fd\u4e0d\u6703\u8001"}, {"type": -1, "id": "mengche", "content": ": \u696d\u914d\u6587"}, {"type": 1, "id": "ji394tb", "content": ": \u592a\u795e\u5566"}, {"type": 0, "id": "insurreal", "content": ": 50\u5e7e\u4e86\u9084\u80fd\u7dad\u6301\u9019\u7a2e\u72c0\u614b\u5df2\u7d93\u5f88\u5f37.."}, {"type": 1, "id": "robeant", "content": ": \u770b\u5979\u9999\u6e2f\u6f14\u5531\u6703\u7684\u5f71\u7247\uff0c\u6b4c\u8072\u72c0\u6cc1\u4e4b\u6158...."}, {"type": 1, "id": "godchildtw", "content": ": \u6c38\u9060\u7684\u5973\u795e"}, {"type": -1, "id": "mynewid", "content": ": \u8ab0?"}, {"type": 1, "id": "Diaw19", "content": ": \u8eab\u578b\u7dad\u6301\u5f88\u5e74\u8f15\u5df2\u7d93\u5f88\u53b2\u5bb3\u4e86"}, {"type": 1, "id": "AmazingRustu", "content": ": \u904e50\u9084\u80fd\u9019\u6a23\u5df2\u7d93\u5f88\u5f37\uff0c\u6167\u654f\u6b4c\u8072\u96d6"}, {"type": 0, "id": "AmazingRustu", "content": ": \u4e0d\u662f\u9802\u7d1a\u4e5f\u4e0d\u932f\u807d\u4e86"}, {"type": -1, "id": "Southside", "content": ": \u696d\u914d"}, {"type": 1, "id": "riodesu", "content": ": \u4ee5\u524d\u7684\u7389\u5973\u662f\u771f\u5973\u795e\u554a\uff01"}, {"type": 1, "id": "coolp77", "content": ": \u90fd50\u9084\u80fd\u4fdd\u990a\u7dad\u6301\u9019\u6a23\u7b97\u53b2\u5bb3\u4e86"}, {"type": 1, "id": "shawn11", "content": ": \u9019\u6a23\u4e94\u5341\u5f88\u597d\u4e86 \u771f\u7684\u786c \u82e6\u4e86\u52a9\u7406"}], "post_ip": "123.192.191.7", "post_content": "\n\u5317\u6377\u6355\u7372\u91ce\u751f\u5468\u6167\u654f \u7c89\u7d72\u76f4\u558a\uff1a\u8981\u53bb\u8cb7\u6a02\u900f\uff01\n\n14:01 2019/08/09 \u4e2d\u6642\u96fb\u5b50\u5831  \u8a31\u653f\u6986\n\n\u6a02\u58c7\u300c\u7389\u5973\u638c\u9580\u4eba\u300d\u5468\u6167\u654f\u5c07\u65bc8\u670810\u65e5\u5728\u53f0\u5317\u5c0f\u5de8\u86cb\u8209\u884c\u300c\u4e00\u842c\u5929\u8352\u611b\u672a\u8001\u300d\u51fa\u905330\u9031\n\u5e74\u6f14\u5531\u6703\uff0c\u56e0\u98b1\u98a8\u95dc\u4fc2\u63d0\u524d\u4e00\u5929\u4f86\u53f0\uff0c\u8d81\u8457\u7a7a\u6a94\u6642\u9593\u81e8\u6642\u8d77\u610f\u53bb\u642d\u53f0\u5317\u6377\u904b\uff0c\u9019\u4e5f\u662f\u5979\u7b2c\n\u4e00\u6b21\u642d\u5317\u6377\uff0c\u4e0d\u5c11\u6c11\u773e\u4e00\u773c\u8a8d\u51fa\uff0c\u554f\u4ed6\uff1a\u300c\u662f\u5468\u6167\u654f\u55ce\uff1f\u300d\u5468\u6167\u654f\u9ede\u982d\u89aa\u5207\u56de\u61c9\u6253\u62db\u547c\uff0c\n\u8b93\u6c11\u773e\u8208\u596e\u5927\u558a\uff1a\u300c\u6211\u7b49\u7b49\u51fa\u7ad9\u8981\u53bb\u8cb7\u6a02\u900f\uff01\u300d\u5468\u6167\u654f\u4e00\u6642\u6c92\u6709\u610f\u6703\u904e\u4f86\uff0c\u5c0f\u8072\u8a62\u554f\u5de5\u4f5c\n\u4eba\u54e1\uff1a\u300c\u70ba\u4ec0\u9ebc\u554a\uff1f\u300d\u5de5\u4f5c\u4eba\u54e1\u7b11\u8aaa\uff1a\u300c\u56e0\u70ba\u5750\u6377\u904b\u78b0\u5230\u5468\u6167\u654f\uff0c\u89ba\u5f97\u5f88\u5e78\u904b\u554a\uff01\u300d\n\n\n\u70ba\u4e86\u9031\u516d\u7684\u6f14\u5531\u6703\u5468\u6167\u654f\u63d0\u524d\u4f86\u53f0\u5099\u6230\uff0c\u6628\u5929\u62bd\u7a7a\u91cd\u8fd4\u96fb\u5f71\u300a\u7b49\u4e00\u500b\u4eba\u5496\u5561\u300b\u62cd\u651d\u5730\u820a\u5730\n\u91cd\u904a\uff0c\u9084\u81e8\u6642\u8d77\u610f\u53bb\u642d\u6377\u904b\uff0c\u5176\u5be6\u59794\u6708\u4f86\u53f0\u5ba3\u50b3\u6642\u5c31\u900f\u9732\uff0c\u6700\u60f3\u5728\u53f0\u5317\u9ad4\u9a57\u7684\u884c\u7a0b\u662f\u5750\n\u6377\u904b\uff0c\u300c\u4ee5\u524d\u4f86\u53f0\u7063\u5ba3\u50b3\u7684\u6642\u5019\uff0c\u53f0\u5317\u9084\u6c92\u6709\u6377\u904b\uff0c\u73fe\u5728\u6377\u904b\u5df2\u7d93\u56db\u901a\u516b\u9054\u4e86\uff0c\u5c31\u4e00\u76f4\u5f88\n\u60f3\u5750\u5750\u770b\u3002\u300d\u56e0\u70ba\u5979\u6b63\u8981\u53bb\u53f0\u5317\u5c0f\u5de8\u86cb\uff0c\u4fbf\u6c7a\u5b9a\u63d0\u524d\u4e0b\u8eca\uff0c\u5f9e\u677e\u6c5f\u5357\u4eac\u7ad9\u57502\u7ad9\uff0c\u5230\u53f0\u5317\n\u5c0f\u5de8\u86cb\uff0c\u5f97\u77e5\u6377\u904b\u6709\u53f0\u5317\u5c0f\u5de8\u86cb\u7ad9\uff0c\u5979\u7b11\u8aaa\uff1a\u300c\u597d\u65b9\u4fbf\u54e6\uff0c\u9019\u6a23\u5927\u5bb6\u90fd\u642d\u6377\u904b\u4f86\u770b\u6f14\u5531\u6703\n\uff01\u300d\n\n\u5468\u6167\u654f\u4e00\u8e0f\u9032\u6377\u904b\u7ad9\u5b9b\u5982\u5b69\u5b50\u822c\u8d85\u8208\u596e\uff0c\u9023\u8cb7\u7968\u90fd\u8981\u81ea\u5df1\u4f86\uff0c\u5728\u5de5\u4f5c\u4eba\u54e1\u6307\u5c0e\u4e0b\uff0c\u5979\u5f9e\u770b\n\u5730\u5716\u3001\u78ba\u8a8d\u50f9\u683c\u5230\u6295\u5e63\uff0c\u6309\u6b65\u9a5f\u8cb7\u597d\u7968\uff0c\u958b\u5fc3\u7684\u628a\u7968\u767c\u7d66\u5927\u5bb6\uff0c\u624d\u767c\u73fe\u5c11\u8cb7\u4e86\u81ea\u5df1\u7684\u7968\uff0c\n\u7b11\u7ffb\u5168\u5834\uff0c\u51fa\u7cd7\u7684\u5979\u7acb\u523b\u624b\u5200\u885d\u56de\u552e\u7968\u53e3\u518d\u8cb7\u4e00\u6b21\uff0c\u901f\u5ea6\u4e4b\u5feb\u5b8c\u5168\u6c92\u5076\u5305\u3002\u96a8\u5f8c\u5979\u6eff\u61f7\u671f\n\u5f85\u5730\u7b49\u8eca\u4e0a\u8eca\uff0c\u5728\u8eca\u5ec2\u88e1\u6771\u5f35\u897f\u671b\uff0c\u6c11\u773e\u8a8d\u51fa\u5979\uff0c\u4f46\u5927\u534a\u90fd\u4fdd\u6301\u79ae\u8c8c\u7684\u8ddd\u96e2\uff0c\u5fae\u7b11\u671b\u8457\u4ed9\n\u5973\u964d\u81e8\u6377\u904b\u8eca\u5ec2\u3002\n\nhttps://www.chinatimes.com/realtimenews/20190809001877-260404?chdtv\n\n--\n"}