{"ptt_id": "neetcat", "post_url": "https://www.ptt.cc/bbs/Gossiping/M.1569337022.A.F82.html", "post_type": "\u554f\u5366", "post_title": "GOOGLE KEEP \u662f\u4e0d\u662f\u639b\u4e86", "post_time": "2019-09-24 22:56:59", "post_score": 3, "post_pushes": [{"type": 1, "id": "cutearia", "content": ": \u91cd\u958b\u6a5f"}, {"type": 0, "id": "syldsk", "content": ": \u6211\u5e6b\u4f60\u4e0aGoogle+\u554f\u770b\u770b"}, {"type": 1, "id": "bitlife", "content": ": \u770b\u5230\u8a66\u4e86\u4e00\u4e0b,\u6b63\u5e38,\u662f\u7528\u7b46\u96fb"}, {"type": 1, "id": "susanchi", "content": ": \u624b\u6a5fapp\u6b63\u5e38"}, {"type": 0, "id": "jack168168tw", "content": ": https://imgur.com/1poWxs2 \u6b63\u5e38\u5594"}, {"type": 0, "id": "rei196", "content": ": \u6587\u7d44\u4e00\u5b9a\u4e0d\u77e5\u9053500\u4ec0\u9ebc\u610f\u601d"}], "post_ip": "1.172.108.188", "post_content": "\n\u5c0f\u5f1f\u6211\u7fd2\u6163\u7528GOOGLE KEEP\u5beb\u65e5\u8a18\n\n\u525b\u525b\u537b\u767c\u73fe\u600e\u6a23\u90fd\u767b\u4e0d\u4e0a\u53bb\n\nhttps://i.imgur.com/6Notbub.png\n\n\u4f46\u662fGMAIL\u537b\u9084\u80fd\u6b63\u5e38\u4f7f\u7528\n\n\u4f60\u5011\u7684\u6b63\u5e38\u55ce?\n\n--\n\u53f0\u7063\u5e74\u8f15\u7aae\u9b3c\u751f\u6d3b\u6307\u5357#1PV3njqo (Gossiping)\uff1a\n\n1. \u4e0d\u8981\u8cb7\u623f 2. \u4e0d\u8981\u8cb7\u8eca 3. \u4e0d\u8981\u7d50\u5a5a 4. \u4e0d\u8981\u751f\u5c0f\u5b69 5. \u4e0d\u8981\u5916\u98df 6. \u4e0d\u8981\u51fa\u570b\n7. \u9664\u4e86\u6700\u57fa\u672c\u7684\u610f\u5916\u96aa\u548c\u5f37\u5236\u96aa\uff0c\u7d55\u5c0d\u4e0d\u8cb7\u4efb\u4f55\u6295\u8cc7\u578b\u4fdd\u96aa 8. \u597d\u597d\u7df4\u8eab\u9ad4\uff0c\u4e0d\u8981\u751f\u75c5\n9. \u9664\u4e86\u5403\u98ef\u5de5\u4f5c\u7e73\u623f\u79df\uff0c\u9322\u5168\u5b58\u8d77\u4f86\uff0c\u8001\u4e86\u5230\u9109\u4e0b\u96a8\u4fbf\u8cb7\u9593\u623f\u5b50\uff0c\u5b64\u7368\u904e\u5b8c\u4e00\u751f\n10.\u4e0d\u8981\u5931\u696d\u2026\u2026\n\n--\n\n\n\u5594\u5594\u5594\u7a81\u7136\u53c8\u597d\u4e86 \u5927\u6982\u662f\u4f3a\u670d\u554f\u984c\u5427\n\u203b \u7de8\u8f2f: neetcat (1.172.108.188 \u81fa\u7063), 09/24/2019 23:02:00\n"}