{"ptt_id": "z5419", "post_url": "https://www.ptt.cc/bbs/Gossiping/M.1568610337.A.4DF.html", "post_type": "\u554f\u5366", "post_title": "\u4e0b\u5348\u8336\u8981\u5403\u4ec0\u9ebc", "post_time": "2019-09-16 13:05:35", "post_score": 0, "post_pushes": [{"type": 0, "id": "Rrrxddd", "content": ": \u5403\u5c4e"}, {"type": 0, "id": "shevchen", "content": ": \u6211\u5403\u6a13\u4e0b\u7684"}, {"type": 0, "id": "popeyewowo", "content": ": \u4e94\u6a13\u90fd\u5403\u6d28"}, {"type": -1, "id": "data1728", "content": ": https://i.imgur.com/JDSpDOl.jpg"}, {"type": -1, "id": "bill403777", "content": ": \u6b63\u59b9\u5973\u540c\u4e8b\u7a7f\u4e00\u5929\u7684\u9ed1\u7d72\u6ce1\u8336"}, {"type": 1, "id": "tessmimi", "content": ": \u4e94\u661f\u98ef\u5e97\u7684\u4e0b\u5348\u8336"}, {"type": 0, "id": "shevchen", "content": ": \u7fa8\u6155\u4e94\u6a13"}, {"type": 1, "id": "somefatguy", "content": ": \u7da0\u8c46\u692a"}], "post_ip": "36.225.120.141", "post_content": "\n\u5404\u4f4d\u5e74\u85aa\u5343\u842c\u7684\u516b\u5366\u80a5\u5b85\n\n\u4e0b\u5348\u8336\u61c9\u8a72\u90fd\u5403\u5f88\u8c50\u5bcc\u5427\n\n\u6211\u90fd\u662f\u53bb\u540385\u5ea6C\u7684\u86cb\u7cd5\u548c\u98f2\u6599\n\n\u90a3\u5404\u4f4d \u5e74\u85aa\u5343\u842c\u7684 \u80a5\u5b85 \u4e0b\u5348\u8336\u90fd\u5403\u4ec0\u9ebc\u5462\n\n--\n"}