{"ptt_id": "L9C4iO", "post_url": "https://www.ptt.cc/bbs/Gossiping/M.1570805672.A.6A7.html", "post_type": "\u554f\u5366", "post_title": "\u9999\u6e2f\u52d5\u4e82\u7684\u4e3b\u4f7f\u8005\u5c31\u662f\u65b0\u52a0\u5761\uff1f", "post_time": "2019-10-11 22:54:30", "post_score": 6, "post_pushes": [{"type": 0, "id": "sclbtlove", "content": ": ?"}, {"type": 1, "id": "Su22", "content": ": \u597d\u50cf\u54ea\u90e8\u96fb\u5f71\u88e1\u6709\u65b0\u52a0\u5761\u7279\u5de5"}, {"type": 1, "id": "userpeter", "content": ":"}, {"type": 1, "id": "Meyellis", "content": ": \u597d\u7aa9"}, {"type": 0, "id": "joumay", "content": ": \u4e2d\u8cc7\u6d17\u723d\u723d\u7684\u597d\u5730\u65b9 \u8eba\u8457\u5c31\u6709\u4e00\u5806\u4e2d\u8cc7\u8f49\u53bb"}, {"type": 1, "id": "akila08539", "content": ": \u4f60\u628a\u7f8e\u570b\u653e\u54ea"}, {"type": 1, "id": "BIA", "content": ": \u80e1\u666f\u97dc\u6c5f\u6fa4\u6c11\u9019\u4e9b\u53cd\u7fd2\u6d3e\u5427"}, {"type": 0, "id": "BIA", "content": ": \u7f8e\u570b\u82f1\u570b\u53f0\u7063\u61c9\u8a72\u90fd\u5e6b\u5fd9\u4e86"}, {"type": 0, "id": "BIA", "content": ": \u7f8e\u570b\u5e6b\u4e2d\u570b\u5c31\u662f\u4e86"}, {"type": 0, "id": "luciffar", "content": ": \u5176\u5be6\u662f\u5ddd\u666e \u7c73\u570b\u7684\u9ed1\u624b\u7121\u6240\u4e0d\u5728"}, {"type": 1, "id": "johnny3", "content": ": \u90fd\u662f\u5225\u570b\u767c\u52d5 \u4e0d\u53ef\u80fd\u662f\u6e2f\u4eba\u81ea\u52d5\u81ea\u767c\u7684"}], "post_ip": "39.12.194.227", "post_content": "\n\n\n\n\u5e79\u4f60\u5a18 \u6211\u89ba\u5f97\u65b0\u52a0\u5761\u771f\u7684\u5f88\u96de\u5df4\n\n\n\n\u53cd\u9001\u4e2d\u65b0\u52a0\u5761\u4e0d\u95dc\u5fc3\u4e0d\u4ecb\u5165\u4e5f\u80fd\u767c\u5927\u8ca1\n\n\u5927\u5bb6\u4e0d\u89ba\u5f97\u5f88\u602a\u55ce\uff1f\n\n\n\n\n\n\u611f\u89ba\u6839\u672c\u5c31\u662f\u65b0\u52a0\u5761\u806f\u5408\u5171\u532a\u6545\u610f\u88fd\u9020\u52d5\u4e82\n\n\u9084\u662f\u8aaa\u65b0\u52a0\u5761\u65e9\u5c31\u6dea\u9677\u4e86\uff1f\n\n\n\n\n\u6709\u4e9b\u4eba\u90fd\u8aaa\u662f\u4e2d\u570b\u6df1\u5733\u8981\u53d6\u4ee3\u9999\u6e2f\n\n\u4f46\u662f\u600e\u9ebc\u770b\u600e\u9ebc\u60f3\u90fd\u4e0d\u592a\u53ef\u80fd\u963f\n\n\u5149\u9999\u6e2f\u7684\u6cd5\u6cbb\u8ddf\u81ea\u7531\u5236\u5ea6\u5b8c\u5168\u8ddf\u4e2d\u570b\u4e0d\u76f8\u5bb9\u963f\n\n\u52a0\u4e0a\u5916\u8cc7\u600e\u9ebc\u53ef\u80fd\u6703\u5b8c\u5b8c\u5168\u5168\u7d66\u4e2d\u570b\u638c\u63a7\n\n\u96e3\u9053\u662f\u5171\u532a\u5c31\u627e\u4e0a\u8ddf\u4ed6\u5011\u4e00\u6a23\u5c08\u5236\u7684\u9f3b\u5c4e\u570b\u737b\u7b56\uff1f\n\n\n\n\u5171\u532a\uff1a\u88fd\u9020\u52d5\u4e82\u8b93\u65b0\u52a0\u5761\u53d6\u4ee3\u9999\u6e2f\u5427\n\n\u5e79\u4f60\u5a18\u65b0\u52a0\u5761\u72d7\u5ee2\u7269\u5c08\u5236\u9f3b\u5c4e\u570b\uff1a\u597d\u54e6\n\n\n\u6709\u639b\u55ce\uff1f\n\n\n\n\n-----\nSent from JPTT on my iPhone\n\n--\n\u661f\u570b\u4e2d\u8cc7\n\u203b \u7de8\u8f2f: L9C4iO (39.12.194.227 \u81fa\u7063), 10/11/2019 22:56:40\n\u6240\u4ee5\u7fd2\u4e0d\u723d\u624d\u8b93\u65b0\u52a0\u5761\u7279\u5de5\u9032\u53bb\u52d5\u4e82\u963f\n\u203b \u7de8\u8f2f: L9C4iO (39.12.194.227 \u81fa\u7063), 10/11/2019 22:58:51\n https://i.imgur.com/SY7GJaU.jpg\n\u203b \u7de8\u8f2f: L9C4iO (39.12.194.227 \u81fa\u7063), 10/11/2019 23:28:28\n"}