{"ptt_id": "Waitaha", "post_url": "https://www.ptt.cc/bbs/Gossiping/M.1564187991.A.63E.html", "post_type": "\u65b0\u805e", "post_title": "\u7b11\u97d3\u722c\u6a39\u885d\u6d1e \u9ec3\u6690\u701a\uff1a\u600e\u4e0d\u7b11\u9673\u83ca\u88dc\u6d1e", "post_time": "2019-07-27 08:39:48", "post_score": 5, "post_pushes": [{"type": 1, "id": "diabolica", "content": ": \u6c92\u7b11\u904e\u55ce\uff1f"}, {"type": -1, "id": "sanshin", "content": ": \u9673\u83ca\u6c92\u9019\u9ebc\u611b\u6f14\u597d\u55ce"}, {"type": 0, "id": "akway", "content": ": \u91cd\u9ede\u662f\u722c\u6a39\u597d\u55ce"}, {"type": 1, "id": "Diadem", "content": ": \u5c31\u662f\u8ddf\u80a5g\u4e00\u6a23\u6a19\u6e96\u624d\u7b11\u554a"}, {"type": 0, "id": "botnet", "content": ": \u9673\u83ca\u6c92\u7b11\u904e\u55ce\uff1f"}, {"type": 0, "id": "shirokase", "content": ": \u9673\u83ca\u6709\u8fa6\u6cd5\u722c\u6a39?"}, {"type": 1, "id": "koushimei", "content": ": \u9019\u7167\u7247\u633a\u4fcf\u76ae"}, {"type": 0, "id": "emip", "content": ": \u4e0a\u7684\u53bb\u6211\u6703\u7d6687\u5206"}, {"type": 0, "id": "Ruid", "content": ": \u641e\u4e0d\u597dkmt\u7576\u6642\u7b11\u9673\u83ca\u662f\u7b11\u6700\u5927\u8072\u7684\u54a7"}, {"type": -1, "id": "OverInfinity", "content": ": \u4e2d\u6642"}, {"type": 0, "id": "Diadem", "content": ": \u8ab0\u53eb\u97d3\u81ea\u5df1\u611b\u9178\u3002\u9a19\u5b50\u88ab\u9178\u525b\u597d"}, {"type": 0, "id": "cerpherus", "content": ": \u4e0d\u662f\u90fd\u7b11\u4e86\u55ce\uff1f"}, {"type": 1, "id": "sodamnpig", "content": ": \u8209\u8fa6\u88dc\u6a39\u6d3b\u52d5\u548c\u722c\u6a39\u4f5c\u79c0\u4e00\u6a23\uff1f\u9ec3\u6690\u701a\u53ef"}, {"type": 1, "id": "tchialen", "content": ": \u767d\u8cca\u83ca\u592a\u80a5\u722c\u4e0d\u4e0a\u53bb"}, {"type": 0, "id": "sodamnpig", "content": ": \u4ee5\u518d\u4f4e\u80fd\u9ede"}, {"type": 1, "id": "gwenwoo", "content": ":  \u8349\u5305\u7121\u6575~"}, {"type": 0, "id": "bruce1119", "content": ": \u9673\u83ca\u722c\u4e0a\u53bb\u5c31\u8b8a\u9673\u6a39\u83ca\u4e86"}, {"type": 1, "id": "Aya710", "content": ": \u90fd\u5f88\u53ef\u7b11"}, {"type": 1, "id": "CMPunk", "content": ": \u9673\u83ca\u722c\u4e0d\u4e0a\u53bb\u5566"}, {"type": 0, "id": "MK250", "content": ": \u91cd\u9ede\u662f\u5728\u722c\u4e0a\u53bb\u5427....."}, {"type": 1, "id": "greenlive", "content": ": \u4e0d\u662f\uff0c\u9178\u9ede\u61c9\u8a72\u6709\u5169\u500b,\u4e00\u500b\u662f\u722c\u6a39\uff0c\u4e00"}, {"type": 0, "id": "greenlive", "content": ": \u500b\u662f\u88dc\u6d1e\uff0c\u88dc\u6d1e\u9019\u500b\u82b1\u5abd\u5df2\u7d93\u89aa\u81ea\u6551\u63f4\uff0c"}, {"type": 0, "id": "greenlive", "content": ": \u4f46\u722c\u6a39\u9019\u4ef6\u4e8b\u5979\u6551\u4e0d\u5230XD"}, {"type": 1, "id": "talrasha", "content": ": bruce1119: \u9673\u83ca\u722c\u4e0a\u53bb\u5c31\u8b8a\u9673\u6a39\u83ca\u4e86XD"}, {"type": 1, "id": "gibson72", "content": ": \u85cd\u7da0\u5783\u573e\u4e92\u76f8\u5632\u8af7"}, {"type": 0, "id": "CMPunk", "content": ": \u97d3\u5c0e\u6f14\u9019\u9f63\u722c\u6a39\u5927\u6232 \u7d50\u679c\u53ea\u6d17\u4e86\u4e00\u5929"}, {"type": 0, "id": "MK250", "content": ": \u97d3\u7c89\u9084\u60f3\u8f49\u79fb\u7126\u9ede\u554a"}, {"type": 1, "id": "akway", "content": ": \u4f60\u89ba\u5f97\u9673\u83ca\u88dc\u6d1e\u5f88\u8822 \u90a3\u4f60\u5b78\u5979\u4e0d\u662f\u66f4\u8822\uff1f"}, {"type": 0, "id": "ilovebmw", "content": ": \u4e8b\u904e\u5883\u9077\uff0c\u5927\u5bb6\u90fd\u5fd8\u4e86"}, {"type": 1, "id": "AGIknight", "content": ": https://i.imgur.com/V1FdY1u.jpg"}, {"type": -1, "id": "fushen", "content": ": \u7f6a\u8b49\u78ba\u947f2M\u4ee5\u4e0a\u672a\u914d\u639b\u5b89\u5168\u7d22"}, {"type": 1, "id": "flydragon198", "content": ": \u4e0d\u540c\u7684\u4e8b\u4e5f\u62ff\u4f86\u6bd4\u8f03\uff0c\u8166\u6b98\u8b77\u822a"}, {"type": 0, "id": "SiaoHan", "content": ": \u9f9c\u7b11\u9c49\u7121\u5c3e \u80a5\u83ca\u7b11\u5149\u982d"}, {"type": 1, "id": "khalid", "content": ": \u7576\u5929\u8d77\u5e8a\u5c31\u77e5\u9053\u6703\u722c\u6a39\u55ce?\u4e0d\u7136\u600e\u9ebc\u7a7f\u7403\u978b?"}, {"type": 1, "id": "vickyshan", "content": ": \u9673\u6a39\u83caXDXD\u6b38\u6211\u662f\u4e0d\u662f\u8dd1\u5230\u5c31\u53ef\u7248\u5566"}, {"type": 0, "id": "fushen", "content": ": \u52de\u6aa2\u5c40\u9084\u4e0d\u958b\u7f70\u3002"}, {"type": 1, "id": "jcto04", "content": ": \u4e0d\u7136\u7b11\u9019\u500b\u597d\u4e86http://i.imgur.com/77saLx"}, {"type": 0, "id": "jcto04", "content": ": 7.jpg"}, {"type": 1, "id": "liudwan", "content": ": \u722c\u6a39\u8d85\u597d\u7b11"}, {"type": -1, "id": "legendrl", "content": ": \u600e\u9ebc\u4f60\u97d3\u5c0e\u8981\u9760\u9673\u83ca\u4f86\u6551\u63f4\uff1f\u4f60\u5011\u97d3\u5c0e"}, {"type": -1, "id": "bongz331", "content": ": \u4ee5\u524d\u9084\u4ee5\u70ba\u4ed6\u5f88\u4e2d\u7acb \u6839\u672c\u5403\u5c4e"}, {"type": 1, "id": "tenching", "content": ": \u9673\u83ca\u50bb\u4e00\u6b21 \u7136\u5f8c\u4f60\u5b78\u4e0d\u4e56\uff1f"}, {"type": 1, "id": "Caball", "content": ": \u9673\u6a39\u83caXD"}, {"type": -1, "id": "chaosset", "content": ": \u90fd\u4e0d\u884c\u554a\u767d\u75f4\u55ce\u5e79"}, {"type": -1, "id": "nopeace", "content": ": \u9ec3\u7684\u908f\u8f2f\u600e\u9ebc\u4e86\uff1f"}, {"type": -1, "id": "loonety", "content": ": \u9019\u5496\u662f\u8166\u5b50\u71d2\u58de\u6389\uff1f"}, {"type": 1, "id": "talrasha", "content": ": \u53f0\u5357\u5e02\u767b\u9769\u71b1\u75ab\u60c5\u5ef6\u71d2\uff0c\u70ba\u6b64\u53f0\u5357\u5e02\u9577\u9ec3"}, {"type": 0, "id": "talrasha", "content": ": \u5049\u54f2\u6c7a\u5b9a\u5c01\u9589\u6771\u5340\u5df4\u514b\u79ae\u516c\u5712\u5169\u9031\uff0c\u8fd1\u671f"}, {"type": 0, "id": "talrasha", "content": ": \u66f4\u5728\u5712"}, {"type": 0, "id": "talrasha", "content": ": \u5167\u7684\u6a39\u6d1e\u586b\u88dc\u767c\u6ce1\u5291\uff0c\u9632\u6b62\u868a\u5b50\u7522\u5375"}, {"type": -1, "id": "flare5566", "content": ": \u4eba\u5bb6\u6c92\u53eb\u4e00\u5806\u8a18\u8005\u4f86\u770b\u4ed6\u722c\u6a39"}, {"type": -1, "id": "steven0503", "content": ": \u91cd\u9ede\u662f\u722c\u6a39\u4f5c\u79c0 \u800c\u4e14\u586b\u6a39\u6d1e\u6750\u8cea\u5169\u8005\u600e"}, {"type": 0, "id": "steven0503", "content": ": \u9ebc\u4e0d\u8b1b\u4f86\u6bd4\u8f03\u770b\u770b"}, {"type": -1, "id": "power41", "content": ": \u641e\u932f\u91cd\u9ede\u5566"}, {"type": -1, "id": "kunlu", "content": ": \u667a\u5546\u8ddf\u7334\u5b50\u3127\u6a23"}, {"type": 1, "id": "nbg23456", "content": ": \u9673\u83ca\u722c\u6a39\u7b97\u640f\u547d\u6f14\u51fa"}, {"type": 0, "id": "kichyo", "content": ": \u534a\u65a4\u516b\u5169"}, {"type": 0, "id": "kichyo", "content": ": \u6bd4\u721b\u7684\u55ce"}, {"type": -1, "id": "yuching726", "content": ": \u9019\u4eba\u9023\u4eba\u5bb6\u5728\u7b11\u97d3\u4ec0\u9ebc\u90fd\u4e0d\u77e5\u9053"}, {"type": -1, "id": "garone", "content": ": \u91cd\u9ede\u662f\u300c\u4f5c\u79c0\u300d\uff0c\u4e0d\u662f\u8981\u4e0d\u8981\u300c\u88dc\u6a39\u6d1e\u300d\uff0c"}, {"type": 0, "id": "garone", "content": ": \u9019\u7a2e\u908f\u8f2f\u9084\u80fd\u8a55\u8ad6\u6642\u4e8b\uff1f"}, {"type": -1, "id": "teddy72", "content": ": \u9019..."}, {"type": 1, "id": "f8954017", "content": ": \u8209\u8fa6\u6d3b\u52d5\u6709\u6c92\u6709\u7528\u662f\u4e00\u56de\u4e8b\uff0c\u4e0d\u7b97\u667a\u969c\uff0c"}, {"type": 0, "id": "f8954017", "content": ": \u4f46\u6211\u53ef\u4ee5\u78ba\u8a8d\u722c\u6a39\u4e00\u5b9a\u6c92\u7528\uff0c\u4f5c\u79c0\u800c\u5df2"}, {"type": -1, "id": "WeGoYuSheng", "content": ": \u99ac\u5c3e\u701a \u5feb\u53bb\u722c\u6a39\uff01 \u99ac\u7684\u771f\u7684\u53ea\u6703\u778e\u626f"}, {"type": 0, "id": "WeGoYuSheng", "content": ":  \u8d8a\u4f86\u8d8a\u8a87\u5f35"}, {"type": 1, "id": "mozard", "content": ": \u8c6c\u548c\u7334\u5b50\u722c\u6a39\uff0c\u6211\u9078\u64c7\u7334\u5b50"}, {"type": -1, "id": "denpa5566", "content": ": \u82b1\u5abd\u6709\u9019\u9ebc\u5047\u8dd1\u53bb\u722c\u6a39\u55ce\uff1f"}, {"type": 0, "id": "bluu", "content": ": 17\u6a13XD"}, {"type": 1, "id": "hochihhao", "content": ": \u4f60\u53c8\u77e5\u9053\u7576\u521d\u6c92\u88ab\u7b11"}, {"type": 0, "id": "wwf0322", "content": ": \u4f4e\u80fd\u53eb\u5225\u4eba\u770b\u767d\u75f4\u7684\u6982\u5ff5"}, {"type": -1, "id": "oxiz", "content": ": \u97d3\u5c0e\u73fe\u5728\u9032\u884c\u5f0f \u70ba\u4f55\u8981\u62c9\u9673\u83ca\u6551\u63f4\uff1f\u99ac\u8ff7\u4f60"}, {"type": 0, "id": "oxiz", "content": ": \u5920\u56c9"}, {"type": -1, "id": "fjtc12", "content": ": \u9084\u6562\u8aaa\u5594 \u7576\u521d\u4f60\u5011\u4e3b\u5e2d\u628a\u4eba\u5bb6\u7f75\u90a3\u9ebc\u96e3\u807d"}, {"type": 0, "id": "fjtc12", "content": ": \u4eba\u8eab\u653b\u64ca\u8036"}, {"type": -1, "id": "WowProctor", "content": ": \u4eba\u5bb6\u6709\u722c\u6a39\u55ce?"}, {"type": 1, "id": "psy7", "content": ": \u8166\u888b\u6709\u6d1e\u662f\u4f60?"}, {"type": 0, "id": "serv828", "content": ": \u4f5c\u79c0\u79c0\u904e\u982d"}, {"type": 0, "id": "islets", "content": ": \u9673\u83ca\u53bb\u5e74\u88ab\u4eba\u8eab\u653b\u64ca\u7684\u624d\u6158\u52d2,\u97d3\u9019\u500b\u6c92\u4ec0\u9ebc"}, {"type": 1, "id": "gungunme5566", "content": ": AG\u90a3\u5f35\u5716\u5bb3\u6211\u98f2\u6599\u5674\u51fa\u4f86..."}, {"type": 0, "id": "Pagan", "content": ": \u56e0\u70ba\u9673\u83ca\u6c92\u88dc\u6d1e\u6c92\u722c\u6a39\uff0c\u6211\u5011\u8981\u7b11\u4ec0\u9ebc\uff1f"}, {"type": -1, "id": "aaaRengar", "content": ": \u9673\u83ca\u722c\u4e0d\u4e0a\u53bb\u3105"}, {"type": -1, "id": "cli6012", "content": ": \u65c1\u908a\u7684\u4eba\u90fd\u63d0\u9192\u5371\u96aa\u4e86 \u679c\u7136\u662f\u8349\u5305\u8166 \u660e\u77e5"}, {"type": 0, "id": "cli6012", "content": ": \u4e0d\u53ef\u70ba\u9084\u70ba\u4e4b \u9023\u4f5c\u79c0\u90fd\u4f5c\u4e0d\u597d \u97d3\u8349\u5305\u9084\u662f"}, {"type": 0, "id": "cli6012", "content": ": \u6d17\u6d17\u7761\u5427"}, {"type": -1, "id": "aspd193", "content": ": \u7761\u83ca\u88ab\u5634\u591a\u4e45\u4e86 \u9084\u6c92\u7b11\u54a7 \u53ef\u60b2\u4ed4"}, {"type": 1, "id": "sl11pman", "content": ": \u53ef\u4ee5\u554a\uff0c\u72d7\u5831\u88dc\u5e7e\u5f35\u5176\u4ed6\u4eba\u722c\u6a39\u805e\u6c34\u7167\u4f86"}, {"type": 0, "id": "gwenwoo", "content": ":            \u4e94\u6bdb\u7684\u6c34\u6e96"}, {"type": 0, "id": "sl11pman", "content": ": \u8b93\u6211\u5011\u7b11\u554a"}, {"type": 0, "id": "cyber0305", "content": ": \u672c\u4f86\u5c31\u89ba\u5f97\u88dc\u6d1e\u662f\u6709\u5229\u6709\u5f0a\uff0c\u4f46\u722c\u6a39\u771f"}, {"type": 0, "id": "fajita", "content": ": \u9673\u83ca\u5927\u83ca\u70ba\u91cd\u7109\u80fd\u722c\u6a39\uff1f"}, {"type": 0, "id": "cyber0305", "content": ": \u7684\u6c92\u5fc5\u8981\uff0c\u9019\u9ebc\u505a\u53ea\u6703\u8b93\u4eba\u89ba\u5f97\u8b41\u773e\u53d6"}, {"type": 0, "id": "cyber0305", "content": ": \u5bf5..."}, {"type": 0, "id": "balanokia", "content": ": \u54ea\u500b\u9996\u9577\u958b\u8a18\u8005\u6703\u722c\u6a39\u7684?"}, {"type": -1, "id": "rainielove44", "content": ": \u5653\u4e2d\u6642 \u722c\u6a39\u9b5a \u5641\u5fc3"}, {"type": 1, "id": "happylinadog", "content": ": \u9673\u83ca\u722c\u4e0d\u4e0a\u53bb\u597d\u55ce"}, {"type": -1, "id": "peterw", "content": ": \u83ca\u59d0\u6709\u89aa\u81ea\u722c\u4e0a\u6a39\u53bb\u88dc\u55ce\uff1f\u6709\u7684\u8a71\u6211\u4e00\u5b9a\u4e5f"}, {"type": 0, "id": "peterw", "content": ": \u7b11\u5979"}, {"type": -1, "id": "southernwood", "content": ": \u91cd\u9ede\u662f\u5728\u516c\u773e\u5730\u65b9\u523b\u610f\u4f5c\u79c0"}, {"type": -1, "id": "lordray1", "content": ": \u722c\u6a39\u745c"}, {"type": -1, "id": "kakasi987", "content": ": \u539a\u6c23\u6c23\u6c23\u6c23\u6c23"}, {"type": -1, "id": "swxx", "content": ": \u5abd\u7684\uff0c\u9078\u524d\u4f60\u5011\u6bcf\u5929\u5728\u7b11\u554a\uff01"}, {"type": 0, "id": "shiraby", "content": ": \u722c\u6a39\u6c92\u4ec0\u9ebc\u597d\u50cf \u9673\u83ca\u61c9\u8a72\u662f\u722c\u4e0d\u4e86 \u597d\u7b11\u7684"}, {"type": 0, "id": "shiraby", "content": ": \u662f\u505a\u79c0"}, {"type": 1, "id": "esc5433", "content": ": https://i.imgur.com/Ohk8ioM.jpg"}, {"type": 0, "id": "TinyTinyOran", "content": ": \u88dc\u6a39\u6d1e\u672c\u4f86\u5c31\u8a72\u505a\uff0c\u4f46\u4f60\u722c\u6a39\u5e79\u5565\uff1f"}, {"type": 1, "id": "josephchen08", "content": ": \u6240\u4ee5\u5927\u5bb6\u4e5f\u8a0e\u53ad\u9673\u83ca\u5440"}, {"type": 0, "id": "josephchen08", "content": ": \u80a5\u6ecb\u6ecb\u5783\u573e\u570b\u7761\u83ca"}, {"type": 1, "id": "burger13784", "content": ": \u9673\u83ca\u4e00\u8d77\u7f75\u554a\uff0c\u6709\u554f\u984c\u55ce"}, {"type": 1, "id": "tony20095", "content": ": \u554f\u984c\u662f\u9673\u83ca\u722c\u4e0d\u4e0a\u6a39\u554a"}, {"type": 1, "id": "kpier2", "content": ": \u767e\u842c\u5e74\u85aa\uff0c\u8acb\u9019\u79bf\u982d\u4f86\u7576\u5de5\u53cb\u7684\uff1f \u64cd\uff01"}, {"type": 1, "id": "way3125way", "content": ": \u9673\u83ca\u6c92\u9019\u9ebc\u6703\u800d\u5bf6"}, {"type": -1, "id": "demitri", "content": ": \u6a39\u6c11"}], "post_ip": "114.41.40.88", "post_content": "\n\u7b11\u97d3\u722c\u6a39\u885d\u6d1e \u9ec3\u6690\u701a\uff1a\u600e\u4e0d\u7b11\u9673\u83ca\u88dc\u6d1e\n08:33 2019/07/27 \u4e2d\u6642\u96fb\u5b50\u5831 \u9673\u5f18\u7f8e\n\n\u9ad8\u96c4\u5e02\u9577\u97d3\u570b\u745c\u65e5\u524d\u70ba\u4e86\u8996\u5bdf\u5674\u85e5\u9632\u75ab\u5de5\u4f5c\uff0c\u6500\u4e0a\u8fd12\u5c64\u6a13\u9ad8\u7684\u5927\u6a39\uff0c\u8981\u770b\u770b\u6a39\u6d1e\u7a4d\u6c34\u7684\n\u72c0\u6cc1\uff0c\u906d\u5916\u754c\u6279\u8a55\u4f5c\u79c0\u3002\u5c0d\u6b64\uff0c\u8cc7\u6df1\u5a92\u9ad4\u4eba\u9ec3\u6690\u701a\u8868\u793a\uff0c\u5f88\u591a\u4eba\u7b11\u97d3\u722c\u6a39\u885d\u6d1e\uff0c\u90a3\u600e\u9ebc\u4e0d\n\u770b\u770b2015\u5e74\u6642\uff0c\u6642\u4efb\u9ad8\u96c4\u5e02\u9577\u7684\u7e3d\u7d71\u5e9c\u79d8\u66f8\u9577\u9673\u83ca\uff0c\u70ba\u9632\u6cbb\u767b\u9769\u71b1\u8209\u8fa6\u88dc\u6a39\u6d1e\u6d3b\u52d5\uff0c\u9019\u662f\n\u4ec0\u9ebc\u5169\u5957\u6a19\u6e96\uff01\n\n\u70ba\u4e86\u9632\u6cbb\u767b\u9769\u71b1\uff0c\u97d3\u570b\u745c\u65e5\u524d\u9664\u8996\u5bdf\u5674\u85e5\u9632\u75ab\u5de5\u4f5c\u5916\uff0c\u66f4\u6500\u4e0a\u8fd12\u5c64\u6a13\u9ad8\u7684\u5927\u6a39\u5bdf\u770b\u3002\u97d3\n\u7a31\uff0c\u6a39\u4e0a\u6709\u8a31\u591a\u6a39\u6d1e\uff0c\u5bb9\u6613\u7a4d\u6c34\u5b73\u751f\u868a\u87f2\uff0c\u8981\u89aa\u773c\u770b\u770b\uff0c\u4e86\u89e3\u6a39\u4e0a\u7684\u72c0\u6cc1\uff0c\u722c\u4e0a\u53bb\u5f8c\u679c\u771f\n\u767c\u73fe\u6a39\u6d1e\u76f8\u7576\u591a\u3002\u4f46\u97d3\u570b\u745c\u722c\u6a39\u884c\u70ba\u4e5f\u5f15\u4f86\u8a31\u591a\u6279\u8a55\uff0c\u8a31\u591a\u7db2\u53cb\u6279\u8a55\u97d3\u6b64\u8209\u662f\u300c\u6f14\u6232\u3001\u4f5c\n\u79c0\u300d\u3002\n\n\u5c0d\u6b64\uff0c\u9ec3\u6690\u701a\u65bc\u81c9\u66f8\u767c\u6587\u8868\u793a\uff0c\u770b\u5230\u97d3\u570b\u745c\u300c\u722c\u6a39\u885d\u6d1e\u300d\uff0c\u5f88\u591a\u4eba\u8a15\u7b11\uff1a\u300c\u88dc\u4ec0\u9ebc\u6a39\u6d1e\uff1f\n\u8166\u5b50\u6709\u6d1e\u5594\u300d\uff1f\u7b11\u7684\u4eba\u53ef\u80fd\u4e0d\u77e5\u9053\uff0c\u65e9\u57282015\u5e74\uff0c\u70ba\u4e86\u9632\u6cbb\u767b\u9769\u71b1\uff0c\u9ad8\u96c4\u5e02\u9577\u9673\u83ca\uff0c\u5c31\u66fe\n\u8209\u8fa6\u4e86\u300c\u5343\u4eba\u88dc\u6a39\u6d1e\u300d\u6d3b\u52d5\uff0c\u5e0c\u671b\u7981\u7d55\u767b\u9769\u71b1\u3002\u97d3\u570b\u745c\u300c\u885d\u6d1e\u300d\u53ef\u7b11\uff1f\u9673\u83ca\u300c\u88dc\u6d1e\u300d\u5c31\u53ef\n\u4ee5\uff1f\u9019\u662f\u4ec0\u9ebc\u5169\u5957\u6a19\u6e96\uff1f\n\nhttps://images.chinatimes.com/newsphoto/2019-07-27/900/20190727000976.jpg\n\u9ad8\u96c4\u5e02\u9577\u97d3\u570b\u745c\u3002\uff08\u8cc7\u6599\u7167,\u8881\u5ead\u582f\u651d\uff09\n\nhttps://www.chinatimes.com/realtimenews/20190727000969-260407?chdtv\n(\u4e2d\u6642\u96fb\u5b50\u5831)\n\n#\u6a39\u6d1e #\u97d3\u570b\u745c #\u767b\u9769\u71b1 #\u9673\u83ca #\u9ad8\u96c4\u5e02\n\n--\n"}