{"ptt_id": "hatephubbing", "post_url": "https://www.ptt.cc/bbs/Gossiping/M.1568713988.A.2C5.html", "post_type": "\u554f\u5366", "post_title": "\u767c\u5ee2\u6587\u8981\u600e\u9ebc\u7528\u65e5\u672c\u8a9e\u8868\u9054\uff1f", "post_time": "2019-09-17 17:53:04", "post_score": 4, "post_pushes": [{"type": -1, "id": "thegreatlcx", "content": ": \u5e79"}, {"type": 0, "id": "bassmaster", "content": ": \u8a50\u9a19"}, {"type": -1, "id": "kcclasaki", "content": ": \u4f60"}, {"type": 0, "id": "james732", "content": ": \u5a18"}, {"type": 1, "id": "littlepity", "content": ": On PTT po article"}, {"type": 0, "id": "hmt17", "content": ": \u5927\u9f3b\u5b50\u67cf\u6728\u7531\u7d00"}, {"type": 1, "id": "leito", "content": ": \u8d77\u5e8a\u5403\u665a\u9910\u4e86"}, {"type": 1, "id": "nekoten", "content": ": \u65e5\u672c\u4eba\u4e5f\u6703\u7528\u7d04\u7832\u795e\u5668\u5594"}, {"type": 1, "id": "eric21489", "content": ":  https://i.imgur.com/1KVXK8X.jpg"}, {"type": 0, "id": "nekoten", "content": ": https://i.imgur.com/CxaVB1L.jpg"}, {"type": 1, "id": "kuma5566", "content": ": \u304f\u305d\u30b9\u30ec\u3092\u7acb\u3066\u308b\u306e\u304c\u8da3\u5473\u3067\u3059"}, {"type": 0, "id": "hatephubbing", "content": ": \u554a\u554a\uff0c\u660e\u91cc\u9019\u773c\u795e\u2661\u2661"}, {"type": 0, "id": "hatephubbing", "content": ": \u539f\u4f86\u662f\u7528\u30af\u30bd\u30b9\u30ec\u5440\uff5e\u611f\u8b1d\u89e3\u7b54\uff0c\u9806"}, {"type": 0, "id": "hatephubbing", "content": ": \u4fbf\u554f\u4e0b\u4e0d\u662f\u7528\u767c\u8868\u5440\uff1f"}, {"type": 1, "id": "RO5566", "content": ": \u52a0\u85e4\u7d14\u4e00\u6700\u5f37\uff01\uff01 \u52a0\u85e4\u7d14\u4e00\u6700\u5f37\uff01\uff01"}], "post_ip": "42.73.143.26", "post_content": "\n\n\u4eca\u5929\u5728\u4e0a\u73ed\u6642\u7528\u3073\u2014talk\u8a8d\u8b58\u4e86\u4e00\u4f4d\u65e5\u672c\u4eba\u3002\u5f9e\u5f7c\u6b64\u7684\u8208\u8da3\u804a\u5230\u5f7c\u6b64\u7684\u5bb6\u4eba\uff1b\u5f9e\u904e\u5f80\u7684\u6545\u4e8b\u8ac7\u5230\u5c07\u4f86\u7684\u898f\u5283\u3002\n\n\u7576\u6211\u60f3\u8868\u9054\u81ea\u5df1\u7684\u8208\u8da3\u5c31\u662f\u767c\u767c\u5ee2\u6587\uff0c\u8ffd\u8ffd\u4e43\u6728\u574246\u548c\u6253\u6253\u9b54\u7378\u4e16\u754c\u6642\uff0c\u6211\u7a81\u7136\u767c\u73fe\u6211\u4e0d\u77e5\u9053\u600e\u9ebc\u8868\u9054\u3002\n\n\u60c5\u6025\u4e4b\u4e0b\u6211\u5c31\u96a8\u53e3\u80e1\u8b05\uff1a\u300c\u79c1\u306f\u3044\u3064\u3082\u512a\u3057\u3044\u6587\u7ae0\u3092\u767a\u8868\u3057\u307e\u3059\u3002\u300d\u6c92\u60f3\u5230\u7adf\u7136\u4e5f\u52fe\u8d77\u5c0d\u65b9\u7684\u8208\u8da3\u3002\n\n\u8acb\u554f\u6709\u6c92\u6709\u9019\u661f\u671f\u516d\u8981\u7d04\u6703\u7684\u516b\u5366\uff1f\n\n-----\nSent from JPTT on my Samsung SM-G930F.\n\n--\nhttps://bit.ly/2GAylSH\n\n--\n"}