{"ptt_id": "cychine", "post_url": "https://www.ptt.cc/bbs/Gossiping/M.1568200188.A.ECF.html", "post_type": "\u554f\u5366", "post_title": "\u615f! \u5c0f\u88ab\u88ab\u5973\u53cb\u62ff\u53bb\u6d17\u8a72\u600e\u6478\u8fa6", "post_time": "2019-09-11 19:09:45", "post_score": -6, "post_pushes": [{"type": -1, "id": "whiteadam", "content": ": \u53ef\u662f\u4f60\u6c92\u5973\u53cb"}, {"type": 1, "id": "PaulPoPan", "content": ": \u81ed\u5473\u55ce\uff1f"}, {"type": 0, "id": "Puye", "content": ": \u963f\u4e0d\u5c31\u4f60\u62ff\u53bb\u6d17\u7684"}, {"type": 0, "id": "yorkyoung", "content": ": \u4f60\u6c92\u6709\u5973\u53cb"}, {"type": -1, "id": "r30385", "content": ": \u4f60\u81ea\u5df1\u62ff\u53bb\u6d17\u7684"}, {"type": -1, "id": "distantblc", "content": ": \u9192\u4f86"}, {"type": 0, "id": "Darrell", "content": ": \u5de6\u624b\u9084\u662f\u53f3\u624b"}, {"type": -1, "id": "zephyr105", "content": ": \u81ed\u7531"}, {"type": -1, "id": "billybbb", "content": ": \u975e\u6d32\u5927\u8349\u539f\u71b1\u7684\u8981\u6b7b \u84cb\u751a\u9ebc\u5c0f\u88ab\u88ab"}, {"type": -1, "id": "chrisgod", "content": ": \u958b\u6241\u554a"}, {"type": 0, "id": "obov5116", "content": ": \u53f3\u624b\u81ea\u5df1\u52d5\uff1f"}, {"type": -1, "id": "katana89", "content": ": \u5c0f\u670b\u53cb \u8ddf\u73ed\u4e0a\u5973\u751f\u4e0d\u53ef\u4ee5\u592a\u904e\u706b\u5594"}, {"type": -1, "id": "Airpods", "content": ": \u60f3\u8981\u5973\u53cb\u60f3\u5230\u5984\u60f3\u75c7\u4e86"}, {"type": 0, "id": "Gold740716", "content": ": \u4f60\u6c92\u6709"}, {"type": 0, "id": "as010798as", "content": ": \u6c92\u5973\u6709\u81ea\u55e8?"}, {"type": 1, "id": "comms0525", "content": ": 776T\u5831\u5230"}, {"type": 0, "id": "yang19930707", "content": ": \u6709\u5973\u53cb\u8981\u5c0f\u88ab\u88ab\u5e79\u561b \u6efe"}], "post_ip": "122.116.159.242", "post_content": "\n\u5404\u4f4d\u57ce\u6b66\u5c0f\u59b9\u5011\u5b89\u5b89\n\n\u5927\u5bb6\u5403\u98fd\u60f9\u55ce\n\nok\u4e8b\u60c54\u9019\u6a23der\n\n\u672c\u5e25\u7684\u5c0f\u88ab\u88ab\u5973\u53cb\u7121\u9810\u8b66\u62ff\u53bb\u6d17\u8863\u6a5f\u6d17\n\n\u73fe\u5728\u672c\u5e25\u5fc3\u7406\u5f88\u5fac\u5fa8\n\n\u6df1\u6015\u719f\u6089\u7684\u5473\u9053\u5f9e\u6b64\u6d88\u5931\n\n\u8acb\u554f\u7aa9\u8a72\u600e\u6478\u8fa6\n\n\u6709\u9019\u65b9\u9762\u7684\u516b\u5366\u55ce?\n\n= =\n\n--\nTo \u5c0f\u5929\u4f7f: \u8acb\u554f\u512a\u904a\u5361\u591a\u5c11\u9322\u963f\n\u2605\u5c0f\u5929\u4f7f \u6279\u8e22\u8e22\u6709\u60a0\u904a\u5361\uff1f \nTo \u5c0f\u5929\u4f7f: \u6c92\u6709\u55ce\n\u2605\u5c0f\u5929\u4f7f \u6c92\u6709\u5440 \nTo \u5c0f\u5929\u4f7f: \u90a3\u8981\u642d\u6377\u904b\u600e\u9ebc\u8fa6\u963f\n\u2605\u5c0f\u5929\u4f7f \u9019\u8ddf\u6279\u8e22\u8e22\u6c92\u95dc\u4fc2\u5440  \u5e79  \n\n--\n\n\u6709\u5566\u5e79\n\u6d28\u5473\n\u5403\u98fd\u592a\u9592\u3107 = =\n\u6709\u5566\u5e79\n\u5e79\n\n\u516c\u4e09\u5c0f\n\u5e79\n\n\u7531\u4e09\u5c0f\n\n\u6797\u5317\u6027\u5411\u6b63\u5e38\u5566\u5e79\n\u203b \u7de8\u8f2f: cychine (122.116.159.242 \u81fa\u7063), 09/11/2019 19:15:26\n= =\n\n\u665a\u4e0a\u7528\u964d\u9b54\u6775\u6559\u8a13\u5979\n\u770b\u4e0a\u9762\n\u5c0f\u670b\u53cb???\n\n\u4f60\u5e7e\u68af\u7684\u5566\n\n\u83dc\u6bd4\u516b\n\u203b \u7de8\u8f2f: cychine (122.116.159.242 \u81fa\u7063), 09/11/2019 19:21:54\n"}