{"ptt_id": "kingfsg7326", "post_url": "https://www.ptt.cc/bbs/Gossiping/M.1562138828.A.540.html", "post_type": "\u554f\u5366", "post_title": "\u65e5\u672c\u7f8e\u570b\u63d0\u4f9b\u5851\u81a0\u888b \u53f0\u7063\u5f88\u5047\u63b0", "post_time": "2019-07-03 15:27:06", "post_score": 18, "post_pushes": [{"type": 1, "id": "g8330330", "content": ": \u65e5\u672c\u4e0d\u6e05\u695a  \u4f46\u7f8e\u570b\u7d55\u5c0d\u4e0d\u74b0\u4fdd"}, {"type": 0, "id": "shcjosh", "content": ": \u7f8e\u570b\u91cd\u8996\u74b0\u4fdd\uff1f"}, {"type": -1, "id": "Roooz", "content": ": \u81fa\u7063\u4e0d\u6703\u74b0\u4fdd\u554a"}, {"type": 1, "id": "tml7415", "content": ": \u65e5\u672c\u8cc7\u6e90\u56de\u6536 \u6bd4\u53f0\u7063\u597d\u5e7e\u767e\u500d = ="}, {"type": 0, "id": "FlynnZhang", "content": ": \u84cb"}, {"type": 1, "id": "Arthurseed", "content": ": \u65e5\u672c\u7684\u5851\u81a0\u888b\u597d\u50cf\u662f\u7279\u6b8a\u7684"}, {"type": -1, "id": "highyes", "content": ": \u53c8\u4e0d\u662f\u806f\u5408\u570b\u7684\u4e00\u4efd\u5b50  \u53f0\u7063\u5176\u5be6\u611b\u600e\u6a23"}, {"type": 1, "id": "s155260", "content": ": \u7f8e\u570b\u7238\u7238\u4f60\u6562\u5634\uff1f\u60f3\u6d6a\u8cbb\u5c31\u6d6a\u8cbb"}, {"type": 0, "id": "highyes", "content": ": \u90fd\u884c"}, {"type": 1, "id": "syu0704", "content": ": \u8cc7\u6e90\u591a\u554a=="}, {"type": 0, "id": "paul2chiu", "content": ": \u65e5\u672c\u5851\u81a0\u888b\u5bb9\u6613\u5206\u89e3 \u4f46\u662f\u4e5f\u5f88\u5bb9\u6613\u7834"}, {"type": 1, "id": "PTTJim", "content": ": \u65e5\u672c\u6700\u8fd1\u4e5f\u5728\u7814\u8b70\u9650\u5851\u4e86"}, {"type": 0, "id": "lairx", "content": ": \u6709\u4e9b\u7c21\u55ae\u7684\u505a\u4e00\u4e0b\u4e0d\u6703\u600e\u6a23\u5427"}, {"type": 0, "id": "Arthurseed", "content": ": \u5176\u5be6\u74b0\u4fdd\u4e00\u9ede\u5c0d\u4f60\u6709\u58de\u8655\u55ce??"}, {"type": 1, "id": "MattOlson", "content": ": \u7f8e\u570b\u54ea\u88e1\u74b0\u4fdd"}, {"type": 0, "id": "avgirl", "content": ": \u53f0\u7063\u5c31\u597d\u7b11\u963f \u54c8\u54c8\u54c8"}, {"type": -1, "id": "yamhome", "content": ": \u4f60\u7684\u300c\u91cd\u8996\u74b0\u4fdd\u5148\u9032\u5927\u570b\u300d\u89c0\u5ff5\u6709\u554f\u984c"}, {"type": -1, "id": "koushimei", "content": ": \u5851\u81a0\u888b\u9084\u53ef\u4ee5\u4e0d\u8981 \u7981\u5438\u7ba1\u662f\u641e\u5565\u554a"}, {"type": -1, "id": "gungunham", "content": ": TVBS: \u5927\u9650\u63d0\u524d\u5230\u660e\u5e74\uff01\u65e5\u5546\u5834\u8cfc\u7269\u7981\u4f9b"}, {"type": 0, "id": "shcjosh", "content": ": \u65e5\u672c\u90a3\u500b\u793e\u5340\u58d3\u529b\u81ea\u7136\u6703\u8b93\u4eba\u505a\u56de\u6536\u5206\u985e"}, {"type": 0, "id": "gungunham", "content": ": \u5851\u81a0\u888b"}, {"type": 0, "id": "karmakarma", "content": ": \u4f60\u4e00\u5b9a\u5f88\u4e45\u6c92\u66f4\u65b0\u4e86\uff0c\u73fe\u5728\u7f8e\u570b\u90fd\u4e0d\u63d0"}, {"type": 1, "id": "orzmaster", "content": ": \u65e5\u672c\u5404\u7a2e\u904e\u5ea6\u5305\u88dd\u554a\uff0c\u6bd4\u53f0\u7063\u56b4\u91cd\u591a\u4e86\u2026"}, {"type": 1, "id": "HEINOUS", "content": ": \u7f8e\u570b\u4eba\u611b\u5403\u5783\u573e\u98df\u7269\u4f60\u4e5f\u53ef\u4ee5\u6548\u4eff\u5b78\u7fd2"}, {"type": -1, "id": "larryleepig", "content": ": \u7f8e\u570b\u6700\u597d\u4f60\u5abd\u7684\u91cd\u8996\u74b0\u4fdd"}, {"type": 0, "id": "karmakarma", "content": ": \u4f9b\u5851\u81a0\u888b\u4e86"}, {"type": 1, "id": "tntbear", "content": ": \u7f8e\u570b\u672c\u4f86\u5c31\u4e0d\u91cd\u8996\u74b0\u4fdd"}, {"type": 0, "id": "gh34163", "content": ": \u4f60484\u65e5\u672c\u8cc7\u6e90\u56de\u6536\u9f9c\u6bdb\u5230\u4e0d\u884c= ="}, {"type": 0, "id": "c780412", "content": ": \u4e0d\u662f\u4ec0\u9ebc\u90fd\u8981\u8ddf\u570b\u5916\u6bd4\u597d\u55ce?"}, {"type": 1, "id": "poeoe", "content": ": \u53f0\u7063\u9650\u5236\u5851\u81a0\u888b\u548c\u5438\u7ba1 \u4f46\u662f\u8fb2\u5730\u5de5\u5ee0\u843d\u65e520"}, {"type": 0, "id": "poeoe", "content": ": \u5e74 \u74b0\u4fdd?"}, {"type": 1, "id": "euph", "content": ": \u65e5\u672c\u9023\u8d85\u5546\u7684\u5851\u81a0\u4fbf\u7576\u76d2\u90fd\u8981\u5206\u985e\u56de\u6536\u4e86"}, {"type": -1, "id": "cofelatte", "content": ": \u65e5\u672c\u73fe\u5728\u5f88\u591a\u8d85\u5e02\u5851\u81a0\u888b\u8981\u9322\uff0c2-4jpy"}, {"type": -1, "id": "fg008kimo", "content": ": \u7f8e\u570b\u74b0\u4fdd  \u7b11\u4e86 \u5168\u4e16\u754c\u6700\u6d6a\u8cbb\u5c31\u7f8e\u570b"}, {"type": 0, "id": "vdml", "content": ": \u65e5\u672c\u4e0d\u662f\u53ea\u5206\u53ef\u71c3\u4e0d\u53ef\u71c3?"}, {"type": 1, "id": "eterbless", "content": ": \u65e5\u672c\u4fbf\u5229\u5546\u5e97\u73fe\u5728\u4e5f\u5728\u63d0\u5851\u81a0\u888b\u8981\u6536\u8cbb"}, {"type": 1, "id": "acd88001", "content": ": \u7f8e\u570b?\u7b11\u4e86 \u65e5\u672c\u9080\u4ed6\u6e1b\u78b3\u90fd\u4e0d\u8981\u9084\u6e1b\u5851"}, {"type": 0, "id": "shcjosh", "content": ": \u65e5\u672c\u8857\u4e0a\u5783\u573e\u7b52\u5c31\u8d85\u904e\u4e94\u7a2eXDD"}, {"type": 0, "id": "euph", "content": ": \u7136\u5f8c\u65e5\u672c\u6c92\u610f\u5916\u7684\u8a71\u660e\u5e74\u958b\u59cb\u5851\u81a0\u888b\u4e5f\u8981\u9322\u4e86"}, {"type": 0, "id": "jii0712", "content": ": \u53f0\u7063\u5851\u81a0\u888b\u5206\u5927\u4e2d\u5c0f\u50f9\u683c\u4e5f\u4e0d\u540c"}, {"type": -1, "id": "ma4wanderer", "content": ": \u7f8e\u570b\u74b0\u4fdd  \u8166\u88dc\u4e0b\u7684\u4e16\u754c\u89c0XDD"}, {"type": 1, "id": "lunhsuan", "content": ": \u7f8e\u570b\u662f\u4e16\u754c\u77e5\u540d\u7684\u6d6a\u8cbb"}, {"type": 0, "id": "ma4wanderer", "content": ": \u8214\u597d\u8214\u6eff"}, {"type": 0, "id": "jii0712", "content": ": \u67d0\u4e9b\u5e97\u9023\u7d19\u888b\u4e5f\u8981\u6536\u8cbb\u6216\u6d88\u8cbb\u591a\u5c11\u624d\u6709\u7d19\u888b"}, {"type": -1, "id": "astrayzip", "content": ": \u53f0\u7063\u6bd4\u65e5\u672c\u7f8e\u570b\u74b0\u4fdd\u4f60\u4e0d\u77e5\u9053\uff1f"}, {"type": 0, "id": "sareed", "content": ": \u6211\u5728\u7f8e\u570b\u6642\u4e56\u4e56\u505a\u56de\u6536 \u7d50\u679c\u6536\u5783\u573e\u7684\u6536\u6210\u4e00"}, {"type": 0, "id": "Expend", "content": ": \u9b3c\u5cf6\u7684\u6cd5\u898f\u90fd\u9818\u5148\u4e16\u754c\u554a\uff0c\u6839\u672c\u4f5c\u7e6d\u81ea\u7e1b"}, {"type": 0, "id": "sareed", "content": ": \u5305\u6574\u500b\u62ff\u8d70"}, {"type": 1, "id": "clkdtm32", "content": ": \u65e5\u672c\u7684\u807d\u8aaa\u597d\u5206\u89e3"}, {"type": -1, "id": "jellytrick", "content": ": \u4ec0\u9ebc\u90fd\u8981\u5225\u4eba\u505a\u624d\u80fd\u505a\u311b\uff1f\uff1f\uff1f\uff1f\uff1f\uff1f"}, {"type": 0, "id": "Expend", "content": ": \u6c38\u9060\u53ea\u6703\u8173\u75db\u780d\u8173\u7684\u653f\u5e9c"}, {"type": 1, "id": "z0953781935", "content": ": \u597d\u5206\u89e3\u7684\u6703\u62ff\u53bb\u5206\u89e3\u55ce\uff1f"}, {"type": 1, "id": "thbw666", "content": ": \u8d85\u65e5\u8d95\u7f8e"}, {"type": 1, "id": "wolfplay", "content": ": \u65e5\u672c\u5783\u573e\u5206\u985e\u8d85\u7169 \u5be7\u9858\u5728\u5e97\u88e1\u5403\u4e0d\u5916\u5e36"}, {"type": 0, "id": "linbryan", "content": ": \u74b0\u4fdd\u5f88\u5ee3.\u53f0\u7063\u53ea\u5728\u5783\u573e\u5206\u985e\u505a\u6700\u597d."}, {"type": 1, "id": "noreg0393933", "content": ": \u65e5\u672c\u5851\u81a0\u888b\u4e0d\u7528\u9322"}, {"type": 1, "id": "LagunaSuites", "content": ": \u7f8e\u570b\u5f88\u611b\u7528\u5851\u81a0\u888b\u7684\u554a"}, {"type": -1, "id": "shift5810", "content": ": \u570b\u5916\u7684\u6708\u4eae\u7e3d\u662f\u6bd4\u8f03\u5713"}, {"type": 1, "id": "jab", "content": ": \u7f8e\u570b\u4fdd\u9e97\u9f8d\u7981\u4ee4\u6700\u5feb2021\u5e74\u624d\u4e0a\u8def\u54e9"}, {"type": 1, "id": "wcpsgb", "content": ": \u65e5\u672c\u8fd1\u671f\u597d\u50cf\u4e5f\u5728\u63a8\u6e1b\u5851\u4e86\u3002\u4e0d\u904e\u8aaa\u65e5\u672c\u74b0"}, {"type": 0, "id": "wcpsgb", "content": ": \u4fdd"}, {"type": 1, "id": "f051372", "content": ": \u6bcf\u500b\u711a\u5316\u7210\u90fd\u6709\u5728\u63a7\u5236\u6234\u5967\u8f9b\u963f"}, {"type": 0, "id": "f051372", "content": ": \u73fe\u5728\u4e1f\u5783\u573e\u6bd4\u4ee5\u524d\u9ebb\u7169\u591a\u4e86 \u53f0\u7063\u90a3\u9ebc\u5c0f"}, {"type": 0, "id": "f051372", "content": ": \u4e0d\u505a\u5851\u6599\u6e1b\u91cf\u662f\u771f\u7684\u8981\u5927\u5bb6\u5438\u5ee2\u6c23\u55ce"}, {"type": -1, "id": "Luxurious15", "content": ": \u7f8e\u570b\u91cd\u8996\u74b0\u4fdd\uff1f\u4f60\u662f\u4e0d\u662f\u6c92\u53bb\u904e\u7f8e\u570b"}, {"type": 1, "id": "walkmancat", "content": ": \u65e5\u672c\u7684\u5783\u573e\u5206\u985e\u5f88\u6050\u6016"}, {"type": -1, "id": "popkart", "content": ": \u65e5\u672c\u90e8\u5206\u9109\u93ae\u8d85\u5e02\u5851\u81a0\u888b\u65e9\u5c31\u6536\u8cbb\u4e86!"}, {"type": 1, "id": "justice00s", "content": ": \u5f88\u53ef\u6190 \u5176\u4ed6\u570b\u6c92\u4eba\u5c4c\u53f0\u7063\u9084\u88dd\u5f97\u5f88\u74b0\u4fdd"}, {"type": 0, "id": "justice00s", "content": ": \u53f0\u7063\u6210\u70ba\u74b0\u4fdd\u5927\u570b\u4e5f\u6c92\u8fa6\u6cd5\u6539\u8b8a\u5565"}, {"type": -1, "id": "c26535166", "content": ": \u888b\u5b50\u5c31\u7b97\u4e86\u6211\u81ea\u5df1\u5e36 \u4ed6\u5abd\u7684\u5438\u7ba1\u4e5f\u8981\u4e0d"}, {"type": 0, "id": "c26535166", "content": ": \u7d66\u4e86"}, {"type": 0, "id": "justice00s", "content": ": \u9023\u5438\u7ba1\u90fd\u6c92\u6709\u771f\u7684\u6eff\u5047\u63b0\u7684 \u64fe\u6c11\u800c\u5df2"}, {"type": 1, "id": "sdflskj", "content": ": \u610f\u8b58\u5f62\u614b\u52dd\u904e\u4e00\u5207\u963f"}, {"type": 1, "id": "loveapple33", "content": ": https://i.imgur.com/i0GhajH.jpg"}, {"type": 1, "id": "snowsdream", "content": ": \u53f0\u7063\u5c31\u570b\u969b\u7b11\u8a71\u554a \u89ba\u9752\u8822\u5728\u5e6b\u5ee0\u5546\u7701\u9322"}, {"type": 0, "id": "snowsdream", "content": ": \u88ab\u5e36\u98a8\u5411\u9084\u6c92\u767c\u73fe \u767d\u7661\u592a\u591a"}, {"type": 1, "id": "rondox", "content": ": \u4ec0\u9ebc\u80fd\u529b\u90fd\u6c92\u6709\u53ea\u6703\u5728\u540c\u5a5a\u74b0\u4fdd\u5237\u5b58\u5728\u611f"}, {"type": 1, "id": "iam0718", "content": ": \u7f8e\u570b\u5f88\u591a\u74b0\u4fdd\u5718\u9ad4 \u4f46\u4e00\u5806\u8d85\u6d6a\u8cbb\u7684\u884c\u70ba"}, {"type": -1, "id": "marginal5566", "content": ": \u5c0d\u7684\u4e8b\u5c31\u53bb\u505a \u7ba1\u5225\u4eba\u5e79\u561b"}, {"type": 1, "id": "justice00s", "content": ": \u771f\u7684 \u90fd\u9084\u6c92\u7ad9\u7a69\u6436\u8457\u7576\u8056\u4eba \u771f\u7684\u597d\u7b11"}, {"type": 1, "id": "hackfox", "content": ": \u74b0\u4fdd\u5f9e\u4f86\u4e0d\u662f\u7f8e\u570b\u5728\u8ffd\u6c42\u7684,\u6d6a\u8cbb\u4e4b\u570b"}, {"type": 1, "id": "u87803170", "content": ": \u53f0\u7063\u74b0\u4fdd\u90fd\u505a\u4e00\u534a\u7684\u554a"}, {"type": 1, "id": "harry155007", "content": ": \u7f8e\u570b\u6700\u5de6\u7684\u52a0\u5dde\u90fd\u6c92\u53f0\u7063\u74b0\u4fdd"}, {"type": -1, "id": "zerok", "content": ": \u7136\u5f8c\u5462\uff1f"}, {"type": -1, "id": "johnps", "content": ": \u7f8e\u570b\u74b0\u4fdd\uff1f"}, {"type": 0, "id": "yesevan", "content": ": \u65e5\u672c\u4e5f\u8981\u9650\u5851\u4e86\u554a"}, {"type": 1, "id": "DarkerDuck", "content": ": \u5b88\u8b77\u9f9c\u982d\uff0c\u4eba\u4eba\u6709\u8cac\uff0c\u6efe\u53bb\u5403\u9398\u7c73\u5566"}, {"type": 1, "id": "akiue", "content": ": \u7f8e\u570b\u74b0\u4fddXD"}, {"type": 0, "id": "DarkerDuck", "content": ": \u82e5\u4e0d\u662f\u8981\u8fa6\u5967\u904b\uff0c\u65e5\u672c\u6839\u672c\u61f6\u5f97\u5047\u63b0"}, {"type": 1, "id": "clippershi", "content": ": \u7f8e\u570b\u91cd\u8996\u74b0\u4fdd \u8aaa\u5f97\u771f\u597d\u5475\u5475"}, {"type": 1, "id": "jeans1020", "content": ": \u65e5\u672c\u8981\u7981\u4e86\u5566 \u4e4b\u524d\u6709\u65b0\u805e\u4e0d\u662f"}, {"type": 0, "id": "Liwjim", "content": ": \u4f60\u600e\u4e0d\u5217\u771f\u6b63\u74b0\u4fdd\u7684\u6b50\u6d32\u5462"}, {"type": 1, "id": "kiraayu", "content": ": \u97d3\u72d7\u745c\u64fe\u6c11\u554a"}, {"type": 0, "id": "kiraayu", "content": ": \u4e0a\u9762\u6279\u8a55\u7f8e\u570b\u4e0d\u74b0\u4fdd\u7684\u90fd\u662f9.2\u652f\u90a3\u4eba"}, {"type": 1, "id": "rogerliu", "content": ": \u65e5\u672c\u4e5f\u8981\u9650\u7528\u5851\u81a0\u888b\u4e86\u554a"}, {"type": 1, "id": "a28200266", "content": ": \u7f8e\u570b\u91cd\u8996\u74b0\u4fdd \u7b11\u6b7b"}, {"type": 0, "id": "osp0179", "content": ": \u65e5\u672c\u7684\u5206\u985e\u8d85\u7d30\uff0c\u6709\u53bb\u904e\u97f3\u6a02\u796d\u5c31\u6703\u77e5\u9053\u5bf6"}, {"type": 0, "id": "osp0179", "content": ": \u7279\u74f6\u9023\u81a0\u819c\u8ddf\u74f6\u84cb\u90fd\u8981\u5206\u958b\u4e1f.."}, {"type": -1, "id": "gaygay5566", "content": ": \u65e5\u672c\u5e73\u6642\u5783\u573e\u5206\u985e\u505a\u7684\u5f88\u4ed4\u7d30 \u54ea\u50cf\u53f0\u7063"}, {"type": 0, "id": "gaygay5566", "content": ": \u662f\u5047\u5206\u985e"}, {"type": 0, "id": "a28200266", "content": ": \u5176\u4ed6\u570b\u5c31\u7b97\u4e86 \u7f8e\u570b\u5c31\u6700\u4e0d\u74b0\u4fdd\u7684\u5148\u9032\u570b"}, {"type": 0, "id": "a28200266", "content": ": \u5bb6"}, {"type": -1, "id": "asukaka", "content": ": \u70ba\u5565\u4e0d\u770b\u5fb7\u570b"}, {"type": 0, "id": "oops66", "content": ": \u65e5\u672c\u7684\u5851\u81a0\u888b\u5f88\u68d2 \u53ef\u4ee5\u5206\u89e3\u7684"}, {"type": 0, "id": "oops66", "content": ": \u5149\u6478\u90a3\u6750\u8cea\u5c31\u77e5\u9053"}, {"type": -1, "id": "broodkey", "content": ": \u5224\u65b7\u4e00\u500b\u4eba\u662f\u4e0d\u662f\u8aaa\u8b0a\u5f88\u7c21\u55ae \u770b\u4ed6\u5f35\u958b\u53e3"}, {"type": 0, "id": "broodkey", "content": ": \u5c31\u662f\u4e86"}, {"type": -1, "id": "drunk0102", "content": ": \u74b0\u4fdd\u610f\u8b58\u9818\u5148\u5168\u7403\u4e5f\u4e0d\u884c? \u4f60\u771f\u9bdb"}, {"type": -1, "id": "bt222", "content": ": \u56e0\u70ba\u5148\u9032\u5927\u570b\u90fd\u628a\u5783\u573e\u904b\u5230\u843d\u5f8c\u5c0f\u570b\u4e86"}, {"type": 0, "id": "honeybears", "content": ": \u53f0\u7063\u641e\u5148\u9032 \u4e0d\u884c\u5594 \u4e0d\u559c\u6b61\u8acb\u6e38\u56de\u5927\u9678"}, {"type": -1, "id": "yoyodio", "content": ": \u53f0\u7063\u5c31\u5783\u573e\u667a\u969c\u653f\u5e9c+\u8001\u4eba\u963f"}, {"type": -1, "id": "zuan", "content": ": \u6c92\u6709\u4e16\u754c\u89c0\u7684\u5c31\u662f\u9019\u7a2e\u4eba"}, {"type": 0, "id": "yoyodio", "content": ": \u7f8e\u570b\u90fd\u4e0d\u662f\u9019\u6a23\u7ba1\u5783\u573e\u7684\uff0c\u9084\u4e0d\u662f\u5f88\u4e7e\u6de8"}, {"type": -1, "id": "tsukasaxx", "content": ": \u4e0d\u5148\u7814\u7a76\u5c31\u767c\u6587\uff0c\u7b49\u8457\u8b93\u5927\u5bb6\u6253\u81c9"}, {"type": -1, "id": "jackyuki1", "content": ": \u65e5\u672c\u8d85\u5e02\u4e5f\u4e0d\u514d\u8cbb\u63d0\u4f9b\u4e86  \u4f60\u5011\u591a\u4e45\u6c92\u53bb"}, {"type": 0, "id": "RogueOne", "content": ": \u7f8e\u570b\u8d85\u4e0d\u74b0\u4fdd\u5427\uff0c\u4f60\u54ea\u500b\u5e73\u884c\u6642\u7a7a\u4f86\u7684??"}, {"type": 0, "id": "mij", "content": ": \u65e5\u672c\u6709\u5728\u9650\u5851\u4e86\u5566"}, {"type": -1, "id": "dark666", "content": ": \u65e5\u672c\u4e5f\u5728\u8a0e\u8ad6\u8981\u958b\u59cb\u5851\u81a0\u888b\u6536\u8cbb\u56c9\uff01"}, {"type": 1, "id": "pamielee", "content": ": \u5047\u63b0\u9b3c\u5cf6\u554a \u4f60\u7b2c\u4e00\u5929\u51fa\u751f?"}, {"type": 1, "id": "withjusaka", "content": ": \u7f8e\u570b\u6700\u597d\u91cd\u8996\u74b0\u4fdd\u5566"}, {"type": 1, "id": "pohan19868", "content": ": \u7f8e\u570b\u74b0\u4fdd\u500b\u96d5\uff0c\u4e16\u754c\u6700\u4e0d\u74b0\u4fdd\u570b\u5bb6\u9084\u5dee"}, {"type": 0, "id": "pohan19868", "content": ": \u4e0d\u591a"}, {"type": 0, "id": "demitri", "content": ": \u7f8e\u570b\u5f88\u591a\u5730\u65b9\u6c92\u6709\u5851\u81a0\u888b\u4e86"}, {"type": -1, "id": "mankaro", "content": ": \u7f8e\u570b"}, {"type": 1, "id": "a840901", "content": ": \u4e3b\u5b50\u8aaa\u4e0d\u7d66\u5438\u7ba1\uff0c\u54b1\u5011\u7da0\u755c\u5409\u5a03\u5a03\u54ea\u6562\u542d\u8072"}, {"type": -1, "id": "RishYang", "content": ": \u7f8e\u570b\u5404\u5dde\u7981\u5851\u81a0\u7684\u653f\u7b56\u4e0d\u540c"}, {"type": 1, "id": "jiunliege", "content": ": \u65e5\u672c\u8cc7\u6e90\u56de\u6536\u505a\u5f88\u721b\u597d\u55ce"}, {"type": 1, "id": "asakiricu", "content": ": \u4f60\u5728\u8aaa\u7b11\u8a71\u55cewwww"}, {"type": -1, "id": "rowi", "content": ": \u7f8e\u570b\u74b0\u4fdd\uff1f\uff1f\uff1f  \u4f60\u8981\u4e0d\u8981\u53bb\u8490\u96c6\u6b63\u78ba\u8cc7\u6599\u518d"}, {"type": 0, "id": "rowi", "content": ": \u4f86  \u65e5\u672c\u7684\u5851\u81a0\u888b\u662f\u53ef\u5206\u89e3\u7684\u597d\u55ce"}, {"type": 0, "id": "rowi", "content": ": \u4e0d\u904e\u4e16\u754c\u6700\u6703\u88fd\u9020\u6c61\u67d3\u7684\u570b\u5bb6\u9084\u662f\u4e2d\u570b\u5566\uff0c\u5b58"}, {"type": 0, "id": "rowi", "content": ": \u5728\u5c31\u662f\u5783\u573e \u9084\u6703\u4e0d\u65b7\u88fd\u9020\u5783\u573e"}, {"type": 0, "id": "OoJudyoO", "content": ": \u4f60\u624d\u5047\u63b0\u54e9 \u8a72\u74b0\u4fdd\u5c31\u662f\u8a72\u4f5c"}, {"type": 0, "id": "OoJudyoO", "content": ": \u65e5\u672c\u7f8e\u570b\u54ea\u88e1\u74b0\u4fdd\u554a \u4e94\u6bdb\u9019\u6642\u5c31\u6367\u7f8e\u570b"}, {"type": 1, "id": "blus1986", "content": ": \u74b0\u4fdd\u5e36\u4f86\u8a31\u591a\u4e0d\u4fbf\uff0c\u6c92\u58de\u8655\uff1f\u74b0\u4fdd\u6709\u597d\u8655"}, {"type": 0, "id": "blus1986", "content": ": \u55ce\uff1f\u74b0\u4fdd\u53ea\u662f\u5716\u5229\u7279\u5b9a\u5ee0\u5546\u7684\u5671\u982d"}], "post_ip": "126.244.141.153", "post_content": "\n\u65e5\u672c\u8ddf\u7f8e\u570b\u9019\u4e9b\u91cd\u8996\u74b0\u4fdd\u7684\u5148\u9032\u5927\u570b\n\n\u90fd\u9858\u610f\u63d0\u4f9b\u5927\u91cf\u5851\u81a0\u888b\u3001\u9910\u5177\u3001\u5438\u7ba1...\n\n\u4e5f\u6c92\u6709\u4ec0\u9ebc\u554f\u984c\n\n\u53cd\u800c\u53f0\u7063\u96de\u96de\u6b6a\u6b6a\u7684\u4e0d\u7d66\n\n\u662f\u4e0d\u662f\u5f88\u5047\u63b0\uff1f\n\n\n--\n"}