{"ptt_id": "LaAc", "post_url": "https://www.ptt.cc/bbs/Gossiping/M.1563830651.A.F34.html", "post_type": "\u554f\u5366", "post_title": "\u53ea\u6709\u4e00\u500b\u4eba\u9078\u7684\u8ab2\u7684\u5366", "post_time": "2019-07-23 05:24:08", "post_score": -2, "post_pushes": [{"type": -1, "id": "DongWooNeKo", "content": ": \u8ab2\u958b\u4e0d\u6210"}, {"type": 0, "id": "kilm665", "content": ": vip \u4e00\u5c0d\u4e00\u5f88\u8cb4"}, {"type": -1, "id": "elleparis", "content": ": \u8981\u7ff9\u8ab2\u9084\u9078\u8ab2\u885d\u4e09x"}, {"type": 0, "id": "gino0717", "content": ": \u6211\u5927\u5b78\u6642\u4ee3\u53ea\u8981\u662f\u85fb\u985e\u76f8\u95dc\u7684\u8ab2\u90fd\u4e00\u5169\u4eba"}], "post_ip": "118.160.118.251", "post_content": "\n\n\u6709\u4e9b\u8ab2\u9078\u7684\u4eba\u6578\u5f88\u5c11\n\u53ea\u6709\u500b\u4f4d\u6578\u751a\u81f3\u4e00\u500b\u4eba\n\u6240\u4ee5\u5982\u679c\u7ff9\u8ab2\u6216\u662f\u7761\u89ba\u6216\u662f\u6ed1\u624b\u6a5f\u8001\u5e2b\u90fd\u77e5\u9053\n\u800c\u5982\u679c\u9019\u7a2e\u8ab2\u525b\u597d\u5728\u65e9\u516b\u53c8\u66f4\u5c37\u5c2c\u4e86\n\u9078\u5230\u9019\u7a2e\u8ab2\u7684\u4eba\u5728\u60f3\u4ec0\u9ebc\n\u6709\u6c92\u6709\u5366\uff1f\n\n--\n"}