{"ptt_id": "punk0630", "post_url": "https://www.ptt.cc/bbs/Gossiping/M.1562559533.A.839.html", "post_type": "\u554f\u5366", "post_title": "\u6709\u6c92\u6709\u9d1b\u9d26\u4e7e\u5764\u9ebb\u82b1\u9396\u600e\u89e3\u7684\u639b\u5366", "post_time": "2019-07-08 12:18:51", "post_score": 4, "post_pushes": [{"type": 0, "id": "gaym19", "content": ": \u7528\u69cd\u5c04\u4ed6\u554a"}, {"type": 1, "id": "gvvg5566", "content": ": \u7d66\u4e94\u6a13\u809b\u5373\u53ef\u89e3"}, {"type": -1, "id": "highyes", "content": ": \u6253\u96fb\u8a71\u554f\u529f\u592b\u554a\uff01"}, {"type": 0, "id": "tyrande", "content": ": \u96d9\u624b\u5f80\u5f8c\u4e00\u63d2 \u628a\u4ed6\u9f3b\u5b54\u88e1\u9762\u7684\u7a7a\u6c23 \u6316\u51fa\u4f86"}, {"type": 1, "id": "kawazakiz2", "content": ": \u63d2\u4ed6\u96d9\u773c"}, {"type": 1, "id": "KusoJontaro", "content": ": \u80a9\u8180\u4e0a\u6709\u82b1\u7684\u7d66\u6211\u9032\u4f86"}, {"type": 0, "id": "aben112008", "content": ": \u5f4c\u6566\u90539\u865f"}, {"type": 1, "id": "FunGame", "content": ": \u90fd\u91cd\u64ad\u5e7e\u6b21\u4e86 \u9084\u8981\u554f\u600e\u9ebc\u89e3"}, {"type": -1, "id": "jim66356", "content": ": \u5077\u6843"}, {"type": 1, "id": "estupid", "content": ": \u738b\u5c40\u9577RIP"}, {"type": 1, "id": "yoyodio", "content": ": \u7528\u69cd\u5c04\uff0c\u6c92\u69cd\u7528\u624b\u6a5f\u7838\u963f"}, {"type": -1, "id": "Tim0303", "content": ": \u526a\u5200\u8173"}, {"type": 1, "id": "jack2324", "content": ": 4\u4e0d\u6703\u62ff\u96fb\u8a71\u6572\u4ed6\u9006\uff1f"}, {"type": -1, "id": "mirac1e", "content": ": \u5f9e1937\u5e74\u7684\u4e0a\u6d77\u6253\u7d661991\u5e74\u7684\u9999\u6e2f"}, {"type": 0, "id": "mirac1e", "content": ": \u4f60\u5c31\u7b97\u4e0d\u60f3\u958b\u6703 \u4e5f\u4e0d\u80fd\u9019\u6a23\u552c\u6211\u5427"}, {"type": 0, "id": "mm5566t", "content": ": 45\u5ea6\u89d2 \u63d2 \u628a\u7a7a\u6c23\u6316\u51fa\u4f86"}, {"type": 1, "id": "gonzagri", "content": ": \u7528Batista Bomb\u7d66\u4ed6\u70b8\u4e0b\u53bb"}, {"type": 0, "id": "snsdakb48", "content": ": \u80a9\u8180\u4e0a\u6709\u661f\u7684\u901a\u901a\u7d66\u6211\u9032\u4f86"}, {"type": 0, "id": "mattaus", "content": ": \u592a\u5c0f\u5152\u79d1\u4e86"}], "post_ip": "36.226.36.64", "post_content": "\n\u662f\u9019\u6a23\u7684\uff0c\u525b\u525b\u672c\u5b85\u8d70\u5165\u971e\u98db\u8def76\u865f\n\u6643\u8457\u6643\u8457\u7a81\u7136\u5c31\u6709\u500b\u7a7f\u8ecd\u670d\u7684\u65e5\u672c\u4eba\u904e\u4f86\n\u65bd\u4e86\u4e00\u62db\u9d1b\u9d26\u4e7e\u5764\u9ebb\u82b1\u9396\n\u672c\u5b85\u73fe\u5728\u975e\u5e38\u75db\u82e6\uff0c\u4e0d\u77e5\u9053\u9019\u62db\u8a72\u600e\u9ebc\u89e3\n\u6709\u6c92\u6709\u5366\uff1f\n\n--\n\u203b \u7de8\u8f2f: punk0630 (36.226.36.64 \u81fa\u7063), 07/08/2019 12:19:02\n\u6c92\u6709\u69cd\u554a\n\u90a3\u662f\u7d0d\u723e\u905c\u5f0f\u9396\u7684\u89e3\u6cd5\u5427\uff0c\u9019\u7a2e\u5c0f\u5152\u79d1\u62db\u5f0f\u6211\u9084\u80fd\u89e3\u51fa\u4f86\n\u203b \u7de8\u8f2f: punk0630 (36.226.36.64 \u81fa\u7063), 07/08/2019 12:20:00\n\u203b \u7de8\u8f2f: punk0630 (36.226.36.64 \u81fa\u7063), 07/08/2019 12:20:37\n"}