{"ptt_id": "KSHLO", "post_url": "https://www.ptt.cc/bbs/Gossiping/M.1564312742.A.8D3.html", "post_type": "\u554f\u5366", "post_title": "\u53f0\u5f0f\u5e02\u96c6 \u4e00\u5b9a\u8981\u6709\u4ec0\u9ebc\u6700\u5c0d\u5473?", "post_time": "2019-07-28 19:19:00", "post_score": 9, "post_pushes": [{"type": 1, "id": "Rrrxddd", "content": ": \u4e00\u6a13\u7684\u5c41\u773c"}, {"type": 0, "id": "popy8789", "content": ": \u97d3\u7c89"}, {"type": 1, "id": "gino0717", "content": ": \u5851\u81a0\u888b\u5957\u76e4\u5b50"}, {"type": 1, "id": "uohZemllac", "content": ": \u4e94\u6a13\u7684\u85cd\u53eb"}, {"type": 0, "id": "james732", "content": ": \u4e94\u6a13\u7684\u61f6\u53eb"}, {"type": 1, "id": "if2", "content": ": \u9999\u8178\u7011\u5e03"}, {"type": 1, "id": "ghghccc", "content": ": \u8ce3\u98df\u7269\u7684\u8001\u95c6 \u62bd\u7159\u7159\u7070\u6ef4\u5230\u98df\u7269\u4e0a"}, {"type": 1, "id": "DongWooNeKo", "content": ": \u8fa3\u59b9\u53f0\u5973"}, {"type": 0, "id": "ghghccc", "content": ": \u6253\u8d64\u818a\u7684\u8001\u95c6 \u6d41\u6c57\u6ef4\u5230\u98df\u7269\u4e0a"}, {"type": 0, "id": "sea0420", "content": ": \u5730\u4e0a\u7684\u6ab3\u6994\u6c41"}, {"type": 0, "id": "ghghccc", "content": ": \u5e79\u6771\u897f\u7684\u963f\u6851 \u88ab\u8001\u95c6\u6293\u5230 \u4e92\u55c6\u570b\u7f75"}, {"type": 1, "id": "HAmakers", "content": ": \u6dd8\u5bf6\u5730\u6524\u8ca8"}, {"type": 1, "id": "asapken", "content": ": \u7d44\u5408\u8089\u3001\u5316\u5de5\u98f2\u6599\u3001\u52a0\u7cd6\u52a0\u6c34\u897f\u74dc\u6c41\u3001\u4e0d\u77e5"}, {"type": 0, "id": "asapken", "content": ": \u9053\u5e7e\u767e\u5e74\u6c92\u63db\u6cb9\u7684\u96de\u6392"}, {"type": 0, "id": "kop5236", "content": ": \u9a0e\u6a5f\u8eca\u901b"}, {"type": -1, "id": "stlevi811101", "content": ": \u53bb\u9577\u6625\u5e02\u5834\u770b\u554a \u5f9e\u5c0f\u5230\u73fe\u5728\u9084\u662f\u4e00\u6a23"}, {"type": 0, "id": "stlevi811101", "content": ": \u9ecf\u9ecf\u7684\u5730\u677f \u83dc\u6e23\u6eff\u5730 \u9b5a\u6524\u90fd\u662f\u81ed\u6c34"}, {"type": 1, "id": "christopherl", "content": ": \u53f0\u8a9e8+9\uff0c\u8b80\u516c\u7acb\u5b78\u6821"}, {"type": 1, "id": "cyanmedoc", "content": ": \u6234\u8457\u6cb9\u81a9\u7684\u624b\u6252\u96de\u624b\u5957\u627e\u4f60\u96f6\u9322\uff0c\u56de\u982d"}, {"type": 0, "id": "cyanmedoc", "content": ": \u7528\u540c\u96bb\u624b\u8655\u7406\u98df\u6750"}], "post_ip": "111.241.215.141", "post_content": "\n\u8b1b\u5230\u53f0\u7063\u7684\u5e02\u96c6 \u4e00\u5b9a\u8981\u6709\u751a\u9ebc\u6700\u5c0d\u5473?\n\n\u8d85\u919c\u4e94\u8272\u5927\u5098??\u7da0\u8272\u5927\u68da\u5e03?\n\n\u56e0\u70ba\u6cb9\u6f2c\u9577\u671f\u7d2f\u7a4d\u7684\u9ad2\u4e82\u5730\u9762 \u7136\u5f8c\u653e\u9ebb\u5e03\u76f4\u63a5\u64fa\u5730\u6524?\n\n\u5360\u7528\u4eba\u884c\u9053\u8ce3\u5c0f\u5403?\n\n\u7206\u6eff\u7684\u516c\u7528\u5783\u573e\u6876? \u7d05\u767d\u5851\u81a0\u888b?\n\n\u53f0\u7063\u5e02\u96c6\u6700\u5927\u7684\u7279\u8272\u662f\u5565\n\n--\n\u5012\u653e\u7684\u74e6\u65af\u6876 \u8001\u95c6\u908a\u62bd\u83f8\u908a\u63db?\n\u203b \u7de8\u8f2f: KSHLO (111.241.215.141 \u81fa\u7063), 07/28/2019 19:20:50\n"}