{"ptt_id": "MA40433", "post_url": "https://www.ptt.cc/bbs/Gossiping/M.1563870977.A.90C.html", "post_type": "\u554f\u5366", "post_title": "\u7db2\u8ecd\u7684\u5e33\u865f\u53ef\u4ee5\u7528\u79df\u7684\u55ce\uff1f", "post_time": "2019-07-23 16:36:15", "post_score": -3, "post_pushes": [{"type": -1, "id": "Roooz", "content": ": \u8016 \u60f3\u5230\u5c31\u4e0d\u723d \u70ba\u4e86\u4e00\u7fa4\u5783\u573e\u500d\u7981\u8a00"}, {"type": 0, "id": "STi2011", "content": ": \u7136\u5f8c\u7b2c\u4e00\u5929\u5c31\u88ab\u780d\u9664"}, {"type": 0, "id": "love0504", "content": ": \u6a02\u8299\u8a0e\u53ad\u7db2\u8ecd"}, {"type": -1, "id": "Roooz", "content": ": \u88ab\u5587\u8016"}, {"type": 0, "id": "kawazakiz2", "content": ": \u88ab\u6c34\u6876\u8981\u53e6\u8a08\u5566\uff0c\u4e00\u5929\u81f3\u5c11\u4e00\u5343\u624d\u5212\u7b97"}, {"type": 0, "id": "louis0210", "content": ": \u8981\u6295\u4fdd\u610f\u5916\u96aa"}, {"type": 1, "id": "mono5566", "content": ": IP\u4e00\u67e5 \u54ce\u5440\u5171\u7528(\u780d\u5e33"}, {"type": 0, "id": "Workforme", "content": ": \u79df\u4e00\u500b\u5c0f\u6642\u63db\u6c34\u687610\u5e74+\u52a3\u6587N\u7bc7 \u5212\u7b97?"}, {"type": -1, "id": "koreawargod", "content": ": \u5acc\u8cb4\u5c31\u4e0d\u8981\u73a9\u554a"}, {"type": -1, "id": "userpeter", "content": ": \u90a3\u9084\u4e0d\u5982\u7528\u8cb7\u7684... = ="}, {"type": 0, "id": "douCai", "content": ": \u53ef\u4ee5\u8cb7\u6c34\u6876\u96aa\u55ce? \u611f\u89ba\u670987%\u6703\u9032\u6876"}, {"type": 0, "id": "elainakuo", "content": ": \u677f\u898f\u61c9\u8a72\u52a0\u4e00\u689d \u7981\u6b62\u5e33\u865f\u8cb7\u8ce3\u6587"}, {"type": -1, "id": "spirit119", "content": ": \u5171\u7528\u5e33\u865f\u6703\u88ab\u780d\u5e33"}, {"type": 1, "id": "versailles94", "content": ": \u5408\u7d04\u5beb\u597d\u5c31\u6c92\u4e8b\u5566"}], "post_ip": "118.163.153.36", "post_content": "\n\n\u65e2\u7136\u73fe\u5728\u6c92\u8fa6\u6cd5\u8a3b\u518a\nPTT\u5e33\u865f\u53c8\u8ce3\u7684\u7206\u8cb4\n\u90a3\u6709\u6c92\u6709\u516c\u95dc\u516c\u53f8\u8003\u616e\u7528\u79df\u7684\u65b9\u5f0f\u5462\uff1f\n\u6bd4\u65b9\u8aaa\n\u51fa\u79df\u4e00\u5c0f\u6642\uff0c\u6536\u8cbb\u4e00\u5343\n\u8d81\u9019\u4e00\u5c0f\u6642\u5c31\u62fc\u547d\u767c\u6587\n\u53cd\u6b63\u4e00\u5c0f\u6642\u4ee5\u5f8c\u9084\u7d66\u539f\u5e33\u6236\uff0cIP\u5c31\u4e0d\u4e00\u6a23\n\u4e0d\u80fd\u8aaa\u5076\u662f\u7db2\u8ecd\n\u9019\u6a23\u4e00\u500b\u6708\u53ea\u8981\u79df\u500b\u5e7e\u5929\n\u64cd\u4f5c\u4e00\u4e0b\u7121\u75d5\u53c8\u7701\u9322\n\u9019\u6a23\u6709\u6c92\u6709\u6bd4\u8f03\u597d\u5440\uff1f\n\u9019\u6a23\u6709\u6c92\u6709\u7b97\u7db2\u8ecd\u5462\uff1f\n\n\n\n\n\n\n\n\n\n\n\n\n\n\n\n\n\n\n\n\n\n\n\u6211\u4e00\u5c0f\u6642\u6536\u4e09\u842c\uff0c\u73fe\u91d1\u652f\u4ed8\u4e0d\u6536\u4fe1\u7528\u5361\uff0c\u8b1d\u8b1d\uff01\n\n--\n"}