{"ptt_id": "seibu", "post_url": "https://www.ptt.cc/bbs/Gossiping/M.1564140782.A.C7B.html", "post_type": "\u65b0\u805e", "post_title": "\u53f0\u7063\u5929\u624d\u7d1a\u795e\u50cf\u5320\u5e2b\uff016\u5e74\u78e8\u51fa\u300c\u4e00\u7d19\u795e\u529f", "post_time": "2019-07-26 19:33:00", "post_score": 130, "post_pushes": [{"type": 0, "id": "CCOOGG", "content": ": \u8d85\u6703\u80e1"}, {"type": 1, "id": "BaDoYao", "content": ": \u505a\u5c0a\u97d3\u5c0e\u554a"}, {"type": 1, "id": "greensaru", "content": ": \u53b2\u5bb3"}, {"type": 1, "id": "kevin751231", "content": ": \u9ebb\u5c07\u4fe0"}, {"type": 0, "id": "SidMax", "content": ": \u771f\u6587\u5275\u5de5\u4f5c\u8005\uff0c\u5176\u4ed6\u89ba\u9752\u591a\u5b78\u9ede\u597d\u55ce"}, {"type": 1, "id": "butmyass", "content": ": \u5f37\u8005\u7d66\u63a8"}, {"type": 1, "id": "yangtsur", "content": ": \u63a8"}, {"type": 1, "id": "dive6", "content": ": \u78ba\u5be6\u6bd4\u5f88\u591a\u6587\u5275\u85dd\u8853\u8005\u731b\u591a\u4e86..."}, {"type": 0, "id": "dive6", "content": ": \u73fe\u5728\u8a8d\u771f\u78e8\u5be6\u529b\u7684\u4eba\u597d\u5c11"}, {"type": 1, "id": "bathilda", "content": ": \u9019....\u80fd\u5403\u98fd\u55ce"}, {"type": 1, "id": "butmyass", "content": ": \u5e0c\u671b\u5320\u4eba\u9b42\u7cfb\u5217\u4e4b\u5f8c\u53ef\u4ee5\u51fa\u4e00\u90e8\u5408\u96c6"}, {"type": 1, "id": "pdf300ppi", "content": ": \u5f88\u5f37\u8036 \u63a8"}, {"type": 1, "id": "qaz19wsx96", "content": ": \u61c9\u8a72...\u80fd\u5427...\u9019\u7a2e\u6700\u9802\u5c16\u7684\u662f\u4e0d\u6703\u9913"}, {"type": 0, "id": "qaz19wsx96", "content": ": \u6b7b\u5566"}, {"type": 1, "id": "WolfTeacher", "content": ": \u5f37"}, {"type": 1, "id": "newland", "content": ": \u597d\u731b\uff0c\u771f\u7684\u770b\u4e0d\u51fa\u662f\u7d19\u505a\u7684\u3002"}, {"type": 1, "id": "regeirk", "content": ": \u63a8"}, {"type": 1, "id": "diabolica", "content": ": \u771f\u5f37\u8005"}, {"type": 1, "id": "imanda0324", "content": ": \u9019\u771f\u7684\u5f37"}, {"type": 1, "id": "signm", "content": ": \u9019\u771f\u7684\u662f\u6587\u5316\u907a\u7522"}, {"type": 1, "id": "tieferozean", "content": ": \u5f37"}, {"type": 1, "id": "oasis1222", "content": ": \u81ea\u5b78\u771f\u7684\u8d85\u7d1a\u731b \u795e\u4eba\u7b49\u7d1a"}, {"type": 1, "id": "xul327", "content": ": \u5f37"}, {"type": 1, "id": "pttxo", "content": ": \u771f\u5f37\u8005"}, {"type": 1, "id": "hydrant", "content": ": \u8d85\u7d1a\u5f37\u8005"}, {"type": 1, "id": "princetamaki", "content": ": \u53b2\u5bb3"}, {"type": 1, "id": "ryualexh6", "content": ": \u5f88\u6b3d\u4f69\u4ed6\uff0c\u592a\u53b2\u5bb3\u4e86\uff01"}, {"type": 1, "id": "Win7", "content": ": \u4f69\u670d\uff0c\u5168\u65b0\u6295\u5165\u5275\u4f5c\u7684\u4eba\u6700\u5e25"}, {"type": 1, "id": "Crazyfire", "content": ": \u63a8 \u5f37"}, {"type": 1, "id": "aqua17", "content": ": \u5f37"}, {"type": 1, "id": "nosheep", "content": ": \u63a8\u9054\u4eba"}, {"type": 1, "id": "snio2427", "content": ": \u731b"}, {"type": 0, "id": "jackie0804", "content": ": \u63a8"}, {"type": 1, "id": "angeltear15", "content": ": \u6df1"}, {"type": 1, "id": "susuiris", "content": ": \u63a8"}, {"type": 1, "id": "Tsubasa1008", "content": ": \u5f37 \u7d66\u63a8"}, {"type": 1, "id": "shuterlo", "content": ": \u9019\u624d\u662f\u8a72\u63a8\u7684\u65b0\u805e \u63a8"}, {"type": 1, "id": "eddyliu1", "content": ": \u5320\u9b42"}, {"type": 1, "id": "aurorahuangh", "content": ": \u4e0d\u8981\u518d\u554f\u6211\u7d19\u7cca\u6709\u591a\u786cXD"}, {"type": 1, "id": "domybest1125", "content": ": \u592a\u53b2\u5bb3\u4e86\uff0c\u6829\u6829\u5982\u751f\u3002"}, {"type": 0, "id": "Freeven", "content": ": \u6316\u64cd\u9019\u4ed6\u5abd\u771f\u795e\u4eba\uff0c\u570b\u5bf6\u7d1a\u7684\u5427"}, {"type": 1, "id": "summerleaves", "content": ": \u5f37"}, {"type": 1, "id": "sus304", "content": ": \u9019\u500b\u597d\u731b"}, {"type": 1, "id": "jpadesky", "content": ": \u771f\u7684\u5f88\u53b2\u5bb3"}, {"type": 1, "id": "foxclimber", "content": ": \u53b2\u5bb3"}, {"type": 1, "id": "klm619", "content": ": \u592a\u53b2\u5bb3\u4e86\uff01"}, {"type": 1, "id": "D600dust", "content": ": \u5e79 \u9019\u662f\u771f\u7684\u55ce!!!"}, {"type": 1, "id": "medama", "content": ": \u4e5f\u592a\u786c\u4e86\u5427XD"}, {"type": 1, "id": "barber", "content": ": \u656c\u79ae\uff01\u771f\u6b63\u7684\u5c08\u5bb6"}, {"type": 1, "id": "muscleless", "content": ": \u731b"}, {"type": 1, "id": "loet", "content": ": \u771f\u795e\u4eba"}, {"type": 1, "id": "omx", "content": ": \u53ef\u662f\u7528\u96f7\u96d5\u611f\u89ba\u5c31\u5f31\u4e86\u4e00\u7bc0"}, {"type": 1, "id": "tomx", "content": ": \u597d\u53b2\u5bb3"}, {"type": 1, "id": "diefox", "content": ": \u63a8\u63a8\u63a8"}, {"type": 1, "id": "OGCkid", "content": ": \u63a8"}, {"type": 1, "id": "sulabird", "content": ": \u5f37"}, {"type": 1, "id": "mra2284", "content": ": \u9019\u7adf\u7136\u662f\u7d19\u7cca\uff01\uff01\u592a\u7cbe\u5de7\u4e86\u5427"}, {"type": 1, "id": "Kamelie", "content": ": \u795e\u4e4e\u5176\u6280"}, {"type": 1, "id": "gram111378", "content": ": \u63a8"}, {"type": 1, "id": "eatofy", "content": ": \u9019\u624d\u662f\u8981\u63a8\u5ee3\u7684\u6587\u5316\u6838\u5fc3   \u771f\u5320\u5e2b"}, {"type": 1, "id": "your135", "content": ": \u731b"}, {"type": 1, "id": "saint01", "content": ": \u52a0\u6cb9"}, {"type": 1, "id": "ibanez193", "content": ": \u771f\u7684\u53b2\u5bb3!"}, {"type": 1, "id": "rockocean", "content": ": \u9858\u610f\u82b1\u9019\u9ebc\u591a\u5fc3\u529b\u8ddf\u6642\u9593 \u771f\u731b"}, {"type": 1, "id": "online0801", "content": ": \u771f\u795e\u4eba"}, {"type": 1, "id": "jwchao", "content": ": \u597d\u68d2"}, {"type": 1, "id": "jfriendtw", "content": ": \u5f37"}, {"type": 1, "id": "ji394tb", "content": ": \u5f37\u8005"}, {"type": 1, "id": "weliche", "content": ": \u9019\u6280\u85dd\u592a\u731b\u4e86..."}, {"type": 1, "id": "brefey", "content": ": \u795e"}, {"type": 1, "id": "RLH", "content": ": \u5d07\u62dc \u795e\u50cf\u8d85\u7f8e"}, {"type": 1, "id": "gaiaesque", "content": ": \u53b2\u5bb3"}, {"type": 1, "id": "a989876", "content": ": \u592a\u795e\u4e86 \u771f\u7684\u662f\u5929\u624d"}, {"type": 1, "id": "nini2mark", "content": ": \u592a\u53b2\u5bb3\u4e86"}, {"type": 1, "id": "pleasewait", "content": ": \u63a8"}, {"type": 1, "id": "zxc1213", "content": ": \u8d85\u731b"}, {"type": 1, "id": "lustpp", "content": ": \u53f0\u7063\u570b\u5bf6"}, {"type": 0, "id": "birdhouse1", "content": ": \u63a8"}, {"type": 1, "id": "shi21", "content": ": \u63a8  \u9019\u662f\u570b\u5bf6\u554a"}, {"type": 1, "id": "justforsth", "content": ": \u597d\u5f37\u5594\uff01\u795e\u4eba\uff01"}, {"type": 1, "id": "erty", "content": ": \u8d85\u5f37\uff0c\u6709\u5f71\u7247\u5f88\u68d2\uff01"}, {"type": 1, "id": "opop1132", "content": ": op"}, {"type": -1, "id": "jfubgabc", "content": ": \u5653\u660e\u986f\uff0c\u8aaa\u5403\u4e0d\u98fd\u7684\u4eba\u5bb6\u4e00\u5c0a\u53ef\u80fd\u662f\u5927\u90e8"}, {"type": 0, "id": "jfubgabc", "content": ": \u5206\u4eba\u4e00\u5e74\u5e74\u85aa"}, {"type": 1, "id": "compuworld", "content": ": \u53b2\u5bb3\uff01"}, {"type": 1, "id": "gtnb", "content": ": \u5f37"}, {"type": 1, "id": "sunnyyoung", "content": ": \u592a\u68d2\u5f37\uff0c\u53f0\u7063\u5f37\u8005\u5f88\u591a\u7684"}, {"type": 1, "id": "knight0201", "content": ": \u63a8"}, {"type": 1, "id": "ToTaiwan", "content": ": \u63a8"}, {"type": 1, "id": "vickyshan", "content": ": \u5f88\u7cbe\u7f8e"}, {"type": 1, "id": "iamkcyao", "content": ": \u771f\u7684\u5f37"}, {"type": 1, "id": "xsamurai", "content": ": \u63a8"}, {"type": 1, "id": "reexamor", "content": ": \u904e\u53bb\u6c92\u611f\u53d7\u5230\u6587\u5316\u7e3d\u6703\u7684\u5b58\u5728 \u9019\u4e09\u5e74\u624d\u6709"}, {"type": 1, "id": "azzc1031", "content": ": \u63a8\u554a!! \u592a\u731b\u5566"}, {"type": 1, "id": "spiritia", "content": ": \u63a8"}, {"type": 1, "id": "crosstime", "content": ": \u5f37\u5230\u8a87\u5f35"}, {"type": 1, "id": "parkyu531", "content": ": \u8d85\u5f37"}, {"type": 1, "id": "sharkimage", "content": ": \u597d\u7f8e"}, {"type": 1, "id": "lilithmay", "content": ": \u63a8"}, {"type": 1, "id": "troubledanny", "content": ": \u63a8"}, {"type": 1, "id": "aaron777", "content": ": \u5f71\u7247\u5f88\u6709\u529b\u91cf\uff0c\u5f88\u7528\u5fc3"}, {"type": 1, "id": "rankb123", "content": ": \u771f\u7684\u770b\u4e0d\u51fa\u4f86"}, {"type": 1, "id": "abb123456", "content": ": \u5f37"}, {"type": 1, "id": "ThreeNG", "content": ": \u795e\u4eba\u63a8"}, {"type": 1, "id": "darrenboko", "content": ": \u771f\u5f37\u4eba"}, {"type": 1, "id": "robbieulb", "content": ": \u731b\u7684\uff0c\u800c\u4e14\u61c9\u8a72\u883b\u6709\u8cfa\u982d\u7684"}, {"type": 1, "id": "robbieulb", "content": ": \u4e00\u5ea7\u61c9\u8a72\u8981\u6709\u516d\u4f4d\u6578\u5427\uff0c\u8017\u6642\u66f4\u8017\u7cbe\u795e"}, {"type": 1, "id": "mars66449928", "content": ": \u5f71\u7247\u62cd\u7684\u5f88\u597d \u8d85\u597d\u770b"}, {"type": 1, "id": "ching620", "content": ": \u597d\u5f37"}, {"type": 1, "id": "gg0079", "content": ": \u592a\u731b\u4e86"}, {"type": 1, "id": "SIXDAY", "content": ": \u597d\u731b"}, {"type": 1, "id": "tin989", "content": ": https://youtu.be/BMmpW2uVyb4"}, {"type": 1, "id": "jokopa", "content": ": \u9019\u500b\u5806\u758a\u8d77\u4f86\u7684\u7d30\u81a9\u5ea6\u771f\u662f\u5927\u5e2b"}, {"type": 1, "id": "newyanew", "content": ": \u731b\u5230\u70b8"}, {"type": 1, "id": "TFnight", "content": ": \u63a8"}, {"type": 1, "id": "mehai1071", "content": ": \u4e00\u5b9a\u8cfa\u5230\u7ffb\u6389"}, {"type": 1, "id": "kk911", "content": ": \u63a8"}, {"type": 0, "id": "bunreachable", "content": ": \u81ea\u5b78\u592a\u53b2\u5bb3\u4e86"}, {"type": 1, "id": "Nitration", "content": ": \u9019\u500b\u771f\u7684\u731b \u5f71\u7247\u4e2d\u505a\u7684\u624b\u6cd5\u8d85\u7d30\u81a9"}, {"type": 1, "id": "guenhwyvar", "content": ": \u592a\u5f37\u4e86\uff01"}, {"type": 1, "id": "racheel", "content": ": \u611f\u52d5\uff0c\u597d\u5f37"}, {"type": 1, "id": "airbear", "content": ": ==\u4e0d\u53ef\u80fd\u5403\u4e0d\u98fd\u597d\u55ce \u77e5\u9053\u5bae\u5edf\u591a\u6709\u9322\u55ce"}, {"type": 0, "id": "airbear", "content": ": \u505a\u7684\u597d\u5bae\u5edf\u4e00\u5b9a\u4e0d\u6703\u5c11\u7d66"}, {"type": 1, "id": "kilifisa", "content": ": \u8d85\u5f37\uff01"}, {"type": 1, "id": "iapf", "content": ": \u63a8"}, {"type": 1, "id": "s32244153", "content": ": \u9019\u7a2e\u505a\u795e\u50cf\u7684\u5728\u554f\u80fd\u4e0d\u80fd\u5403\u98fd=_="}, {"type": 1, "id": "paulri8924", "content": ": \u597d\u731b...."}, {"type": 1, "id": "sding", "content": ": \u771f\u7684\u5f88\u5f37\u5927"}, {"type": 1, "id": "littlehouse", "content": ":"}, {"type": 1, "id": "dzshdavid", "content": ": \u53b2\u5bb3"}, {"type": 1, "id": "sleeploquat", "content": ": \u5f37\uff01"}, {"type": 1, "id": "leolun8122", "content": ": \u5f71\u7247\u771f\u7684\u731b"}, {"type": 1, "id": "Tatsuya72", "content": ": \u5f37\u8005"}, {"type": 1, "id": "lfi", "content": ": \u597d\u5a01"}, {"type": 1, "id": "xiaomeimei", "content": ": \u5f88\u5f37\uff01\uff01"}, {"type": 1, "id": "xj4", "content": ": \u5f37!!!!!!!!"}, {"type": 1, "id": "yuzulee", "content": ": \u592a\u53b2\u5bb3\u4e86!!!\u5f71\u7247\u4e5f\u505a\u5f97\u5f88\u68d2"}, {"type": 1, "id": "james325000", "content": ": \u63a8\u795e\u4eba \u63a8\u5f71\u7247\u88fd\u4f5c"}, {"type": 1, "id": "adjj8644", "content": ": \u8d85\u5e25"}, {"type": 1, "id": "domon0525", "content": ": \u63a8,\u771f\u795e\u4eba"}, {"type": 1, "id": "abbag", "content": ": \u63a8"}, {"type": 1, "id": "LouisQuan", "content": ": \u63a8 \u8077\u4eba\u7cbe\u795e"}], "post_ip": "114.47.78.210", "post_content": "\n\u53f0\u7063\u5929\u624d\u7d1a\u795e\u50cf\u5320\u5e2b\uff016\u5e74\u78e8\u51fa\u300c\u4e00\u7d19\u795e\u529f\u300d\n\n\u81ea\u7531\n\n\uff3b\u8a18\u8005\u6797\u5b9c\u6a1f\uff0f\u5609\u7fa9\u5831\u5c0e\uff3d\u5609\u7fa9\u7e23\u6734\u5b50\u5e02\u7d19\u85dd\u5e2b\u8521\u627f\u54f2\uff08\u5316\u540d\u8449\u6c38\u6790\uff09\uff0c6\u5e74\u524d\u958b\u59cb\u81ea\u5b78\n\u9ad8\u96e3\u5ea6\u7d19\u7cca\u5de5\u85dd\uff0c\u7d93\u5e381\u5929\u5275\u4f5c14\u500b\u5c0f\u6642\uff0c\u4e26\u63e3\u6469\u5404\u5f0f\u795e\u5c0a\u96d5\u5851\uff0c\u77ad\u89e3\u5b97\u6559\u6587\u53f2\uff0c\u878d\u5165\u81ea\n\u8eab\u5275\u4f5c\uff0c\u4f5c\u54c1\u8207\u7121\u5e2b\u81ea\u901a\u7684\u5275\u4f5c\u904e\u7a0b\uff0c\u7372\u5f97\u4e2d\u83ef\u6587\u5316\u7e3d\u6703\u80af\u5b9a\uff0c\u4ee5\u4ed6\u70ba\u4e3b\u89d2\u62cd\u651d\u300c\u5320\u4eba\u9b42\n\u2027\u7d19\u85dd\u7bc7\u300d\u77ed\u7247\uff0c\u5c55\u73fe\u300c\u4e00\u7d19\u795e\u529f\u300d\u7684\u5320\u4eba\u5f71\u50cf\uff0c\u8a31\u591a\u4eba\u5f97\u77e5\u8521\u627f\u54f2\u81ea\u5b786\u5e74\u7d19\u85dd\u5c31\u80fd\u505a\n\u51fa\u7d30\u7dfb\u7cbe\u5de7\u7684\u7d19\u7cca\u4f5c\u54c1\uff0c\u76f4\u8aaa\u300c\u771f\u7684\u662f\u5929\u624d\u7d1a\u5320\u5e2b\uff01\u300d\n\n\u4e2d\u83ef\u6587\u5316\u7e3d\u6703\u526f\u6703\u9577\u6c5f\u6625\u7537\u3001\u6545\u5bae\u9662\u9577\u5433\u5bc6\u5bdf\u3001\u5609\u7fa9\u7e23\u9577\u7fc1\u7ae0\u6881\u3001\u914d\u5929\u5bae\u8463\u4e8b\u9577\u9ec3\u6e05\u7530\u53ca\n\u6734\u5b50\u5e02\u9577\u5433\u54c1\u53e1\u7b49\u4eca\u5929\u53c3\u52a0\u5728\u914d\u5929\u5bae\u524d\u8209\u8fa6\u7684\u5f71\u7247\u767c\u8868\u6703\uff0c\u7206\u6eff\u7684\u9109\u89aa\u770b\u8457\u5f71\u7247\uff0c\u90fd\u88ab\u8521\n\u627f\u54f2\u5c0d\u5b97\u6559\u8207\u5de5\u85dd\u7684\u71b1\u611b\u6240\u611f\u52d5\uff1b\u6c5f\u6625\u7537\u8aaa\uff0c\u672c\u571f\u6587\u5316\u9010\u6f38\u6d88\u5931\uff0c\u4e2d\u83ef\u6587\u5316\u7e3d\u6703\u5728\u50b3\u7d71\u8207\n\u5275\u65b0\u6280\u85dd\u9818\u57df\u5c0b\u8a2a\u96b1\u85cf\u5728\u5df7\u5f04\u9593\u7684\u8077\u4eba\uff0c\u5df2\u62cd\u651d18\u652f\u300c\u5320\u4eba\u9b42\u300d\u77ed\u7247\uff0c\u6df1\u5316\u53f0\u7063\u672c\u571f\u7279\u8272\n\uff0c\u8b93\u5320\u4eba\u5011\u7684\u7cbe\u795e\u5f97\u5230\u91cd\u8996\u3002\n\n\u8521\u627f\u54f2\u5f9e\u5c0f\u5728\u914d\u5929\u5bae\u5edf\u53e3\u524d\u9577\u5927\uff0c\u6210\u5e74\u5f8c\u5f9e\u4e8b\u6cd5\u9662\u62cd\u8ce3\u5de5\u4f5c\uff0c\u4ed6\u56e0\u71b1\u611b\u9806\u98a8\u8033\u53ca\u5343\u91cc\u773c\u5c07\n\u8ecd\uff0c\u539f\u672c\u60f3\u7528\u6728\u96d5\u523b\u51fa\u5c07\u8ecd\u795e\u50cf\uff0c\u4f46\u4e0d\u559c\u6b61\u78e8\u947f\u5200\uff0c\u5f8c\u4f86\u60f3\u5230\u8001\u4eba\u5bb6\u66fe\u8aaa\u904e\u53bb\u5c07\u8ecd\u982d\u662f\u7d19\n\u7cca\u7684\uff0c\u6cd5\u9662\u62cd\u8ce3\u5e38\u6709\u8a31\u591a\u5831\u7d19\uff0c\u56e0\u800c\u7528\u5831\u7d19\u958b\u59cb\u505a\u7d19\u7cca\u795e\u50cf\u3002\n\n\u8521\u627f\u54f2\u70ba\u5efa\u7bc9\u79d1\u73ed\u51fa\u8eab\uff0c\u5c07\u5256\u9762\u3001\u5074\u8996\u5716\u7d44\u5408\u6210\u7acb\u9ad4\u7269\u4ef6\uff0c\u9084\u7528\u81ea\u5df1\u7684\u81c9\u4f86\u5c0d\u7167\u795e\u50cf\u81c9\u90e8\n\u7d50\u69cb\uff0c\u7531\u65bc\u7d19\u7cca\u754c\u8001\u5de5\u85dd\u5e2b\u5e7e\u4e4e\u4e0d\u5916\u50b3\uff0c\u4ed6\u81ea\u5df1\u5728\u7db2\u8def\u770b\u8cc7\u6599\uff0c\u5230\u5404\u5730\u5edf\u5b87\u6216\u7f8e\u8853\u9928\u89c0\u770b\n\u795e\u50cf\uff0c\u4e00\u5929\u8017\u8cbb14\u500b\u5c0f\u6642\u5275\u4f5c\uff0c\u4e00\u4ef6\u4f5c\u54c1\u8981\u82b13\u500b\u591a\u6708\u5b8c\u6210\uff0c\u73fe\u5728\u5df2\u505a\u51fa20\u591a\u4ef6\u795e\u5c0a\u548c20\n\u9918\u9802\u795e\u5e3d\u3002\n\n\u8521\u627f\u54f2\u8aaa\uff0c\u53e4\u8afa\u300c\u4e00\u7d19\u4e8c\u571f\u4e09\u6728\uff0c\u7d19\u7cca\u795e\u5c0a\u795e\u5a01\u6700\u5f37\u300d\uff0c\u5e38\u6709\u4eba\u8aaa\u7d19\u7cca\u7121\u6cd5\u4fdd\u5b58\uff0c\u5176\u5be6\u7d19\n\u7cca\u4f5c\u54c1\u6bd4\u6728\u96d5\u9084\u8981\u5805\u56fa\uff0c\u4e14\u7d19\u5e3d\u8f03\u8f15\u4e5f\u6709\u5f48\u6027\uff0c\u6bd4\u8d77\u91d1\u5c6c\u88fd\u6210\u7684\u5e3d\u5b50\u66f4\u4e0d\u50b7\u795e\u50cf\uff1b\u4eca\u5e74\u914d\n\u5929\u5bae\u59d4\u8a17\u4ed6\u70ba\u56db\u5b63\u862d\u5abd\u7956\u88fd\u4f5c\u795e\u50cf\u5e73\u5929\u51a0\uff0c\u7528\u7d19\u5851\u5f62\uff0c\u518d\u7528\u96f7\u5c04\u96d5\u523b\u8f14\u52a9\u523b\u51fa\u7d30\u5fae\u90e8\u5206\uff0c\n\u4e26\u4e0a\u7c89\u7dda\uff0c\u795e\u5e3d\u5e3d\u570d\u50c57\u5bf8\uff08\u7d0420\u591a\u516c\u5206\uff09\uff0c\u5448\u73fe\u98db\u9f8d\u7a7f\u96f2\u7b49\u5716\u6848\uff0c\u7d30\u7dfb\u7cbe\u5de7\uff0c\u8a31\u591a\u4fe1\u773e\n\u9084\u4ee5\u70ba\u795e\u5e3d\u662f\u7528\u91d1\u5b50\u505a\u6210\u3002\n\n\u8521\u627f\u54f2\u8aaa\uff0c\u81ea\u5b78\u7d19\u85dd\u904e\u7a0b\u4e2d\uff0c\u5c07\u5275\u65b0\u7684\u60f3\u6cd5\u8207\u50b3\u7d71\u5de5\u85dd\u878d\u65bc\u4e00\u9ad4\uff0c\u662f\u627e\u81ea\u6211\u5b89\u795e\u3001\u7acb\u547d\u6240\n\u5728\uff0c\u66f4\u5c0d\u6545\u9109\u7684\u60c5\u610f\u5316\u70ba\u5be6\u9ad4\uff0c\u4ed6\u5f88\u611f\u8b1d\u914d\u5929\u5bae\u7684\u59d4\u8a17\u7559\u4e0b\u81ea\u8eab\u4f5c\u54c1\uff0c\u4e2d\u83ef\u6587\u5316\u7e3d\u6703\u62cd\u4e0b\n\u5f71\u50cf\u8a18\u9304\uff0c\u300c\u5e0c\u671b\u5230\u4eba\u751f\u7684\u6700\u5f8c\u4e00\u5929\uff0c\u6211\u9084\u5728\u7cca\u300d\u3002\nhttps://news.ltn.com.tw/news/life/breakingnews/2864808\n\n\u597d\u7cbe\u7dfb\u7684\u7d19\u4f5c\u5de5\u85dd\uff01\u5f71\u7247\u5f88\u611f\u4eba\uff5e\n\n--\n"}