{"ptt_id": "goipait", "post_url": "https://www.ptt.cc/bbs/Gossiping/M.1565270212.A.0F8.html", "post_type": "\u554f\u5366", "post_title": "\u9019\u6b21\u9084\u6703\u51fa\u73fe\u6b6a\u8170\u90f5\u7b52\u55ce\uff1f", "post_time": "2019-08-08 21:16:50", "post_score": 4, "post_pushes": [{"type": 0, "id": "johnwu", "content": ": \u4e0d\u6703 \u660e\u5929\u6703\u5927\u6674\u5929"}, {"type": 0, "id": "idam1983", "content": ": \u65b0\u7af9\u96e8\u505c\u4e86\u2026\u2026"}, {"type": 0, "id": "ppnow", "content": ": \u8eca\u5b50\u6ce1\u6c34\u5c31\u53ef\u4ee5\u770b\u5230\u6709\u4eba\u5634\u6b6a\u4e86"}, {"type": 0, "id": "ppnow", "content": ": \u8eca\u5b50\u6ce1\u6c34\u5c31\u53ef\u4ee5\u770b\u5230\u6709\u4eba\u5634\u6b6a\u4e86"}, {"type": 1, "id": "railwaytaiwa", "content": ": \u6709\u4eba\u5538\u9632\u98b1\u5fc3\u7d93\u5634\u4e5f\u6703\u6b6a"}, {"type": 1, "id": "mykuririn", "content": ": \u53f0\u5317\u6416\u6efe\u5340"}, {"type": 1, "id": "ufap", "content": ": \u6cd5\u529b\u7121\u908a\u7684\u7d2b\u8863see food\u6703\u767c\u529f\u4fdd\u8b77\u4ed6\u7684\u4fe1\u5f92"}, {"type": 1, "id": "bye2007", "content": ": \u9019\u500b\u4e5f\u6703\u7d05 \u883b\u597d\u7b11\u7684"}, {"type": 0, "id": "jenqhau", "content": ": \u90f5\u5c40\u6d3e\u4eba\u529b\u5354\u52a9\u62cd\u7167\u4e5f\u5f88\u7121\u8166"}, {"type": 0, "id": "dalin59", "content": ": \u6211\u90a3\u5e74\u7684\u5b78\u6e2c\u4f5c\u6587\u984c\u76ee\u5c31\u662f\u6211\u770b\u6b6a\u8170\u90f5\u7b52"}, {"type": 0, "id": "dalin59", "content": ": \u721b\u984c\u76ee\uff01"}], "post_ip": "109.70.100.26", "post_content": "\n\n\n\n\n2015\u5e748\u67087\u65e5\n\n\u5f37\u70c8\u8607\u8fea\u52d2\u98b1\u98a8\u5e2d\u6372\u53f0\u7063\n\n\u7b2c\u4e8c\u5929\u65e9\u4e0a\u4e5f\u5c31\u662f 8 \u67088\u65e5\n\n\n\u6b63\u7576\u5927\u5bb6\u5728\u707d\u5f8c\u5fa9\u539f\u7684\u6642\u5019\n\n\u5728\u53f0\u5317\u6709\u4eba\u767c\u73fe\u90f5\u7b52\u56e0\u70ba\u6b6a\u8170\u8b8a\u6210\u5f88\u6709\u8da3\u7684\u666f\u8c61\n\n\u7a81\u7136\u9593\u5927\u5bb6\u90fd\u5fd8\u4e86\u98b1\u98a8\u7684\u6050\u6016\n\n\u7d1b\u7d1b\u62cd\u7167\u6253\u5361\n\n\u9019\u6b21\u518d\u5ea6\u6709\u98b1\u98a8\u5e2d\u6372\uff0c\n\n\u662f\u4e0d\u662f\u53c8\u6703\u51fa\u73fe\u53e6\u4e00\u500b\u5947\u666f\n\n\u6709\u6c92\u6709\u516b\u5366\uff1f\n\n--\n"}