{"ptt_id": "VB6", "post_url": "https://www.ptt.cc/bbs/Gossiping/M.1567584757.A.C27.html", "post_type": "\u554f\u5366", "post_title": "\u8c6a\u5b85\u5730\u4e0b\u5ba4\u6703\u6709\u4ec0\u9ebc\u8a2d\u65bd?", "post_time": "2019-09-04 16:12:34", "post_score": 6, "post_pushes": [{"type": 0, "id": "A0091127", "content": ": \u516b\u722a\u6905"}, {"type": 1, "id": "sclbtlove", "content": ": \u9ebb\u5c07\u9593 \u6e38\u6cf3\u6c60 \u5361\u62c9ok \u505c\u8eca\u5834"}, {"type": 1, "id": "ralfeistein", "content": ": \u990a\u5c0f\u863f\u8389\u7684\u623f\u9593"}, {"type": 1, "id": "wa88", "content": ": Zyklon B \u6c23\u5316\u5ba4"}, {"type": 0, "id": "s155260", "content": ": \u9152\u7a96"}, {"type": 1, "id": "miacp", "content": ": \u9152\u6c60\u8089\u6797\u3001\u6216\u662f\u4eba\u9593\u7149\u7344\u60e1\u9b54\u6a02\u5712"}, {"type": 0, "id": "VVizZ", "content": ": \u5730\u7262"}, {"type": 1, "id": "wwf0322", "content": ": \u5f88\u591a\u7c60\u5b50"}, {"type": 0, "id": "fujimoto", "content": ": \u8759\u8760\u8eca"}, {"type": 0, "id": "ComeThrough", "content": ": \u6709\u500b\u8001\u982d\u4f4f\u5728\u88e1\u9762"}, {"type": 1, "id": "ASUSboy", "content": ": \u653e\u6effSM\u9053\u5177\u7684\u623f\u9593"}, {"type": 1, "id": "sushi11", "content": ": \u6392\u6c34\u8a2d\u65bd"}, {"type": 0, "id": "ev331", "content": ": \u53f0\u7063\u65bd\u516c\u6c92\u6709\u5b98\u6d3e\u55ae\u4f4d\u9a57\u6536\u54c1\u8cea\u55ce"}, {"type": 1, "id": "Ericz7000", "content": ": SM\u8abf\u6559\u5ba4"}, {"type": -1, "id": "a27588679", "content": ": \u6bcf\u5929po\u8036"}, {"type": 0, "id": "crimson11", "content": ":  https://i.imgur.com/XkoVpyq.jpg"}, {"type": 0, "id": "HD0621", "content": ":  \u505c\u8eca\u5834 \u5316\u7cde\u6c60 \u6c59\u6c34\u8a2d\u65bd"}, {"type": -1, "id": "eastbrook", "content": ": \u5bc4\u751f\u4e0a\u6d41\u525b\u770b\u5b8c\uff1f"}], "post_ip": "114.44.168.65", "post_content": "\n\u6709\u6c92\u6709\u8c6a\u5b85\u5730\u4e0b\u5ba4\u6703\u6709\u4ec0\u9ebc\u8a2d\u65bd\u7684\u516b\u5366?\n\n\u5fc5\u5099\u7684\n\n\u770b\u904e\u4e00\u9593\u8c6a\u5b85\u5730\u4e0b\u5ba4\n\n\u88e1\u9762\u662f\u9632\u7a7a\u6d1e\u7684\u6a23\u5b50\n\n\u6709\u99ac\u6876\u4f46\u6c92\u6709\u6d74\u5ba4\n\n\u9084\u6709\u4e00\u5f35\u5e8a\u548c\u684c\u5b50\n\n\u53ef\u4ee5\u4f4f\u4eba\n\n\n--\n\u7687\u6c11\u8868\u793a:\n\n--\n"}