{"ptt_id": "TName", "post_url": "https://www.ptt.cc/bbs/Gossiping/M.1569767441.A.54F.html", "post_type": "\u65b0\u805e", "post_title": "\u904a\u884c\u906d\u6f51\u6f06 \u4f55\u97fb\u8a69\uff1a\u5c07\u61a4\u6012\u8f49\u70ba\u66f4\u5927\u6c7a\u5fc3", "post_time": "2019-09-29 22:30:35", "post_score": 40, "post_pushes": [{"type": 1, "id": "Su22", "content": ": \u52a0\u6cb9!"}, {"type": 1, "id": "wwewcwwwf", "content": ": \u4ed6\u4e0d\u662f\u6e96\u5099\u907a\u7522\u53bb\u6fb3\u6d32\u4e86?"}, {"type": 0, "id": "wwewcwwwf", "content": ":          \u79fb\u7522"}, {"type": -1, "id": "Hsiencheng", "content": ": \u4ed6\u570b\u4e8b\u52d9"}, {"type": 1, "id": "ckbdfrst", "content": ": \u81ea\u7531\u76df\u570b\u652f\u6301\u8ffd\u6c42\u81ea\u7531\u7684\u4eba \u54ea\u570b\u6709\u5dee\u55ce"}, {"type": 1, "id": "zombieguy", "content": ": \u4e94\u6bdb\u6025\u4e86?"}, {"type": 1, "id": "gameforever", "content": ": \u70ba\u4ec0\u9ebc\u5728\u53f0\u7063\u5141\u8a31\u8499\u9762\u904a\u884c\uff1f"}, {"type": 0, "id": "ckbdfrst", "content": ": \u7f75\u81ea\u7531\u9084\u79fb\u6c11\u81ea\u7531\u570b\u5bb6\u7684\u4eba\u624d\u662f\u5783\u573e"}, {"type": 1, "id": "Murloc", "content": ": \u4eca\u5929\u662f\u4e00\u500b\u738b\u516b\u86cb\u4f86\u6492\u91ce \u9084\u4ed6\u570b\u4e8b\u52d9\u54a7"}, {"type": 1, "id": "rv0918", "content": ": \u597d\u4e0b\u6b21\u63db\u6f51\u5c4e"}, {"type": 1, "id": "sct015", "content": ": \u5979\u4f5c\u9019\u4e9b\u5230\u5e95\u5c0d\u5979\u6709\u4ec0\u9ebc\u597d\u8655\uff1f\u771f\u5fc3\u4f69\u670d"}, {"type": 0, "id": "wwewcwwwf", "content": ": \u6e2f\u4eba\u90fd\u79fb\u6c11\u53bb\u6fb3\u6d32 \u8ddf\u652f\u90a3\u73a9\u6c99\u62c9"}, {"type": 0, "id": "elainakuo", "content": ": \u52a0\u6cb9"}, {"type": 0, "id": "wwewcwwwf", "content": ": \u62dc\u8a17\u4e0d\u8981\u4f86\u79fb\u6c11\u9999\u6e2f \u62dc\u8a17\u62dc\u8a17"}, {"type": 0, "id": "damnche", "content": ": \u4f69\u670d"}, {"type": 0, "id": "wwewcwwwf", "content": ": \u6253\u932f \u79fb\u6c11\u5230\u53f0\u7063"}, {"type": 1, "id": "sali921", "content": ": \u88ab\u4ec7\u6068\u5145\u6eff\u7684\u4eba\u5c31\u662f\u9019\u9ebc\u53ef\u6015"}, {"type": 0, "id": "wwewcwwwf", "content": ": \u4f55\u6709\u52a0\u62ff\u5927\u7c4d \u9047\u653f\u6cbb\u8feb\u5bb3\u4e5f\u53ef\u56de\u52a0\u62ff\u5927"}, {"type": 0, "id": "wwewcwwwf", "content": ": \u6700\u53ef\u6190\u7684\u9084\u662f\u6700\u7aae\u7684\u771f\u9999\u6e2f\u4eba"}, {"type": 1, "id": "ymuit", "content": ": \u53ea\u80fd\u8aaa\u5979\u5c0d\u5979\u7684\u5bb6\u9109\u6709\u611f\u60c5 \u61c9\u8a72\u6c92\u8fa6\u6cd5\u775c\u773c"}, {"type": 0, "id": "oilcaptain", "content": ": \u4f69\u670d\u4ed6 \u5979\u5df2\u7d93\u662f\u4eba\u751f\u52dd\u5229\u7d44"}, {"type": 0, "id": "ymuit", "content": ": \u770b\u5979\u7684\u6545\u9109\u5b8c\u5168\u8b8a\u6a23"}, {"type": 0, "id": "sali921", "content": ": \u8001\u7f8e\u5c08\u9580\u52f8\u9b25\u4e0d\u52f8\u5408\uff0c \u4e0d\u610f\u5916"}, {"type": 0, "id": "wwewcwwwf", "content": ": \u54ea\u90fd\u4e0d\u80fd\u53bb \u53ea\u80fd\u88ab26\u6b3a\u8ca0 \u88ab\u79fb\u6c11\u4ed4\u6b67\u8996"}, {"type": 0, "id": "oilcaptain", "content": ": \u5979\u5927\u53ef\u4e0d\u5fc5\u7ba1\u9019\u4e9b\u4e8b \u4f46\u662f\u9858\u610f\u633a\u8eab\u800c\u51fa"}, {"type": 1, "id": "stying", "content": ":  https://i.imgur.com/DJSRSH0.jpg"}, {"type": 0, "id": "stying", "content": ": \u6f51\u6f06\u4eba\u5728\u6b64"}, {"type": 1, "id": "DorisQQ", "content": ": https://i.imgur.com/3VAIrnD.jpg"}, {"type": 0, "id": "oilcaptain", "content": ": \u6c11\u4e3b\u672c\u4f86\u5c31\u662f\u722d\u53d6\u4f86\u7684"}, {"type": 0, "id": "wwewcwwwf", "content": ": \u4e00\u5806\u8001\u5916\u6e2f\u4eba \u9084\u4e0d\u662f\u7092\u6e2f\u623f\u7522\u310f\u310f"}, {"type": 0, "id": "DorisQQ", "content": ": \u842c\u5b89\u4f60\u8aaa\u554a"}, {"type": 0, "id": "oilcaptain", "content": ": \u5167\u5978\u9ee8\u5fc5\u9808\u5012"}, {"type": 0, "id": "oilcaptain", "content": ": \u65b0\u9ee8\u570b\u6c11\u9ee8\u5c31\u5167\u5978\u9ee8\u4e0d\u610f\u5916"}, {"type": 1, "id": "rf", "content": ": \u9019\u5c31\u662f\u70ba\u4ec0\u9ebc\u570b\u6c11\u9ee8\u6703\u6b7b\uff0c\u97d3\u5c0e\u6703\u8f38\u7684\u539f\u56e0"}, {"type": 0, "id": "rf", "content": ": \u8cc7\u9032\u9ee8\u518d\u721b\u4e5f\u4e0d\u64d4\u5fc3\uff0c\u4ee4\u4eba\u96e3\u904e"}, {"type": 0, "id": "wwewcwwwf", "content": ": \u660e\u5e74\u5c31\u770b\u4e0d\u5230\u570b\u6c11\u9ee8\u4e86\u7da0\u5171\u53ef\u9ee8\u570b\u5c08\u5236\u5695"}, {"type": 1, "id": "momocom", "content": ": \u7d71\u755c\u4ec6\u8857\u5408\u5bb6\u5277"}, {"type": 1, "id": "yayac", "content": ": \u53f0\u7063\u4e4b\u6065"}, {"type": 1, "id": "gn02974318", "content": ": \u4ed6\u771f\u7684\u5f88\u6709\u7a2e"}, {"type": 1, "id": "ckbdfrst", "content": ": \u7d71\u755c\u4ec6\u8857\u5408\u5bb6\u5277"}, {"type": 0, "id": "ckbdfrst", "content": ": \u67e5\u4e86\u4e00\u4e0b\u6e2f\u5f0f\u4fda\u8a9e \u723d"}, {"type": 1, "id": "ymuit", "content": ": \u67d0\u6a13\u63d0\u4f9b\u7167\u7247 \u55ef..."}, {"type": 0, "id": "scores", "content": ": \u5176\u5be6\u662f\u7e3d\u7d71\u7b49\u7d1a\u5f85\u9047 \u4f60\u770b\u963f\u8f1d\u4f2f"}, {"type": 1, "id": "forsalama", "content": ": \u5e79 \u5783\u573e\u7d71\u4fc3\u9ee8\u4e0d\u5f97\u597d\u6b7b"}, {"type": 1, "id": "cheneden", "content": ": \u53f0\u7063\u4e4b\u6065"}, {"type": 0, "id": "jinsky", "content": ": \u652f\u90a3\u755c\u7272"}, {"type": 1, "id": "Yirgacheffe", "content": ": \u63a8"}, {"type": 0, "id": "Yirgacheffe", "content": ": \u300a\u5171\u7522\u4e3b\u7fa9\u7684\u7d42\u6975\u76ee\u7684\u300b\u5404\u7a2e\u7248\u672c\u4e0b\u8f09"}, {"type": 0, "id": "Yirgacheffe", "content": ": https://tinyurl.com/yy8ht7of"}, {"type": 1, "id": "ms893030", "content": ": \u9999\u6e2f\u4eba\u8ddf\u6eef\u53f0\u652f\u90a3\u4eba\u5c31\u662f\u4e0d\u4e00\u6a23\uff0c\u9ad8\u5ea6\u9ad8"}, {"type": 0, "id": "Yirgacheffe", "content": ": https://imgur.com/XjyPLED.jpg"}, {"type": 1, "id": "xianfen", "content": ":  https://i.imgur.com/Dk7mcln.jpg"}, {"type": 1, "id": "maschera", "content": ": \u52a0\u6cb9"}, {"type": 1, "id": "johnblueh", "content": ": \u5979\u7684\u52c7\u6562\u771f\u7684\u5f88\u5049\u5927 \u6bd4\u8d77\u4e00\u5806\u96d9\u91cd\u570b\u7c4d"}, {"type": 0, "id": "johnblueh", "content": ": \u6839\u672c\u4e0d\u80fd\u6bd4"}, {"type": 1, "id": "FlyKerr5566", "content": ": \u5783\u573e"}, {"type": 1, "id": "timppt222", "content": ": \u9999\u6e2f\u6b77\u53f2\u56e0\u7d20\uff0c\u6709\u5176\u4ed6\u570b\u5bb6\u8b77\u7167\u7684\u4eba\u5f88\u591a"}, {"type": 0, "id": "timppt222", "content": ": \uff0c\u4f46\u5176\u4ed6\u62ff\u6b50\u7f8e\u8b77\u7167\u7684\u4eba\u8d95\u50cf\u5979\u4e00\u6a23\u548c"}, {"type": 0, "id": "timppt222", "content": ": \u9999\u6e2f\u4eba\u7ad9\u5728\u4e00\u8d77\u55ce\uff1f"}, {"type": 1, "id": "atsai", "content": ": \u7537\u751f\u90fd\u6c92\u5979\u6709\u7a2e\uff0c\u8d85\u51b7\u975c\u53c8\u6709\u6b63\u7fa9\u611f"}, {"type": 1, "id": "cerberi", "content": ": \u63a8"}, {"type": 1, "id": "eippuy", "content": ": \u7537\u751f\u90fd\u6c92\u5979\u6709\u7a2e\uff0c\u8d85\u51b7\u975c\u53c8\u6709\u6b63\u7fa9\u611f"}, {"type": 1, "id": "countrysong", "content": ": \u771f \u5973\u4eba"}, {"type": 1, "id": "VVax", "content": ": \u771f\u7684\u5f88\u5e25\uff01"}, {"type": 1, "id": "nht", "content": ": \u9999\u6e2f\u52a0\u6cb9!"}, {"type": 0, "id": "loking", "content": ": \u7d71\u4fc3\u771f\u7684\u5f88\u50cf\u5bc4\u751f\u87f2\u8036 \u600e\u4e0d\u8d95\u5feb\u56de\u6bcd\u9ad4"}, {"type": 1, "id": "obvious", "content": ": \u975e\u5e38\u51b7\u975c \u76f8\u7576\u503c\u5f97\u6b3d\u4f69"}, {"type": 1, "id": "garone", "content": ": \u90a3\u4e9b\u5408\u7167\u9019\u9ebc\u5feb\u5c31\u627e\u51fa\u4f86\uff0c\u633a\u53b2\u5bb3\u7684\u3002"}, {"type": 1, "id": "Harionago", "content": ": \u5e25"}, {"type": 1, "id": "KERABOYS", "content": ": \u5e25"}, {"type": 1, "id": "ZoOLaNd", "content": ": \u52a0\u6cb9"}, {"type": 0, "id": "jfriendtw", "content": ": \u6c11\u9032\u9ee8\u50ac\u7968\u6a5f"}, {"type": 1, "id": "alibuda38", "content": ":"}, {"type": 0, "id": "Sbeauvoir", "content": ": \u9999\u6e2f\u52a0\u6cb9 \u53f0\u7063\u52a0\u6cb9"}, {"type": 1, "id": "rayonwu", "content": ": \u63a8"}, {"type": 0, "id": "gwenwoo", "content": ":  \u90ed\u8463:\"\u66b4\u653f\u5fc5\u4ea1\""}, {"type": 1, "id": "newstarisme", "content": ": \u8d0a\u6210\u4fee\u6cd5\u5c07\u7d71\u755c\u9ee8\u5168\u6578\u8655\u6b7b"}], "post_ip": "122.116.90.159", "post_content": "\n1.\u5a92\u9ad4\u4f86\u6e90:\n\u5927\u7d00\u5143\n\n2.\u8a18\u8005\u7f72\u540d\n\u5927\u7d00\u5143\u8a18\u8005\u5433\u65fb\u6d32\u53f0\u7063\u53f0\u5317\u5831\u5c0e\n\n3.\u5b8c\u6574\u65b0\u805e\u6a19\u984c:\n\u904a\u884c\u906d\u6f51\u6f06 \u4f55\u97fb\u8a69\uff1a\u5c07\u61a4\u6012\u8f49\u70ba\u66f4\u5927\u6c7a\u5fc3\n\n4.\u5b8c\u6574\u65b0\u805e\u5167\u6587:\nhttps://tinyurl.com/y63973ub\n\u9999\u6e2f\u6b4c\u624b\u4f55\u97fb\u8a6929\u65e5\u51fa\u5e2d\u300c929\u53f0\u6e2f\u5927\u904a\u884c\u2014\u6490\u6e2f\u53cd\u6975\u6b0a\u300d\u904a\u884c\u6d3b\u52d5\uff0c\u6703\u524d\u63a5\u53d7\n\u5a92\u9ad4\u8a2a\u554f\u6642\u906d\u4e0d\u660e\u7fa4\u773e\u6f51\u6f06\u3002 (\u9673\u67cf\u5dde)\n\u3010\u5927\u7d00\u51432019\u5e7409\u670829\u65e5\u8a0a\u3011\uff08\u5927\u7d00\u5143\u8a18\u8005\u5433\u65fb\u6d32\u53f0\u7063\u53f0\u5317\u5831\u5c0e\uff09\u9999\u6e2f\u300c\u53cd\u9001\u4e2d\n\u300d\u904b\u52d5\u6301\u7e8c\u5ef6\u71d2\uff0c\u9999\u6e2f\u6b4c\u624b\u4f55\u97fb\u8a6929\u65e5\u4f86\u53f0\u53c3\u8207\u300c\u6490\u6e2f\u53cd\u6975\u6b0a\u300d\u6d3b\u52d5\uff0c\u4e0d\u904e\u537b\u906d\n\u4e0d\u660e\u4eba\u58eb\u6f51\u6f06\u3002\u53c3\u8207\u665a\u6703\u6642\u4f55\u97fb\u8a69\u8868\u793a\uff0c\u9664\u4e86\u9999\u6e2f\u9762\u81e8\u66b4\u529b\u5a01\u8105\uff0c\u73fe\u5728\u9023\u5230\u53f0\u7063\n\u8aaa\u4e00\u53e5\u6b63\u78ba\u7684\u4e8b\uff0c\u4e5f\u8981\u906d\u5230\u5982\u6b64\u7c97\u66b4\u7684\u5c0d\u5f85\uff0c\u9019\u4e5f\u662f\u53f0\u7063\u4eba\u61c9\u8a72\u7ad9\u51fa\u4f86\u634d\u885b\u81ea\u7531\n\u3001\u6cd5\u5236\u7684\u539f\u56e0\u3002\n\n\u7531\u6e2f\u53f0\u591a\u500b\u516c\u6c11\u5718\u9ad4\u8209\u8fa6\u7684\u300c929\u53f0\u6e2f\u5927\u904a\u884c\uff1a\u6490\u6e2f\u53cd\u6975\u6b0a\u300d\u904a\u884c\u96c6\u6703\u6d3b\u52d5\uff0c\u5373\n\u4fbf\u73fe\u5834\u5927\u96e8\u4e0d\u65b7\uff0c\u4ecd\u6f86\u4e0d\u606f\u8207\u6703\u6c11\u773e\u53c3\u8207\u7684\u71b1\u60c5\uff0c\u64da\u4e3b\u8fa6\u55ae\u4f4d\u516c\u5e03\uff0c\u73fe\u5834\u6709\u8d85\u904e\n10\u842c\u4eba\u53c3\u8207\u4e0b\u5348\u7684\u904a\u884c\u8207\u665a\u4e0a\u7684\u96c6\u6703\u3002\u4f55\u97fb\u8a69\u4e5f\u5728\u73fe\u5834\u8207\u53f0\u7063\u6b4c\u624b\u694a\u5927\u6b63\u5408\u5531\u300c\n\u5cf6\u5dbc\u5929\u5149\u300d\u3002\n\nhttps://tinyurl.com/y6j2x226\n\u9999\u6e2f\u6b4c\u624b\u4f55\u97fb\u8a6929\u65e5\u51fa\u5e2d\u300c929\u53f0\u6e2f\u5927\u904a\u884c\u2014\u6490\u6e2f\u53cd\u6975\u6b0a\u300d\u904a\u884c\u6d3b\u52d5\uff0c\u6703\u524d\u63a5\u53d7\n\u5a92\u9ad4\u8a2a\u554f\u6642\u906d\u4e0d\u660e\u7fa4\u773e\u6f51\u6f06\u3002\nhttps://tinyurl.com/y4nx7dmx\n\u9999\u6e2f\u6b4c\u624b\u4f55\u97fb\u8a6929\u65e5\u51fa\u5e2d\u300c929\u53f0\u6e2f\u5927\u904a\u884c\u2014\u6490\u6e2f\u53cd\u6975\u6b0a\u300d\u904a\u884c\u6d3b\u52d5\uff0c\u6703\u524d\u63a5\u53d7\n\u5a92\u9ad4\u8a2a\u554f\u6642\u906d\u4e0d\u660e\u7fa4\u773e\u6f51\u6f06\u3002\uff08\u9673\u67cf\u5dde\uff0f\u5927\u7d00\u5143\uff09\n\n\u4f55\u97fb\u8a69\u8868\u793a\uff0c\u9019\u6b21\u6f51\u6f06\u8b93\u5979\u4e0a\u4e86\u91cd\u8981\u4e00\u8ab2\uff0c\u4eca\u5929\u4e16\u754c\u5404\u5730\u670940\u591a\u500b\u57ce\u5e02\u7ad9\u51fa\u4f86\u904a\n\u884c\uff0c\u53cd\u5c0d\u4e2d\u5171\u66b4\u6b0a\u3001\u6975\u6b0a\uff0c\u9762\u5c0d\u9019\u4e9b\u7c97\u66b4\u7121\u79ae\u7684\u8209\u52d5\uff0c\u76ee\u7684\u5c31\u662f\u8b93\u51fa\u4f86\u7684\u6c11\u773e\u5bb3\n\u6015\u3001\u6050\u61fc\uff0c\u300c\u4f46\u6211\u5011\u4e0d\u6703\u5bb3\u6015\uff0c\u4ecd\u7136\u6703\u7e7c\u7e8c\u8d70\u51fa\u4f86\u300d\u3002\n\n\u5979\u8868\u793a\uff0c\u5927\u5bb6\u8d70\u51fa\u4f86\u662f\u56e0\u70ba\u76f8\u4fe1\u81ea\u5df1\u505a\u7684\u4e8b\u300c\u672c\u4f86\u5c31\u662f\u6b63\u78ba\u7684\u300d\uff0c\u4f46\u4eca\u5929\u9023\u8aaa\u4e00\n\u53e5\u6b63\u78ba\u7684\u8a71\uff0c\u90fd\u8981\u53d7\u5230\u9019\u6a23\u7121\u79ae\u7684\u6253\u58d3\uff0c\u800c\u5f9e\u9019\u4ef6\u4e8b\u4e5f\u53ef\u4ee5\u770b\u5230\uff0c\u9999\u6e2f\u9752\u5e74\u3001\u5e02\n\u6c11\u4e0a\u8857\u6297\u722d\uff0c\u8981\u9762\u5c0d\u7684\u8b66\u5bdf\u7684\u904e\u5ea6\u66b4\u529b\u3001\u5b78\u751f\u88ab\u6253\u5230\u982d\u7834\u8840\u6d41\u3001\u7121\u8996\u6cd5\u6cbb\u7684\u7a2e\u7a2e\n\u4f5c\u6cd5\uff0c\u300c\u4ed6\u5011\u9762\u5c0d\u7684\u624d\u662f\u771f\u7684\u8981\u95dc\u6ce8\u3001\u652f\u6301\u7684\u300d\u3002\n\n\u5979\u8aaa\uff0c\u6700\u53ef\u60b2\u7684\u662f\uff0c\u73fe\u5728\u9664\u4e86\u9999\u6e2f\u8981\u9762\u5c0d\u9019\u6a23\u7684\u554f\u984c\uff0c\u4f86\u5230\u53f0\u7063\u4e4b\u5f8c\uff0c\u4e5f\u8981\u9762\u81e8\n\u540c\u6a23\u7684\u6050\u5687\u3001\u5a01\u8105\uff0c\u300c\u9019\u4e5f\u662f\u70ba\u4ec0\u9ebc\u53f0\u7063\u4eba\u4e00\u5b9a\u8981\u7ad9\u51fa\u4f86\uff0c\u56e0\u70ba\u4e0d\u53ea\u662f\u70ba\u9999\u6e2f\u7ad9\n\u51fa\u4f86\uff0c\u4e5f\u70ba\u4e86\u64c1\u8b77\u53f0\u7063\u7684\u81ea\u7531\u3001\u6cd5\u5236\u7684\u666e\u4e16\u50f9\u503c\uff0c\u70ba\u81ea\u5df1\u611b\u7684\u5730\u65b9\u634d\u885b\u9019\u500b\u666e\u4e16\n\u50f9\u503c\u300d\u3002\n\n\u4f55\u97fb\u8a69\u5f37\u8abf\uff0c\u76ee\u524d\u9999\u6e2f\u7684\u5c40\u52e2\u5df2\u7d93\u9000\u7121\u53ef\u9000\uff0c\u5982\u679c\u628a\u81c9\u5074\u904e\u53bb\uff0c\u8a8d\u70ba\u9019\u4ef6\u4e8b\u8207\u81ea\n\u5df1\u7121\u95dc\uff0c\u9999\u6e2f\u7684\u8655\u5883\u53ea\u6703\u8d8a\u4f86\u8d8a\u56b4\u91cd\uff0c\u4e14\u554f\u984c\u4e0d\u53ea\u662f\u6e2f\u3001\u53f0\uff0c\u73fe\u5728\u9023\u6fb3\u6d32\u5b78\u751f\u904a\n\u884c\u4e5f\u51fa\u73fe\u88ab\u6253\u7684\u60c5\u6cc1\uff0c\u300c\u6b64\u6642\u6211\u5011\u61c9\u8a72\u5c07\u61a4\u6012\uff0c\u8f49\u70ba\u66f4\u5927\u7684\u6c7a\u5fc3\uff0c\u4f86\u9762\u5c0d\u672a\u4f86\u6240\n\u6709\u9aaf\u9ad2\u7684\u653b\u64ca\u300d\u3002\n\n5.\u5b8c\u6574\u65b0\u805e\u9023\u7d50 (\u6216\u77ed\u7db2\u5740):\nhttp://www.epochtimes.com/b5/19/9/29/n11554309.htm\n\n6.\u5099\u8a3b:\n\n\n--\n"}