{"ptt_id": "taipeixcity", "post_url": "https://www.ptt.cc/bbs/Gossiping/M.1569933758.A.B61.html", "post_type": "\u65b0\u805e", "post_title": "\u6d2a\u6148\u5eb8\u6797\u6636\u4f50\u5433\u6021\u8fb2\u9673\u67cf\u60df\u3000\u8de8\u9ee8\u6d3e\u806f\u5408\u7af6", "post_time": "2019-10-01 20:42:35", "post_score": -5, "post_pushes": [{"type": 1, "id": "STi2011", "content": ": \u8de8\u4ec0\u9ebc?"}, {"type": 1, "id": "bryan21xxx", "content": ": \u53cd\u89c0\u53f0\u5171\u6c11\u773e\u9ee8\u5019\u9078\u4eba\u7d20\u8cea"}, {"type": 0, "id": "akway", "content": ": \u54c7 ..\u9019\u4e9b\u6839\u672c\u96c6\u67ef\u97d3\u7c89\u4ec7\u6068\u806f\u76df"}, {"type": 1, "id": "Leeheaven", "content": ": \u660e\u660e\u90fd\u662f\u7da0\u7684 \u662f\u5728\u8de8\u4ec0\u9ebc"}, {"type": -1, "id": "cp109", "content": ": ...\u90fd\u662f\u89ba\u9752\u6700\u611b"}, {"type": 1, "id": "DORAQMON", "content": ": \u8de8\u5565\u9ee8\u6d3e\uff1f\u5c31\u6c11\u9032\u9ee8\u5440"}, {"type": 0, "id": "Tchachavsky", "content": ": \u600e\u9ebc\u6c92\u627e\u53f0\u5317\u60e1\u68cd\u5462"}, {"type": 0, "id": "Tchachavsky", "content": ": \u53f0\u5317\u60e1\u68cd:\u5973\u5152 \u5152\u5b50 \u60f3\u6211\u6c92"}, {"type": 1, "id": "a4302f", "content": ": \u6c11\u773e\u9ee8\u5c31\u85cd\u7684 \u88dd\u4ec0\u9ebc\u4e2d\u58e2\uff1f"}, {"type": 0, "id": "lesnaree2", "content": ": \u5074\u7ffc\u5927\u9023\u7dda"}, {"type": 0, "id": "Korsechi", "content": ": \u8de8\u9ee8\u6d3eXDDD"}, {"type": 0, "id": "DustToDust", "content": ": \u60f3\u9a19\u7968\u55ce \u54c8\u54c8"}, {"type": 1, "id": "keyman2", "content": ": \u8d85\u9ee8\u806f\u76df"}, {"type": 0, "id": "Nevhir", "content": ": \u9019\u5e7e\u500b\u90fd\u9078\u4e0d\u4e0a"}, {"type": 1, "id": "venomsoul", "content": ": \u6d2a\u6797..."}, {"type": 0, "id": "r89556", "content": ": \u90fd\u540c\u9ee8\u8de8\u5565"}, {"type": 0, "id": "DOOHDLIHC", "content": ": \u5e79\u9019\u5169\u500b\u6642\u529b\u7684\u4ee4\u4eba\u7121\u8a9e"}, {"type": 0, "id": "shinny1206", "content": ": \u963f\u4e0d\u5c31\u7da0\u71df\u5927\u9023\u7dda \u8de8\u61f6\u8db4"}, {"type": 1, "id": "dostey", "content": ": \u63a8\u9019\u7d44\u5408! \u89aa\u4e2d\u8214\u5171\u85cd\u767d\u62d6 \u771f\u7684\u5641"}, {"type": 0, "id": "aa01081008tw", "content": ": \u4e0d\u5c31DPP..\u5728\u90a3\u88dd\u4ec0\u7406\u6027\u7b2c\u4e09\u52e2\u529bXD87"}, {"type": 0, "id": "g8330330", "content": ": \u4e00\u8d77\u6f0f\u5c3f"}, {"type": -1, "id": "a19880831", "content": ": \u5475\u5475\u5475"}, {"type": 1, "id": "pilibobo", "content": ": \u53ea\u770b\u5230\u5c0f\u7da0\u8de8\u5927\u7da0XDDD"}, {"type": 1, "id": "slashlin", "content": ": \u53eb\u505a\u524d\u5217\u817a\u6bd4\u8f03\u597d\u807d\u5427"}, {"type": 1, "id": "Julian9x9x9", "content": ": \u5927\u7da0\u5c0f\u7da0\u843d\u7389\u76e4"}, {"type": 0, "id": "Tchachavsky", "content": ": \u5357 \u5317 \u7da0 \u71df \u4e00 \u8d77\u4e32\u806f \u5c31\u662f\u9019\u9ebc\u7c21\u55ae"}, {"type": 0, "id": "a79111010", "content": ": \u5433\u6021\u8fb2\u53d7\u8a2a\u6642\u4e0d\u9858\u8b49\u5be6\u6b64\u6d88\u606f \uff1f\uff1f\uff1f"}, {"type": 1, "id": "haha98", "content": ": \u53f0\u5317\u60e1\u68cd\u5462"}, {"type": -1, "id": "kamisanma", "content": ": \u8de8\u500b\u96d5 \u9084\u60f3\u9a19"}, {"type": 0, "id": "king72433", "content": ": \u8de8\u4e09\u5c0f"}, {"type": 1, "id": "Luciferspear", "content": ": \u60e1\u68cd\u4e09\u91cd\u594f"}, {"type": 0, "id": "un54188", "content": ": \u8de8\u4e0d\u5230\u85cd\u7684\u8de8\u9ee8\u6d3e"}, {"type": 0, "id": "james80351", "content": ": \u8de8\u9ee8\u6d3eXDD"}, {"type": 1, "id": "talrasha", "content": ": \u4e0d\u5c31DPP\u5c0f\u7da0\u5206\u90e8\u540c\u597d\u6703   \u8de8\u4ec0\u9ebc\u9ee8\u6d3e"}, {"type": 0, "id": "talrasha", "content": ":  ...."}, {"type": -1, "id": "banana246", "content": ": \u5641\u5fc3\u6b7b\u4e86\u5e79"}, {"type": 1, "id": "force5566", "content": ": \u843d\u9078\u8005\u806f\u76df\uff1f"}, {"type": 1, "id": "dy2012", "content": ": \u52a0\u6cb9"}, {"type": 1, "id": "lysimach", "content": ": \u9084\u4e0d\u5982\u9032\u6b65\u50f9\u503c\u5149\u69ae\u57ce\u5e02"}, {"type": 1, "id": "ckbdfrst", "content": ": \u91e3\u5e7e\u500b\u652f\u90a3\u4eba"}, {"type": 1, "id": "wade59420", "content": ": \u53f0\u7063\u50f9\u503c\u540c\u597d\u6703"}, {"type": 1, "id": "dtlove17", "content": ": \u8aaa\u662f\u8de8\u9ee8\u6d3e\u4e5f\u6c92\u932f  \u96d6\u7136\u90fd\u6cdb\u7da0\u7684"}, {"type": 1, "id": "MoWilliams", "content": ": \u67ef\u9ed1\u97d3\u9ed1\u5927\u7d50\u76df"}, {"type": 1, "id": "iasyt", "content": ": \u52a0\u6cb9 \u975e\u97d3\u5bb6\u5712"}, {"type": -1, "id": "faraday825", "content": ": \u5641\u5fc3\u9023\u7dda\u5427"}, {"type": 0, "id": "dtlove17", "content": ": 9.2\u97d3\u85cd\u6559\u5f92\u5c4e\u86c6\u5047\u67ef\u7c89\u9ee8\u5de5\u6025\u8457\u5674\u5c4e\u8036"}, {"type": -1, "id": "fedona", "content": ": 0\u5e2d"}, {"type": 1, "id": "Franc1224", "content": ": \u63a8"}, {"type": -1, "id": "duo0518", "content": ": \u9019\u4e0d\u5c31\u662f\u6cdb\u7da0\u5074\u7ffc\u55ce..."}, {"type": 1, "id": "Cordierite", "content": ": \u6709\u6bd4KMT\u5641\uff1f"}, {"type": 1, "id": "sbflight", "content": ": \u4e16\u754c\u7da0\u7c89\u4ff1\u6a02\u90e8\u7532\u8cfd\u5206\u90e8\u90e8\u9577"}, {"type": 1, "id": "DorisQQ", "content": ": \u9ec3\u91d1\u7d44\u5408\uff01\u7a69\u6253\u6557\u570b\u6c11\u9ee8"}, {"type": 0, "id": "omanorboyo", "content": ": \u8de8\u9ee8\u6d3e????????????????"}, {"type": 0, "id": "hguei", "content": ": \u90fd\u7da0\u7684\u662f\u8981\u8de8\u5565= ="}, {"type": 1, "id": "lesnaree2", "content": ": \u5e0c\u671b\u9019\u5e7e\u500b\u90fd\u9078\u4e0d\u4e0a"}, {"type": 0, "id": "bryan21xxx", "content": ": \u9019\u7d44\u5408\u5c4c\u6253\u53f0\u5171\u6c11\u773e\u9ee8\u7684\u4e8c\u8ca8\u5011"}, {"type": -1, "id": "anyweather", "content": ": \u5614~~~~~~~~~~"}, {"type": 1, "id": "syk1104", "content": ": \u4e0d\u610f\u5916\u963f"}, {"type": -1, "id": "ckhou", "content": ": \u7246\u982d\u8349\u9023\u7dda"}, {"type": -1, "id": "showshine", "content": ": \u90fd\u7da0\u7684\u8de8\u500b\u5c41"}, {"type": 0, "id": "zebra7", "content": ": \u6c92\u627e\u5c4e\u6f0f \u5931\u6557"}, {"type": -1, "id": "theskyofblue", "content": ": \u524d\u5217\u817a\u5427"}, {"type": -1, "id": "byrt", "content": ": \u5e0c\u671b\u806f\u5408\u843d\u9078"}, {"type": 0, "id": "zebra7", "content": ": \u53f0\u5317\u8089\u68cd \u52c3\u87d1 \u6d69\u5446 \u6c19\u5973\u963f\u5b24 \u5feb\u8ddf\u4e0a"}, {"type": 0, "id": "ao5566", "content": ": \u8de8\u54ea\u88e1\uff1f\u8de8\u4e0b\u7684\u8de8\u55ceXD"}, {"type": -1, "id": "cyclonelyr", "content": ": \u90fd\u662f\u7da0\u7684\u8de8\u4ec0\u9ebc\u9ee8?"}, {"type": 1, "id": "yor", "content": ": \u63a8"}, {"type": 1, "id": "proprome", "content": ": \u52a0\u6cb9 \u6253\u6557 \u570b\u6c11\u9ee8 \u6c11\u773e\u9ee8"}, {"type": 0, "id": "byrt", "content": ": \u7246\u982d\u8349\u9023\u7dda"}, {"type": -1, "id": "ngt047", "content": ": \u90fd\u7da0\u7684\u8de8\u5565\uff1f\u6e96\u5099\u90fd\u843d\u9078"}, {"type": -1, "id": "s8800892000", "content": ": \u5c0f\u7da0+\u5c0f\u7da0+\u7da0+\u5c0f\u7da0 \u8de8\u500b\u5c41\u9ee8\u6d3e\u554a"}, {"type": 1, "id": "HuckleberryF", "content": ": \u7121\u9ee8\u8de8DPP\uff0c\u90a3\u7576\u521d\u4f55\u5fc5\u7d44\u9ee8"}, {"type": -1, "id": "poisonshing", "content": ": \u6efe"}, {"type": 0, "id": "proprome", "content": ": \u5e0c\u671b\u53ef\u4ee5\u6253\u6557 \u5927\u85cd\u570b\u6c11\u9ee8 \u5c0f\u85cd\u6c11\u773e\u9ee8"}, {"type": -1, "id": "manpower1216", "content": ": \u4e0d\u5c31\u5783\u573e\u9ee8\u806f\u76df\u55ce \u667a\u5546\u771f\u4f4e"}, {"type": 0, "id": "p26220828", "content": ": \u5c0f\u7da0\u5c31\u5c0f\u7da0"}, {"type": -1, "id": "gameking5036", "content": ": \u90fdDPP\u8de8\u5565"}, {"type": 1, "id": "alcpeon911", "content": ": \u9ad8\u96c4\u795e\u68cd\u591a\u502b\u591a\u9023\u7dda"}, {"type": -1, "id": "beerduck", "content": ": \u5641"}, {"type": 0, "id": "momo3921d", "content": ": \u63a8\uff0c\u5927\u5bb6\u90fd\u662f\u5c0f\u82f1\u5b50\u5f1f\u5175\uff01"}, {"type": 1, "id": "ShaggyDogg", "content": ": \u5c31\u7b97\u8ddf\u85cd\u7da0\u52a0\u8d77\u4f86\u4e5f\u6bd4\u4e0d\u4e0a\u4e00\u500b\u9ec3\u570b\u660c"}, {"type": 1, "id": "HappyKH", "content": ": \u9019\u5f88\u597d\u554a"}, {"type": 0, "id": "proprome", "content": ": \u90fd\u6bd4\u4e0d\u4e0a\u9ec3\u570b\u660c? \u90a3\u8acb\u554f\u9ec3\u570b\u660c\u9078\u54ea\u5340?"}, {"type": 1, "id": "Mrgoat", "content": ": \u8de8\u9ee8\u6d3e\uff1f\uff1f"}, {"type": 0, "id": "ccucwc", "content": ": \u63a8"}, {"type": 1, "id": "terry1020", "content": ": \u9a19\u7968\u5927\u806f\u76df"}, {"type": -1, "id": "beerduck", "content": ": \u9583\u5c3f\u8d85\u5641"}, {"type": 1, "id": "slcgboy", "content": ": \u63a8\u4e00\u500b"}, {"type": -1, "id": "iamgungod", "content": ": \u6b20\u5653"}, {"type": 1, "id": "erichsu81", "content": ": \u5927\u5c0f\u7368\u7da0\u5587\u5728\u4e00\u584a"}, {"type": 1, "id": "br06", "content": ": \u6709\u80fd\u529b\u7684\u5e74\u8f15\u4eba\u88ab\u7f75\u6210\u9019\u6a23 \u5616\u5616\u5616"}, {"type": -1, "id": "ianzero", "content": ": \u5641\u5fc3"}, {"type": -1, "id": "darkly", "content": ": \u8d85\u5641....."}, {"type": 1, "id": "yor", "content": ": \u63a8"}, {"type": -1, "id": "stun991", "content": ": \u80cc\u9aa8\u4ed4\u806f\u76df"}, {"type": 1, "id": "farnorth", "content": ": \u6d2a\u81ed\u7684\u5f88\u83ab\u540d\uff0c\u5979\u4e0d\u904e\u8aaa\u97d3\u548c\u8521\u5169\u500b\u4eba\u9078"}, {"type": 0, "id": "farnorth", "content": ": \u6703\u652f\u6301\u8521\uff0c\u5f9e\u6b64\u5c31\u9ed1\u6389\u4e86\uff0c\u4f46\u97d3\u9019\u9ebc\u721b\u5f88"}, {"type": 0, "id": "farnorth", "content": ": \u96e3\u9078\u55ce\uff1f"}, {"type": 0, "id": "issatomi", "content": ": \u83f8\u7cde\u7da0\u5171\u6700\u611b"}, {"type": 1, "id": "Sougetu", "content": ": \u963f\u6587\u5e55\u50da\u8a0e\u53ad\u4ed6\u5011\u55ce"}, {"type": 0, "id": "fouto", "content": ": \u771f\u4ed6\u5abd\u5641\u5fc3"}, {"type": -1, "id": "spaceview", "content": ": https://goo.gl/pog1jP \u52dd\u6587\u5e55\u50da\u56fa\u5b9a\u7684"}, {"type": 0, "id": "spaceview", "content": ": \u5e36\u98a8\u5411\u65b0\u805e \u4e0d\u904e\u52dd\u6587\u662f\u4e0d\u662f\u7576\u9109\u6c11\u7b28\u86cb?"}, {"type": 1, "id": "greedystar1", "content": ": \u5074\u7ffc\u9023\u7dda"}, {"type": -1, "id": "djhuty", "content": ": \u90fdDPP\u554a"}, {"type": 0, "id": "spaceview", "content": ": https://goo.gl/QvA5cv \u6562\u7528\u9019\u7a2e\u9ed1\u6389\u7684"}, {"type": 0, "id": "spaceview", "content": ": \u5e33\u865f\u5e36\u98a8\u5411\u771f\u7684\u662f\u77a7\u4e0d\u8d77\u9109\u6c11\u8a18\u61b6\u529b"}, {"type": 1, "id": "lawrance", "content": ": \u8b9a\u5594"}, {"type": 1, "id": "Puribaw", "content": ": \u90a3\u5169\u500b\u6642\u529b\u7684\u662f\u5728\u641e\u7b11\u55ce"}, {"type": -1, "id": "washi54", "content": ": \u771f\u7684\u4e0d\u6f14\u4e86\u311f"}, {"type": -1, "id": "beerduck", "content": ": \u6efe"}, {"type": -1, "id": "sh26225399", "content": ": \u770b\u5230\u5c31\u60f3\u5410"}, {"type": 0, "id": "insingW", "content": ": \u5074\u7ffc\u5927\u9032\u64ca\uff1f"}, {"type": 0, "id": "photoless", "content": ": \u4e0b\u67b6\u9019\u56db\u4f4d"}, {"type": 0, "id": "sss1234", "content": ": \u9760\u5f1f\u7684\u5594"}, {"type": 1, "id": "banduna", "content": ": \u5e6b\u88dc"}, {"type": -1, "id": "wulaw5566", "content": ": \u5169\u500b\u8b8a\u8272\u9f8d+\u653f\u4e8c\u4ee3+\u53f0\u5317\u60e1\u68cd\u597d\u670b\u53cb"}, {"type": 1, "id": "nosay", "content": ": \u652f\u63013Q"}, {"type": 1, "id": "damnche", "content": ": \u63a8"}, {"type": -1, "id": "antonny", "content": ": \u5c31dpp\u554a \u70ba\u4e86\u5438\u4e2d\u9593\u9078\u6c11\u7576\u653f\u5ba2"}, {"type": -1, "id": "byrt", "content": ": \u653f\u6cbb\u80cc\u9aa8+\u5f37\u982d\u8349+\u653f\u4e8c\u4ee3+\u53f0\u5317\u60e1\u68cd\u597d\u53cb"}, {"type": -1, "id": "lnmp", "content": ": \u843d\u9078\u806f\u76df"}, {"type": 1, "id": "yan1979", "content": ": \u9760\u80cc \u5c31\u5c0f\u7da0\u5074\u7ffc\u554a \u9a19\u8ab0"}, {"type": 0, "id": "RD5566", "content": ": \u8de8\u4ec0\u9ebc\uff1f"}, {"type": 1, "id": "yor", "content": ": \u63a8"}, {"type": -1, "id": "currit", "content": ": \u5641\u5fc3"}, {"type": -1, "id": "outdowave", "content": ": \u7b11\u6b7b \u7832\u7070\u806f\u76df  \u9084\u662f\u8f38\u5f88\u591a\u7684\u7832\u7070"}, {"type": 0, "id": "byrt", "content": ": \u806f\u5408\u4e0b\u67b6"}, {"type": 1, "id": "azytjr", "content": ": \u4e0d\u6f14\u4e86"}, {"type": -1, "id": "aoyama618", "content": ": \u570b\u660c\u5c4c\u6253\u9019\u5e7e\u500b"}, {"type": -1, "id": "darlene917", "content": ": \u4ee5\u70ba\u9084\u80fd\u9a19\u7b2c\u4e8c\u6b21\u5594\uff0c\u5168\u70ae\u7070\u7121\u8aa4!!!"}, {"type": 1, "id": "Gaffky", "content": ": \u52a0\u6cb9\uff01"}, {"type": 0, "id": "paul087011", "content": ": \u771f\u9999\u9023\u7dda"}, {"type": -1, "id": "starfishfish", "content": ": ......."}, {"type": 1, "id": "yungchingman", "content": ": \u63a8"}, {"type": 1, "id": "fujimoto", "content": ": \u5783\u573e\u5927\u96c6\u5408"}, {"type": -1, "id": "tw104501", "content": ": \u53ef\u6190"}, {"type": -1, "id": "rscs", "content": ": \u9583\u5c3f\u5614\u5614\u5614"}, {"type": 0, "id": "tahikuro", "content": ": \u9673\u67cf\u60df\u7b11\u6b7b\u4eba \u77e5\u9053\u8a00\u8ad6\u81ea\u7531\u53f0\u7063\u6c11\u4e3b\u5728"}, {"type": 0, "id": "tahikuro", "content": ": \u54ea\u500b\u59d4\u54e1\u6703\u55ce"}, {"type": -1, "id": "paul087011", "content": ": \u5c0f\u7da0\u5927\u806f\u76df"}, {"type": -1, "id": "LITTLEDENNY", "content": ": \u9583\u5c3f"}, {"type": 1, "id": "pin0114", "content": ": \u6c92\u6709\u8de8\u5427"}, {"type": -1, "id": "dream01212", "content": ": \u5653\u5c3f\u3002\u3002\u3002"}, {"type": -1, "id": "zxnm1224", "content": ": \u9583\u5c3f\u310f\u310f"}, {"type": -1, "id": "muffinpat", "content": ": \u5433\u503c\u5f97\u89c0\u5bdf\u8ddf\u671f\u5f85\uff0c\u4f46\u662f\u6d2a\u8ddf\u9583\u5c3f\u662f\u5728\u8cbc"}, {"type": -1, "id": "w2234s", "content": ": \u9583\u5c3f"}, {"type": -1, "id": "hank19980703", "content": ": \u5783\u573e\u806f\u76df"}, {"type": 0, "id": "muffinpat", "content": ": \u5e7e\u9ede\u7684?"}, {"type": 1, "id": "lmc66", "content": ": \u67ef\u7c89\u53ea\u611b\u937e\u5c0f\u5e73\u7ae5\u5e2b\u5085"}, {"type": 0, "id": "muffinpat", "content": ": \u9000\u9ee8\u524d\u8b1b\u5f97\u591a\u6e05\u9ad8\u591a\u70ba\u9ee8\u7684\u672a\u4f86\u8457\u60f3\uff0c\u4e8b"}, {"type": 0, "id": "muffinpat", "content": ": \u5be6\u4e0a\u5c31\u53ea\u662f\u6015\u81ea\u5df1\u6c92\u8cc7\u6e90\u9078\u4e0d\u4e0a\u800c\u5df2"}, {"type": -1, "id": "Ladios", "content": ": \u9583\u5c3f\u651d\u8b77\u817a"}, {"type": 0, "id": "ganganx", "content": ": \u5dee\u4e00\u500b\u60e1\u68cd\u5c31\u5b8c\u7f8e\u4e86"}, {"type": 1, "id": "way7344", "content": ": \u91cd\u65b0\u5b9a\u7fa9\"\u8de8\u9ee8\u6d3e\""}, {"type": 1, "id": "judasprist", "content": ": \u5176\u5be6\u6797\u6d2a\u5c31\u662f\u6c11\u9032\u9ee8\u4e86 \u9019\u6a23\u771f\u7684\u6eff\u77ef\u60c5"}, {"type": 0, "id": "judasprist", "content": ":  \u628a\u4eba\u7576\u767d\u7661"}, {"type": 1, "id": "DorisQQ", "content": ": \u9060\u96e2\u9ec3\u570b\u660c\u624d\u6709\u672a\u4f86 \u5404\u4f4d\u505a\u5f97\u597d"}, {"type": 1, "id": "ks22523", "content": ": \u9583\u5c3f\u60f9\u4eba\u6028"}, {"type": -1, "id": "tanby", "content": ": \u5feb\u52a0\u5165\u6c11\u9032\u9ee8\u5427 \u5728\u90a3\u908a\u6f14 \u6709\u5920\u5641\u5fc3"}, {"type": -1, "id": "k3o5l6bj", "content": ": \u9583\u5c3f"}, {"type": -1, "id": "herro760920", "content": ": \u771f\u6b63\u7684\u5c0f\u7da0\uff0c\u53bb\u5403\u5c4e\u5427"}, {"type": -1, "id": "s19951231", "content": ": \u7832\u7070\u806f\u76df"}, {"type": -1, "id": "WWWWWWWWWWWV", "content": ": \u9583\u5c3f"}, {"type": 1, "id": "Skyblueway", "content": ": \u4e00\u53ef\u8996\u70ba\u540c\u4e00\u500b\u9ee8"}, {"type": 0, "id": "TT", "content": ": \u9019\u662f\u8de8\u4e86\u5565\u9ee8\uff1f"}, {"type": -1, "id": "xiokai", "content": ": \u5653"}, {"type": -1, "id": "zxnm1224", "content": ": \u5614\u5614\u5614\u5614"}, {"type": -1, "id": "gossipboy060", "content": ": \u9583\u5c3f\u5594"}, {"type": 0, "id": "milleniue", "content": ": \u9019\u7d44\u5408\u662f\u771f\u7684\u4e0d\u8981\u4e2d\u9593\u7968\u4e86XDDD"}, {"type": -1, "id": "lavender1227", "content": ": \u5687\u5230\u8932\u5b50\u6fd5"}, {"type": -1, "id": "ubcs", "content": ": \u9673\u67cf\u60df\u54ea\u6642\u8981\u8aaa\u4ed6\u8ddf\u53f0\u5317\u795e\u68cd\u7684\u95dc\u4fc2\u554a"}, {"type": -1, "id": "citima", "content": ": \u9583\u5c3f\u529b\u91cf"}, {"type": -1, "id": "ray0305", "content": ": \u90fd\u662f\u7da0\u7684 \u8de8\u5565\u9ee8\u6d3e"}, {"type": -1, "id": "LITTLEDENNY", "content": ": \u7b11\u6b7b\u9583\u5c3f\u529b\u91cf"}, {"type": -1, "id": "billy5588tw", "content": ": \u6574\u500b\u9583\u5c3f"}, {"type": -1, "id": "dreamer15", "content": ": \u8932\u6fd5\u4e00\u534a"}, {"type": 0, "id": "BEHIND", "content": ": \u310f\u310f"}, {"type": -1, "id": "proque", "content": ": \u9583\u5c3f\u8d85\u5641\u7684"}, {"type": 1, "id": "Raikkonen01", "content": ": \u6c11\u9032\u9ee8\u5206\u516c\u53f8"}, {"type": -1, "id": "lucky7451", "content": ": \u9583\u5c3f\u54c8\u54c8\u54c8"}, {"type": -1, "id": "sw11236", "content": ": \u9583\u5c3f\u9583\u5c3f"}, {"type": -1, "id": "gzliu", "content": ": \u5ee2\u6b7b\u7acb\u59d4\u7ad9\u51fa\u4f86\u9ee8\uff01\u6636\u4f50\u9078\u6211\u6b63\u89e3\uff01"}, {"type": 0, "id": "armstrong09", "content": ": \u90fd\u7da0\u7684\u6709\u5dee\u55ce"}, {"type": 1, "id": "jims123", "content": ": \u9583\u5c3f"}, {"type": 0, "id": "kululualex", "content": ": \u5168\u90fd\u7da0\u7684\u9084\u73a9\u8d85\u8d8a\u85cd\u7da0\u90a3\u4e00\u5957..."}, {"type": -1, "id": "jims123", "content": ": \u9583\u5c3f"}, {"type": 0, "id": "sanker", "content": ": \u63a8"}, {"type": -1, "id": "gossipboy060", "content": ": \u9583\u5c3f\u54c8\u54c8"}, {"type": -1, "id": "avinlee2001", "content": ": \u9583\u5c3fqq"}, {"type": 0, "id": "eebear", "content": ": \u5168\u90e8\u90fd\u662f\u7da0\u7684\u662f\u8de8\u5230\u54ea\u88e1?"}, {"type": 1, "id": "scsajk01", "content": ": \u67d0\u7c89\u597d\u6c23\u5594,\u760b\u72c2\u4f4e\u8abf\u5509,\u54c8\u54c8\u54c8"}, {"type": 1, "id": "good74152", "content": ": \u540c\u500b\u908f\u8f2f \u65b0\u9ee8 \u570b\u6c11\u9ee8\u662f\u8de8\u9ee8\u6d3e\u55ce"}, {"type": -1, "id": "sw0159", "content": ": \u9583\u5c3f\u5537"}, {"type": 1, "id": "mudee", "content": ": \u80cc\u53db\u6642\u529b\u7684\u50a2\u4f19"}, {"type": -1, "id": "nidia", "content": ": \u9583\u5c3f\u60f9\u60f9\u60f9\u60f9"}, {"type": 1, "id": "sunnymiruko", "content": ": \u8349\u5305\u8ddf\u83dc\u5305\u5169\u500b\u90fd\u66e9\u5305\uff0c\u7576\u7136\u662f\u6295\u5ee2"}, {"type": 0, "id": "sunnymiruko", "content": ": \u7968\u554a"}, {"type": 0, "id": "sunnymiruko", "content": ": \u5e79\u561b\u6295\u7d66\u5ee2\u7269\u5462\uff1f"}, {"type": 0, "id": "nforcex", "content": ": \u5403\u5c4e\u9023\u7dda"}, {"type": 1, "id": "hangEasy", "content": ": \u7b11\u6b7b\u4eba\u7684\u662f\u5f71\u5e1d\u9ec3\u570b\u660c\u597d\u55ce"}, {"type": -1, "id": "arli3", "content": ": \u770b\u5230\u4e0d\u4e7e\u6de8\u7684\u6771\u897f\uff5e\uff5e\uff5e\u5641\u721b"}], "post_ip": "114.136.216.183", "post_content": "\n\n1.\u5a92\u9ad4\u4f86\u6e90:\n\u4e2d\u592e\u793e\n\n2.\u8a18\u8005\u7f72\u540d\n\u4e2d\u592e\u793e\u8a18\u8005\u90ed\u5efa\u4f38\u3001\u8449\u7d20\u840d\u53f0\u53171\u65e5\u96fb\n\n3.\u5b8c\u6574\u65b0\u805e\u6a19\u984c:\n\u6d2a\u6148\u5eb8\u6797\u6636\u4f50\u5433\u6021\u8fb2\u9673\u67cf\u60df\u3000\u8de8\u9ee8\u6d3e\u806f\u5408\u7af6\u9078\n\n4.\u5b8c\u6574\u65b0\u805e\u5167\u6587:\n\u8fce\u62302020\u5927\u9078\uff0c\u7121\u9ee8\u7c4d\u7acb\u59d4\u7acb\u59d4\u6797\u6636\u4f50\u3001\u6d2a\u6148\u5eb8\u8207\u6c11\u9032\u9ee8\u7acb\u59d4\u53c3\u9078\u4eba\u5433\u6021\u8fb2\u53ca\u57fa\u9032\u9ee8\u7acb\u59d4\n\u53c3\u9078\u4eba\u9673\u67cf\u60df\u7d44\u6210\u5c07\u7d44\u6210\u8de8\u9ee8\u6d3e\u7684\u300c\u524d\u7dda\u300d\uff0c\u9664\u8a34\u6c42\u6297\u4e2d\u4fdd\u53f0\uff0c\u4e5f\u6703\u63d0\u51fa\u5171\u540c\u653f\u898b\u3001\u806f\u5408\n\u7af6\u9078\uff0c\u5468\u56db\u5c07\u5728\u53f0\u5317\u8209\u884c\u9996\u767c\u8a18\u8005\u6703\u3002\n\n\u6797\u6636\u4f50\u8ddf\u6d2a\u6148\u5eb8\u9000\u51fa\u6642\u4ee3\u529b\u91cf\u5f8c\uff0c\u8fd1\u4f86\u4e00\u76f4\u50b3\u51fa\u6709\u610f\u7c4c\u7d44\u8de8\u9ee8\u7684\u300c\u53f0\u6d3e\u9023\u7dda\u300d\u3002\u77e5\u60c5\u4eba\u58eb\n\u8868\u793a\uff0c\u9019\u500b\u9023\u7dda\u7d44\u7e54\u5c07\u53d6\u540d\u300c\u524d\u7dda\u300d\uff0c\u540d\u7a31\u662f\u7531\u6797\u6636\u4f50\u53ca\u6d2a\u6148\u5eb8\u8a0e\u8ad6\u51fa\u4f86\u7684\uff0c\u4e0d\u7a31\u300cXX\u9023\n\u7dda\u300d\u800c\u76f4\u63a5\u53d6\u540d\u524d\u7dda\uff0c\u5e0c\u671b\u8b93\u6c11\u773e\u66f4\u4fbf\u65bc\u8a18\u5f97\u3002\n\n\u77e5\u60c5\u4eba\u58eb\u6307\u51fa\uff0c\u300c\u524d\u7dda\u300d\u6210\u54e1\u76ee\u524d\u662f\u7531\u6797\u6636\u4f50\u3001\u6d2a\u6148\u5eb8\u3001\u5433\u6021\u8fb2\u53ca\u9673\u67cf\u60df\u7d44\u6210\uff0c\u96d6\u7136\u73fe\u5728\n\u53ea\u67094\u4eba\uff0c\u4f46\u672a\u4f86\u4e0d\u6392\u9664\u64f4\u5927\u627e\u5176\u4ed6\u4e2d\u9752\u4e16\u4ee3\u7684\u53c3\u9078\u4eba\u52a0\u5165\uff1b\u96d6\u7136\u300c\u524d\u7dda\u300d\u7684\u6210\u54e1\u90fd\u662f\u5340\n\u57df\u7acb\u59d4\u53c3\u9078\u4eba\uff0c\u4f46\u672a\u4f86\u5c07\u4ee5\u8de8\u5340\u540d\u55ae\u65b9\u5f0f\u63d0\u51fa\uff0c\u76fc\u5f62\u5851\u300c\u4e0d\u5206\u5340\u6230\u968a\u300d\u7684\u5f62\u8c61\u3002\n\n\u96d6\u7136\u300c\u524d\u7dda\u300d\u4e0d\u662f\u653f\u9ee8\u7d44\u7e54\uff0c\u4f46\u672a\u4f86\u4e5f\u6703\u63a8\u51fa\u9019\u500b\u7d44\u7e54\u7684\u4e3b\u8996\u89ba\uff0c\u4e26\u63d0\u51fa\u300c\u5171\u540c\u653f\u898b\u300d\u3002\n\u64da\u4e86\u89e3\uff0c\u5171\u540c\u653f\u898b\u5c07\u6db5\u84cb4\u540d\u7acb\u59d4\u53c3\u9078\u4eba\u7684\u5c08\u9577\u9818\u57df\uff0c\u5982\u6797\u6636\u4f50\u662f\u6587\u5316\u8207\u5916\u4ea4\uff0c\u6d2a\u6148\u5eb8\u662f\n\u6587\u6559\u3001\u793e\u798f\u3001\u6258\u80b2\uff0c\u5433\u6021\u8fb2\u5247\u662f\u570b\u9632\u8207\u91d1\u878d\uff0c\u9673\u67cf\u60df\u5247\u662f\u8a00\u8ad6\u81ea\u7531\u8207\u53f0\u7063\u6c11\u4e3b\uff0c\u81f3\u65bc\u5730\u5340\n\u6027\u7684\u8b70\u984c\u5247\u56de\u5230\u4e0d\u540c\u5019\u9078\u4eba\u8eab\u4e0a\u3002\n\n\u64da\u6307\u51fa\uff0c\u300c\u524d\u7dda\u300d\u7684\u904b\u4f5c\u65b9\u5f0f\u9664\u4e86\u53c3\u9078\u4eba\u7684\u5404\u81ea\u884c\u7a0b\u5916\uff0c\u9084\u6703\u6709\u665a\u6703\u3001\u9020\u52e2\u7b49\u806f\u5408\u7af6\u9078\u884c\n\u7a0b\uff0c\u5305\u542b\u5730\u9762\u6230\u6216\u662f\u7db2\u8def\u7a7a\u6230\u90fd\u6703\u4e00\u8d77\u505a\u3002\n\n\u5433\u6021\u8fb2\u53d7\u8a2a\u6642\u4e0d\u9858\u8b49\u5be6\u6b64\u6d88\u606f\uff0c\u4ed6\u53ea\u8aaa\uff0c\u4ed6\u5f9e\u88ab\u63d0\u540d\u90a3\u5929\u958b\u59cb\uff0c\u9664\u4e86\u62dc\u8a2a\u5404\u5730\u524d\u8f29\u3001\u8b70\u54e1\n\u3001\u91cc\u9577\uff0c\u4e5f\u5c0b\u6c42\u8de8\u9ee8\u6d3e\u652f\u6301\uff0c\u5982\u679c3\u65e5\u6709\u8a18\u8005\u6703\uff0c\u6703\u518d\u5411\u5916\u754c\u8aaa\u660e\u6b64\u4e8b\u3002\n\n\u9673\u67cf\u60df\u53d7\u8a2a\u6307\u51fa\uff0c\u524d\u7dda\u662f\u300c\u4fdd\u885b\u53f0\u7063\u7684\u6700\u524d\u7dda\u300d\uff0c\u9019\u662f\u4e00\u4e9b\u5728\u570b\u5bb6\u4e3b\u6b0a\u8b70\u984c\u4e0a\u5fd7\u540c\u9053\u5408\u7684\n\u670b\u53cb\uff0c\u4e92\u76f8\u62c9\u62ac\u7684\u65b9\u5f0f\uff0c\u5927\u5bb6\u73fe\u5728\u662f\u4e00\u8d77\u8a0e\u8ad6\u653f\u7b56\u3001\u4e00\u8d77\u62cd\u7167\u3002\uff08\u7de8\u8f2f\uff1a\u8607\u9f8d\u9e92\uff09\n1081001\n\n5.\u5b8c\u6574\u65b0\u805e\u9023\u7d50 (\u6216\u77ed\u7db2\u5740):\nhttps://www.cna.com.tw/news/aipl/201910010298.aspx\n\n6.\u5099\u8a3b:\n\n--\n\u6211\u5011\u90fd\u662fChinese\n\n--\n"}