{"ptt_id": "Vivian5566", "post_url": "https://www.ptt.cc/bbs/Gossiping/M.1569146588.A.341.html", "post_type": "\u554f\u5366", "post_title": "\u73fe\u5728\u7684\u5c0f\u5b69\u5230\u5e95\u662f\u5929\u7136\u7368\u9084\u662f\u8214\u652f\uff1f", "post_time": "2019-09-22 18:03:06", "post_score": 6, "post_pushes": [{"type": 1, "id": "kcclasaki", "content": ": \u5929\u7136\u7368\u7684\u591a\u5427"}, {"type": 0, "id": "Kreen", "content": ": \u65e9\u5c31\u88ab\u6587\u5316\u5165\u4fb5\u4e86\uff0c\u4e00\u5806\u770b\u8457\u652f\u90a3\u7bc0\u76ee\u9577\u5927\u7684"}, {"type": 0, "id": "kcclasaki", "content": ": \u4f46\u4eba\u591a\u5fc5\u6709\u767d\u7661"}, {"type": 0, "id": "a3221715", "content": ": \u652f\u90a3\u7528\u8a9e\u5927\u91cf\u5165\u4fb5"}, {"type": 0, "id": "gankgf", "content": ": \u4e94\u6a13\u5929\u7136\u8214\u809b\u6d3e"}, {"type": 1, "id": "james7890", "content": ": \u6c92\u8166\u4f4e\u80fd\u7684\u591a"}, {"type": 0, "id": "james7890", "content": ": \u4e94\u6a13\u5614\u5614\u5614\u5614\u5614\u5614\u5614"}, {"type": 0, "id": "kcclasaki", "content": ": \u540c\u610f5\u30016\u6a13"}, {"type": -1, "id": "ltyintw", "content": ": \u9019\u5f88\u91cd\u8981? \u4f60\u4e00\u5b9a\u8981\u4ed6\u5011\u5c0f\u6642\u5019\u9078\u4e00\u908a\u7ad9?"}, {"type": 0, "id": "johnhmj", "content": ": \u300c\u4e0d\u60f3\u9032\u8ecd\u968a\u7576\u5175\u53c8\u53cd\u4e2d\u53c8\u770b\u4e2d\u570b\u5076\u50cf\u300d"}, {"type": 1, "id": "zzro", "content": ": \u5929\u7136\u7368\u554a \u9019\u8a5e\u8b49\u660e\u4e86\u53f0\u7063\u9084\u5c6c\u65bc\u4e2d\u570b \u6975\u597d\u7684"}, {"type": 1, "id": "KaiManSo", "content": ": \u5ad6\u5993\u6703\u611b\u4e0a\u5993\u5973\u55ce\uff1f\u770b\u4e2d\u5287\u4e5f\u4e0d\u4e00\u5b9a\u611b\u4e2d"}, {"type": 0, "id": "KaiManSo", "content": ": \u570b\u554a"}, {"type": 0, "id": "VUVCOM", "content": ": \u4e0d\u66c9\u5f97\u8a92 \u8eab\u908a\u6700\u5c0f\u7684\u89aa\u621a\u665a\u8f29 \u6709\u52a0\u5165\u4e2d\u53f0"}, {"type": 0, "id": "VUVCOM", "content": ": \u53cb\u597d\u65cf\u7fa4"}, {"type": 0, "id": "cyc114", "content": ": \u56e0\u70ba\u53f0\u7063\u7684\u5a1b\u6a02\u5708\u5df2\u7d93...."}, {"type": 0, "id": "fq1l4i", "content": ": \u4e2d\u570b\u5287\u4e2d\u570b\u6b4c\u5c31\u7b97\u4e86\uff0c\u4e2d\u570b\u6709\u5076\u50cf\uff1f"}, {"type": 1, "id": "peterwww", "content": ": \u56e0\u70ba\u81ea\u5931\u4e2d\u570b\u6cd5\u7d71 \u5c0e\u81f4\u8996\u807d\u5a1b\u6a02\u5168\u9762\u5d29\u76e4"}, {"type": 0, "id": "peterwww", "content": ": \u53bb\u4e2d\u570b\u5316\u5371\u5bb3\u751a\u6df1"}, {"type": 0, "id": "peterwww", "content": ": \u5c0d\u5cb8\u81ea\u7136\u53d6\u4ee3\u4f60"}, {"type": 0, "id": "excia", "content": ": \u4e2d\u570b\u4eba\u770b\u7f8e\u65e5\u7684\u5f71\u8996\u4f5c\u54c1\u9084\u4e0d\u4e00\u6a23\u5c60\u7f8e\u6ec5\u65e5"}, {"type": 0, "id": "peterwww", "content": ": \u7562\u7adf\u4f60\u4e0d\u80fd\u5f71\u97ff\u4ed6 \u4ed6\u80fd\u5f71\u97ff\u4f60"}, {"type": 0, "id": "fq1l4i", "content": ": \u4e2d\u570b\u662f\u5076\u50cf\u6c99\u6f20\u5427"}, {"type": 0, "id": "peterwww", "content": ": \u7368\u7da0\u4ee5\u7368\u5f15\u7d71 \u9808\u5168\u9762\u5be9\u614e\u89e3\u8b80"}, {"type": 0, "id": "excia", "content": ": \u5de5\u4f5c\u4e0a\u8ddf\u5b78\u7fd2\u4e0a\u6709\u6642\u6703\u7528\u5230\u4e2d\u570b\u7684\u8cc7\u6e90\u6211\u7167\u7528"}, {"type": 0, "id": "peterwww", "content": ": \u81ea\u9396 \u5fc5\u88ab\u540c\u6587\u540c\u7a2e\u76f8\u9130\u5f71\u97ff"}, {"type": 0, "id": "excia", "content": ":  \u5171\u7522\u9ee8\u7167\u7f75 \u6c92\u554f\u984c\u554a"}, {"type": 0, "id": "peterwww", "content": ": \u5927\u5bb6\u4f55\u6642\u624d\u80fd\u770b\u6e05\u695a"}, {"type": 1, "id": "KaiManSo", "content": ": \u4e2d\u570b\u7684\u5371\u5bb3\u624d\u6df1\u5462\uff0c\u4e00\u5929\u5230\u665a\u91d1\u5eb8\uff0c\u554a\u4e0d"}, {"type": 0, "id": "KaiManSo", "content": ": \u7136\u5c31\u5bae\u9b25\u6e05\u570b\u5287\uff0c\u6c92\u6709\u5275\u610f\u624d\u662f\u641e\u6b7b\u83ef\u4eba"}, {"type": 0, "id": "KaiManSo", "content": ": \u5f71\u8996\u5708\u7684\u5143\u5147"}, {"type": 0, "id": "peterwww", "content": ": \u82e5\u4e0d\u8d70\u56de\u4e2d\u570b\u6b63\u7d71\u8def\u7dda\u3002\u7a69\u6b7b"}, {"type": 0, "id": "peterwww", "content": ": \u91d1\u5eb8\u624d\u8b9a"}, {"type": 0, "id": "KaiManSo", "content": ": \u554a\u5c0d\u4e86\u9084\u6709\u6297\u65e5\u767d\u7661\u770b\u7684\u795e\u5287"}, {"type": -1, "id": "ZABORGER", "content": ": \u4e00\u5806\u5a1b\u6a02\u76f8\u95dc\u7269\u90fd\u662f\u5f9e\u532a\u5340\u4f86 \u65e9\u5c31\u662f\u5929\u7136"}, {"type": 0, "id": "peterwww", "content": ": \u6232\u5287\u6709\u5c0f\u8aaa\u8173\u672c"}, {"type": 1, "id": "bryan21xxx", "content": ": \u4e2d\u570b\u5f71\u8996\u5a1b\u6a02\u5c31\u662f\u7d66\u667a\u969c\u770b\u7684\u554a"}, {"type": 0, "id": "ZABORGER", "content": ": \u7d71\u7684\u5f62\u72c0\u4e86....."}, {"type": 0, "id": "bryan21xxx", "content": ": 21\u4e16\u7d00\u9084\u5728\u6b66\u4fe0\u683c\u683c\u7687\u4e0a"}, {"type": 0, "id": "bryan21xxx", "content": ": \u771f\u4ed6\u5abd\u5f31\u667a\u4f4e\u80fd\u5152"}, {"type": 0, "id": "bryan21xxx", "content": ": \u96e3\u602a\u7f8e\u570b\u5728\u9769\u547d\u4f60\u5728\u73a9\u5bae\u5973"}, {"type": 0, "id": "peterwww", "content": ": \u6bd4\u8d77\u908a\u7de8\u908a\u6f14\u7684\u6240\u8b02\u672c\u571f\u5287\u597d\u592a\u591a"}, {"type": 0, "id": "bryan21xxx", "content": ": \u652f\u90a3\u6557\u6230\u4e09\u5343\u5e74\u4ecd\u4e0d\u81ea\u7701"}, {"type": 0, "id": "bryan21xxx", "content": ": \u5b78\u7fd2\u9019\u7a2e\u52a3\u7b49\u6587\u5316\u5e79\u561b"}, {"type": 0, "id": "peterwww", "content": ": \u6700\u8fd1\u5a01\u79c0\u4e0a\u6f14\u98c4 \u9019\u90e8\u7f8e\u570b\u96fb\u5f71"}, {"type": 0, "id": "peterwww", "content": ": \u82f1\u570b\u7684\u820a\u6642\u4ee3\u5c0f\u8aaa\u96fb\u5f71\u4e5f\u98a8\u9761\u5168\u7403"}, {"type": 1, "id": "KaiManSo", "content": ": \u91d1\u5eb8\u8b9a\u554a\uff0c\u4e0d\u904e\u62cd\u516b\u767e\u500b\u5c04\u96d5\uff0c\u516b\u767e\u500b\u795e"}, {"type": 0, "id": "KaiManSo", "content": ": \u96d5\uff0c\u516b\u767e\u500b\u501a\u5929\u5c60\u9f8d\uff0c\u5c31\u6703\u4ee4\u4eba\u60f3\u5410\u4e86"}, {"type": 0, "id": "peterwww", "content": ": \u6709\u6b77\u53f2\u5c31\u6709\u6587\u5316\u6c23\u606f"}, {"type": 0, "id": "peterwww", "content": ": \u7834\u7368\u7da0\u7121\u53f2\u4e4b\u5357\u5cf6"}, {"type": 0, "id": "KaiManSo", "content": ": \u6c92\u5275\u610f\u53ea\u6703\u64bf\u73fe\u6210\uff0c\u5641\u5fc3\u4e2d\u570b\u4eba"}, {"type": 0, "id": "peterwww", "content": ": \u6bd4\u8d77\u9b3c\u7de8\u672c\u571f\u5287\u4e82\u6f14\u4e00\u901a\u9084\u662f\u6b61\u6a02\u52dd"}, {"type": 0, "id": "bryan21xxx", "content": ": \u5b78\u7fd2\u5b54\u5b5f\u9019\u7a2e\u5112\u5bb6\u8c6c\u7684\u667a\u969c\u73a9\u610f\u5152"}, {"type": 0, "id": "bryan21xxx", "content": ": \u96e3\u602a\u751f\u51fa\u4f86\u90fd\u662f\u8ce4\u5974\u624d"}, {"type": 0, "id": "bryan21xxx", "content": ": \u667a\u969c\u652f\u90a3\u5f71\u8996\u771f\u7684\u90fd\u7d66\u8c6c\u770b\u7684"}, {"type": 0, "id": "peterwww", "content": ": \u6b77\u53f2\u7d20\u6750\u592a\u591a\u4e86\u3002\u4e09\u570b\u6f14\u7fa9\u53ef\u4ee5\u518d\u7e7c\u7e8c\u62cd"}, {"type": 0, "id": "peterwww", "content": ": \u7121\u53f2\u5357\u5cf6\u624d\u662f\u771f\u5974"}, {"type": 0, "id": "peterwww", "content": ": \u4e0d\u4fe1\u4f60\u770b\u5404\u570b \u83ef\u4eba\u90fd\u5f88\u5feb\u638c\u63e1\u653f\u7d93\u5927\u6b0a"}, {"type": 0, "id": "peterwww", "content": ": \u6240\u4ee5\u6709\u4e9b\u570b\u5bb6\u5f88\u6015\u83ef\u4eba"}, {"type": 0, "id": "bryan21xxx", "content": ": \u662f\u89ba\u5f97\u83ef\u4eba\u8ce4 \u4e0d\u662f\u6015\u4ed6"}, {"type": 0, "id": "bryan21xxx", "content": ": \u81ea\u6170\u6210\u9019\u6a23 \u4e94\u6bdb\u5225\u9b27\u4e86"}, {"type": 1, "id": "KaiManSo", "content": ": \u7576\u7136\u5168\u4e16\u754c\u90fd\u6015\u83ef\u4eba\u554a\uff0c\u751f\u6d3b\u53ea\u6709\u5de5\u4f5c\uff0c"}, {"type": 0, "id": "KaiManSo", "content": ": \u81e8\u6b7b\u7684\u90a3\u4e00\u523b\u56de\u60f3\u8d77\u4e00\u751f\u5168\u90e8\u90fd\u5728\u5de5\u4f5c"}, {"type": 0, "id": "howshaw", "content": ": \u80fd\u9192\u7684\u624d\u662f\u53ef\u8cb4"}, {"type": -1, "id": "sionxp", "content": ": \u6211\u53ea\u77e5\u9053 \u4e00\u5806\u4eba\u770b\u4e2d\u570b\u7684\u7bc0\u76ee"}], "post_ip": "1.200.201.254", "post_content": "\n\u9913\u6b7b\u62ac\u982d\n\u5f88\u591a\u4eba\u8aaa\u73fe\u5728\u5e74\u8f15\u4eba\u662f\u5929\u7136\u7368\n\u53ef\u662f\u660e\u660e\u5c31\u4e00\u5806\u4eba\u5d07\u62dc\u652f\u90a3\u5076\u50cf\u770b\u652f\u90a3\u5287\u8b1b\u652f\u90a3\u7528\u8a9e\u5531\u652f\u90a3\u6b4c\n\u7136\u5f8c\u8ddf\u8457\u53eb\u5167\u5730\n\u770b\u4e86\u771f\u4ed6\u5abd\u5920\u5641\u5fc3\n\u5230\u5e95\u54ea\u4e00\u6d3e\u6bd4\u8f03\u591a\n\n--\n"}