{"ptt_id": "ilikebrandy", "post_url": "https://www.ptt.cc/bbs/Gossiping/M.1568672822.A.7BC.html", "post_type": "\u554f\u5366", "post_title": "\u670b\u53cb\u88ab\u4e5e\u4e10\u5acc\u68c4\u60f9", "post_time": "2019-09-17 06:26:59", "post_score": -1, "post_pushes": [{"type": 0, "id": "shevchen", "content": ": \u76f4\u8aaa"}, {"type": -1, "id": "ericinttu", "content": ":   \u4f60\u670b\u53cb\u6c92\u6709\u611f\u5230\u80cc\u53db\u516b"}, {"type": -1, "id": "cake10414", "content": ": \u54ea\u90e8"}, {"type": 0, "id": "Workforme", "content": ": \u5f88\u597d\u554a \u4e0d\u597d\u55ce"}, {"type": -1, "id": "railman", "content": ": \u7701\u9322\u4e86\u4e8b"}, {"type": -1, "id": "popo889", "content": ": \u4f60\u670b\u53cb\u72af\u8ce4"}, {"type": 0, "id": "badbadook", "content": ": \u5927\u5c4c\u9ed1\u9b91"}, {"type": 0, "id": "v3aa7n", "content": ": \u9019\u90e8\u662f\u5c11\u6797\u8db3\u7403\uff0c  \u771f\u7c21\u55ae"}, {"type": 0, "id": "colbert0626", "content": ": \u7372\u5f97\u4e5e\u4e10\u7684\u8a8d\u540c\u5f88\u91cd\u8981\u55ce"}, {"type": 1, "id": "amaranth5566", "content": ": \u7b11\u9ede\u662f\uff0c\u4f60\u9084\u5728\u610f\u4e5e\u4e10\uff0c"}, {"type": 1, "id": "sl11pman", "content": ": \u6d3b\u8a72\u4ed6\u611b\u8ddf\u4e5e\u4e10\u73a9"}, {"type": 0, "id": "tengobo", "content": ": \u53cd\u6b63\u5ba3\u5e03\u4e0d\u9078\u4e86"}, {"type": 0, "id": "poohhung", "content": ": \u4f46\u4e5e\u4e10\u8eab\u4efd\u7279\u6b8a\uff0c\u53ef\u4ee5\u5728\u67d0\u55ae\u4f4d\u5e6b\u670b\u53cb\u8aaa"}, {"type": 0, "id": "poohhung", "content": ": \u8a71\uff1f"}, {"type": 1, "id": "taiwang8man", "content": ": \u670b\u53cb\u6c92\u88ab\u4e5e\u4e10\u6b98\u7522\u61c9\u8a72\u503c\u5f97\u6176\u5e78"}], "post_ip": "126.34.121.215", "post_content": "\n\u672c\u9b6f\u6709\u4f4d\u670b\u53cb\n\n\u4f9b\u5341\u5e7e\u500b\u4e5e\u4e10\u5403\u98ef\u3001\u5538\u66f8\u751a\u81f3\u662f\u770b\u91ab\u751f\u7684\u8cbb\u7528\u90fd\u4ed6\u51fa\n\n\u4f46\u662f\u6709\u4e00\u4f4d\u6642\u5e38\u627e\u4ed6\u9ebb\u7169\u7684\u5730\u75de\uff0c\u5ffd\u7136\u5c0d\u90a3\u4e9b\u4e5e\u4e10\u8aaa\uff1a\u4ee5\u5f8c\u4f60\u5011\u8ddf\u8457\u6211\uff0c\u4fdd\u8b49\u4f60\u5011\u6709\u5403\u6709\n\u559d\u6709\u66f8\u5ff5\uff0c\u770b\u75c5\u4e5f\u6709\u91ab\u751f\u770b\uff0c\u9084\u6703\u7d66\u4f60\u5011\u96f6\u7528\u9322\n\n\u4e5e\u4e10\u5c31\u76f4\u63a5\u5c0d\u6211\u670b\u53cb\u8aaa\uff1a\u4f60\u9019\u7aae\u9b3c\uff0c\u4ee5\u5f8c\u5225\u806f\u7d61\u4e86\n\n\u670b\u53cb\u611f\u89ba\u5230\u80cc\u53db\uff0c\u73fe\u5728\u751f\u6c23\u53c8\u96e3\u904e\uff0c\u8a72\u600e\u9ebc\u958b\u89e3\u4ed6\u5462\uff1f\u6709\u5366\u55ce\uff1f\n\n--\n"}