{"ptt_id": "tonylinese", "post_url": "https://www.ptt.cc/bbs/Gossiping/M.1566951389.A.29C.html", "post_type": "\u65b0\u805e", "post_title": "\u7576\u89c0\u5149\u5c40\u8b8a\u88dc\u52a9\u5c40\u2026\u6492\u5e63+\u514d\u7c3d \u80fd\u6551\u65c5\u904a", "post_time": "2019-08-28 08:16:25", "post_score": 16, "post_pushes": [{"type": -1, "id": "s3f4e9g6aa7", "content": ": \u4ec0\u9ebc\u721b\u98a8\u5411\u6587"}, {"type": 0, "id": "w76530", "content": ": \u6279\u8a55\u8521\u653f\u5e9c\u5c31\u662f\u721b\u6587\u7121\u8aa4\uff01"}, {"type": -1, "id": "satan04", "content": ": \u6709\u7f72\u540d\u7d66\u5653"}, {"type": 1, "id": "pointa", "content": ": \u5f88\u6b63\u78ba\u554a \u7051\u9322\u653f\u5e9c \u9084\u5c08\u7051\u7d66\u5916\u570b\u4eba"}, {"type": -1, "id": "bbo9527", "content": ": \u6574\u5929\u8dea\u8214\u6c42\u652f\u90a3\u8cde\u98ef\u5403\u624d\u4e0d\u662f\u6b63\u9053ZZZZ"}, {"type": 0, "id": "g8330330", "content": ": \u7665\u7d50\u9ede\u5728\u65bc  \u53f0\u7063\u6c92\u4ec0\u9ebc\u5438\u5f15\u529b"}, {"type": 1, "id": "JT0624", "content": ": \u53ea\u9760\u4e2d\u5ba2\u7684\u662f\u5ee2\u7269 \u53ea\u6703\u7051\u9322\u7684\u4e5f\u662f\u5ee2\u7269\u554a"}, {"type": 0, "id": "henrk", "content": ": \u4e7e\u8106\u8fa6\u514d\u8cbb\u65c5\u904a\u52a0\u6bcf\u65e5\u4e00\u842c\u65c5\u904a\u91d1\uff0c\u76f8\u4fe1\u65c5"}, {"type": 0, "id": "henrk", "content": ": \u5ba2\u7834\u8868\uff0c\u653f\u5e9c\u653f\u7e3e\u5927\u597d"}, {"type": 1, "id": "HowieH", "content": ": \u88dc\u52a9\u672c\u4f86\u5c31\u4e0d\u80fd\u89e3\u6c7a\u554f\u984c"}, {"type": -1, "id": "syldsk", "content": ": \u82b1\u8c79\u7576\u77f3\u864e\u4f60\u8aaa\u54e9"}, {"type": 1, "id": "KKB", "content": ": \u771f\u7684\u5f88\u721b \u53f0\u7063\u4e00\u5806\u89c0\u5149\u9ede\u5ec1\u6240\u721b\u5230\u7206 \u9023\u5c0e\u89bd\u63a5"}, {"type": 0, "id": "KKB", "content": ": \u99c1\u627e\u500b\u544a\u793a\u724c\u8981\u6e05\u695a\u770b\u51fa\u90fd\u770b\u4e0d\u61c2 \u53ea\u6703\u88dc\u52a9\u9a19"}, {"type": 1, "id": "lwamp", "content": ": \u721b\u653f\u7b56\u53ea\u80fd\u5438\u5f15\u5230\u514d\u8cbb\u4ed4"}, {"type": 0, "id": "KKB", "content": ": \u77ed\u671f\u8ddf\u9a19\u9078\u8209"}, {"type": 0, "id": "linceass", "content": ": \u9019\u7bc7\u8aaa\u7684\u6c92\u932f\u554a"}, {"type": 0, "id": "wwvvkai", "content": ": \u8def\u514b\u5e03\u840a\u558a3\u5e74\u4e86 \u6b7b\u5149\u4e86\u6c92"}, {"type": 1, "id": "g8330330", "content": ": \u7c21\u55ae\u8aaa  \u53f0\u7063\u65c5\u904a\u5c31\u662f\u7121\u804a \u7f3a\u4eae\u9ede"}, {"type": 0, "id": "linceass", "content": ": \u9019\u90a3\u53eb\u98a8\u5411 \u4e0d\u8981\u88dd\u7761\u8b93\u4eba\u53eb\u4e0d\u9192"}, {"type": -1, "id": "yoshiringo", "content": ": \u721b\u98a8\u5411\u6587+1"}, {"type": 1, "id": "inmatao", "content": ": \u9760\u5c0d\u5cb8\u6d88\u8cbb\u4e00\u6a23\u6b7b\uff0c\u5929\u5929\u770b\u81c9\u8272\u5403\u98ef\uff0c\u63a8\u8f49"}, {"type": 0, "id": "inmatao", "content": ": \u578b\u548c\u512a\u5316\u624d\u6709\u89e3\uff0c\u4f46\u53ef\u60dc\u592a\u591a\u696d\u8005\u53ea\u60f3\u8eba\u8cfa"}, {"type": 0, "id": "inmatao", "content": ": \u4e2d\u570b\u9322\uff0c\u6839\u672c\u4e0d\u60f3\u82b1\u529b\u6c23\u5b78\u7fd2"}, {"type": 1, "id": "adon0313", "content": ": \u8fb2\u6a5f\u88dc\u52a9\u624d\u626f"}, {"type": 1, "id": "chenweichih", "content": ": \u4e00\u76f4\u8f14\u52a9\u771f\u7684\u662f\u672c\u672b\u5012\u7f6e"}, {"type": 0, "id": "D600dust", "content": ": \u6709\u6bd4\u8a08\u7a0b\u8eca\u88dc\u52a9\u5783\u573e\u55ce\uff1f"}, {"type": 1, "id": "herro760920", "content": ": \u76ee\u524d\u770b\u4e0b\u4f86\u89c0\u5149\u5c40\u771f\u7684\u53ea\u6703\u6492\u5e63\uff0c\u9084\u90fd"}, {"type": 0, "id": "herro760920", "content": ": \u6c92\u6709\u597d\u597d\u9a57\u6536\u548c\u6aa2\u9a57\u6210\u6548\u6c92\u932f\u3002\u5e79\u4ed6\u5abd"}, {"type": 1, "id": "jayden1234", "content": ": \u96e3\u5f97\u540c\u610f\u806f\u5408\u7684\u65b0\u805e \u7e73\u7a05\u662f\u9019\u6a23\u7528\u7684\uff1f"}, {"type": 0, "id": "herro760920", "content": ": \u62ff\u5927\u5bb6\u7a05\u91d1\u4e82\u88dc\u52a9\u7d66\u4eba\u53bb\u73a9\uff0c\u4e0d\u597d\u597d\u8981"}, {"type": 0, "id": "herro760920", "content": ": \u6c42\u65c5\u904a\u54c1\u8cea\uff0c\u771f\u7684\u4e0d\u77e5\u9053\u5728\u5e79\u561b"}, {"type": 1, "id": "bluelune", "content": ": \u6bd4\u7576\u9678\u5ba2\u5c40\u597d\u592a\u591a"}, {"type": 1, "id": "ebeta", "content": ": \u653f\u5e9c\u5c31\u88ab\u89c0\u5149\u696d\u7684\u7d81\u67b6\u4e86\u54a9\uff01\u81ea\u5df1\u4e0d\u52aa\u529b\uff0c\u4e00"}, {"type": 0, "id": "ebeta", "content": ": \u5929\u5230\u665a\u53ea\u6703\u8981\u653f\u5e9c\u88dc\u52a9"}, {"type": 1, "id": "Lailungsheng", "content": ": \u767c\u9322\u6587"}, {"type": -1, "id": "kenndy", "content": ": \u7051\u5e63\u83ca"}, {"type": 1, "id": "badid", "content": ": \u70ba\u4ec0\u9ebc\u53f0\u7063\u9019\u9ebc\u721b?"}, {"type": 0, "id": "terry955048", "content": ": \u806f\u5408"}, {"type": -1, "id": "startera", "content": ": \u5783\u573e\u653f\u5e9c\u53ea\u6703\u6492\u9322 \u53cd\u4e2d\u9a19\u7968 \u5509"}, {"type": 1, "id": "SAABSAAB", "content": ": \u9019\u7bc7\u54ea\u88e1\u8aaa\u932f? \u771f\u7684\u53f0\u7063\u7684\u89c0\u5149\u53ea\u6703\u88dc\u52a9?"}, {"type": -1, "id": "einard666", "content": ": \u88dc\u52a9\u6c11\u773e\u4e0d\u884c \u88dc\u52a9\u696d\u8005\u8ddf\u9678\u5ba2\u5c31\u53ef\u4ee5\u5594"}, {"type": 0, "id": "hank12332", "content": ":     \u62ff\u51fa\u5831\u544a\u8ddf\u5927\u5bb6\u8b1b\u6e05\u695a\u6700\u7c21\u55ae"}, {"type": -1, "id": "r13974682", "content": ": \u4e2d\u5171\u4e0d\u653f\u6cbb\u6b78\u653f\u6cbb \u53bb\u7f75\u5171\u7522\u9ee8\u554a"}, {"type": 1, "id": "pita30", "content": ": \u90a3\u4e0d\u8981\u88dc\u52a9\u7686\u5927\u6b61\u559c"}, {"type": 0, "id": "pita30", "content": ": \u4e00\u5806\u5751\u76e4\u5b50\u4e0d\u9577\u9032\u7684\u89c0\u5149\u5c40\u53c8\u7121\u6b0a\u6d88\u6ec5\u4ed6\u5011"}, {"type": 1, "id": "Joypaste", "content": ": \u70ba\u6279\u800c\u6279\uff0c\u5e6b\u696d\u8005\u6e21\u904e\u5bd2\u51ac\u932f\u4e86\u9ebd\uff1f"}, {"type": 0, "id": "Joypaste", "content": ": \u4e09\u6d41\u9709\u9ad4"}, {"type": 1, "id": "lynchen", "content": ": \u53f0\u7063\u89c0\u5149\u672c\u8cea\u721b"}, {"type": -1, "id": "MIKIYA", "content": ": \u99ac\u7684\u4e00\u5806\u53ea\u60f3\u8cfa\u9678\u5ba2\u54ed\u7684\u6700\u5927\u8072"}, {"type": 1, "id": "seagod", "content": ": 1450\u90fd\u9019\u9ebd\u65e9\u4e0a\u73ed\u554a\uff1f\u4e00\u767c\u6587\u99ac\u4e0a\u4f86\u5653"}, {"type": 1, "id": "jarry011", "content": ": 1450\u958b\u5de5\u56c9"}, {"type": 1, "id": "b363150723", "content": ": \u63a8"}, {"type": 1, "id": "DurianLover", "content": ": \u8cc7\u9032\u9ee8\u57f7\u653f\uff0c\u50b5\u7559\u5b50\u5b6b\uff1f"}, {"type": 0, "id": "Qinsect", "content": ": \u8521\u6167\u840d \u4e00\u8d77\u51fa\u4f86\u904b\u52d5\u554a \u4f60\u5e36\u5668\u6750"}, {"type": 1, "id": "gsuper", "content": ": \u540c\u610f \u4e00\u76f4\u4e82\u4e03\u516b\u7cdf\u88dc\u52a9\u7051\u9322"}, {"type": 0, "id": "alex00089", "content": ": \u53ea\u80fd\u52a0\u6e1b\u88dc\u6c92\u9322\u5927\u6539\u770b\u770b\u53cd\u8ecc"}, {"type": 0, "id": "henry55566", "content": ": \u4e00\u76f4\u90fd\u6709\u88dc\u52a9\u5427\uff01\u9019\u6642\u9593\u9ede\u9760\u5317\u5f88\u9760\u5317"}, {"type": 1, "id": "tomoko17", "content": ": \u721b\u6b7b \u6709\u7a2e\u53bb\u7f75\u7fd2\u8fd1\u5e73"}, {"type": 1, "id": "peterandwolf", "content": ": \u53f0\u7063\u89c0\u5149\u666f\u9ede\u662f\u76e4\u5b50\u624d\u6703\u53bb\u7684"}, {"type": -1, "id": "tsao1211", "content": ": \u6c92\u5538\u66f8\u771f\u53ef\u6015\uff0c\u4e00\u5806\u9109\u6c11\u88ab\u5e36\u98a8\u5411"}, {"type": 0, "id": "abomgo", "content": ": \u4e0d\u7136\u4e2d\u6642\u9664\u4e86\u8dea\u8214\u652f\u90a3\u9084\u6703\u4ec0\u9ebc"}, {"type": 1, "id": "jfriendtw", "content": ": \u89c0\u5149\u5c40\u9023\u8c79\u90fd\u5206\u4e0d\u6e05\u4e86\uff0c\u662f\u6709\u4e09\u5c0f\u80fd\u529b"}, {"type": 0, "id": "gwenwoo", "content": ":  \u4e2d\u8cc7\u65c5\u884c\u793e\u4e00\u689d\u9f8d  \u9322\u9032\u4e2d\u570b\u696d\u8005\u53e3\u888b"}], "post_ip": "175.96.97.231", "post_content": "\n\u5b8c\u6574\u6a19\u984c\uff1a\u7576\u89c0\u5149\u5c40\u8b8a\u88dc\u52a9\u5c40\u2026\u6492\u5e63+\u514d\u7c3d \u80fd\u6551\u65c5\u904a\u696d\uff1f\n\n\u4f86\u6e90\uff1a\u806f\u5408\u65b0\u805e\u7db2\n\n\u8a18\u8005\uff1a\u8521\u60e0\u840d\n\n\u7db2\u5740\uff1ahttps://is.gd/50I48M\n\n\u5167\u6587\uff1a\u9678\u5ba2\u4f86\u53f0\u81ea\u7531\u884c\u558a\u505c\uff0c\u8521\u7e3d\u7d71\u4e0d\u4e45\u524d\u5728\u81c9\u66f8\u8868\u793a\uff0c\u6709\u5206\u6563\u98a8\u96aa\u89c0\u5ff5\u7684\u4eba\u90fd\u77e5\u9053\uff0c\n\u96de\u86cb\u8981\u653e\u5728\u4e0d\u540c\u7684\u7c43\u5b50\uff0c\u53f0\u7063\u7684\u89c0\u5149\u767c\u5c55\uff0c\u5c31\u662f\u671d\u9019\u500b\u65b9\u5411\u52aa\u529b\uff0c\u4e0d\u8d70\u524d\u671d\u7684\u8001\u8def\uff0c\u300c\n\u9678\u5ba2\u4e0d\u4f86\uff0c\u6211\u5011\u9760\u81ea\u5df1\u300d\u3002\u6628\u5929\u4ea4\u901a\u90e8\u796d\u51fa\u582a\u7a31\u53f2\u4e0a\u6700\u5927\u898f\u6a21\u7684\u570b\u969b\u65c5\u5ba2\u512a\u60e0\u5927\u653e\u9001\uff0c\n\u5916\u754c\u624d\u77e5\u9053\uff0c\u539f\u4f86\u7e3d\u7d71\u7684\u8a71\u53ea\u8aaa\u4e86\u4e00\u534a\uff0c\u9678\u5ba2\u4e0d\u4f86\uff0c\u6211\u5011\u9760\u81ea\u5df1\u2026\u7684\u6492\u5e63\u8ddf\u514d\u7c3d\u5927\u653e\u9001\n\u3002\n\n\u9019\u4e09\u5e74\u4f86\uff0c\u89c0\u5149\u5c40\u88ab\u8b4f\u70ba\u300c\u88dc\u52a9\u5c40\u300d\uff0c\u6574\u500b\u5c40\u5927\u6982\u53ea\u5fd9\u5169\u4ef6\u4e8b\uff1a\u88dc\u52a9\u3001\u6838\u92b7\uff0c\u539f\u672c\u8a72\u626e\n\u6f14\u89c0\u5149\u653f\u7b56\u7684\u706b\u8eca\u982d\uff0c\u537b\u8b8a\u6210\u88ab\u6838\u92b7\u55ae\u6df9\u6c92\u7684\u5eb6\u52d9\u55ae\u4f4d\uff0c\u751a\u81f3\u9023\u6838\u92b7\u4f5c\u696d\u90fd\u56e0\u4eba\u529b\u4e0d\u8db3\n\u800c\u5fc5\u9808\u59d4\u5916\u8fa6\u7406\u3002\u5148\u4e0d\u8ad6\u9810\u7b97\u6392\u64e0\u6548\u61c9\u4e86\uff0c\u53ef\u4ee5\u60f3\u898b\uff0c\u7576\u539f\u672c\u7684\u5927\u8166\u8b8a\u6210\u624b\u8173\uff0c\u9019\u500b\u55ae\n\u4f4d\u9084\u80fd\u6709\u591a\u5c11\u5fc3\u601d\u653e\u5728\u7cbe\u9032\u89c0\u5149\u3001\u6539\u5584\u9ad4\u8cea\u3002\n\n\u65bc\u662f\uff0c\u5728\u89c0\u5149\u5c40\u62da\u547d\u6492\u9322\u88dc\u52a9\u570b\u65c5\u7684\u540c\u6642\uff0c\u570b\u4eba\u51fa\u570b\u65c5\u904a\u4eba\u6578\u4e00\u518d\u5275\u65b0\u9ad8\uff0c\u9019\u7a2e\u89c0\u5149\u9006\n\u5dee\u3001\u5931\u8840\u3001\u570b\u4eba\u300c\u7528\u8173\u6295\u7968\u300d\u7684\u60c5\u6cc1\uff0c\u80cc\u5f8c\u900f\u9732\u4e86\u4ec0\u9ebc\u8a0a\u606f\uff1f\n\n\u9762\u5c0d\u570b\u969b\u81ea\u7531\u884c\u65c5\u5ba2\u76f4\u76f4\u843d\uff0c\u4e0a\u5468\u56db\uff0c\u53f0\u5317\u5e02\u653f\u5e9c\u526f\u5e02\u9577\u9127\u5bb6\u57fa\u5728\u884c\u653f\u9662\u6703\u5efa\u8b70\uff0c\u5e0c\u671b\n\u80fd\u5920\u64f4\u5927\u6771\u5354\u570b\u5bb6\u514d\u7c3d\u4ee5\u53ca\u5c07\u79cb\u51ac\u570b\u65c5\u88dc\u52a9\u64f4\u5927\u5230\u570b\u969b\u89c0\u5149\u5ba2\uff0c\u7576\u6642\u89c0\u5149\u5c40\u9577\u5468\u6c38\u6689\u56de\n\u61c9\u8aaa\uff0c\u56e0\u79cb\u51ac\u570b\u65c5\u8ddf\u5438\u5f15\u570b\u969b\u65c5\u5ba2\u7684\u884c\u92b7\u7b56\u7565\u622a\u7136\u4e0d\u540c\uff0c\u66ab\u4e0d\u8003\u616e\u64f4\u5927\u9069\u7528\u5c0d\u8c61\u3002\u6c92\u60f3\n\u5230\uff0c\u6c92\u5e7e\u5929\uff0c\u5c31\u7531\u4ea4\u901a\u90e8\u9577\u6797\u4f73\u9f8d\u53ec\u96c6\u61c9\u8b8a\u6703\u8b70\uff0c\u7aef\u51fa\u6d0b\u6d0b\u7051\u7051\u570b\u5916\u65c5\u5ba2\u5f9e\u5718\u5ba2\u5230\u81ea\u7531\n\u884c\u7121\u6240\u4e0d\u5305\u7684\u88dc\u52a9\uff0c\u5c31\u9023\u70ba\u4e86\u4f86\u53f0\u8fa6\u8b77\u7167\u90fd\u6709\u88dc\u8cbc\uff0c\u5927\u6982\u5c31\u53ea\u5dee\u6c92\u6709\u5305\u5403\u5305\u4f4f\u3002\n\n\u89c0\u5149\u5c40\u6703\u8b8a\u88dc\u52a9\u5c40\uff0c\u7576\u7136\u4e0d\u80fd\u5168\u602a\u89c0\u5149\u5c40\uff0c\u9019\u662f\u8521\u653f\u5e9c\u653f\u6cbb\u639b\u5e25\u4f7f\u7136\u3002\u5c08\u71df\u9678\u5ba2\u5718\u65c5\u884c\n\u793e\u53ca\u8cfc\u7269\u5e97\u7684\u5bf6\u5f97\u5229\u96c6\u5718\u65e5\u524d\u50b3\u51fa\u653e\u7121\u85aa\u5047\uff0c\u6797\u4f73\u9f8d\u7acb\u523b\u8df3\u51fa\u4f86\u8aaa\uff0c\u5c07\u53ec\u958b\u8de8\u90e8\u6703\u6703\u8b70\n\u5354\u52a9\u696d\u8005\u5f9e\u7d13\u56f0\u3001\u878d\u8cc7\u5230\u79df\u7a05\u7d66\u4e88\u5354\u52a9\uff0c\u540c\u70ba\u6c11\u9032\u9ee8\u6642\u4ee3\u7684\u4ea4\u901a\u90e8\u524d\u90e8\u9577\u8cc0\u9673\u65e6\u6295\u66f8\u6279\n\u5224\uff0c\u653f\u5e9c\u4e00\u6ce2\u6ce2\u767c\u9322\uff0c\u5168\u9762\u88dc\u8cbc\u65c5\u904a\u7522\u696d\uff0c\u5df2\u88ab\u696d\u8005\u8996\u70ba\u7167\u9867\u6027\u798f\u5229\uff0c\u4e0d\u4f46\u9054\u4e0d\u5230\u6276\u512a\n\u6c70\u5f31\u7684\u7b56\u7565\u76ee\u7684\uff0c\u300c\u73fe\u5728\u9084\u6436\u6551\u55ae\u4e00\u696d\u8005\uff0c\u5c0d\u55ce\uff1f\u300d\n\n\u9019\u653f\u5e9c\u4e0d\u662f\u5728\u88dc\u52a9\uff0c\u4e0d\u7136\u5c31\u662f\u6b63\u5728\u60f3\u9084\u6709\u54ea\u88e1\u53ef\u88dc\u52a9\u3002\u8521\u7e3d\u7d71\u8aaa\u4e0d\u8d70\u524d\u671d\u8001\u8def\uff0c\u537b\u4e0d\u662f\n\u8d70\u5728\u4e00\u689d\u53ef\u9577\u53ef\u4e45\u7684\u6b63\u9053\u4e0a\u3002\n\n----\nSent from BePTT\n\n--\n"}