{"ptt_id": "saturn", "post_url": "https://www.ptt.cc/bbs/Gossiping/M.1563966084.A.629.html", "post_type": "\u554f\u5366", "post_title": "\u5e2b\u5927\u591c\u5e02\u6709\u5565\u597d\u5403\u7684\uff1f", "post_time": "2019-07-24 19:01:22", "post_score": 13, "post_pushes": [{"type": 0, "id": "forwardgo", "content": ": \u6a13\u4e0b\u809b\u9580\u585e\u4ec0\u9ebc"}, {"type": -1, "id": "wedffcss0020", "content": ": \u6c92\u6709"}, {"type": 0, "id": "kent", "content": ": \u6a13\u4e0a\u7684\u61f6\u53eb"}, {"type": 1, "id": "oangeuice", "content": ": \u83e0\u863f\u6cb9 \u6c92\u4e86"}, {"type": 0, "id": "OrzOGC", "content": ": \u4f60\u597d"}, {"type": 1, "id": "icegoy", "content": ": \u8863\u670d"}, {"type": 1, "id": "lashi", "content": ": \u8863\u670d"}, {"type": 1, "id": "SpringOcean", "content": ": \u4f86\u6211\u5bb6\u5e79\u6211\u5c41\u773c"}, {"type": 0, "id": "AMF1018", "content": ": \u5e2b\u5927\u5973\u597d\u5403\u7279\u5225\u9a37"}, {"type": 0, "id": "miloskyman", "content": ": \u6d0b\u73a9\u610f\u5152"}, {"type": -1, "id": "SendoinKaede", "content": ": \u5973\u5e97\u54e1\u554a\u9084\u8981\u6211\u6559\uff1f"}, {"type": 1, "id": "Kuru991", "content": ": \u5e2b\u5712 \u5929\u4e0b\u5e03\u6b66"}, {"type": 1, "id": "jenny789", "content": ": \u6bcf\u6b21\u53bb\u5e2b\u5927\u90fd\u5148\u5403\u98fd\u624d\u53bb\u7684"}, {"type": 1, "id": "Kiyone", "content": ": \u548c\u5e73\u6771\u8def\u4e0a\u7684\u863f\u8514\u7d72\u9905\uff0c\u6c92\u6709\u7b2c\u4e8c"}, {"type": 1, "id": "Jesspi", "content": ": \u7528\u4f30\u72d7"}, {"type": 1, "id": "justbejohnny", "content": ": \u5927\u8173\u6876\u55b5\u55b5\u53eb\u7684\u59b9\u5b50"}, {"type": 1, "id": "wonstop", "content": ": \u9a37"}, {"type": 1, "id": "s72005ming", "content": ": \u5973\u5b78\u751f"}, {"type": 1, "id": "taipeixcity", "content": ": \u5e2b\u5927\u59b9 \u8b9a"}, {"type": 0, "id": "bozesow", "content": ": \u6c92\u6709"}, {"type": 1, "id": "Woodoo9", "content": ": \u9d28\u8089\u7fb9\u7684\u6ef7\u8089\u98ef"}, {"type": 1, "id": "rachihwei", "content": ": \u5225\u5403\u6ef7\u5473"}, {"type": 0, "id": "king72433", "content": ": \u5916\u570b\u6d0b\u8178\u5f88\u591a"}, {"type": 1, "id": "ch404", "content": ": \u6c92\u6709"}, {"type": 0, "id": "doigt", "content": ": \u96e3\u5403"}], "post_ip": "114.136.169.252", "post_content": "\n\u5982\u984c\n\n\u5c0f\u5f1f\u73fe\u5728\u5728\u53f0\u96fb\u5927\u6a13\u7ad9\u5566\n\n\u807d\u8aaa\u5e2b\u5927\u591c\u5e02\u5c31\u5728\u9019\u908a\n\n\u5e2b\u5927\u591c\u5e02\u6709\u4ec0\u9ebc\u5fc5\u5403\u7684\u6771\u897f\u55ce\n\n\u6709\u6c92\u6709\u516b\u5366\uff1f\n\n\n--\n"}