{"ptt_id": "Anddyliu", "post_url": "https://www.ptt.cc/bbs/Gossiping/M.1569744635.A.24F.html", "post_type": "\u65b0\u805e", "post_title": "\u3010\u7d71\u4fc3\u9ee8\u4e3b\u59d4\u6d89\u6848\u3011\u4f55\u97fb\u8a69\u88ab\u77c7\u9762\u7537\u6f51\u7d05\u6f06", "post_time": "2019-09-29 16:10:33", "post_score": 122, "post_pushes": [{"type": 1, "id": "proprome", "content": ": \u570b\u6c11\u9ee8\u5074\u7ffc \u4e0d\u610f\u5916"}, {"type": 1, "id": "SnakeO", "content": ": \u5e79\u4f60\u99ac\u7684\u5783\u573e\u9ed1\u9053"}, {"type": 1, "id": "abelppa", "content": ": \u6f51\u86c6"}, {"type": 1, "id": "tenching", "content": ": \u5e79\u4f60\u5a18\u5927\u5bb6\u4e5f\u53bb\u6f51KMT\u6f06\u5566"}, {"type": 0, "id": "SnakeO", "content": ": \u4e2d\u570b\u5c31\u662f\u9019\u9ebc\u5783\u573e, \u67ef\u6587\u54f2\u9084\u5728\u90a3\u908a\u8aaa\u5565\u6563"}, {"type": 0, "id": "SnakeO", "content": ": \u4f48\u6050\u61fc\u611f. \u5728\u53f0\u7063\u990a\u9ed1\u9053\u50b7\u5bb3\u6c11\u4e3b"}, {"type": 0, "id": "peterwww", "content": ": \u5927\u5bb6\u51b7\u975c"}, {"type": 1, "id": "shinmoner", "content": ": \u4e0d\u610f\u5916"}, {"type": 0, "id": "peterwww", "content": ": \u4e0d\u8981\u518d\u8b93\u6f51\u6f06\u780d\u9285\u50cf\u982d\u7684\u884c\u70ba\u7e7c\u7e8c"}, {"type": 1, "id": "chunglee", "content": ": \u9577\u50cf\u5c31\u7d71\u755c\u7684\u6a23\u5b50\u4e0d\u610f\u5916\u554a"}, {"type": 1, "id": "taikonkimo", "content": ": \u7d71\u4fc3\u9ee8\u771f\u662f\u4e0d\u610f\u5916\u963f"}, {"type": 1, "id": "MagicSword", "content": ": \u53c8\u662f\u9019\u4e9b\u4eba"}, {"type": 1, "id": "wulaw5566", "content": ": \u7d71\u755c\u61c9\u8a72\u5168\u90e8\u9001\u4e2d"}, {"type": 1, "id": "lili300", "content": ": \u4e0d\u610f\u5916"}, {"type": 0, "id": "angellll", "content": ": \u9019\u662f\u5171\u7522\u9ee8\u5074\u7ffc"}, {"type": 1, "id": "pete0328", "content": ": \u9999\u6e2f\u73fe\u5728\u50ac\u6dda\u5f48\u72c2\u5c04\u4e2d,\u8ddf\u4e0d\u7528\u9322\u4e00\u6a23"}, {"type": 1, "id": "hmt17", "content": ": \u558a\u7d71\u4e00\u7684\u52a0\u62ff\u5927\u4eba"}, {"type": 1, "id": "jaguars33", "content": ": \u4eba\u6e23\u70ba\u4ec0\u9ebc\u8981\u81ea\u7a31\u4eba\u5462"}, {"type": 1, "id": "excia", "content": ": \u53f0\u7063\u8ddf\u9999\u6e2f\u6709\u591a\u50cf\uff1f"}, {"type": 0, "id": "henrysu1625", "content": ": \u4e0d\u610f\u5916zz"}, {"type": 0, "id": "a4302f", "content": ": \u67ef\u9ee8\u6709\u53c3\u52a0\u904a\u884c\u55ce\uff1f\u9084\u662f\u5c0f\u6ce2\u6d6a\uff1f\u660e\u5e74\u4e00\u5b9a"}, {"type": 0, "id": "a4302f", "content": ": \u8981\u4e0b\u67b6\u85cd\u9ee8 \u570b\u6c11\u9ee8 \u6c11\u773e\u9ee8 \u89aa\u6c11\u9ee8 \u65b0\u9ee8 \u7d71"}, {"type": 0, "id": "a4302f", "content": ": \u4fc3\u9ee8 \u7121\u9ee8"}, {"type": 1, "id": "moonchaser", "content": ": \u7d71\u4fc3\u9ee8\u5c31\u662f\u9019\u6a23\uff0c\u50cf\u500b\u60b2\u61a4\u7684\u5c0f\u4e11"}, {"type": 1, "id": "popopal", "content": ": \u9001\u56de\u4e2d\u570b\u7d66\u4ed6\u9580\u5169\u7576\u4e7e\u90e8\u5b63\u7684\u7d66\u6b50\u7f8e\u540d\u55ae"}, {"type": 1, "id": "qx5", "content": ": \u97d3\u7c89\u4e0d\u610f\u5916"}, {"type": 1, "id": "q2825842", "content": ": \u5230\u5e95\u6563\u5e03\u4ec7\u6068\u6050\u61fc\u7684\u662f\u4e2d\u5171\u548c\u7260\u7684\u722a\u7259\uff0c"}, {"type": 0, "id": "q2825842", "content": ": \u9084\u662f\u53f0\u7063\u4eba\uff0c\u6709\u773c\u775b\u7684\u90fd\u770b\u5f97\u51fa\u4f86"}, {"type": 1, "id": "kumori", "content": ": \u6383\u9ed1\u6700\u5feb\u5566..\u6284\u5e7e\u500b\u5802\u5c31\u6d88\u4e0b\u53bb\u4e86"}, {"type": 1, "id": "F5", "content": ": \u5475\u5475 \u8b1d\u8b1d\u4e2d\u570b\u8cdc\u7968"}, {"type": 1, "id": "excia", "content": ": \u53f0\u7063\u6709\u9019\u9ebc\u591a\u4e2d\u5171\u6253\u624b\u6f5b\u4f0f \u67ef\u6587\u54f2\u8aaa\u8ca9\u8ce3\u6050"}, {"type": 0, "id": "excia", "content": ": \u61fc \u4e0d\u6b63\u662f\u56e0\u70ba\u4e2d\u5171\u4e0d\u65b7\u6563\u64ad\u6050\u61fc\u55ce"}, {"type": 1, "id": "kickmeout", "content": ": \u5e79\u4f60\u5a18\u9019\u7a2e\u4eba\u76f4\u63a5\u69cd\u6583"}, {"type": 0, "id": "F5", "content": ": \u53f0\u5317\u5e02\u9577\u8ab0\u554a\uff1f \u5594 \u5169\u5cb8\u4e00\u5bb6\u89aa\u90a3\u500b\u5594"}, {"type": 1, "id": "Moogle", "content": ": \u9ad8\u8abf"}, {"type": 0, "id": "F5", "content": ": \u67ef\u6587\u54f2\uff1a\u5169\u5cb8\u540c\u6587\u540c\u7a2e \u5169\u5cb8\u4e00\u5bb6\u89aa"}, {"type": 0, "id": "gamania5972", "content": ": \u9019\u7a2e\u7528\u516c\u7136\u4fae\u8fb1?"}, {"type": 1, "id": "lwei781", "content": ": \u91d1\u5bb6\u5927\u54e5\u4e5f\u9019\u6a23\u6b7b\u7684"}, {"type": 1, "id": "sbthans", "content": ": \u7d71\u755c\u5783\u573e\uff01\u652f\u90a3\u5c31\u662f\u9019\u526f\u5fb7\u884c\u3001\u6c92\u6c34\u6e96\uff01"}, {"type": 1, "id": "lescholar", "content": ": \u67ef\uff1a\u4e0d\u8981\u64cd\u5f04\u4ec7\u6068"}, {"type": 0, "id": "newsyho", "content": ": \u5b8c\u5168\u57f7\u653f\u7684\u6c11\u9032\u9ee8\u5c0d\u4ed8\u4e0d\u4e86\u5728\u53f0\u7684\u66b4\u529b\u96c6\u5718"}, {"type": 0, "id": "lwei781", "content": ": \u842c\u4e00\u4e0b\u6b21\u662f HF???"}, {"type": 0, "id": "newsyho", "content": ": ?"}, {"type": 1, "id": "henryeech", "content": ": \u721b\u5496\u9ee8\u5168\u4e0b\u5730\u7344"}, {"type": 0, "id": "excia", "content": ": \u4e2d\u5171\u4e4b\u6240\u4ee5\u5728\u4e16\u754c\u5404\u5730\u641e\u9019\u4e9b\u4f4e\u52a3\u884c\u70ba \u5c31\u662f"}, {"type": 0, "id": "excia", "content": ": \u8981\u8b93\u9019\u4e9b\u6c11\u904b\u4eba\u58eb\u6050\u61fc \u6253\u64ca\u4f60\u7684\u7cbe\u795e \u8b93\u4f60\u75b2"}, {"type": 0, "id": "newsyho", "content": ": \u62b9\u67ef\u62b9\u53f0\u7063\u4eba\u5f88\u6703\uff0c\u6297\u4e2d\u7528\u5634\u5df4\u6d88\u8cbb"}, {"type": 0, "id": "excia", "content": ": \u52de\u632b\u6298 \u800c\u67ef\u6587\u54f2\u5f88\u986f\u7136\u662f\u88ab\u9019\u4e9b\u6050\u61fc\u6253\u6557"}, {"type": 1, "id": "iasyt", "content": ": \u67ef\uff1a\u53f0\u7063\u6c92\u60f3\u50cf\u4e2d\u5371\u96aa \u7d71\u7368\u5047\u8b70\u984c"}, {"type": 1, "id": "saiboos", "content": ": \u6c92\u6c34\u6e96 \u6f51\u56de\u53bb\u8fa3"}, {"type": 1, "id": "maneatis", "content": ": \u53c8\u662f\u7d71\u4fc3\u9ee8 \u5e79\u5979\u5abd\u7684"}, {"type": 1, "id": "codehard", "content": ": \u9ad8\u8abf"}, {"type": 0, "id": "bryan21xxx", "content": ": \u7d71\u4fc3\u67ef\u7cde\u4e0d\u610f\u5916"}, {"type": 1, "id": "sunnybody907", "content": ": \u4e00\u81c9\u755c\u7272\u6a23 \u53ef\u64a5"}, {"type": 0, "id": "ymx3xc", "content": ": \u7d71\u755c \u5168\u53f0\u4e82\u6e90"}, {"type": 1, "id": "fang314", "content": ": \u5783\u573e\u9ee8\u70ba\u4ec0\u9ebc\u53ef\u4ee5\u5728\u53f0\u7063\u70ba\u6240\u6b32\u70ba"}, {"type": 1, "id": "bvhnjd", "content": ": \u90a3\u96bb\u8001\u72d7\u6d41\u6c13\u5148\u6293\u8d77\u4f86\u5427"}, {"type": 1, "id": "F5", "content": ": \u7b11\u6b7b\u4eba \u7d71\u4fc3\u9ee8\u5c31\u5728\u53f0\u5317\u6700\u56c2\u5f35\u554a \u4e0d\u610f\u5916"}, {"type": 1, "id": "cymtrex", "content": ": \u67ef\u5e2b\u5085\u7684\u53f0\u5317\u610f\u5916\u55ce\uff1f"}, {"type": 0, "id": "F5", "content": ": \u9019\u7a2e\u4eba\u570b\u6c11\u9ee8\u7684\u570b\u6176\u5178\u79ae\u53ef\u80fd\u9084\u5ea7\u4e0a\u8cd3"}, {"type": 0, "id": "s762ok", "content": ": \u4ed6\u5abd\u7684 \u771f\u4e1f\u81c9"}, {"type": 0, "id": "chemtcwu", "content": ": https://i.imgur.com/aixOXoG.jpg"}, {"type": 1, "id": "tenoopy", "content": ": \u5e79 \u652f\u90a3\u8ce4\u755c\u6efe\u51fa\u53f0\u7063"}, {"type": 1, "id": "yor", "content": ": \u5e6b\u9ad8\u8abf"}, {"type": 1, "id": "G888888", "content": ": \u5171\u7522\u9ee8\u5074\u7ffc\uff1akmt,\u7d71\u4fc3\u9ee8"}, {"type": 0, "id": "kilu", "content": ": \u5783\u573e\uff0c\u53ef\u4ee5\u91cd\u7f70\u55ce\uff1f\u7121\u6cd5\u7121\u5929\u4e86"}, {"type": 1, "id": "WTF55665566", "content": ": \u5e79\u4f60\u5a18 \u652f\u90a3\u7d71\u6230\u5783\u573e\u6efe\u51fa\u53f0\u7063"}, {"type": 1, "id": "qx5", "content": ": \u5c0f\u6ce2\u6d6a\u4e0d\u8981\u7ba1\u4ed6\u5c31\u597d\u4e86\uff0c\u9999\u6e2f\u7684\u4e8b\u4e0d\u8981\u7ba1\u592a\u591a"}, {"type": 1, "id": "whiteflora6", "content": ": \u8cc7\u9032\u9ee8\uff1a\u4e0d\u77e5\u9053\u4e0d\u8981\u554f\u6211\u5566\uff0c\u904a\u884c\u5148"}, {"type": 1, "id": "kess", "content": ": \u9928\u9577\u8ddf\u97d3\u958b\u76f4\u64ad\u8981\u8ca0\u8cac \u67ef\u5e2b\u5085\u73fe\u5728\u4e5f\u8981\u5427"}, {"type": 0, "id": "s762ok", "content": ": \u771f\u7684\u4ed6\u5abd\u7684\u5783\u573e"}, {"type": 1, "id": "NightBlue03", "content": ": \u4e3b\u59d4\u9001\u5e78\u798f"}, {"type": 1, "id": "kixer2005", "content": ": \u7d71\u4fc3\u9ee8\u9019\u7a2e\u5783\u573e\u7d44\u7e54\u5c31\u8a72\u7528\u7d44\u7e54\u72af\u7f6a\u67e5\u8fa6"}, {"type": 1, "id": "germing", "content": ": \u539f\u4f86\u662f\u9ed1\u9053\u80cc\u666f\u7684\u7d71\u4fc3\u9ee8 \u4e0d\u7136\u4e00\u822c\u6297\u8b70\u6c11"}, {"type": 0, "id": "germing", "content": ": \u773e\u4e0d\u6562\u505a\u9019\u9ebc\u7d55"}, {"type": 1, "id": "trevor5566", "content": ": \u8521\u653f\u5e9c\u518d\u4e0d\u8655\u7406\u7d71\u755c \u771f\u7684\u721b\u900f"}, {"type": 1, "id": "markban", "content": ": \u6587\u54f2\uff1a\u5047\u8b70\u984c"}, {"type": 0, "id": "MK250", "content": ": \u5783\u573e\u9ed1\u9053\u66b4\u529b\u7d44\u7e54"}, {"type": 1, "id": "schumi7401", "content": ": \u53ef\u4ee5\u652f\u6301\u591a\u5143\u610f\u898b \u4f46\u4e0d\u5141\u8a31\u975e\u6cd5\u7d44\u7e54"}, {"type": 1, "id": "timppt222", "content": ": \u5e79\u4f60\u8001\u5e2b\u653f\u5e9c\u5230\u5e95\u5728\u5e79\u561b\uff1f"}, {"type": 1, "id": "sam90205", "content": ": \u5783\u573e\u9ed1\u9053"}, {"type": 1, "id": "Crazyfire", "content": ": \u5783\u573e"}, {"type": -1, "id": "scum5566", "content": ": \u5783\u573e"}, {"type": 1, "id": "moto000", "content": ": \u53f0\u7063\u4e3b\u6b0a \u5462\uff1f"}, {"type": -1, "id": "killerbbt", "content": ": \u8521\u653f\u5e9c\u600e\u9ebc\u8655\u7406 \u8655\u7406\u99ac\u4e0a\u88ab\u8aaa\u7da0\u8272\u6050\u6016"}, {"type": 0, "id": "killerbbt", "content": ": \u6240\u4ee5\u53ea\u80fd\u6293\u6f51\u6f06\u7684"}, {"type": 1, "id": "klo578", "content": ": \u9019\u9ee8\u4e0d\u80fd\u6284\u4e00\u6284\u55ce\u5e79"}, {"type": 1, "id": "intointo", "content": ": \u4e2d\u5171\u6700\u8fd1\u90fd\u5728\u5168\u53f0\u9ede\u706b  ..."}, {"type": 1, "id": "demitri", "content": ": \u7d71\u4fc3\u9ee8\u54ea\u662f\u5c0f\u4e11 \u4eba\u5bb6\u5438\u6536\u591a\u5c11\u57fa\u5c64\u5bae\u5edf"}, {"type": 1, "id": "stevenkane", "content": ": KMT\u9084\u6c92\u5012\uff0c\u53f0\u7063\u4e0d\u6703\u597d"}, {"type": 1, "id": "gag565", "content": ": \u570b\u6c11\u9ee8\u4e8c\u6b21\u5718\u9ad4"}, {"type": 1, "id": "chinhan1216", "content": ": \u9818\u4e2d\u5171\u7684\u9322 \u5728\u53f0\u7063\u6253\u64ca\u53cd\u9001\u7d42 \u808f"}, {"type": 0, "id": "arod0807", "content": ": \u6b7b\u6d41\u6c13"}, {"type": -1, "id": "cismyname", "content": ": \u5230\u5e95\u70ba\u4ec0\u9ebc\u53f0\u7063\u4eba\u8981\u633a\u9999\u6e2f\u7ba1\u4eba\u5bb6\u5167\u653f"}, {"type": 0, "id": "bond30422", "content": ": \u5783\u573e\u7d71\u4fc3\uff0c\u542b\u85cd\u6559"}, {"type": 1, "id": "MASAMIFANS", "content": ": \u4e2d\u5171\u4ee3\u7406\u4eba\u6cd5\u6848\u8d95\u5feb\u901a\u904e\u963f"}, {"type": 1, "id": "Edaw", "content": ": \u5783\u573e\u9ee8\u53ef\u4ee5\u5168\u90e8\u95dc\u4e00\u95dc\u55ce\uff1f"}, {"type": 1, "id": "songyy2003", "content": ": \u4e00\u958b\u6230\u5c31\u8a72\u6bba\u5149\u6eef\u53f0\u652f\u90a3\u8ce4\u755c"}, {"type": 1, "id": "ccks771", "content": ": \u67ef\u7cde\u548c9.2\u771f\u7684\u662f\u5641\u5fc3\u81f3\u6975\uff01\u6eff\u8166\u5b50\u53ea\u6709\u9078"}, {"type": 0, "id": "ccks771", "content": ": \u8209\uff0c\u5373\u4fbf\u652f\u90a3\u4eba\u89aa\u9580\u8e0f\u6236\u4e5f\u7121\u6240\u8b02\uff0c\u53ea\u6709\u653f"}, {"type": -1, "id": "pokerhow", "content": ": \u539f\u4f86\u662f\u6876\u755c \u4e0d\u610f\u5916"}, {"type": 1, "id": "arumi416", "content": ": \u8ac7\u53cd\u9001\u4e2d \u67ef\u6587\u54f2\uff1a\u6c11\u9032\u9ee8\u8981\u8b93\u6050\u61fc\u7030\u6f2b"}, {"type": 0, "id": "ccks771", "content": ": \u6cbb\u7b97\u8a08\uff01"}, {"type": 0, "id": "arumi416", "content": ": \u5168\u53f0"}, {"type": 1, "id": "see00797", "content": ": \u771f\u4e0d\u8667\u662f\u7d71\u755c"}, {"type": 0, "id": "ccks771", "content": ": https://i.imgur.com/8GmJDC9.jpg"}, {"type": 0, "id": "EggAcme", "content": ": \u67ef\u97d3\u7c89:\u53c8\u518d\u8ce3\u8292\u679c"}, {"type": 1, "id": "billionaire", "content": ": https://youtu.be/4CUtFatEpFM"}, {"type": 0, "id": "billionaire", "content": ": https://youtu.be/hY9onHyAxm0"}, {"type": 1, "id": "fingers", "content": ": \u7d71\u4fc3\u5783\u573e"}, {"type": 1, "id": "andan", "content": ": \u628a\u5783\u573e\u90fd\u4f9d\u6cd5\u6293\u8d77\u4f86\u5427"}, {"type": -1, "id": "sean3345", "content": ": ~~\u6ab3\u6994\u67ef\u9084\u8981\u8aaa\u9999\u6e2f\u662f\u5c0f\u6ce2\u6d6a ??"}, {"type": 0, "id": "C13H16ClNO", "content": ": \u9001\u8fa6\u8fa6\u500b\u9ce5\u5566  \u904e\u500b\u4e00\u5169\u5929\u5c31\u653e\u4eba\u4e86"}, {"type": 0, "id": "ScounDrel", "content": ": \u652f\u90a3\u8ce4\u755c"}, {"type": 1, "id": "doom3", "content": ": \u611f\u8b1d\u7d71\u8655\u8cdc\u7968"}, {"type": 1, "id": "ccks771", "content": ": \u5e79\u4f60\u5a18\u67ef\u6587\u54f2\uff0c\u6bcf\u6b21\u7d71\u755c\u9ee8\u90fd\u5728\u4f60\u7684\u8f44\u5340\u6b63"}, {"type": 1, "id": "thearth", "content": ": \u67ef\u6587\u54f2\u4e00\u6a23\u9f9c"}, {"type": 1, "id": "ccks771", "content": ": \u5927\u5149\u660e\u72af\u6848\uff0c\u653b\u64ca\u53f0\u7063\u4eba\uff0c\u4f60\u9019\u500b\u5e02\u9577\u6709\u505a"}, {"type": 0, "id": "ccks771", "content": ": \u904e\u4ec0\u9ebc\u55ce\uff1f\uff1f\u64cd\uff01"}, {"type": 1, "id": "waterskyew", "content": ": \u9019\u6a23\u7684\u7d44\u7e54\u61c9\u8a72\u6b78\u985e\u5728\u72af\u7f6a\u7d44\u7e54\uff0c\u800c\u4e0d"}, {"type": 0, "id": "waterskyew", "content": ": \u662f\u653f\u9ee8\u3002"}, {"type": 1, "id": "lucystyle", "content": ": \u5ee2\u5171\u7684\u5074\u7ffc \u53f0\u7063\u7684\u4e82\u6e90"}, {"type": 1, "id": "qx5", "content": ": \u67ef\uff1a\u53c8\u5728\u8ce3\u8292\u679c\u4e7e\uff0c\u6c11\u9032\u9ee8\u53ea\u6703\u73a9\u9019\u62db"}, {"type": 1, "id": "woods0598", "content": ": \u516c\u7136\u4fae\u8fb1\u544a\u6b7b\u4ed6\u5011"}, {"type": 1, "id": "billionaire", "content": ": https://youtu.be/0Hnys7S_mFg"}, {"type": -1, "id": "qawsedrf999", "content": ": \u5783\u573e\u7d71\u4fc3"}, {"type": 1, "id": "selfloss", "content": ": \u7d71\u4fc3\u9ee8\u548c\u611b\u570b\u540c\u5fc3\u6703\u5728\u53f0\u5317\u5e02\u6709\u67ef\u5c41\u529b\u633a"}, {"type": 1, "id": "gamble777", "content": ": \u539f\u4f86\u662f\u7d71\u755c\u751f\u9ee8\u963f"}, {"type": 1, "id": "cymine", "content": ": \u6490\u9999\u6e2f"}, {"type": 1, "id": "ccl007", "content": ": \u7968\u6295\u53f0\u6c11\u9ee8 \u3127\u8d77\u6bc0\u9999\u6e2f"}, {"type": 1, "id": "jupei", "content": ": \u5e79\u4f60\u5abd\u6b7b\u5171\u532a"}, {"type": -1, "id": "iundertaker", "content": ": \u5783\u573e"}, {"type": 1, "id": "husky1989", "content": ": \u5371\u5bb3\u4e2d\u83ef\u6c11\u570b\u4e3b\u6b0a\u7684\u5783\u573e\u653f\u9ee8\u4ec0\u9ebc\u6642\u5019"}, {"type": 0, "id": "husky1989", "content": ": \u5ba3\u544a\u89e3\u6563\u5566"}, {"type": 1, "id": "omegajoker", "content": ": \u5783\u573e\u7d71\u4fc3\u9ee8 \u9ad8\u8abf"}, {"type": 0, "id": "bimmers0", "content": ": \u8499\u9762\uff0c\u767d\u72fc\u624b\u4e0b\u771f\u4ed6\u99ac\u7684\u6c92\u7a2e"}, {"type": 0, "id": "bimmers0", "content": ": \u9019\u7a2e\u515a\uff0c\u5728\u4e2d\u570b\u662f\u300c\u66b4\u529b\u985b\u8986\u653f\u6b0a\u73fe\u884c\u72af"}, {"type": 1, "id": "deago", "content": ": \u5783\u573e\u9ee8"}, {"type": 0, "id": "bimmers0", "content": ": \u300d"}, {"type": 0, "id": "wwpuma", "content": ": \u7d71\u4fc3\u9ee8\u5c31\u4e00\u5806\u8001\u755c\u7272\uff0c\u9ed1\u9053\u67d3\u7d05\u53c8\u8166\u6b98"}, {"type": 1, "id": "tonyku", "content": ": \u53ef\u60b2"}, {"type": 1, "id": "godchildtw", "content": ": \u5171\u7522\u9ee8\u53f0\u7063\u5206\u90e8"}, {"type": 1, "id": "yoher", "content": ": \u67ef\u7cde\u5403\u5c4e"}, {"type": 1, "id": "LuMya", "content": ": \u5ee2\u7269\u653f\u5e9c\u7d71\u4fc3\u9ee8\u9055\u53cd\u61b2\u6cd5\u5275\u9ee8\u9650\u5236\u9084\u4e0d\u7981\u6b62"}, {"type": 1, "id": "vare", "content": ": \u5783\u573e\u9ee8 \u4e00\u7fa4\u4eba\u6e23"}, {"type": 1, "id": "cerberi", "content": ": \u7d71\u4fc3\u5783\u573e"}, {"type": 1, "id": "qwas5789", "content": ": \u4e94\u6bdb\u5403\u5c4e \u67ef\u97d3\u7cde\u5403\u5c4e"}, {"type": 1, "id": "applepie0505", "content": ": \u70ba\u4ec0\u9ebc\u53ef\u4ee5\u5728\u53f0\u7063\u571f\u5730\u4e0a\u7528\u66b4\u529b\uff01\uff1f"}, {"type": 1, "id": "jason751231", "content": ": \u8d85\u8822"}, {"type": 1, "id": "lmf770410", "content": ": \u5783\u573e\u9ee8\u4e0d\u610f\u5916"}, {"type": 1, "id": "agoodnight", "content": ": \u793e\u6703\u4fe1\u7528\u9ede\u6578+1"}, {"type": 1, "id": "gakkiaki", "content": ": \u8b1d\u4e1e\u76f8\u8cdc\u7bad"}, {"type": 1, "id": "yagamil18", "content": ": \u5783\u573e\u7d71\u4fc3"}, {"type": 1, "id": "yumc", "content": ": \u4e2d\u570b\u5783\u573e"}, {"type": 1, "id": "dodoyo0216", "content": ": \u76f4\u63a5\u5ba3\u5e03\u7d71\u4fc3\u9ee8\u70ba\u4e2d\u570b\u4ee3\u7406\u4eba\uff0c\u975e\u6cd5\u7d44"}, {"type": 1, "id": "flowersuger", "content": ": \u6709\u5920\u5783\u573e\uff01\u6562\u4f5c\u6562\u7576\u554a\uff01\u9084\u6562\u8499\u9762\u88dd\u53cd"}, {"type": 0, "id": "flowersuger", "content": ": \u9001\u4e2d\u554a\uff1f\u53cd\u6ef2\u900f\u6cd5\u61c9\u8a72\u8d95\u5feb\u904e\u4e00\u904e\u628a\u5783"}, {"type": 0, "id": "flowersuger", "content": ": \u573e\u9ee8\u6e05\u4e00\u6e05\uff01"}, {"type": 1, "id": "washisa", "content": ": \u9019\u9ee8\u679c\u7136\u90fd\u9019\u6c34\u6e96\u800c\u5df2"}, {"type": 1, "id": "uilmas1", "content": ": https://i.imgur.com/v0mwSOj.jpg"}, {"type": 1, "id": "oboesoul", "content": ": \u5f37\u70c8\u5efa\u8b70\u6e05\u9664\u5916\u7701\u4eba"}, {"type": 0, "id": "uilmas1", "content": ": \u4e00\u56de\u751f\u4e8c\u56de\u719f\uff0c\u77e5\u9053\u662f\u5c0f\u7f6a\u5c31\u5e38\u5e38\u72af\uff1f"}, {"type": 1, "id": "beerduck", "content": ": \u9ad8\u8abf"}, {"type": 1, "id": "yaieki", "content": ": \u6eef\u53f0\u652f\u90a3\u5783\u573e"}, {"type": 0, "id": "rainbow321", "content": ": \u7d71\u4fc3\u9ee8\u4f55\u6642\u53ef\u4ee5\u6e05\u4e00\u6e05\u554a \u8d70\u72d7"}, {"type": 0, "id": "qazedc", "content": ": \u2588\u2588\u53ea\u95dc\u5fc3\u4e0d\u4ecb\u5165\uff0c\u9019\u662f\u9999\u6e2f\u8ddf\u7d71\u4fc3\u9ee8\u7684\u4e8b"}, {"type": 1, "id": "rifinah", "content": ": \u6f51\u6f06\u7b97\u610f\u5716\u91cd\u50b7\u5bb3\u5427"}, {"type": 1, "id": "badangel0000", "content": ": \u7d71\u4fc3\u9ee8\u90fd\u662f\u5783\u573e\u5427 \u5e0c\u671b\u7d71\u4fc3\u9ee8\u7684\u5bb6\u4eba"}, {"type": 0, "id": "badangel0000", "content": ": \u5011\u90fd\u4e0d\u5f97\u597d\u6b7b"}, {"type": 0, "id": "wetland", "content": ": \u99ac\u7684"}, {"type": 1, "id": "Kreen", "content": ": \u5947\u602a\u4e86\uff0c\u9019\u7a2e\u9ed1\u9053\u6574\u5929\u72af\u6848\u90fd\u6c92\u4e8b\uff1f"}, {"type": 1, "id": "miq", "content": ": \u7d71\u755c"}, {"type": 1, "id": "iamtan", "content": ": \u9ad8\u8abf"}, {"type": 1, "id": "s410294", "content": ": \u5916\u7701\u4eba"}, {"type": 1, "id": "lostman", "content": ": \u61c9\u8a72\u527f\u6ec5\u7d71\u755c\u9ee8"}, {"type": 1, "id": "ru370737", "content": ": \u9ad8\u8abf"}, {"type": 1, "id": "abc1212050", "content": ": \u6ec5\u7d71"}, {"type": 1, "id": "Zenta", "content": ": \u570b\u6c11\u9ee8\u51fa\u500b\u8072\u8b74\u8cac\u597d\u55ce\uff1f"}, {"type": 1, "id": "KHalan", "content": ": \u3002"}, {"type": 1, "id": "chienyu2001", "content": ": \u5b6c\u7a2e \u6562\u505a\u4e0d\u6562\u7576"}, {"type": 0, "id": "ctcfb", "content": ": \u7956\u5148\u8499\u7f9e"}, {"type": 1, "id": "jhnw", "content": ": \u5c0f\u4e11 \u54c8\u54c8\u54c8\u54c8\u54c8"}, {"type": 1, "id": "VanDie", "content": ": \u53ef\u4ee5\u6efe\u56de\u5c0d\u9762\u55ce^^"}, {"type": 0, "id": "sauchi39", "content": ": \u4e00\u76f4\u5e6bdpp\u52a9\u9078 \u667a\u969c\u652f\u90a3\u4eba"}, {"type": 0, "id": "hiroshi22", "content": ": \u61c9\u8a72\u8981\u5fb9\u5e95\u6d88\u6ec5\u9019\u4e9b\u5167\u5978"}, {"type": 0, "id": "kazamitaketo", "content": ": \u81ed\u4fd7\u8fa3\uff01\u6562\u505a\u5c31\u4e0d\u8981\u77c7\u81c9\uff01\uff01"}, {"type": 1, "id": "abc06292002", "content": ": \u5783\u573e\u4eba"}, {"type": 1, "id": "diiky", "content": ": \u5230\u5e95\u4e2d\u5171\u4ee3\u7406\u4eba\u8981\u4e0d\u8981\u904e\u5566"}, {"type": 0, "id": "DeadKaster", "content": ": \u6fc0\u8d77\u5c0d\u7acb\u7684\u6c38\u9060\u90fd\u662f\u90a3\u4e9b\u6709\u652f\u90a3\u8840\u7d71\u7684"}, {"type": 0, "id": "DeadKaster", "content": ":  \u611f\u8b1d\u9019\u4e9b\u5ee2\u7269\u8b93\u53f0\u7063\u9b42\u89ba\u9192"}, {"type": 1, "id": "yungchan", "content": ": \u6709\u7a2e\u5225\u8499\u9762\uff01"}, {"type": 0, "id": "fg008kimo", "content": ": \u73fe\u5728\u4e2d\u5171\u5c31\u662f\u7528\u7576\u5e74\u7d0d\u7cb9\u5957\u8def\u6fc0\u8d77\u5c0d\u7acb\u963f"}, {"type": 1, "id": "XXXXelephant", "content": ": \u6345\u755c\u3109\u3124\u02c7\u6c34\u6e9687\u5206\u4e0d\u6703\u518d\u9ad8\u4e86\uff5e"}, {"type": 1, "id": "dcdrkim", "content": ": \u4e0d\u610f\u5916"}, {"type": 1, "id": "Nerv", "content": ": DPP\u9084\u9700\u8981\u8ce3\u8292\u679c\u4e7e\u561b\uff0c\u8292\u679c\u4e7e\u81ea\u5df1\u90fd\u6eff\u8857\u8dd1\u4e86"}, {"type": 1, "id": "ltw89104", "content": ": \u611f\u8b1d\u4f55\u97fb\u8a69\u5e6b\u5fd9\u6293\u5230\u80cc\u9aa8\u4e94\u6bdb\u4ed4"}, {"type": 0, "id": "mp2420", "content": ": \u5229\u7528\u53f0\u7063\u7684\u81ea\u7531\u505a\u9019\u7a2e\u4e8b\uff0c\u6293\u8d70\u525b\u597d\u3002"}, {"type": 1, "id": "Asucks", "content": ": \u6562\u505a\u4e0d\u6562\u9732\u9762 XDDDDDD"}, {"type": 1, "id": "randolph80", "content": ": \u61c9\u8a72\u628a\u9019\u500b\u9ee8\u7576\u6210\u72af\u7f6a\u7d44\u7e54\u8655\u7406"}, {"type": 1, "id": "cbr0627", "content": ": \u62dc\u8a17\u91cd\u7f70"}, {"type": -1, "id": "yuio753", "content": ": \u5171\u532a\u9ee8"}, {"type": 0, "id": "ms0443001", "content": ": \u62dc\u8a17\u7f70\u6b7b\u4ed6"}, {"type": -1, "id": "aero6688", "content": ": \u4e1f\u53f0\u7063\u4eba\u7684\u81c9"}, {"type": 1, "id": "rayonwu", "content": ": \u9ad8\u8abf"}], "post_ip": "1.34.23.26", "post_content": "\n\u203b\u767c\u6587\u71211~6\u5c0f\u6a19\u683c\u5f0f\u6216\u672a\u4f9d\u9806\u5e8f\u4efb\u610f\u522a\u9664\u8005\u6703\u88ab\u522a\u6587\n\n1.\u5a92\u9ad4\u4f86\u6e90:\n\u203b \u4f8b\u5982\u860b\u679c\u65e5\u5831\u3001\u81ea\u7531\u6642\u5831\uff08\u8acb\u53c3\u8003\u7248\u898f\u4e0b\u65b9\u7684\u6838\u51c6\u5a92\u9ad4\u540d\u55ae\uff09\n\u4e0a\u5831\n\n2.\u8a18\u8005\u7f72\u540d\n\u203b \u6c92\u6709\u5728\u9019\u6253\u4e0a\u8a18\u8005\u7f72\u540d\u7684\u65b0\u805e\u6703\u88ab\u6c34\u687614\u5929 \u7de8\u8f2f\u975e\u8a18\u8005\n\u203b \u5916\u96fb\u81f3\u5c11\u8981\u6709\u4f86\u6e90\u6216\u7de8\u8f2f \u5982:\u6cd5\u65b0\u793e\n\n\u4e0a\u5831\u5feb\u8a0a\uff0f\u5f90\u5349\u99a8 2019\u5e7409\u670829\u65e5 15:19:00\n\n3.\u5b8c\u6574\u65b0\u805e\u6a19\u984c:\n\u203b \u6a19\u984c\u6c92\u6709\u5b8c\u6574\u5beb\u51fa\u4f86 ---> \u4f9d\u7167\u677f\u898f\u522a\u9664\u6587\u7ae0\n\n\u3010\u7d71\u4fc3\u9ee8\u4e3b\u59d4\u6d89\u6848\u3011\u4f55\u97fb\u8a69\u88ab\u77c7\u9762\u7537\u6f51\u7d05\u6f06\u3000\u8b66\u73fe\u5834\u626d\u902e\u80e1\u59d3\u53ca\u6881\u59d3\u7537\u5b50\u9001\u8fa6\n\n4.\u5b8c\u6574\u65b0\u805e\u5167\u6587:\n\u203b \u793e\u8ad6\u7279\u7a3f\u90fd\u4e0d\u80fd\u8cbc\uff01\u9055\u8005\u522a\u9664\uff08\u653f\u6cbb\u985e\u6c34\u68763\u500b\u6708)\uff0c\u8cbc\u5ee3\u544a\u4e5f\u6703\u88ab\u522a\u9664\u5594\uff01\u53ef\u8a73\u770b\u7248\n\u898f\n\n\u7531\u53f0\u7063\u6c11\u9593\u5718\u9ad4\u767c\u8d77\u7684\u300c929\u53f0\u6e2f\u5927\u904a\u884c\u2014\u6490\u6e2f\u53cd\u6975\u6b0a\u300d\u6d3b\u52d5\u65bc29\u65e5\u4e0b\u53483\u9ede\u767b\u5834\uff0c\u9577\u671f\u652f\n\u6301\u9999\u6e2f\u53cd\u9001\u4e2d\u904b\u52d5\u7684\u9999\u6e2f\u6b4c\u624b\u4f55\u97fb\u8a69\u4e5f\u7279\u5225\u4f86\u53f0\u53c3\u8207\u3002\u4e0d\u6599\u6d3b\u52d5\u5c1a\u5728\u96c6\u5408\uff0c\u800c\u4f55\u97fb\u8a69\u6b63\u5728\n\u63a5\u53d7\u5a92\u9ad4\u63a1\u8a2a\u6642\uff0c\u5c45\u7136\u906d\u4e00\u540d\u6234\u8457\u982d\u5957\u3001\u5b89\u5168\u5e3d\u53ea\u9732\u51fa\u773c\u775b\u7684\u4e0d\u660e\u4eba\u58eb\u6f51\u7051\u7d05\u8272\u6cb9\u6f06\u3002\n\n\u4f55\u97fb\u8a6929\u65e5\u5728\u53f0\u6e2f\u5927\u904a\u884c\u73fe\u5834\u53d7\u8a2a\uff0c\u5979\u88ab\u8a18\u8005\u570d\u4f4f\uff0c\u4f46\u5f8c\u65b9\u7adf\u6709\u4e00\u540d\u982d\u6234\u6df1\u85cd\u8272\u982d\u5957\uff0c\u906e\n\u4f4f\u81c9\u90e8\u50c5\u9732\u51fa\u96d9\u773c\u3001\u9084\u6234\u8457\u300c\u5beb\u8457\u53cd\u9001\u4e2d\u5b57\u6a23\u300d\u9ec3\u8272\u5b89\u5168\u5e3d\u7684\u7537\u5b50\uff0c\u5f9e\u4f55\u97fb\u8a69\u80cc\u5f8c\u982d\u4e0a\u5012\n\u4e0b\u7d05\u8272\u6cb9\u6f06\uff0c\u4e0d\u5c11\u8a18\u8005\u53ca\u9ea5\u514b\u98a8\u4e5f\u90fd\u906d\u5230\u6ce2\u53ca\u3002\n\n\u96a8\u5f8c\u8a72\u540d\u7537\u5b50\u7acb\u523b\u8f49\u8eab\u9003\u96e2\u73fe\u5834\uff0c\u4e0d\u904e\u88ab\u61a4\u6012\u7684\u6c11\u773e\u88ab\u5236\u6b62\u4e26\u5718\u5718\u570d\u4f4f\uff0c\u4f55\u97fb\u8a69\u5247\u7e7c\u7e8c\u63a5\n\u53d7\u5a92\u9ad4\u8a2a\u554f\u3002\u6709\u6c11\u773e\u6307\u51fa\uff0c\u8a72\u6f51\u6f06\u7537\u523b\u610f\u507d\u88dd\u6210\u53cd\u9001\u4e2d\u4eba\u58eb\uff0c\u8b66\u65b9\u4ea6\u902e\u5230\u7591\u4ee5\u6f51\u6f06\u7537\u540c\u5925\n\u7684\u53e6\u4e00\u540d\u7537\u5b50\u3002\u6f51\u6f06\u7537\u5b50\u88ab\u5e36\u96e2\u6642\uff0c\u53e3\u4e2d\u4e0d\u65b7\u558a\u8457\u300c\u53cd\u5c0d\u9999\u6e2f\u66b4\u529b\u300d\u3002\n\n\u8b66\u65b9\u8aaa\uff0c\u9019\u5169\u540d\u7537\u5b50\u5206\u5225\u662f\u6881\u592a\u5bcc\u3001\u80e1\u5fd7\u5049\uff0c\u88ab\u5e36\u56de\u5fe0\u5b5d\u897f\u8def\u6d3e\u51fa\u6240\uff0c\u56e0\u70ba\u5169\u4eba\u90fd\u6709\u52d5\u624b\n\u6f51\u6f06\uff0c\u5c07\u4f9d\u5211\u6cd5309\u689d\u516c\u7136\u4fae\u8fb1\u7f6a\u5075\u8fa6\u3002\u5176\u4e2d\u80e1\u5fd7\u5049\u7d71\u4fc3\u9ee8\u81ea\u5fe0\u9ee8\u90e8\u4e3b\u59d4\u3002\n\n5.\u5b8c\u6574\u65b0\u805e\u9023\u7d50 (\u6216\u77ed\u7db2\u5740):\n\u203b \u7576\u65b0\u805e\u9023\u7d50\u904e\u9577\u6642\uff0c\u9700\u63d0\u4f9b\u77ed\u7db2\u5740\u65b9\u4fbf\u7db2\u53cb\u9ede\u64ca\n\nhttps://www.upmedia.mg/news_info.php?SerialNo=72306\n\n6.\u5099\u8a3b:\n\u203b \u4e00\u500b\u4eba\u4e00\u5929\u53ea\u80fd\u5f35\u8cbc\u4e00\u5247\u65b0\u805e\uff0c\u88ab\u522a\u6216\u81ea\u522a\u4e5f\u7b97\u984d\u5ea6\u5167\uff0c\u8d85\u8cbc\u8005\u6c34\u6876\uff0c\u8acb\u6ce8\u610f\n\n\u4fc3\u7d71\u9ee8\u61c9\u8a72\u8981\u5217\u70ba\u975e\u6cd5\u7d44\u7e54\u624d\u5c0d\n\u4e0a\u6b21\u8521\u4e01\u8cb4\u88ab\u4fc3\u7d71\u9ee8\u6697\u7b97\u5674\u751f\u9aee\u6db2\n\n\u4e2d\u570b\u5171\u7522\u9ee8\u7684\u722a\u7259\u5df2\u7d93\u6df1\u5165\u4e2d\u83ef\u6c11\u570b\u5df2\u4e45\n\u548c\u5e73\u6642\u671f\u5c31\u80fd\u5982\u6697\u6bba\u884c\u52d5\u4e00\u6a23\u4efb\u610f\u653b\u64ca\u5916\u570b\u4eba\n\u53ef\u898b\u9019\u4e9b\u4eba\u80fd\u66ff\u4e2d\u570b\u80fd\u96a8\u6642\u96a8\u5730\n\u57f7\u884c\u6697\u6bba\u985b\u8986\u4efb\u52d9\n\n\n\n\u4ee5\u524d\u5fb7\u570b\u7d0d\u7cb9\u958b\u59cb\u9032\u884c\u6574\u500b\u6587\u5316\u8207\u601d\u60f3\u7684\u7b9d\u5236\u5de5\u4f5c\u6642\n\n\u8d77\u624b\u5f0f\u5c31\u662f\u627e\u4e00\u4e9b\u5730\u75de\u6d41\u6c13\u6216\u6fc0\u9032\u5b78\u751f\uff0c\u4ee5\u9a37\u64fe\u6216\u8f15\u5fae\u66b4\u529b\u7684\u65b9\u5f0f\uff0c\u4f86\u653b\u64ca\u4e0d\u540c\u610f\u898b\u8005\uff0c\n\u7528\u6f51\u6f06\u3001\u711a\u66f8\u3001\u7834\u58de\u7336\u592a\u4eba\u5e97\u92ea\uff0c\u671d\u7336\u592a\u5b78\u751f\u4e1f\u77f3\u982d\u7684\u65b9\u5f0f\uff0c\u4f86\u71df\u9020\u6050\u6016\u6c23\u6c1b\u3002\n\n\u8fd1\u4f86\u5404\u5927\u5b78\u7684\u9023\u5102\u7246\u7834\u58de\u884c\u70ba\uff0c\u8207\u4eca\u5929\u767c\u751f\u7684\u6f51\u6f06\u4e8b\u4ef6\uff0c\u90fd\u662f\u985e\u4f3c\u7684\u60c5\u6cc1\n\n\u7531\u65bc\u9019\u90fd\u662f\u5c0f\u7f6a\uff0c\u56e0\u6b64\u5c31\u7b97\u8b66\u5bdf\u4ecb\u5165\u4e5f\u6c92\u4ec0\u9ebc\u6548\u679c\uff0c\u8a31\u591a\u4eba\u70ba\u4e86\u4e0d\u60f3\u8207\u4e4b\u885d\u7a81\uff0c\u5c31\u9078\u64c7\u606f\n\u4e8b\u5be7\u4eba\uff0c\u4e0d\u8981\u8b1b\u6703\u5f15\u767c\u885d\u7a81\u7684\u8a71\uff0c\u4e0d\u8981\u505a\u6703\u5f15\u8d77\u885d\u7a81\u7684\u884c\u70ba\uff0c\u9032\u884c\u81ea\u6211\u5be9\u67e5\u3002\n\n\n\n--\n\u203b \u7de8\u8f2f: Anddyliu (1.34.23.26 \u81fa\u7063), 09/29/2019 16:36:36\n"}