{"ptt_id": "cloud72426", "post_url": "https://www.ptt.cc/bbs/Gossiping/M.1566833561.A.DA3.html", "post_type": "\u554f\u5366", "post_title": "\u5e6b\u670b\u53cb\u554f", "post_time": "2019-08-26 23:32:39", "post_score": 0, "post_pushes": [{"type": -1, "id": "GGrunrundela", "content": ": \u4e00\u6a13\u919c\u7537\u6b7b\u79bf\u982d"}, {"type": 0, "id": "james732", "content": ": \u61f6\u53eb\u591a\u5927\uff1f"}, {"type": 0, "id": "Rin5566", "content": ": \u4f60\u6c92\u6709\u670b\u53cb"}, {"type": 1, "id": "clark2644", "content": ": \u597d\u723d"}, {"type": 1, "id": "kuijun228", "content": ": \u4e94\u6a13\u7532\u7532"}, {"type": 0, "id": "kuijun228", "content": ": \u5614\u5614\u5614\u5614"}, {"type": 0, "id": "rie779", "content": ": \u53ef\u4ee5 \u4f60\u53ef\u4ee5\u8ffd\u4e86"}, {"type": -1, "id": "kichyo", "content": ": 1\u6a135\u6a13\u8b9a"}, {"type": 0, "id": "p2p8ppp", "content": ": \u5a36\u6211"}, {"type": 0, "id": "felixr0123", "content": ": \u8d0f\u5bb6"}], "post_ip": "61.231.27.238", "post_content": "\n\n\n   \u7537 36\u6b72  \u8ca1\u5bcc\u81ea\u7531  \u7121\u8eca  \u6709\u623f\n\n   \u88ab\u52d5\u6536\u5165\u7d04200\u842c\n\n   \u8cc7\u7522\u542b\u571f\u5730\u7d047~8000\u842c\n\n   \u55ae\u8eab\n\n\n   \u9019\u6a23\u7b97\u53ca\u683c\u561b?\n\n\n   \u6709\u516b\u5366\u561b?\n\n--\n"}