{"ptt_id": "GOFEN", "post_url": "https://www.ptt.cc/bbs/Gossiping/M.1564630153.A.55D.html", "post_type": "\u554f\u5366", "post_title": "\u4e0a\u8ab2\u4e0a\u5230\u60f3\u7761\u89ba\uff0c\u600e\u9ebc\u8fa6\uff1f", "post_time": "2019-08-01 11:29:11", "post_score": 7, "post_pushes": [{"type": 1, "id": "vgiraffe", "content": ": \u6709\u6c92\u6709\u6691\u4fee\u8003\u72d7\u5e79\u96e3\u76848\u639b"}, {"type": 1, "id": "ridecule", "content": ": \u5c31\u7761\u554a"}, {"type": -1, "id": "k44754", "content": ": \u53bb\u627e\u5de5\u4f5c\u554a"}, {"type": 1, "id": "swoff9sm", "content": ": \u6211\u90fd\u585e\u8df3\u86cb\uff0c\u5feb\u7761\u8457\u5c31\u8acb\u5973\u53cb\u958b\u555f"}, {"type": 0, "id": "fantasibear", "content": ": \u809b"}, {"type": 0, "id": "sclbtlove", "content": ": \u6a13\u4e0b\u90fd\u770b\u8457\u963f\u6241\u7684\u7167\u7247\u5e79\u561b"}, {"type": 1, "id": "ms0545173", "content": ": \u73fe\u5728\u8001\u5e2b\u90fd\u99ac\u516c\u52d9\u54e1 \u5ff5\u4e00\u5ff5\u5c31\u4e0b\u73ed"}, {"type": 0, "id": "Howard61313", "content": ": \u628a\u4ed6P\u5716P\u6210\u6a13\u4e0a\u554a"}, {"type": 0, "id": "ms0545173", "content": ": \u771f\u8981\u5e2b\u8cc7\u597d\u80af\u4ea4\u7684\u53ea\u6709\u88dc\u7fd2\u73ed\u6709"}, {"type": 0, "id": "johnhmj", "content": ": \u88f8\u5954\u3002"}, {"type": 0, "id": "bigcho", "content": ": \u4e0a\u53f0\u5c3b\u4e0b\u53bb"}, {"type": 0, "id": "satllion", "content": ": \u524d\u5e7e\u5929\u6709\u65b0\u805e\u8aaa\u6709\u4e00\u4f4d\u5c0f\u5f1f\u9280\u91dd\u523a\u96de\uff0c\u7d66"}, {"type": 0, "id": "satllion", "content": ": \u4f60\u53c3\u8003\u4e00\u4e0b"}, {"type": 1, "id": "yuusan", "content": ": \u8981\u7761\u56de\u5bb6\u7761"}, {"type": 1, "id": "accin", "content": ": \u6a5f\u68b0\u7cfb\u60f3\u7576\u5e74\u5634\u7832\u5927\u8cfd \u6211\u5341\u5e74\u524d\u4e5f\u53c3\u52a0\u904e\u5537"}, {"type": 0, "id": "accin", "content": ": \u73fe\u5728\u6a5f\u68b0\u808f\u4ed6\u5abd\u7684\u88ab\u9019\u4e9b\u4eba\u641e\u5f97\u66f4\u6158"}, {"type": 1, "id": "ttn851227", "content": ": \u76f4\u63a5\u7761"}, {"type": 1, "id": "accin", "content": ": \u8001\u5e2b\u8aaa\u51fa\u53bb\u9762\u8a66\u8001\u95c6\u7d66\u4f60\u4e94\u842c \u4f60\u76f4\u63a5\u6454\u5c65\u6b77"}, {"type": 0, "id": "accin", "content": ": \u6211\u51fa\u53bb\u9762\u8a66\u7684\u6642\u5019\u958b\u4e09\u842c\u88ab\u8001\u95c6\u6454\u5c65\u6b77"}, {"type": 0, "id": "akumo", "content": ": \u5e72\u6211\u5c41\u4e8b"}], "post_ip": "223.138.177.81", "post_content": "\n\n\u4e0a\u8457\u6b63\u7121\u804a\u7684\u8ab2\u7a0b\u2026\u2026\u4e00\u6574\u500b\u60f3\u7761\u89ba\n\n\u8001\u5e2b\u4e00\u76f4\u81ea\u9867\u81ea\u7684\u8b1b\u8ab2...\n\u4e5f\u4e00\u76f4\u8aaa\u81ea\u5df1\u7684\u8c50\u529f\u5049\u696d\u3002\n\u8ddf\u8ab2\u672c\u7684\u5167\u5bb9\u5b8c\u5168\u6c92\u95dc\u4fc2\u3002\n\n\u6709\u6c92\u6709\u4e00\u4e9b\u653f\u5e9c\u55ae\u4f4d\u958b\u8ab2\u7684\u5e2b\u8cc7\u662f\u600e\u9ebc\u4f86\u7684\u516b\u5366\u554a\uff1f\n\n-----\nSent from JPTT on my Sony G8441.\n\n--\n\u73fe\u5728\u5728\u8b1b\u82b1\u5abd\u7684\u4e8b\u2026\u2026\n\u203b \u7de8\u8f2f: GOFEN (223.138.177.81 \u81fa\u7063), 08/01/2019 11:31:03\n\u6c92\u9019\u500b\u52c7\u6c23\n\u203b \u7de8\u8f2f: GOFEN (223.138.177.81 \u81fa\u7063), 08/01/2019 11:33:01\n\u5c3b\u90a3\u88e1\uff1f\u4f60\u8981\u8aaa\u554a\uff5e\n30\u5e74\u524d\u958b\u8ca8\u6ac3\u8d77\u91cd\u6a5f\u7684\u5de5\u4eba\uff0c\n\u53bb\u9152\u5e97\u7684\u8a71\u5973\u7684\u6703\u4e00\u76f4\u9760\u904e\u4f86\uff01\uff1f\n\u73fe\u5728\u5462\uff1f\n\u203b \u7de8\u8f2f: GOFEN (223.138.177.81 \u81fa\u7063), 08/01/2019 11:34:41\n\u4e0d\u884c\uff0c\u516c\u53f8\u51fa\u9322\u3002\n\u5594\u5594\u5594\uff5e\u4e2d\u92fc\u7684\u99ac\u9054\u90fd\u662f\u897f\u9580\u5b50\u7684\uff5e\n\u203b \u7de8\u8f2f: GOFEN (223.138.177.81 \u81fa\u7063), 08/01/2019 11:35:40\n"}