{"ptt_id": "wahaha23", "post_url": "https://www.ptt.cc/bbs/Gossiping/M.1562959518.A.236.html", "post_type": "\u7206\u5366", "post_title": "\u82f1\u8d85\u6a5f\u68b0\u514b\u52de\u5947\u5ba3\u4f48\u9000\u4f11\uff01\uff01\uff01\uff01\uff01", "post_time": "2019-07-13 03:25:15", "post_score": 8, "post_pushes": [{"type": 1, "id": "cena0605", "content": ": \u4ed6\u6709\u8d8a\u4f4d\u55ce\uff1f"}, {"type": 0, "id": "chinick1478", "content": ": \u4e0d\u6709\u540d"}, {"type": 1, "id": "entranced", "content": ": \u7af9\u7aff"}, {"type": 1, "id": "ishii0857", "content": ": \u4ed6\u5f85\u904e\u5229\u7269\u6d66\uff1b\u66fe\u7d93\u88ab\u93df\u7403\u5012\u5728\u5730\u4e0a,\u4e0d"}, {"type": 0, "id": "ishii0857", "content": ": \u723d\u76f4\u63a5\u87b3\u8782\u5730\u6383\u817f\u5c0d\u65b9XDDD"}, {"type": 1, "id": "kenzo1212", "content": ": \u71b1\u523a2020\u62ff\u51a0\u8ecd\uff01"}, {"type": 1, "id": "sg1987", "content": ": \u8001\u5a46\u5f88\u6b63"}, {"type": 1, "id": "a3300689", "content": ": \u65af\u6258\u514b\u57ce\u624b\u69b4\u5f48\u6230\u8853\u8ddf\u4ed6\u642d\u914d \u771f\u7684\u5f88\u5a01"}, {"type": 1, "id": "NSYSUheng", "content": ": \u4ed6\u8ab0\uff1f"}, {"type": -1, "id": "qscxz", "content": ": \u982d\u939a\u5f88\u5f37\uff1f"}, {"type": 1, "id": "mhfo3035", "content": ": \u4f0a\u5e03\u9000\u4f11\u518d\u4f86\u597d\u55ce=="}, {"type": 1, "id": "nejoy", "content": ": \u6c92\u5e7e\u500b\u9109\u6c11\u8a8d\u8b58\uff0c\u4f46\u662f\u6536\u5165\u5c4c\u6253\u5168\u90e8\u9109\u6c11\u3002"}, {"type": 1, "id": "Orisinal", "content": ": \u80fd\u8e22\u5230\u9019\u5e74\u9f61\u5df2\u7d93\u5f88\u4e0d\u932f\u4e86 \u9084\u662f\u7a7a\u9738\u7bad"}, {"type": 0, "id": "Orisinal", "content": ": \u982d"}, {"type": -1, "id": "mirac1e", "content": ": \u4ed6\u9084\u5728\u5594 \u6211\u4ee5\u70ba\u4ed6\u65e9\u5c31\u9000\u4f11\u4e86"}], "post_ip": "110.50.159.193", "post_content": "\n\u82f1\u8d85\u8eab\u9ad8203\u516c\u5206\u50b3\u5947\u524d\u92d2\u7403\u661fPeter Crouch\n\u5728Twitter \u5ba3\u4f48\u7d50\u675f\u8077\u696d\u7403\u54e1\u751f\u6daf\nhttps://twitter.com/petercrouch/status/1149618340010160129?s=21\n\u751f\u6daf\u5f85\u904e12\u652f\u4ff1\u6a02\u90e8\n\u6700\u8b93\u7403\u8ff7\u719f\u6089\u7684\u5c31\u662f\u6a5f\u68b0\u821e\nhttps://youtu.be/qBFQxqysGaA\n\u96d6\u7136\u4e26\u4e0d\u7b97\u662f\u6280\u8853\u9802\u5c16\u7684\u7403\u54e1\n\u5728\u4ff1\u6a02\u90e8&\u570b\u5bb6\u968a\u90fd\u6709\u7d93\u5178\u7684\u5c04\u9580\u4ee3\u8868\u4f5c\n2006-07\u6b50\u51a0\u5012\u639b\u91d1\u9264\nhttps://youtu.be/AvbPf7xrfN4\n\n--\nBlue is the colour,football is the game\nWe're all together,and winning is our aim\nSo cheer us on through the sun and rain\nCause Chelsea,Chelsea is our name\nhttps://www.youtube.com/watch?v=HZYfi_Ex_gM\nhttps://i.imgur.com/6ZRMR7F.png\n\n--\n"}