{"ptt_id": "jp6vu04boy", "post_url": "https://www.ptt.cc/bbs/Gossiping/M.1566493831.A.3E5.html", "post_type": "\u554f\u5366", "post_title": "\u6709\u6c92\u6709\u88f8\u9ad48+9\u76f4\u64ad\u7684\u516b\u5366", "post_time": "2019-08-23 01:10:29", "post_score": 2, "post_pushes": [{"type": 0, "id": "cake10414", "content": ": \u5728\u558a\u5728"}, {"type": 0, "id": "Waitaha", "content": ": \u5305\u8ecc"}, {"type": 0, "id": "yulin0619", "content": ": \u4e94\u6a13\u99ac\u4e0a\u5c55\u793a"}, {"type": 1, "id": "p25488148", "content": ": \u4e94\u6a13\u76f4\u64ad\u8ce3\u5c41\u773c"}, {"type": 0, "id": "p25488148", "content": ": \u597d\u96aa"}, {"type": -1, "id": "skyHuan", "content": ": \u5433\u5b97\u61b2"}, {"type": 0, "id": "showdoggy", "content": ": \u597d\u96aa\u6bba\u6d28"}, {"type": 0, "id": "Leoncheng", "content": ": \u4e94\u6a13\u81ea\u80a5\u592a\u660e\u986f"}, {"type": 1, "id": "nodnod", "content": ": \u512a\u8cea\u95a9\u5357\u6587\u5316"}, {"type": 1, "id": "fastmonster", "content": ": \u770b\u9019\u7a2e\u76f4\u64ad\u7684\u89c0\u773e\u662f\u4e0d\u662f\u90fd\u667a\u80fd\u4e0d\u8db3"}], "post_ip": "110.26.6.117", "post_content": "\n\u6700\u8fd1\u81c9\u66f8\u4e09\u4e0d\u4e94\u6642\u8df3\u51fa\u76f4\u64ad\n\u4e00\u5806\u4eba\u83ab\u540d\u5176\u5999\u5728\u4e00\u5806\u793e\u5718\u4e82\u5206\u4eab\n\u5c24\u5176\u662f\u90a3\u7a2e8+9\u88f8\u9ad4\u6234\u91d1\u9805\u934a\u523a\u9752\u76f4\u64ad\u8ce3\u6d77\u9bae\u8ce3\u91d1\u5b50\n\n\u6709\u516b\u5366\u55ce\uff1f\n\n--\n"}