{"ptt_id": "bodielu", "post_url": "https://www.ptt.cc/bbs/Gossiping/M.1569336249.A.238.html", "post_type": "\u554f\u5366", "post_title": "\u5305\u5927\u4eba\u5f88\u559c\u6b61\u5403\u5c4e\u55ce", "post_time": "2019-09-24 22:44:07", "post_score": 7, "post_pushes": [{"type": 0, "id": "james732", "content": ": \u4e8c\u6a13\u5f88\u559c\u6b61\u5403\u5c4e\u559d\u5c3f\u8ddf\u88ab\u809b"}, {"type": 1, "id": "kiminocodo", "content": ": \u6a13\u4e0b\u5f88\u611b\u5403\u5c4e\u5403\u6d28"}, {"type": 1, "id": "kiminocodo", "content": ": \u84cb"}, {"type": 1, "id": "kiminocodo", "content": ": \u6211\u662f\u7d66\u4e00\u6a13\u9762\u5b50\u624d\u84cb\u7684"}, {"type": 1, "id": "kiminocodo", "content": ": \u4e00\u6a13\u53ef\u4ee5\u8ddf\u6211\u7d50\u5a5a\u55ce\uff1f"}, {"type": 0, "id": "james732", "content": ": \u597d"}, {"type": 0, "id": "deep77092", "content": ": 2F \u50b2\u5b0c"}, {"type": 1, "id": "gausong", "content": ": \u96f7\u5c41"}, {"type": 1, "id": "gvvg5566", "content": ": \u606d\u559c\u4e00\u6a13\u4e8c\u6a13"}, {"type": 1, "id": "kiminocodo", "content": ": \u6211\u60f3\u8981\u5728\u8056\u8a95\u7bc0\u8fa6\u5a5a\u79ae \u5269\u4e0b\u7684\u7ad9\u5167\u8ac7"}], "post_ip": "101.9.145.60", "post_content": "\n\u525b\u525b\u8d70\u5728\u8def\u4e0a \u807d\u5230\u8aaa\u66f8\u7684\u5728\u8aaa\u5305\u5927\u4eba\u7684\u6545\u4e8b  \u5305\u9f8d\u661f\u5927\u4eba\u88ab\u5341\u5e7e\u500b\u5927\u6f22\u5f37\u5978 \u9084\u9935\u5305\u5927\u4eba\u5403\n\u5c4e \u5305\u5927\u4eba\u908a\u5403\u908a\u8aaa\u597d\u5403 \u5305\u5927\u4eba\u559c\u6b61\u5403\u5c4e\u55ce\uff1f\n\n--\n"}