{"ptt_id": "sodistrues", "post_url": "https://www.ptt.cc/bbs/Gossiping/M.1568372098.A.96D.html", "post_type": "\u554f\u5366", "post_title": "\u70ba\u4ec0\u9ebc\u5176\u4ed6\u904e\u4e2d\u79cb\u7bc0\u7684\u570b\u5bb6\u4e0d\u70e4\u8089\uff1f", "post_time": "2019-09-13 18:54:56", "post_score": 1, "post_pushes": [{"type": 0, "id": "iio", "content": ": \u56e0\u70ba\u53ea\u6709\u53f0\u7063\u88ab\u91d1\u862d\u91ac\u6cb9\u6d17\u8166"}, {"type": 1, "id": "gibson72", "content": ": \u4e0d\u5c31\u662f\u67d0\u724c\u70e4\u8089\u91ac\u7684\u9670\u8b00"}, {"type": -1, "id": "home10272", "content": ": \u56e0\u70ba\u5225\u4eba\u662f\u570b\u5bb6,\u53f0\u7063\u4e0d\u662f"}, {"type": 0, "id": "frommr", "content": ": \u91d1~\u61f6 \u91d1~\u721b"}, {"type": -1, "id": "Leo4891", "content": ": \u70e4\u8089\u91ac\u5546 \u7528\u5ee3\u544a\u6d17\u8166\u53f0\u7063\u4eba"}, {"type": 1, "id": "caesst85149", "content": ": \u516b\u6708\u5341\u4e94\u6bba\u97c3\u5b50 \u6bba\u4e86\u97c3\u5b50\u70e4\u4f86\u5403"}, {"type": 0, "id": "caesst85149", "content": ": \u70e4\u8089\u624d\u662f\u6b63\u5b97\u7684\u4e2d\u79cb\u50b3\u7d71"}, {"type": 0, "id": "Puribaw", "content": ": \u771f\u7684\u662f\u91ac\u6cb9\u958b\u59cb\u7684 \u4f46\u4e5f\u7b97\u662f\u8b8a\u6210\u53f0\u7063\u7279\u6709"}, {"type": 0, "id": "Puribaw", "content": ": \u6587\u5316\u5566 \u80fd\u548c\u8001\u670b\u53cb\u805a\u805a\u9910"}, {"type": 1, "id": "wjchao", "content": ": \u8ddf\u767d\u8272\u60c5\u4eba\u7bc0\u662f\u540c\u6a23\u7684\u7406\u7531"}], "post_ip": "114.136.1.137", "post_content": "\n\u4e2d\u570b\u6216\u662f\u9999\u6e2f \u6fb3\u9580\n\n\u99ac\u4f86\u897f\u4e9e  \u65b0\u52a0\u5761  \u65e5\u672c  \u97d3\u570b  \u8d8a\u5357\n\n\u4e2d\u79cb\u7bc0\u597d\u50cf\u90fd\u4e0d\u70e4\u8089\n\n\n\u70ba\u4ec0\u9ebc\u5176\u4ed6\u904e\u4e2d\u79cb\u7bc0\u7684\u570b\u5bb6\u4e0d\u70e4\u8089\uff1f\n\n--\n"}