{"ptt_id": "inet", "post_url": "https://www.ptt.cc/bbs/Gossiping/M.1567594060.A.782.html", "post_type": "\u554f\u5366", "post_title": "\u70ba\u4ec0\u9ebc\u662fTaiwan\u4e0d\u662fDaiwan", "post_time": "2019-09-04 18:47:38", "post_score": 1, "post_pushes": [{"type": 0, "id": "butmyass", "content": ": \u4e0d\u662f \u597d\u4f60\u53ef\u4ee5\u6efe\u4e86"}, {"type": 1, "id": "whitefox", "content": ": \u5927\u54e1\u5cf6"}, {"type": -1, "id": "thegreatlcx", "content": ": \u6d17\u6b79\u70e4"}, {"type": 1, "id": "leoqqqoel", "content": ": \u6c92\u5dee \u90fd\u4e2d\u570b\u53f0\u5317"}, {"type": 1, "id": "IslamicState", "content": ": \u56e0\u70ba\u65e5\u672c\u88fd\u7684\u58d3\u7e2e\u6a5f..."}, {"type": 0, "id": "Israfil", "content": ": \u90a3\u4e7e\u8106\u53ebDiewan"}, {"type": -1, "id": "poqwiuer", "content": ": \u8acb\u6b63\u540dChinese Taipei"}, {"type": 0, "id": "Fino5566", "content": ": \u5927\u4e38"}, {"type": -1, "id": "scum5566", "content": ": \u70ba\u4ec0\u9ebc\u662f\u53f0\u7063\u4e0d\u662f\u5446\u4e38"}, {"type": 0, "id": "rental101", "content": ": \u65e5\u672c\u5c0d\u5916\u53ebJapan,\u5c0d\u5167\u53ebNippon,\u4e5f\u5f88ok"}, {"type": 1, "id": "NTULioner", "content": ": guidao"}, {"type": 0, "id": "donation12", "content": ": \u4e0d\u540c\u5340\u57df\u7684\u8a9e\u8a00\u53e3\u97f3\u5c0d\u81fa\u7063\u7684\u7a31\u547c\u4e0d\u540c"}, {"type": 1, "id": "farmoos", "content": ": \u5927\u6e05\u548c\u65e5\u672c\u7684\u53f0\u7063\u97f3\u8b6f\u90fd\u662fTaiwan\u3002\u4ee5\u524d"}, {"type": 0, "id": "farmoos", "content": ": \u5176\u4ed6\u7cfb\u7d71\u7684\u540d\u4e0d\u4e00\u6a23\u3002"}, {"type": 0, "id": "donation12", "content": ": \u5012\u4e5f\u4e0d\u7528\u4fee\u6539\uff0c\u81f3\u5c11\u4eba\u5bb6\u6c92\u628a\u4f60\u7576\u6cf0\u570b"}, {"type": 0, "id": "BarnHart", "content": ": \u97d3\u570b\u81ea\u7a31Han Kook,\u82f1\u6587\u53eb\u9ad8\u9e97"}, {"type": 1, "id": "SSCSFE", "content": ": \u6c92\u6709\u4eba\u5728\u4e4e\u671d\u9bae\u570b\u5982\u4f55\u81ea\u7a31 taiwan\u4e4b\u6240\u4ee5\u662f"}, {"type": 0, "id": "SSCSFE", "content": ": \u90a3\u6a23\u8981\u591a\u8667\u6d0b\u6559\u58eb\u6c99\u5a01\u99ac"}, {"type": 1, "id": "blackbigbig", "content": ": \u96fb\u6372\u7528Daiwa\uff0c\u7d21\u8eca\u7528shimano"}, {"type": -1, "id": "Larsie", "content": ": \u4f60\u4e0d\u6703\u767c\u97f3\uff1f"}, {"type": -1, "id": "HarukaLoveu", "content": ": \u53f0\u54ea\u88e1\u6709Dai\u7684\u97f3?"}, {"type": 0, "id": "somefatguy", "content": ": Die one"}, {"type": -1, "id": "demitri", "content": ": \u56e0\u70ba\u9019\u4e0d\u662f\u767c\u6210\u53f0\u8a9e\u7684d"}], "post_ip": "49.216.20.6", "post_content": "\n\u6709\u4eba\u8aaataipei\u61c9\u8a72\u662ftaibei\n\u56e0\u70ba\u5317\u6839\u672c\u662f\u3105\u7684\u97f3\n\u4e0d\u662f\u3106\n\u65e2\u7136\u9019\u6a23\nTaiwan\u61c9\u8a72\u53ebDaiwan\n\u7562\u7adfDaiwan\u6bd4\u8f03\u591a\u4eba\u7528\n\n\u662f\u4e0d\u662f\uff1f\n\n--\n"}