{"ptt_id": "dingwk", "post_url": "https://www.ptt.cc/bbs/Gossiping/M.1567750091.A.5DE.html", "post_type": "\u554f\u5366", "post_title": "\u70ba\u4f55\u5b78\u6821\u7684\u6a13\u68af\u90fd\u8981\u8cbc\u82f1\u6587\u4f8b\u53e5?", "post_time": "2019-09-06 14:08:06", "post_score": 2, "post_pushes": [{"type": 0, "id": "frommr", "content": ": fuck you ass"}, {"type": 0, "id": "roywow", "content": ": This is a book"}, {"type": 1, "id": "vilevirgin", "content": ": \u6211\u90fd\u7528\u6473\u6473\u9f8d\u5b78\u82f1\u6587"}, {"type": -1, "id": "rick060903", "content": ": fuck"}, {"type": 0, "id": "glion", "content": ": let's creampie our English teacher!"}, {"type": 0, "id": "kent", "content": ": \u6bd4\u8cbc\u975c\u601d\u8a9e\u597d"}, {"type": 1, "id": "qweertyui891", "content": ": \u4e2d\u83ef\u6c11\u570b\u7f8e\u5b78"}, {"type": 0, "id": "rogudan", "content": ": \u53f0\u7063\u4efb\u4f55\u4e00\u500b\u516c\u5171\u7a7a\u9593\u90fd\u8cbc\u6eff\u8b66\u8a9e\u52f5\u5fd7\u8a9e\u5b97"}, {"type": 0, "id": "rogudan", "content": ": \u6559\u8a9e\uff0c\u9ad2"}, {"type": 1, "id": "p72910", "content": ": We look not at what can be seen, but we"}, {"type": 0, "id": "p72910", "content": ":  look at what can not be seen. \u8056\u7d93\u540d\u53e5"}, {"type": 0, "id": "p72910", "content": ": For what can be seen is temporary but w"}, {"type": 0, "id": "p72910", "content": ": hat can not be seen is eternal. \u8d85\u7f8e\u53e5"}, {"type": 0, "id": "p72910", "content": ": \u5b50"}, {"type": 0, "id": "p72910", "content": ": \u8b80\u9019\u7a2e\u82f1\u7f8e\u6587\u5b78\u4ed6\u5abd\u6bd4\u5783\u573e\u4e2d\u570b\u6587\u5316\u57fa\u672c\u6559"}, {"type": 0, "id": "p72910", "content": ": \u6750\u597d\u767e\u500d"}], "post_ip": "101.9.38.205", "post_content": "\n\u525b\u4e2d\u5348\u7684\u6642\u5019\uff0c\u53bb\u5e6b\u6211\u5f1f\u9001\u4fbf\u7576\n\n\u767c\u73fe\u6a13\u68af\u8ddf\u6a13\u68af\u4e2d\u9593\u90fd\u8cbc\u6eff\u82f1\u6587\u4f8b\u53e5\n\n\u6211\u5c31\u554f\u6211\u5f1f\u8aaa \u4f60\u722c\u6a13\u68af\u7684\u6642\u5019\u6703\u770b\u55ce\n\n\u4ed6\u5c31\u8ddf\u6211\u8aaa \u4ed6\u6709\u4e00\u500b \u8cc7\u512a\u751f\u7684\u540c\u5b78\n\n\u722c\u6a13\u68af\u9867\u8457\u770b\u82f1\u6587 \u5c31\u4e0d\u614e\u8dcc\u5012\u4e86...\n\n\u5b78\u6821\u73fe\u5728\u5728\u8003\u616e\u8981\u7e7c\u7e8c\u7559\u8457 \u9084\u662f\u62ff\u6389\n\n\u53f0\u7063\u4eba\u771f\u7684\u5f88\u559c\u6b61\u6d3b\u5316\u7a7a\u9593\u6b38...\n\n--\n\u6211\u65e9\u9910\u90fd\u5403\uff1a\n\nhttps://imgur.com/dO12hQg\n\nhttps://imgur.com/NbG00R0\n\n\n--\n"}