{"ptt_id": "humbler", "post_url": "https://www.ptt.cc/bbs/Gossiping/M.1562291651.A.47C.html", "post_type": "\u554f\u5366", "post_title": "\u4f60\u80fd\u7531\u5de6\u81f3\u53f3\u8aaa\u51fa\u540d\u5b57\u55ce\uff1f", "post_time": "2019-07-05 09:54:08", "post_score": 10, "post_pushes": [{"type": 0, "id": "linda17a3", "content": ": \u4e0d\u8981"}, {"type": 1, "id": "Beanoodle", "content": ": \u9ec3\u91d1\u53f2\u840a\u59c6"}, {"type": 1, "id": "PanaS0Nic", "content": ": \u7b49\u4e00\u4e0b\u8ab0\u4f86PO\u500b\u5973\u5718\u7684\u7167\u7247"}, {"type": 0, "id": "WeGoStyle", "content": ": \u5de6\u4e8c\u662f\u840a\u59c6\u55ce"}, {"type": 1, "id": "kilof", "content": ": \u67f3\u4e01 \u67f3\u4e01 \u67f3\u4e01 \u67f3\u4e01"}, {"type": 1, "id": "mowru", "content": ": \u6a58\u5b50"}, {"type": -1, "id": "a81255316", "content": ": \u6211\u600e\u9ebc\u8a18\u5f97\u6709\u985e\u4f3c\u7684\u6587\u7ae0"}, {"type": 1, "id": "new122851", "content": ": \u840a\u59c6\u76ae\u6bd4\u8f03\u8584"}, {"type": 0, "id": "Dinenger", "content": ": \u67f3\u4e01\u3001\u6a58\u5b50\u3001\u8461\u8404\u67da\u3001\u67da\u5b50"}, {"type": 1, "id": "reppoc", "content": ": \u9178 \u5f88\u9178 \u66f4\u9178 \u5e79\u8d85\u9178"}, {"type": 1, "id": "chunyee", "content": ": \u91d1 \u6854 \u6ab8 \u6aac"}, {"type": 1, "id": "soarling", "content": ": \u4e0d\u77e5\u9053\u70ba\u4ec0\u9ebc\u756b\u9762\u50b3\u4f86\u9663\u9663\u6ab8\u6aac\u5473"}, {"type": 1, "id": "incubus46", "content": ": \u9178\uff0c\u9178\uff0c\u9178\uff0c\u9178"}, {"type": 1, "id": "hatephubbing", "content": ": \u6c92\u6709\u6a58\u5b50\uff1f"}, {"type": 1, "id": "t1e2s3t4", "content": ": \uff0a \uff0a \uff0a \uff0a"}], "post_ip": "36.230.28.65", "post_content": "\nhttps://imgur.com/lofcwRU\n\n\u559c\u6b61\u559d\u91d1\u6854\u6ab8\u6aac\u55ce\uff1f\n\u8acb\u7531\u5de6\u81f3\u53f3\u8aaa\u51fa\u4ed6\u5011\u7684\u540d\u5b57\uff0c\n\u7b54\u6848\u5728\u4e0b\u65b9\u516c\u5e03\u3002\n(\u5716\u7247\u4f86\u81ea\u884c\u653f\u9662\u8fb2\u696d\u59d4\u54e1\u6703)\n\n\n\n\n\n\n\n\n\n\n\n\n\n\n\n\n\n\n\n\n\n\n\u7531\u5de6\u81f3\u53f3\u9806\u5e8f\uff1a\n\u6ab8\u6aac\u3001\u840a\u59c6\u3001\u9ec3\u91d1\u6ab8\u6aac\u3001\u9999\u6c34\u840a\u59c6\u3002\n\n\u4f60\u7b54\u5c0d\u4e86\u55ce\uff1f\n\n--\n\u5982\u679c\u9084\u6709\u4f86\u4e16\uff0c\u6211\u60f3\u7576\u4e00\u500b\u7378\u4eba\n\n--\n"}