{"ptt_id": "yu1164", "post_url": "https://www.ptt.cc/bbs/Gossiping/M.1567808669.A.B2F.html", "post_type": "\u554f\u5366", "post_title": "\u6cd5\u570b\u4eba\u4e0d\u5b88\u6642\u5230\u4ec0\u9ebc\u7a0b\u5ea6\uff1f", "post_time": "2019-09-07 06:24:27", "post_score": 35, "post_pushes": [{"type": 1, "id": "lovelebron24", "content": ": \u81f3\u5c11\u4eba\u5bb6\u662f\u5148\u9032\u570b\u5bb6\u554a"}, {"type": 1, "id": "grandzxcv", "content": ": \u554a\u2026\u2026\u4e0d\u5b88\u6642\u771f\u662f\u6d6a\u6f2b<3"}, {"type": 0, "id": "weijunW", "content": ": \u8ddf\u6b79\u73a9\u4eba\u559c\u5bb4\u56fa\u5b9a\u9072\u958b\u684c\u5dee\u4e0d\u591a\u3105~"}, {"type": 1, "id": "dbdudsorj", "content": ": \u4e00\u6a13\u4f60\u78ba\u5b9a\u4ed6\u662f\u5148\u9032\u570b\u5bb6\uff1f\u5225\u9b27\u4e86 \u6211\u770b"}, {"type": 0, "id": "dbdudsorj", "content": ": \u6bd41980\u5e74\u7684\u53f0\u5317\u9084\u6158"}, {"type": 1, "id": "ru8zj312", "content": ": \u6cd5\u570b\u4eba\u5747\u9084\u6bd4\u53f0\u7063\u9ad8 \u9084\u6562\u7b11\u5225\u4eba\u554a"}, {"type": 0, "id": "dbdudsorj", "content": ": \u751a\u9ebc\u7a0b\u5ea6\uff1f\u6211\u89ba\u5f97\u8207\u5176\u8aaa\u751a\u9ebc\u7a0b\u5ea6 \u4e0d\u5982"}, {"type": 0, "id": "dbdudsorj", "content": ": \u8aaa\u614b\u5ea6  \u9072\u5230\u4e00\u526f\u4e8b\u4e0d\u95dc\u5df1 \u5f9e\u4e0a\u5230\u4e0b\u4e00"}, {"type": 0, "id": "dbdudsorj", "content": ": \u500b\u6a23 \u53cd\u6b63\u7e3d\u6709\u7406\u7531 \u6c92\u7406\u7531\u7684\u8a71\u5c31\u8aaa\u9019"}, {"type": 0, "id": "dbdudsorj", "content": ": \u662f\u6cd5\u570b\u6587\u5316 \u6211\u5e79"}, {"type": 1, "id": "stantheman", "content": ": \u6a13\u4e0a\u5728\u8aaa\u73fe\u5728\u7684\u9ad8\u96c4\u5e02\u653f\u5e9c\u55ce"}, {"type": 0, "id": "dbdudsorj", "content": ": \u4eba\u5747\u9ad8\u4e0d\u904e\u662f\u5403\u8001\u672c\u7684\u5047\u8c61 \u9019\u500b\u570b\u5bb6\u4ed6"}, {"type": 0, "id": "dbdudsorj", "content": ": \u5abd\u7684\u904b\u6c23\u597d\u8001\u672c\u6709\u5920\u539a \u4e0d\u904e\u9019\u4e9b\u8001\u672c\u7e3d"}, {"type": 0, "id": "dbdudsorj", "content": ": \u6709\u4e00\u5929\u6703\u5403\u5b8c\u5566\u54c8\u54c8\u54c8\u54c8"}, {"type": 1, "id": "stantheman", "content": ": \u662f\u554a \u53ea\u662f\u4f60\u770b\u4e0d\u5230\u90a3\u5929\u800c\u5df2 \u54c8"}, {"type": 0, "id": "dbdudsorj", "content": ": \u5927\u5bb6\u6703\u89ba\u5f97\u9ad8\u96c4\u5e02\u9577\u5f88\u626f \u62b1\u6b49\u5594\u9019\u500b\u5728"}, {"type": 0, "id": "dbdudsorj", "content": ": \u6cd5\u570b\u6709\u5920\u5e38\u614b \u6839\u672c\u5168\u6c11\u904b\u52d5"}, {"type": 0, "id": "class21535", "content": ": \u6cbb\u5b89\u4e0d\u662f\u51fa\u540d\u7684\u721b\u55ce"}, {"type": 0, "id": "stantheman", "content": ": \u6240\u4ee5\u7d66\u97d3\u570b\u745c\u7576\u7e3d\u7d71\u5c0d\u53f0\u7063\u5f88\u597d\u554a \u54c8"}, {"type": 1, "id": "BaGaJohn5566", "content": ": \u5c3c\u54e5\u592a\u591a\u6cbb\u5b89\u624d\u6703\u5dee\u554a \u5fb7\u570b\u4e5f\u662f"}, {"type": 0, "id": "stantheman", "content": ": \u6cd5\u570b\u6cbb\u5b89\u5dee\u7684\u539f\u56e0\u662f\u56e0\u70ba\u5409\u666e\u8cfd\u4eba\u8ddf\u963f"}, {"type": 0, "id": "stantheman", "content": ": \u62c9\u4f2f\u4eba"}, {"type": 0, "id": "dbdudsorj", "content": ": \u5475\u5475 \u96a8\u4fbf \u4e0d\u77e5\u9053\u70ba\u4ec0\u9ebc\u53f0\u7063\u4eba\u8981\u9019\u9ebc"}, {"type": 0, "id": "dbdudsorj", "content": ": \u6c92\u81ea\u4fe1 \u6211\u5011\u570b\u5bb6\u6839\u672c\u4ed6\u5abd\u7684\u5c4c \u7d50\u679c\u6bcf"}, {"type": 0, "id": "dbdudsorj", "content": ": \u6b21\u90fd\u6703\u6709\u4eba\u51fa\u4f86\u8aaa\u67d0\u67d0\u4eba\u5747\u9ad8\u5566 \u67d0\u67d0\u8cfa"}, {"type": 0, "id": "dbdudsorj", "content": ": \u5f97\u591a\u5566 \u8aaa\u771f\u7684 \u81f3\u5c11\u6cd5\u570b\u6211\u5f88\u78ba\u5b9a \u6211\u5011"}, {"type": 0, "id": "dbdudsorj", "content": ": \u6bd4\u4ed6\u5011\u731b\u591a\u4e86"}, {"type": 0, "id": "stantheman", "content": ": \u53f0\u7063\u771f\u7684\u5f88\u5f37\uff0c\u7adf\u7136\u5141\u8a31\u4e00\u500b\u8349\u5305\u9078\u7e3d"}, {"type": 0, "id": "stantheman", "content": ": \u7d71 \u54c8"}, {"type": 1, "id": "dbdudsorj", "content": ": \u6a13\u4e0a\u4e0d\u8981\u53cd\u4e32\u4e86 \u771f\u662f\u5200\u5b50\u5634\u8c46\u8150\u5fc3"}, {"type": 0, "id": "dbdudsorj", "content": ": \u611b\u4e4b\u6df1\u8cac\u4e4b\u5207 \u5927\u5bb6\u597d\u597d\u52aa\u529b\u5c31\u662f\u4e86"}, {"type": 1, "id": "xvited945", "content": ": \u60f3\u60f3\u770b\u6cd5\u570b\u6709\u4ec0\u9ebc\u5927\u4f01\u696d\u55ce\uff1f\u597d\u50cf\u6c92\u5e7e"}, {"type": 0, "id": "xvited945", "content": ": \u500b\uff0c\u9694\u58c1\u7684\u5fb7\u570b\u8ddf\u82f1\u570b\u5f37\u591a\u4e86\uff0c\u6cd5\u570b\u9072"}, {"type": 0, "id": "xvited945", "content": ": \u65e9\u6d6a\u6f2b\u7684GG"}, {"type": 1, "id": "s19951231", "content": ": \u6642\u9593\u53c3\u8003\u7528\u7684"}, {"type": 0, "id": "heyd", "content": ": \u6cd5\u570b\u4eba\u662f\u51fa\u540d\u7684\u723d \u64fa\u721b\u8001\u95c6\u9084\u4e0d\u80fd\u7092"}, {"type": 0, "id": "elec1141", "content": ": \u4e0d\u904e\u6cd5\u570b\u600e\u6a23 \u53f0\u5973\u90fd\u6703\u5f35\u958b"}, {"type": 0, "id": "elec1141", "content": ": \u96d9\u624b\u64c1\u62b1"}, {"type": 1, "id": "kiuyeah", "content": ": \u6240\u4ee5\u4e00\u76f4\u88ab\u9178\u4e8c\u6230\u4ea1\u570b\u554a"}, {"type": 0, "id": "amoyui", "content": ": \u4eba\u5bb6\u806f\u5408\u570b\u4e94\u5e38\uff0c\u4f60\u53f0\u7063\u4ec0\u9ebc\u5496\uff0c\u9023\u662f\u4e0d\u662f"}, {"type": 0, "id": "amoyui", "content": ": \u570b\u5bb6\u90fd\u4e0d\u77e5\u9053"}, {"type": 1, "id": "rbki3", "content": ": \u65e5\u672c\u5c31\u5b78\u7fd2\u5fb7\u570b\u90a3\u4e00\u5957~ \u7576\u7136\u5b88\u6642"}, {"type": 1, "id": "ofpurity", "content": ": \u6cd5\u570b\u6703\u505a\u98db\u6a5f\u963f \u8ecd\u706b\u4e5f\u5f88\u731b"}, {"type": 1, "id": "l2272", "content": ": \u53ea\u77e5\u9053\u5fb7\u570b\u4eba\u4e00\u7248\u4e00\u773c\u4e5f\u5f8878"}, {"type": 0, "id": "ofpurity", "content": ": \u9084\u6709\u9ad8\u9435"}, {"type": 1, "id": "happybad", "content": ": \u5766\u767d\u8aaa\uff0c\u9019\u4e5f\u662f\u4e00\u7a2e\u6587\u5316\uff0c\u554f\u984c\u5728\u65bc\uff0c\u8981"}, {"type": 1, "id": "yuinghoooo", "content": ": \u9019\u6a23\u7684\u570b\u5bb6\u5c45\u7136\u6d77\u653e\u65e5\u672c..."}, {"type": 0, "id": "happybad", "content": ": \u7684\u8a71\uff0c\u4f60\u5c31\u5927\u5927\u65b9\u65b9\u505a\uff0c\u5927\u5927\u65b9\u65b9\u8aaa\uff0c\u5728"}, {"type": 0, "id": "happybad", "content": ": \u90a3\u908a\u786c\u8981\u6f14\u6232\uff0c\u53c8\u88ab\u4eba\u6293\u5305\uff0c\u8b93\u4eba\u611f\u89ba\u4f60"}, {"type": 0, "id": "happybad", "content": ": \u4e0d\u8aa0\u5be6\uff0c\u6211\u8a8d\u70ba\u9019\u662f\u5b8c\u5168\u4e0d\u540c\u5169\u4ef6\u4e8b"}, {"type": 1, "id": "ex876", "content": ": \u7a7a\u4e2d\u5df4\u58eb\u8ddf\u9054\u68ad\u5c31\u5920\u55c6\u4e86\u5427"}, {"type": 0, "id": "yjchiou", "content": ": \u5bf6\u7345 \u96f7\u8afe \u96ea\u9435\u9f8d vs \u5783\u573e\u83cc\uff0c"}, {"type": 1, "id": "newsunn", "content": ": \u53bb\u6cd5\u570b\u4eba\u5bb6\u88e1\u7528\u9910\u771f\u7684\u8981\u9072\u5230\u5341\u4e94\u5206\u9418\u624d\u6b63"}, {"type": 0, "id": "newsunn", "content": ": \u78ba\uff0c\u6e96\u6642\u5230\u6703\u88ab\u7576\u767d\u76ee"}, {"type": -1, "id": "badbadook", "content": ": \u554aO\u6392av\u5f88\u5c4c"}, {"type": 0, "id": "KurakiMaki", "content": ": \u4e0d\u5b88\u6642\u7684\u4eba\u624d\u6703\u89ba\u5f97\u5b88\u6642\u5f88\u4e00\u7248\u4e00\u773c"}, {"type": 0, "id": "KurakiMaki", "content": ": \u4ee5\u5f8c\u4f60\u5750\u98db\u6a5f\u5750\u706b\u8eca\u6642\u9593\u90fd\u53c3\u8003\u7528"}, {"type": 0, "id": "KurakiMaki", "content": ": \u7406\u7531\u662f\u8eca\u9577\u8ddf\u6a5f\u9577\u9084\u6c92\u4f86\uff0c\u4f60\u6703\u723d\u55ce"}, {"type": 1, "id": "GMA", "content": ": \u5168\u7403500\u5927\u4f01\u696d\uff0c\u6cd5\u570b\u6392\u7b2c\u4e94\uff0c\u9084\u8d0f\u82f1\u570b\u8036"}, {"type": 1, "id": "intointo", "content": ": \u4e0a\u73ed\u4e0d\u7528\u6253\u5361\uff1f"}, {"type": -1, "id": "syldsk", "content": ": \u6cd5\u570b\u4eba\u6709\u6838\u6b66\u634f\uff0c\u4f60\u6562\u903c\u4ed6\u5b88\u6642\uff1f"}, {"type": -1, "id": "LeoYuri", "content": ": \u6cd5\u570b\u4eba\u6cbb\u5b89\u672c\u4f86\u5c31\u721b\uff0c\u96e3\u6c11\u9084\u6c92\u53bb\u4e4b\u524d\uff0c\u5404"}, {"type": 0, "id": "LeoYuri", "content": ": \u7a2e\u7aca\u76dc\u3001\u6436\u52ab\u4e00\u5806\uff0c\u96e3\u6c11\u53bb\u5f8c\u624d\u628a\u7576\u5730\u4eba\u90fd"}, {"type": 0, "id": "LeoYuri", "content": ": \u72af\u7f6a\u63a9\u84cb\u800c\u5df2\u3002"}, {"type": 0, "id": "LeoYuri", "content": ": \u626f\u4eba\u7a2e\u90fd\u662f\u7a2e\u65cf\u6b67\u8996\u662f\u4e0d\u662f\u963f"}, {"type": 0, "id": "norder", "content": ": \u73fe\u5728\u52a0\u901f\u975e\u6d32\u88d4\u5316\u8207\u4f0a\u65af\u862d\u5316\u4e86,\u4e0d\u610f\u5916"}, {"type": 1, "id": "snapdragon", "content": ": D Day\u665a\u4e86\u5e7e\u500b\u6708\u767b\u9678"}, {"type": 1, "id": "choroq3", "content": ": \u7cbe\u54c1\u696dLV\u53ef\u7b97\u5927\u4f01\u696d\u5427 \u77f3\u6cb9\u696d\u7684Total\u4e5f\u8d85"}, {"type": 0, "id": "choroq3", "content": ": \u5927"}, {"type": 1, "id": "riker729", "content": ": \u5b88\u4e0d\u5b88\u6642\u4e0d\u662f\u91cd\u9ede \u6b50\u6d32\u4eba\u5148+100\u5206"}, {"type": 1, "id": "jack250802", "content": ": \u770b\u523061\u6a13\u7b11\u6b7b\u6211\u4e86"}, {"type": 1, "id": "etiennechiu", "content": ": \u4f60\u4e0d\u61c2\u5566\uff01\u6563\u6f2b\u662f\u6cd5\u570b\u4eba\u7684\u6d6a\u6f2b"}, {"type": 1, "id": "TigraBoy", "content": ": \u4e0b\u73ed\u5f88\u6e96\u6642\u963f"}, {"type": 1, "id": "z1976", "content": ": \u6cd5\u570b\u6709\u5bf6\u7345\u3001\u96ea\u9435\u9f8d\uff0c\u53f0\u7063\u6709\u7d0d\u667a\u6377\uff0c\u4f60\u8aaa\u5462"}, {"type": 1, "id": "willschlafen", "content": ": \u4e5f\u8981\u770b\u5834\u5408\u5427"}, {"type": -1, "id": "laukun", "content": ": \u5df4\u897f\u4eba\u7b11\u4e86"}, {"type": 1, "id": "ALENDA", "content": ": \u61c9\u8a72\u8aaa\u61f6\u6563\u5230\u4e00\u500b\u5883\u754c\u6210\u70ba\u6587\u5316\u5f8c\uff0c\u53cd\u800c\u80fd"}, {"type": 0, "id": "ALENDA", "content": ": \u9760\u8ca9\u8ce3\u9019\u6a23\u7684\u6587\u5316\u8cfa\u9322\uff0c\u53ea\u80fd\u8aaa\u4eba\u5404\u6709\u547d..."}, {"type": 0, "id": "ALENDA", "content": ": .........\u6771\u4e9e\u7684\u4eba\u5c31\u6c92\u90a3\u7a2e\u547d\u8a8d\u4efd\u9ede......"}, {"type": 0, "id": "ALENDA", "content": ": .........."}, {"type": 1, "id": "love072642", "content": ": \u96e3\u602a\u4e16\u754c\u76c3\u596a\u51a0"}, {"type": 1, "id": "chairfong", "content": ": \u5403\u8001\u672c \u4e9e\u6d32\u570b\u5bb6\u4e00\u76f4\u8ffd\u4e0a\u4f86"}, {"type": 0, "id": "blackhippo", "content": ": \u81f3\u5c11\u9072\u5230\u5c31\u9072\u5230.\u4e0d\u6703\u9283\u5eb7\u8aaa\u662f\u5c0d\u65b9\u9072\u5230"}, {"type": 1, "id": "feliz5566", "content": ": \u4f60\u53bb\u6cd5\u570b\u5728\u53f0\u5354\u6703\u8fa6\u4e8b\u60c5\u770b\u770b \u611f\u53d7\u4e00\u4e0b"}, {"type": 0, "id": "feliz5566", "content": ": \u6cd5\u5f0f\u512a\u96c5"}, {"type": 1, "id": "EarlyInMay", "content": ": \u6cbb\u5b89\u5dee\u4e5f\u53ea\u662f\u5927\u57ce\u5e02\u5427"}, {"type": 0, "id": "EarlyInMay", "content": ": \u6cd5\u570b\u7684\u61f6\u6563\u662f\u6d6a\u6f2b \u6771\u5357\u4e9e\u7684\u6d6a\u6f2b\u662f\u61f6"}, {"type": 0, "id": "EarlyInMay", "content": ": \u6563"}, {"type": 1, "id": "caresomes", "content": ": \u4e0b\u8f29\u5b50\u8a18\u5f97\u6295\u5c0d\u80ce"}, {"type": 1, "id": "wahas020", "content": ": \u81f3\u5c11\u4e0d\u6703\u9677\u5bb3\u5225\u4eba\u9072\u5230"}, {"type": 0, "id": "Zhang274", "content": ": \u53f0\u5973\u9762\u524d\u9072\u5230\u80af\u5b9a\u88ab\u5e79\u6b7b"}, {"type": 0, "id": "Zhang274", "content": ": \u6b50\uff0c\u9084\u6709\u6e96\u6642\u5728\u97d3\u570b\u745c\u524d\u9762\u6703\u8b8a\u9072\u5230"}, {"type": 0, "id": "northwater", "content": ": \u6211\u7684\u7d93\u9a57\u5566\uff0c\u9047\u5230\u7684\u6cd5\u570b\u4f9b\u61c9\u5546\u662f\u6c92\u9072"}, {"type": 0, "id": "northwater", "content": ": \u5230\u904e\uff0c\u5176\u4ed6\u6211\u4e0d\u77e5\u9053"}, {"type": 1, "id": "chiguang", "content": ": \u7d04\u65e9\u9910\u6703\u8b8a\u6210\u5403\u665a\u9910"}, {"type": 0, "id": "glass0520", "content": ": \u53f0\u7063\u6e96\u6642\u4e0b\u73ed\u6703\u88ab\u8aaa\u4e0d\u79ae\u8c8c\uff0c\u5dee\u4e0d\u591a\u5427"}, {"type": 1, "id": "lecheck", "content": ": \u6703\u4e0d\u6703\u65e9\u5230\uff1f"}, {"type": 0, "id": "Pissaro", "content": ": \u6cd5\u570b\u7684\u5148\u9032\u662f\u5728\u6587\u5316\u85dd\u8853\u601d\u60f3\u4e0a\uff0c\u5b88\u6642\u662f\u88fd"}, {"type": 0, "id": "Pissaro", "content": ": \u9020\u696d\u8ddf\u5f37\u8abf\u6280\u8853\u7684\u6587\u5316\u601d\u7dad\uff0c\u5fb7\u570b\u8ddf\u65e5\u672c\u5c31"}, {"type": 0, "id": "Pissaro", "content": ": \u662f\u4ee3\u8868"}, {"type": 1, "id": "leooonardo", "content": ": \u5149\u662f\u6703\u505a\u98db\u6a5f\u8ddf\u6230\u6a5f\u5c31\u5c4c\u6253\u4e86\u597d\u4e0d"}, {"type": 1, "id": "KYALUCARD", "content": ": \u5fb7\u570b? \u4f60\u642d\u904e\u5fb7\u9435\u55ce?"}, {"type": 0, "id": "KYALUCARD", "content": ": \u53bb\u642d\u4e00\u6b21\u5fb7\u9435\u518d\u4f86\u8aaa\u5fb7\u570b\u4eba\u5b88\u6642"}, {"type": 0, "id": "KYALUCARD", "content": ": \u5fb7\u570b\u4eba:\u4ec0\u9ebc?\u4f60\u8981\u642d\u5fb7\u9435? \u6211\u5efa\u8b70\u4f60\u642d"}, {"type": 0, "id": "KYALUCARD", "content": ": \u516c\u8eca\u6bd4\u8f03\u5feb"}], "post_ip": "60.251.53.35", "post_content": "\n\u76f8\u8f03\u65bc\u6642\u9593\u89c0\u5ff5\u56b4\u8b39\u7684\u65e5\u672c\n\n\u6cd5\u570b\u4eba\u4e0d\u559c\u6b61\u8b93\u751f\u6d3b\u53d7\u9418\u9336\u7684\u64fa\u4f48\uff0c\n\n\u4ed6\u5011\u6709\u6642\u6703\u8aaa\u67d0\u4eba\u884c\u70ba\u201c\u50cf\u9418\u9336\u4e00\u6a23\u7cbe\u78ba\u201d\uff0c\u5be6\u969b\u4e0a\u662f\u5728\u6697\u6307\u9019\u500b\u4eba\u592a\u6a5f\u68b0\uff0c\u4e0d\u61c2\u751f\u6d3b\u3002\n\n\u6cd5\u570b\u4eba\u5728\u5de5\u4f5c\u548c\u751f\u6d3b\u4e2d\u66f4\u559c\u6b61\u8aaa\u201c\u628a\u6642\u9593\u9084\u7d66\u6642\u9593\u201d\u6216\u8005\u201c\u660e\u5929\u5929\u9084\u6703\u4eae\u201d\uff0c\u4e5f\u5c31\u662f\u8aaa\u505a\n\u4e8b\u90fd\u4e0d\u6025\u8e81\u3002\n\n\u6bd4\u5982\u6a5f\u95dc\u516c\u52d9\u54e1\u4e0a\u73ed\uff0c\u4e00\u822c\u662f\u4e5d\u9ede\u591a\u5230\u8fa6\u516c\u5ba4\uff0c\u81f3\u65bc\u201c\u591a\u201d\u591a\u5c11\uff0c\u8981\u770b\u7576\u65e5\u4ea4\u901a\u64c1\u64e0\u60c5\u6cc1\n\u3001\u5b69\u5b50\u6709\u6c92\u6709\u751f\u75c5\u3001\u524d\u4e00\u500b\u665a\u4e0a\u6709\u6c92\u6709\u665a\u6703\u7b49\u7b49\u3002\uff08\u8cc7\u6599\u4f86\u6e90\uff1aacnews\uff09\n\n\u4e5f\u807d\u8aaa\u8ddf\u6cd5\u570b\u4eba\u7d04\u898b\u9762\n\n\u63d0\u65e9\u62b5\u9054\u53cd\u800c\u662f\u7a2e\u76f8\u7576\u4e0d\u79ae\u8c8c\u7684\u884c\u70ba\u3002\n\n\u6cd5\u570b\u4eba\u7a76\u7adf\u4e0d\u5b88\u6642\u5230\u4ec0\u9ebc\u7a0b\u5ea6\uff0c\u6709\u7121\u5366\uff1f\n\n\n--\n"}