{"ptt_id": "RolfP", "post_url": "https://www.ptt.cc/bbs/Gossiping/M.1562441757.A.7F0.html", "post_type": "\u65b0\u805e", "post_title": "\u4e2d\u570b\u6700\u56b4\u5783\u573e\u5206\u985e\u6cd5\u898f\u843d\u5be6\u3000\u4e0a\u6d77\u4eba\u5f62", "post_time": "2019-07-07 03:35:53", "post_score": 23, "post_pushes": [{"type": 0, "id": "james732", "content": ": \u4e00\u6a13\u5783\u573e"}, {"type": 0, "id": "MrXD", "content": ": \u597d\u4e8b \u611b\u5730\u7403"}, {"type": 1, "id": "SEVEnMonth", "content": ": \u4e00\u6a13\u9019\u9ebc\u8aa0\u5be6\u55ce"}, {"type": 1, "id": "david7112123", "content": ": \u4e00\u6a13\u81ea\u4ecb"}, {"type": 0, "id": "monitor", "content": ": \u8c6c\u4e5f\u611b\u5403\u5927\u4fbf\u5427"}, {"type": 0, "id": "laroserose", "content": ": \u4f5c\u4f5c\u6a23\u5b50\u800c\u5df1\uff0c\u6700\u597d\u662f\u5206\u7684\u90a3\u9ebc\u4e7e\u6de8\uff0c"}, {"type": 0, "id": "laroserose", "content": ": \u4e00\u500b\u6708\u5f8c\u518d\u4f86\u5439\u9084\u4e0d\u9072\u5594"}, {"type": 0, "id": "monitor", "content": ": \u5783\u573e\u4e0d\u5206\u85cd\u7da0"}, {"type": 0, "id": "oklagg", "content": ": \u72d7\u5927\u4fbf\u9084\u8981\u62ff\u5230\u5ec1\u6240\u53bb\u6c96\uff1f"}, {"type": 1, "id": "estupid", "content": ": \u5a01\u6b0a\u653f\u5e9c\u61c9\u8a72\u505a\u5f97\u8d77\u4f86\u5427"}, {"type": 0, "id": "laroserose", "content": ": \u5a01\u6b0a\u653f\u5e9c\u9023\u75ab\u82d7\u90fd\u9020\u5047\u5462~ \u4e0d\u8981\u592a\u76f8\u4fe1"}, {"type": 0, "id": "laroserose", "content": ": \u5a01\u6b0a\u5594"}, {"type": 1, "id": "Hans2479", "content": ": \u4e2d\u570b\u4eba\u7684\u52a3\u6839\u6027 \u6797\u76c3\u624d\u4e0d\u76f8\u4fe1\u6703\u505a\u5f97\u6bd4"}, {"type": 0, "id": "Hans2479", "content": ": \u65e5\u672c\u4eba\u5fb9\u5e95"}, {"type": 1, "id": "az57150", "content": ": \u6211\u662f\u89ba\u5f97 \u6487\u9664\u653f\u6cbb\u7acb\u5834 \u4e0a\u6d77\u4e00\u7dda\u57ce\u5e02 \u5e36"}, {"type": 0, "id": "az57150", "content": ": \u982d\u505a\u597d\u4e5f\u6c92\u4ec0\u9ebc\u4e0d\u5c0d \u904e\u6e21\u671f\u5427 \u60f3\u7576\u5e74\u53f0\u7063"}, {"type": 1, "id": "jdklas", "content": ": \u53f0\u7063\u73fe\u5728\u9023\u4e00\u4e9b\u56de\u6536\u5783\u573e\u518d\u4e1f\u4e4b\u524d\u4e5f\u6703\u7528\u6c34"}, {"type": 0, "id": "jdklas", "content": ": \u6e05\u4e00\u4e0b  \u9019\u7b97\u8d70\u5728\u5f88\u524d\u9762\u4e86"}, {"type": 1, "id": "markhbad54", "content": ": \u679c\u7136\u662f\u6bd4\u81fa\u7063\u843d\u5f8c\u4e8c\u5341\u5e74\u7684\u570b\u5bb6"}, {"type": 0, "id": "bearzbaby123", "content": ": \u4ee5\u524d\u90fd\u770b\u5230\u4ed6\u5011\u61f6\u5f97\u4e1f\u5728\u5783\u573e\u6876\u4e86"}, {"type": 0, "id": "bearzbaby123", "content": ":  \u76f4\u63a5\u8df3\u5783\u573e\u5206\u985e...\uff1f"}, {"type": 0, "id": "ckbdfrst", "content": ": \u5783\u573e\u570b\u5bb6"}, {"type": -1, "id": "giaour", "content": ": \u53f0\u7063\u7684\u5783\u573e\u5f88\u597d\u5206\u985e\uff0c\u5c31\u85cd\u7684\u7da0\u7684\u5169\u7a2e\u3002"}, {"type": 1, "id": "fkukg52155", "content": ": \u9019\u570b\u5bb6\u771f\u7684\u6709\u75c5"}, {"type": 0, "id": "snow3804", "content": ": \u5c4c\u6253\u53f0\u7063\u5206\u985e\u5b8c\u9084\u662f\u5168\u90e8\u9032\u711a\u5316\u7210"}, {"type": 1, "id": "juyac11", "content": ": \u4ee5\u524d\u5c0f\u6642\u5019\u6709\u5916\u661f\u5bf6\u5bf6\uff0c\u5403\u4e0d\u540c\u5783\u573e"}, {"type": 1, "id": "KCKCLIN", "content": ": \u628a\u767d\u5783\u653e\u54ea\u4e86?XD\u9023\u5783\u573e\u90fd\u90e8\u6703\u5206\u985e\u53ef\u6190\u54e6"}, {"type": 0, "id": "AMANDYOU", "content": ": \u8981\u5927\u8e8d\u9032\u4e86\u55ce\uff1f"}, {"type": 1, "id": "yjo566", "content": ": \u5206\u985e\u4ee3\u5de5\u884c\u696d\u8981\u8d77\u98db\u4e86\u55ce\uff1f"}, {"type": -1, "id": "julia66", "content": ": \u767d\u75f4\u570b\u5bb6"}, {"type": 0, "id": "julia66", "content": ": \u85cd\u7da0\u5783\u573e\u8f03\u5c11\u898b\uff0c\u767d\u5783\u573e\u901a\u5e38\u5728\u5ec1\u6240\u5783\u573e\u6876"}, {"type": -1, "id": "vcx530", "content": ": \u4e94\u6bdb\u53c8\u5728\u7528\u5c4c\u6253\u4e86\uff01\u4f60\u7684\u5c4c\u771f\u53ef\u6190"}, {"type": 1, "id": "limite12", "content": ": \u4e2d\u570b\u672c\u8eab\u5c31\u5783\u573e\u8981\u600e\u5206"}, {"type": 1, "id": "rrggyy1225", "content": ": \u53f0\u7063\u9650\u500b\u5851\u5c31\u5509\u5509\u53eb\uff0c\u9047\u5230\u4e2d\u5171\u7d71\u6cbb\u4f60"}, {"type": 0, "id": "rrggyy1225", "content": ": \u5c31\u77e5\u9053\uff0c\u4e00\u8072\u4ee4\u4e0b \u6c92\u6709\u7406\u7531\u7684"}, {"type": 0, "id": "stoxin", "content": ": http://i.imgur.com/71UKmY9.jpg"}, {"type": 1, "id": "boyawake", "content": ": \u8001\u5be6\u8aaa\u9019\u6a23\u6211\u652f\u6301\u8036\u2026"}, {"type": 0, "id": "dancedolf", "content": ": \u4e00\u500b\u76f2\u76ee\u4e0a\u8def \u63a8\u5ee3\u914d\u5957\u4e0d\u8db3\u7684\u653f\u7b56"}, {"type": 0, "id": "dancedolf", "content": ": \u9019\u5927\u6982\u5c31\u662f\u6240\u8b02\u7684\u6548\u7387"}, {"type": 1, "id": "zks6699", "content": ": \u5783\u573e\u5206\u985e\u5f8c\uff0c\u6c92\u6536\u56de\u518d\u4f7f\u7528\u7684\u6280\u8853\uff0c\u9084\u4e0d\u662f"}, {"type": 0, "id": "zks6699", "content": ": \u90fd\u4e1f\u5230\u63a9\u57cb\u5834"}, {"type": -1, "id": "loveSETSUNA", "content": ": \u721b\u65b0\u805e  \u9023\u5206\u54ea\u5e7e\u985e\u90fd\u4e0d\u6703\u5beb\u4e00\u4e0b  \u53ea"}, {"type": 0, "id": "loveSETSUNA", "content": ": \u6703\u54ed\u592d"}, {"type": 0, "id": "vm03vm03", "content": ": \u5206\u5f88\u56b4\u662f\u591a\u56b4\u6c92\u8b1b\u554a\uff0c\u5eda\u9918\u88e1\u4e0d\u80fd\u6709\u5851\u81a0"}, {"type": 0, "id": "vm03vm03", "content": ": \u888b\u6709\u5f88\u56b4\uff1f\uff1f\uff1f"}, {"type": 0, "id": "Alexei", "content": ": \u4e2d\u570b\u6709\u8c6c\u761f"}, {"type": 0, "id": "gwenwoo", "content": ":  \u7956\u570b\u7684\u5584\u610f  \u4e94\u6bdb\u4e4b\u65e5\u5e38  \u4e2d\u5171\u7684\u95dc\u7167"}, {"type": 1, "id": "WindSucker", "content": ": \u516b\u5366\u662f\u6c92\u8fa6\u6cd5\u8655\u7406 \u6536\u53bb\u53c8\u6df7\u4e00\u8d77"}, {"type": 1, "id": "vincent0965", "content": ": \u4e2d\u570b\u4eba\u628a\u81ea\u5df1\u4e1f\u9032\u711a\u5316\u7210"}, {"type": 1, "id": "iKelly", "content": ": \u5168\u7403\u6d77\u6f02\u5783\u573e\u6e1b\u5c11\u4e00\u534a\u7684\u6642\u4ee3\u4f86\u81e8\u4e86\u55ce\uff1f"}, {"type": 1, "id": "KA", "content": ": \u5206\u4e0b\u53bb"}, {"type": 1, "id": "SmalleyesJus", "content": ": \u771f\u7684\u843d\u5be6\u6700\u597d  \u4f46\u9019\u6a23\u5206\u9019\u9ebc\u7d30"}, {"type": 0, "id": "oinzuka", "content": ": \u5e73\u5e38\u6c92\u7fd2\u6163\uff0c\u8981\u6c42\u7684\u6642\u5019\u672c\u4f86\u5c31\u6703\u75db\u82e6"}, {"type": 1, "id": "nptrj", "content": ": \u9f13\u52f5"}, {"type": 1, "id": "dk394alal", "content": ": \u652f\u90a3\u4ed4\u73fe\u5728\u624d\u5728\u5b78\u7fd2\u5783\u573e\u5206\u985ewww"}, {"type": -1, "id": "hlb5828", "content": ": \u652f\u90a3\u755c\u7272\u5e78\u798f\u570b\u5ea6"}, {"type": 1, "id": "dbdudsorj", "content": ": \u53ef\u6190 \u9023\u4e1f\u500b\u5783\u573e\u90fd\u53ef\u4ee5\u96de\u96de\u63b0\u63b0 \u5ee2"}, {"type": 1, "id": "shiraby", "content": ": \u8b9a\u8b9a"}, {"type": 1, "id": "kendiv", "content": ": \u7d50\u679c\u5230\u5783\u573e\u5834\u9084\u662f\u5168\u90e8\u6df7\u5728\u4e00\u8d77"}, {"type": 1, "id": "chaizhanxin", "content": ": \u76f8\u5c0d\u4e8e\u5927\u5343\u500d\u7684\u65b0\u52a0\u5761"}, {"type": 1, "id": "enso", "content": ": \u5b78\u5b78\u65b0\u52a0\u5761\uff0c\u6839\u672c\u4e0d\u6536\u5eda\u9918\u7684"}, {"type": 1, "id": "bazkrkr", "content": ": \u54c8\u54c8\uff0c\u5783\u573e\u5206\u985e\u5783\u573e\uff0c\u9084\u6709\u5783\u573e\u6b4c\u8d85\u597d\u7b11"}], "post_ip": "1.163.128.153", "post_content": "\nhttps://news.tvbs.com.tw/amp/focus/1160624\n\n\u6700\u56b4\u5783\u573e\u5206\u985e\u6cd5\u898f\u843d\u5be6\u3000\u4e0a\u6d77\u4eba\u5f62\u5bb9\u88ab\u903c\u760b\n\n\u8a18\u8005 \u6e38\u51f1\u8339 \u5831\u5c0e\n\n\u4e0a\u6d77\u6700\u56b4\u5783\u573e\u5206\u985e\u6cd5\u898f\u5f9e7\u67081\u65e5\u8d77\u5be6\u65bd\uff0c\u9019\u5e7e\u5929\u4e0a\u6d77\u4eba\u70ba\u4e86\u8981\u78ba\u5be6\u6700\u597d\uff0c\u5f62\u5bb9\u5feb\u88ab\u903c\u760b\uff0c\n\u7db2\u8def\u4e0a\u751a\u81f3\u50b3\u51fa\u6e05\u6f54\u54e1\uff0c\u70ba\u4e86\u4e00\u5f35\u7d19\u5dfe\uff0c\u5fc5\u9808\u628a\u6574\u500b\u793e\u5340\u7684\u5eda\u9918\u5012\u51fa\u4f86\u7ffb\u627e\uff0c\u6709\u6e05\u6f54\u54e1\u58d3\n\u529b\u5927\u5230\u60f3\u96e2\u8077\u3002\u4e0a\u6d77\u7684\u5783\u573e\u6876\u65c1\u4e00\u5230\u5012\u5783\u573e\u6642\u9593\uff0c\u90fd\u6709\u5fd7\u5de5\u5927\u5abd\u7ad9\u5d17\u76e3\u7763\uff1b\u5927\u5bb6\u70ba\u5206\u985e\u5783\n\u573e\u8017\u8cbb\u5fc3\u601d\uff0c\u5783\u573e\u6876\u3001\u5206\u985e\u5783\u573e\u888b\u66f4\u6210\u4e86\u71b1\u92b7\u5546\u54c1\uff0c\u96fb\u5546\u7d71\u8a08\u5f9e\u516d\u6708\u4efd\u4ee5\u4f86\u5783\u573e\u6876\u92b7\u552e\u984d\n\u540c\u6bd4\u589e\u52a05\u500d\uff0c\u800c85%\u8cb7\u5bb6\u90fd\u662f\u4e0a\u6d77\u4eba\u3002\n\n\u793e\u5340\u5ee3\u64ad\uff1a\u300c\u5c45\u6c11\u5011\uff0c\u73fe\u5728\u958b\u59cb\u5783\u573e\u5206\u985e\u4e86\u300d\n\n\u6642\u9593\u4e00\u5230\u793e\u5340\u5ee3\u64ad\u63d0\u9192\u4f4f\u6236\uff0c\u8a72\u662f\u5012\u5783\u573e\u7684\u6642\u5019\u4e86\uff0c\u8d70\u8fd1\u5783\u573e\u5206\u985e\u6876\uff0c\u65e9\u5c31\u570d\u8457\u4e00\u7fa4\u7ad9\u5d17\n\u7684\u5fd7\u5de5\u5927\u5abd\uff0c\u5288\u982d\u62f7\u554f\u300c\u662f\u4ec0\u9ebc\u5783\u573e\u5462\uff1f\u300d\n\n\u793e\u5340\u5fd7\u9858\u5de5\uff1a\u300c\u4e7e\u7684\u653e\u5728\u9019\u88e1\u5462\uff0c\u8173\u8e29\u4e00\u4e0b\u3002\u300d\n\n\u5927\u5abd\u4e00\u908a\u6307\u63ee\uff0c\u773c\u775b\u76ef\u8457\u4f4f\u6236\u624b\u88e1\u5783\u573e\u6709\u6c92\u6709\u4e1f\u5c0d\uff1b\u4e0a\u6d777\u67081\u65e5\u8d77\u6700\u56b4\u5783\u573e\u5206\u985e\u6cd5\u898f\u4e0a\u8def\n\uff0c\u4e0a\u6d77\u4eba\u5f62\u5bb9\u70ba\u4e86\u9054\u5230\u6a19\u6e96\uff0c\u7c21\u76f4\u5feb\u88ab\u903c\u760b\u3002\n\n\u5fae\u535a\u4e0a\u50b3\u51fa\u4e00\u5f35\u7167\u7247\uff0c\u6e05\u6f54\u54e1\u5011\u62ff\u8457\u593e\u5b50\uff0c\u5fcd\u4f4f\u60e1\u81ed\u5f4e\u8170\u5728\u4e00\u6524\u5eda\u9918\u88e1\u4e0d\u65b7\u7ffb\u627e\uff0c\u8aaa\u662f\u593e\n\u96dc\u4e00\u5f35\u7d19\u5dfe\uff0c\u6240\u4ee5\u5783\u573e\u8eca\u62d2\u6536\uff0c\u9084\u6709\u4eba\u5728\u4e0b\u9762\u7559\u8a00\uff0c\u6709\u6e05\u6f54\u54e1\u56e0\u70ba\u5783\u573e\u5206\u985e\u58d3\u529b\u904e\u5927\u8fad\u8077\n\u4e0d\u505a\u4e86\u3002\n\n\u74b0\u5883\u670d\u52d9\u516c\u53f8\u7e3d\u7d93\u7406 \u6e6f\u6d77\u6d0b\uff1a\u300c\u7ba1\u7406\u4eba\u54e1\u5c31\u662f\u8b93\u4ed6\u73fe\u5834\u6574\u6539\uff0c\u5c31\u662f\u628a\u5851\u81a0\u888b\u62ff\u51fa\u4f86\uff0c\u4f46\n\u662f\u4ed6\u5011\u4fdd\u6f54\u54e1\u53ef\u80fd\u662f\u60f3\u5206\u7684\u66f4\u52a0\u597d\u4e00\u9ede\u5427\uff0c\u76f4\u63a5\u5c31\u62d6\u56de\u53bb\u4e86\u3002\u300d\n\n\u96d6\u7136\u6e05\u6f54\u516c\u53f8\u4e8b\u5f8c\u6f84\u6e05\uff0c\u662f\u5eda\u9918\u88e1\u6df7\u5165\u4e00\u500b\u5783\u573e\u888b\u8981\u6c42\u6e05\u6f54\u54e1\u62ff\u8d77\u4f86\uff0c\u4e26\u6c92\u6709\u62d2\u8f09\uff0c\u4f46\u4e5f\n\u7a81\u986f\u73fe\u5783\u573e\u5206\u985e\uff0c\u5728\u4e0a\u6d77\u73fe\u5728\u662f\u591a\u91cd\u8981\u7684\u4e8b\u3002\n\n\u5e02\u6c11\uff1a\u300c\u6211\u4e0a\u6b21\u5c31\u6709\u770b\u4e00\u500b\u4eba\u5728\u905b\u72d7\uff0c\u4e0d\u662f\u72d7\u72d7\u8981\u6392\u6cc4\uff0c\u62ff\u8457\u90a3\u500b\u72d7\u5927\u4fbf\uff0c\u5979\u5c31\u5979\u5c31\u90a3\u5728\n\u908a\u8aaa\uff0c\u6211\u9019\u61c9\u8a72\u662f\u4e1f\u5728\u54ea\u5462\uff1f\u7136\u5f8c\u6211\u5c31\u770b\u90a3\u500b\u5976\u5976\uff0c\u5979(\u5206\u985e\u55ae)\u6bcf\u500b\u6bcf\u500b\u4f4e\u982d\u770b\uff0c\u7d50\u679c\u767c\n\u73fe\u90a3\u500b\u5783\u573e\u6876\u4e0a\uff0c\u6c92\u6709\u9019\u500b\u72d7\u5927\u4fbf\u9019\u500b\u5206\u985e\u4f60\u77e5\u9053\u55ce\uff0c\u5c31\u7279\u5225\u5730\u5c37\u5c2c\u3002\u300d\n\n\u5bf5\u7269\u6392\u6cc4\u7269\uff0c\u6b63\u78ba\u7b54\u6848\u662f\u62ff\u5230\u5ec1\u6240\u6c96\u6389\u5c31\u597d\u5566\uff0c\u4e0a\u6d77\u4eba\u88ab\u5206\u985e\u641e\u5f97\u982d\u660f\u8166\u8139\uff0c\u9023\u5927\u9678\u592e\u8996\n\u4e3b\u64ad\uff0c\u4e5f\u63d0\u4f9b\u4e86\u6487\u6b65\uff0c\u6559\u5927\u5bb6\u7528\u8c6c\u7576\u6a19\u6e96\u3002\n\n\u592e\u8996\u4e3b\u64ad\uff1a\u300c\u8aaa\u8c6c\u53ef\u4ee5\u5403\u7684\u662f\u5eda\u9918\u5783\u573e\uff0c\u8c6c\u5403\u4e86\u6703\u6b7b\u7684\u662f\u6709\u5bb3\u5783\u573e\uff0c\u9023\u8c6c\u90fd\u4e0d\u5403\u7684\u662f\u5176\u4ed6\n\u5783\u573e\uff0c\u800c\u53ef\u56de\u6536\u5783\u573e\u5247\u53ef\u8ce3\u4e86\u9322\u8cb7\u8c6c\uff0c\u8c6c\u80af\u5b9a\u60f3\u8aaa\u6211\u70ba\u4eba\u985e\u4ed8\u51fa\u4e86\u592a\u591a\u3002\u300d\n\n\u9019\u62db\u5783\u573e\u5206\u985e\u6cd5\uff0c\u5728\u7db2\u8def\u4e0a\u7206\u7d05\uff0c\u9084\u88ab\u5531\u6210\u6b4c\uff0c\u4e0a\u6d77\u5783\u573e\u5206\u985e\u66f4\u9020\u6210\u5783\u573e\u6876\u5927\u8ce3\u3002\n\n\u5e97\u5bb6\uff1a\u300c\u50cf\u9019\u7a2e\u76f4\u63a5\u53ef\u4ee5\u9019\u6a23\u62fc\uff0c\u7136\u5f8c\u9019\u6a23\u5b50\u76f4\u63a5\u9ecf\u5728\u4e00\u584a\u7684\uff0c\u7136\u5f8c\u4e5f\u53ef\u4ee5\u628a\u5b83\u62c6\u53d6\u7684\u3002\n\u300d\n\n\u5404\u7a2e\u6b3e\u5f0f\u5783\u573e\u6876\uff0c\u6210\u4e86\u66a2\u92b7\u5546\u54c1\uff0c\u5927\u9678\u96fb\u5546\u7d71\u8a08\u5f9e6\u6708\u4efd\u4ee5\u4f86\uff0c\u5783\u573e\u6876\u92b7\u552e\u984d\u540c\u6bd4\u589e\u9577\u4e865\n\u500d\uff0c85%\u8cb7\u5bb6\u90fd\u662f\u4e0a\u6d77\u4eba\uff0c\u90e8\u5206\u7db2\u62cd\u9084\u5be6\u65bd\u9650\u8cfc\u63aa\u65bd\uff0c\u6253\u51fa\u4e0a\u6d77\u8cb7\u5bb6\u4e0b\u55ae\uff0c\u512a\u5148\u51fa\u8ca8\uff0c\u5927\n\u8ce3\u5834\u66f4\u628a\u8981\u8ce3\u7684\u5783\u573e\u6876\u653e\u5728\u4e86\u7d50\u5e33\u5340\u6700\u9192\u76ee\u5730\u65b9\u3002\n\n\u9867\u5ba2\uff1a\u300c\u73fe\u5728\u5bb6\u88e1\u5c31\u8981\u64fa\u4e09\u500b\u3002\u300d\n\u8ce3\u5834\u5e97\u9577 \u694a\u6770\uff1a\u300c\u6211\u5011\u4f30\u8a08\u662f\u4e09\u56db\u5929\u5230\u4e00\u6b21\u8ca8\uff0c\u5230\u4e00\u6b21\u8ca8\u7576\u5929\u5c31\u5168\u90e8\u5438\u6536\u5b8c\u3002\u300d\n\n\u4f4d\u65bc\u6d59\u6c5f\u7684\u9019\u5bb6\u5851\u81a0\u5de5\u5ee0\uff0c\u6bcf\u5929\u65e5\u591c\u8d95\u5de5\uff0c\u505c\u4e0b\u4e86\u5176\u4ed6\u5546\u54c1\u7522\u7dda\uff0c\u5168\u529b\u88fd\u4f5c\u5783\u573e\u6876\u548c\u5206\u985e\n\u5783\u573e\u888b\u3002\n\n\u6d59\u6c5f\u53f0\u5dde\u822a\u661f\u5851\u696d\u7e3d\u7d93\u7406 \u5510\u50b3\u4f59\uff1a\u300c\u7522\u54c1\u90fd\u4e0d\u8981\u5165\u5eab\uff0c\u5c31\u662f\u96f6\u5165\u5eab\u4e86\uff0c\u5ba2\u6236\u81ea\u5df1\u53eb\u7269\u6d41\n\u5230\u6211\u5011\u5ee0\u88e1\u4f86\u53d6\u8ca8\uff0c\u7279\u5225\u662f\u4e0a\u6d77\uff0c\u6211\u5011\u73fe\u5728\u6bcf\u5929\u7684\u9019\u500b\u51fa\u8ca8\u91cf\u90541\u842c\u5957\u4ee5\u4e0a\u3002\u300d\n\n\u5927\u9678\u5783\u573e\u5206\u985e\u7684\u76f8\u95dc\u7522\u696d\uff0c\u66f4\u662f\u6469\u62f3\u64e6\u638c\uff0c\u5f9e\u5783\u573e\u904b\u8f38\u3001\u56de\u6536\u5b58\u5132\u518d\u5230\u5efa\u8a2d\u5783\u573e\u8655\u7406\u5834\uff0c\n\u9810\u4f30\u80fd\u5e36\u4f86\u4e0a\u5343\u5104\u4eba\u6c11\u5e63\u7684\u5e02\u5834\u898f\u6a21\u3002\n\n\u570b\u6cf0\u8ecd\u5b89\u8b49\u5238\u74b0\u4fdd\u884c\u696d\u5206\u6790\u5e2b \u5f90\u5f37\uff0c\u300c(\u5783\u573e\u8655\u7406\u5834)\u90a3\u5982\u679c\u5168\u90e8\u5efa\u8a2d\u4e0b\u4f86\uff0c\u9019\u5c07\u662f1400\n\u5104\u7684\u5e02\u5834\u7a7a\u9593\uff0c\u90a3\u6fd5\u5783\u573e\u7684\u8655\u7406\u7684\u8cbb\u7528\uff0c\u90a3\u5927\u6982\u6bcf\u5e74\u53c8\u6703\u7522\u751f\u4e00\u500b300\u5104\u7684\u5e02\u5834\uff0c\u8655\u88e1\u904b\n\u71df\u7684\u5e02\u5834\u7a7a\u9593\u3002\u300d\n\n\u8cc7\u672c\u5e02\u5834\u4e5f\u642d\u4e0a\u5783\u573e\u5206\u985e\u5546\u6a5f\uff0c\u5783\u573e\u6982\u5ff5\u80a1\u8fd1\u671f\u5728A\u80a1\u4e2d\u6380\u8d77\u6f32\u52e2\uff0c\u904e\u53bb\u80a1\u50f9\u7e3d\u662f\u8dd1\u8f38\u5927\n\u76e4\u6307\u6578\u5982\u4eca\u7ffb\u8eab\uff0c\u5f9e6\u670810\u865f\u81f3\u4eca\u74b0\u4fdd\u6307\u6578\u7d2f\u7a4d\u4e0a\u6f32\u8d85\u904e17%\u3002\n\n\u65b0\u5bcc\u8cc7\u672c\u96c6\u5718\u6295\u8cc7\u7e3d\u76e3 \u5ed6\u96f2\u9f8d\uff1a\u300c\u96d6\u7136\u8aaa\u9019\u500b\u653f\u7b56\u51fa\u4f86\u4e4b\u5f8c\uff0c\u9019\u500b\u6c92\u6709\u9019\u9ebc\u5feb\u9ad4\u73fe\u5728\u4e0a\n\u5e02\u516c\u53f8\u7684\u696d\u7e3e\u88e1\u9762\uff0c\u4f46\u662f\u5f9e\u4e2d\u9577\u671f\u4f86\u770b\uff0c\u9019\u500b\u653f\u7b56\u5728\u5168\u570b\u63a8\u5ee3\u4e4b\u5f8c\uff0c\u6703\u5e36\u4f86\u4e00\u500b\u5de8\u5927\u7684\u5e02\n\u5834\u7684\u589e\u91cf\u3002\u300d\n\n\u4e0a\u6d77\u4eba\u52aa\u529b\u9069\u61c9\u6700\u56b4\u5783\u573e\u5206\u985e\u6cd5\u898f\uff0c\u5927\u9678\u5ba3\u5e03\uff0c\u660e\u5e7446\u500b\u91cd\u9ede\u57ce\u5e02\u4e5f\u6703\u8ddf\u9032\u63a8\u884c\uff0c\u52302025\n\u5e74\u5f8c\u5927\u9678\u5168\u570b\u57ce\u5e02\u90fd\u8981\u5f37\u5236\u505a\u5230\u5783\u573e\u5206\u985e\u3002\u9019\u5834\u5783\u573e\u5927\u4f5c\u6230\uff0c\u9084\u8981\u5805\u6301\u5230\u5e95\u3002\n\n\u2014\u2014\u2014\u2014\u2014\u2014\u2014\u2014\u2014\u2014\u2014\u2014\u2014\u2014\u2014\u2014\u2014\u2014\n\n2019\uff0c\u4e16\u754c\u6700\u5f37\u570b\u5bb6 \u4e2d\u570b\uff01\n2019\uff0c\u4e16\u754c\u6700\u9032\u6b65\u57ce\u5e02\uff0c\u4e0a\u6d77\uff01\n\u958b\u59cb\u5f37\u5236\u5783\u573e\u5206\u985e\u81fa\u7063\u53c8\u843d\u5f8c\u5566\uff01\n\u8a3b\uff1a\u4e2d\u83ef\u6c11\u570b\u5f37\u5236\u5783\u573e\u5206\u985e\u70ba2005\u5e74\n        \u6700\u65e9\u53ef\u8ffd\u6714\u81f31998\u5e74\n\n\n\n\n--\n\u203b \u7de8\u8f2f: RolfP (223.136.143.17 \u81fa\u7063), 07/07/2019 03:38:05\n"}