{"ptt_id": "skycolor2", "post_url": "https://www.ptt.cc/bbs/Gossiping/M.1563788667.A.C1F.html", "post_type": "\u65b0\u805e", "post_title": "\u5317\u5e02\u66b4\u96e8\u6df9\u6c34 \u6c11\u773e\u4e0d\u6eff\u51fa\u73fe\u300c\u5357\u4eac\u6771\u6cb3\u300d", "post_time": "2019-07-22 17:44:22", "post_score": 33, "post_pushes": [{"type": 1, "id": "tsubasawolfy", "content": ": \u81ea\u7531"}, {"type": 0, "id": "VVizZ", "content": ": \u4e00\u770b\u5c31\u77e5\u9053\u8001\u5929\u5728\u5361\u86b5"}, {"type": 1, "id": "rwhung", "content": ": \u81ea\u7531\u4e0d\u53ef\u4fe1"}, {"type": -1, "id": "niko0202", "content": ": \u7da0\u573e\u5c4e\u5831"}, {"type": 0, "id": "tanby", "content": ": \u4f86\u4e86\u4f86\u4e86"}, {"type": 0, "id": "alwang", "content": ": \u5716\u7247\u662f\u5fe0\u5b5d\u6771\u8def"}, {"type": 1, "id": "stoxin", "content": ": \u96fb\u8996\u65b0\u805e\u90fd\u6c92\u600e\u9ebc\u5831\u8036??"}, {"type": 1, "id": "conanhide", "content": ": \u8349\u5305\uff1a\u5e6b\u8f49\u79fb\u7126\u9ede"}, {"type": 0, "id": "syura945", "content": ": \u9019\u662f\u7a4d\u6c34\u800c\u5df2  \u53f0\u5317\u7684\u6a5f\u8eca\u6c92\u6709\u8f2a\u80ce"}, {"type": 1, "id": "TAIPEI2010", "content": ": \u97d3\u7e3d\u4e0d\u7528\u8ca0\u8cac\u55ce"}, {"type": 0, "id": "pigc", "content": ": 1450\u9032\u653b\u963f"}, {"type": 0, "id": "devil0915", "content": ": \u67ef\u5c41\u5df2\u7d93\u6253\u597d\u9810\u9632\u91dd\u56c9\uff01"}, {"type": 1, "id": "wate5566", "content": ": http://i.imgur.com/9d9MOwN.png"}, {"type": 0, "id": "MadCat", "content": ": \u8c6c\u6cb9\u5f88\u7a4d\u6975\u5594"}, {"type": 1, "id": "qilar", "content": ": \u8b77\u570b\u795e\u96e8 \u6628\u5929\u4e0b\u9ad8\u96c4 \u4eca\u5929\u4e0b\u53f0\u5317 \u7518\u7518"}, {"type": 0, "id": "aquaunder", "content": ": \u5357\u4eac\u6771\u6cb3 \u81ea\u7531\u5c4e\u5831 \u771f\u9806\u53e3"}, {"type": 0, "id": "wate5566", "content": ": \u53bb\u5e74\u5e6b\u8cf4\u7de9\u9830 \u4f60\u770b\u4eca\u5e74\u5c31\u958b\u9ed1ww"}, {"type": 1, "id": "akway", "content": ": \u6293\u5230\u5566 \u53c8\u662f\u67ef\u9ed1 \u4e00\u4e0b\u5c31\u9000\u4e86\u4f60\u60f3\u600e\u6a23"}, {"type": 1, "id": "sid3", "content": ": \u4e0b\u6c34\u9053\u4e5f\u5728\u5361\u67ef\u4e86"}, {"type": 0, "id": "alwang", "content": ": \u62cd\u5fe0\u5b5d\u6771\u8def\u558a\u5357\u4eac\u6771\u6cb3 \u9019\u54ea\u908a\u4f86\u7684\u4eba?"}, {"type": -1, "id": "cp109", "content": ": \u8c6c\u6cb9"}, {"type": 1, "id": "tp6vup4", "content": ": \u6c34\u90fd\u9000\u5b8c\u4e86\u624d\u5831"}, {"type": 0, "id": "turst", "content": ": \u86b5\u7cde:\u524d\u671d\u907a\u6bd2! \u54a6..\u4e3b\u5b50\u7b2c\u4e8c\u4efb\u4e86!!"}, {"type": 1, "id": "EfiwymsiAros", "content": ": 1450\u6253\u8d77\u4f86 \u554a\u5e79 \u6c34\u9000\u4e86 \u6c23\u6c23\u6c23\u6c23"}, {"type": 0, "id": "vancepeng", "content": ": \u592a\u6162\u4e86\u5566 \u4e0b\u6b21\u65e9\u4e00\u9ede"}, {"type": 0, "id": "stoxin", "content": ": \u5f88\u7121\u804a\u554a  \u53bb\u5e74\u5169\u6b21\u6bd4\u8f03\u56b4\u91cd\u4e5f\u6c92\u600e\u6a23"}, {"type": 1, "id": "nidhogg", "content": ": \u67ef\u7cde\uff1a\u8cca\u8001\u5929\uff0c\u4f60\u78ba\u5b9a\u8981\u5674\u9019\u9ebc\u591a\u96e8\u5bb3\u5e2b"}, {"type": 1, "id": "Jason0813", "content": ": \u97d3\u7c89\u8981\u7f75\u67ef\u4e0d\u6ce8\u91cd\u6e05\u6de4\u4e86\u55ce"}, {"type": 1, "id": "hydranokia", "content": ": \u518d\u4e0d\u6e05\u6c34\u6e9d\u963f\uff01"}, {"type": 0, "id": "miauling", "content": ": \u6c34\u90fd\u9000\u4e86\u624d\u5831\uff1f\u4e5f\u592a\u6c92\u6548\u7387\u4e86XD"}, {"type": -1, "id": "Workforme", "content": ": \u81ea\u7531\u4e0d\u610f\u5916"}, {"type": 1, "id": "simonneko", "content": ": \u9019\u62b9\u9ed1\u901f\u5ea6\u4e0d\u884c"}, {"type": 1, "id": "batt0909", "content": ": \u9000\u4e86\u624d\u5831"}, {"type": 0, "id": "Moratti", "content": ": \u5728\u66ff\u97d3\u5c0e\u89e3\u5957"}, {"type": 0, "id": "f8954017", "content": ": \u548c\u4e2d\u6642\u5dee\u4e0d\u591a\u7684\u7684\u5831\u7d19"}, {"type": -1, "id": "Asuna0930", "content": ": \u8c6c\u6cb9\u53bb\u6b7b"}, {"type": 0, "id": "ja2200", "content": ": \u81ea\u7531"}, {"type": 1, "id": "fday", "content": ": \u85cd\u7da0\u4e00\u6a23\u721b \u5e79"}, {"type": 1, "id": "saya2185", "content": ": \u81ea\u7531\u9084\u60f3\u62b9\u554a"}, {"type": 1, "id": "SABA0", "content": ": \u6c34\u9000\u4e86\u624d\u5831 ..."}, {"type": -1, "id": "Tattos", "content": ": \u81ea\u7531\u6642\u5831"}, {"type": 0, "id": "otld", "content": ": \u963f\u676f:\u4e2d\u592e\u70ba\u4ec0\u9ebc\u53ea\u6307\u8cac\u53f0\u5317\u5462"}, {"type": 1, "id": "yafx4200p", "content": ": \u9000\u4e86\u5566"}, {"type": -1, "id": "duduchiau", "content": ": \u6c34\u90fd\u9000\u4e86\u624d\u5831 \u6548\u7387\u4e0dok"}, {"type": -1, "id": "Dorae5566", "content": ": \u592a\u6162\u3002\u4eba\u5bb620\u5206\u9418\u5c31\u9000\u4e86\u4f60\u624d\u958b\u59cb\u62b9\u5c4e"}, {"type": 1, "id": "camper83", "content": ": 2019-07-22 17:31"}, {"type": 0, "id": "Samurai", "content": ": \u6c34\u9000\u7684\u901f\u5ea6\u6bd4\u4f60\u767c\u65b0\u805e\u9084\u5feb\u54c8\u54c8"}, {"type": 1, "id": "wade59420", "content": ": \u6ce3\u6ce3\u6ce3\u6ce3\u6ce3"}, {"type": 1, "id": "funkD", "content": ": \u4f86\u4e86\u4f86\u4e86 \u4e00\u689d\u9f8d\u7522\u696d"}, {"type": 1, "id": "Damsel", "content": ": \u67ef\u97d3\u4e00\u5bb6\u89aa  \u9023\u6df9\u6c34\u90fd\u8b1b\u597d\u4e86\u4e00\u8d77\u6df9"}, {"type": -1, "id": "member5", "content": ": \u8c6c\u6cb9"}, {"type": -1, "id": "fluterway", "content": ": \u5783\u573edpp"}, {"type": 0, "id": "crazymome", "content": ": \u6c34\u90fd\u9000\u5149\u4e86 \u624d\u51fa\u65b0\u805e\u7a3f"}, {"type": -1, "id": "j65p4m3", "content": ": \u9000\u4e86\u624d\u767c"}, {"type": 0, "id": "Damsel", "content": ": \u4e5f\u8b1b\u597d\u4e00\u5c0f\u6642\u5167\u6c34\u4e00\u8d77\u9000"}, {"type": -1, "id": "zerotry", "content": ": \u7b11\u6b7b"}, {"type": 1, "id": "OK8066889", "content": ": 1450\uff1a\u5594\u6c23\u6c23\u6c23\u6c23\u6c23"}, {"type": 1, "id": "noir", "content": ": \u6c34\u90fd\u9000\u4e86 \u7b11\u6b7b \u8c6c\u6cb9\u592a\u6162\u5566"}, {"type": 1, "id": "r89556", "content": ": \u9000\u5149\u4e86\u767c\u65b0\u805e\u7a3f \u6709\u9ede\u6162\u55b2"}, {"type": 1, "id": "hyuchi0202", "content": ": \u8a18\u8005\u7684\u901f\u5ea6\u592a\u6162\u4e86\u5427 \u7b49\u9ee8\u90e8\u6307\u793a\u5594"}, {"type": -1, "id": "yuki77", "content": ": \u5e79\u9000\u592a\u5feb\u6c92\u6a02\u5712\u5566"}, {"type": -1, "id": "douCai", "content": ": \u8a18\u8005\u5beb\u592a\u6162\u4e86..."}, {"type": -1, "id": "ting102", "content": ": \u7b11\u6b7b \u52d5\u4f5c\u592a\u6162\u65e9\u9000\u5149\u4e86"}, {"type": 1, "id": "srxteam0935", "content": ": \u8ddf\u912d\u6587\u71e6\u3001\u6f58\u5b5f\u5b89\u8ddf\u9ec3\u5049\u54f2\u4e5f\u4e00\u5bb6\u89aa"}, {"type": 0, "id": "srxteam0935", "content": ": \u592e\u7cde\u662f\u4e0d\u662f\u8aa4\u4ee5\u70ba\u81ea\u5df1\u4e3b\u5b50\u50c5\u5269\u90a3\u5c11"}, {"type": -1, "id": "iceroy", "content": ": \u81ea\u7531\u679c\u7136\u5f88\u5feb\u554a"}, {"type": 0, "id": "srxteam0935", "content": ": \u5c11\u7684\u57f7\u653f\u7e23\u5e02\u90fd\u6c92\u6709\u6df9\uff1f"}, {"type": 0, "id": "ting102", "content": ": \u4e0b\u6b21\u901f\u5ea6\u5feb\u4e00\u9ede  \u4e00\u689d\u9f8d\u7522\u696d\u310f\u310f"}, {"type": 1, "id": "CBR650F", "content": ": \u5c0f\u7a4d\u6c34\u800c\u5df2\u4e00\u4e0b\u5c31\u9000\u4e86\uff0c\u67efp>>>\u97d3\u5c0e"}, {"type": -1, "id": "miera", "content": ": \u5783\u573e\u81ea\u7531"}, {"type": 1, "id": "htc", "content": ": \u6211\u5011\u7e7c\u7e8c\u95dc\u5fc3\u570b\u5b89\u5c40\u8d70\u79c1\u83f8"}, {"type": 0, "id": "ting102", "content": ": \u81ea\u7531 \u679c\u7136\u5641"}, {"type": 0, "id": "followwar", "content": ": \u7b11\u6b7b  \u6c34\u9000\u592a\u5feb \u7a3f\u9084\u6c92\u5beb\u5b8c"}, {"type": -1, "id": "xmanhman", "content": ": \u65b0\u805e\u51fa\u4f86\u6c34\u5df2\u7d93\u9000\u4e86\u554a"}, {"type": -1, "id": "donotggyy", "content": ": \u8c6c\u6cb9 \u5431\u5431\u7684\u7cbe\u795e\u7ce7\u98df"}, {"type": -1, "id": "a76126", "content": ": \u592a\u6162\u5566"}, {"type": -1, "id": "mersma", "content": ": \u9084\u60f3\u7e7c\u7e8c\u62b9\u9ed1"}, {"type": -1, "id": "Kelvinchen", "content": ": \u8a18\u8005\u662f\u9d3f\u5b50\u5c01\u5305?\u6c34\u9000\u4e86\u7a3f\u624d\u51fa\u4f86"}, {"type": -1, "id": "pchunters123", "content": ": \u4e0b\u6b21\u5be9\u7a3f\u8981\u5feb\u4e00\u9ede"}, {"type": 0, "id": "awj32jo", "content": ": \u81ea\u7531\u6700\u8fd1\u9b06\u61c8\u4e86!! \u5feb\u5927\u9078\u4e86\u76ae\u7e43\u7dca\u9ede"}, {"type": 1, "id": "wozniaki", "content": ": \u67ef\u6587\u54f2\u4e0b\u53f0"}, {"type": -1, "id": "noir", "content": ": \u9ed1\u67ef\u6587\u7ae0\u662f\u6025\u4ef6 \u61c2\uff1f"}, {"type": 1, "id": "HWSH", "content": ": \u5c0f\u6ce2\u6d6a"}, {"type": 1, "id": "tonshui", "content": ": \u5df2\u7d93\u9000\u4e86..."}, {"type": 1, "id": "loach98", "content": ": \u67ef\u6587\u54f2\u7d42\u65bc\u6709\u653f\u7e3e\u5566\uff01\u6d77\u7dbf\u57ce\u5e02\uff01"}, {"type": 1, "id": "coeXist", "content": ": \u9019\u54ea\u5bb6\u5a92\u9ad4\u6d88\u606f\u7adf\u6bd4PTT\u9084\u4e0d\u9748\u901a \u7b11\u5c4e"}, {"type": 1, "id": "madden", "content": ": https://i.imgur.com/V8NcFgc.jpg"}, {"type": 1, "id": "whereru", "content": ": \u5c0f\u6ce2\u6d6a\u800c\u5df2"}, {"type": 1, "id": "LITTLEDENNY", "content": ": \u5c0f\u6ce2\u6d6a"}, {"type": 1, "id": "kehey", "content": ": \u600e\u9ebc\u53ef\u80fd\u6df9\u6c34\u5566"}, {"type": -1, "id": "powerdream", "content": ": \u597d\u5147\u54e6"}, {"type": 1, "id": "dahlia7357", "content": ": \u7684\u6c34\u9000\u8d85\u5feb\uff0c\u53f0\u5317\u7684\u9078\u64c7"}, {"type": 1, "id": "h4236", "content": ": \u5c0f\u7a4d\u6c34\u5566\u6c92\u95dc\u4fc2\u7684\u5566"}, {"type": 1, "id": "whereru", "content": ": \u5728\u9078\u7e3d\u7d71\u5566\u6c92\u7a7a"}, {"type": 1, "id": "ewoee", "content": ": \u5c0f\u7a4d\u6c34\u800c\u5df2 \u6c92\u4ec0\u9ebc"}, {"type": 0, "id": "tenka92417", "content": ": \u53bb\u5e741124\u5f8c\u53ea\u8981\u4e0b\u96e8\u8c6c\u6cb9\u5c31\u80fd\u958b\u5730\u5716\u7832"}, {"type": 0, "id": "noir", "content": ": \u9019\u7bc7\u6436\u8457\u9ed1\u7684\u53ef\u4ee5\u5728\u9001\u5e33\u865f\u67e5\u4e86 \u7b11\u7206"}, {"type": 1, "id": "bnbxhunter", "content": ": \u53f0\u5317\u5e02\u653f\u90fd\u4e0d\u7ba1\u6574\u5929\u53ea\u6703\u4e00\u76f4\u4e0a\u96fb\u8996\u8b1b"}, {"type": 0, "id": "tenka92417", "content": ": \u4e86\uff0c\u6240\u5269\u80fd\u8b77\u822a\u7684\u7e23\u5e02\u4e0d\u591a"}, {"type": 1, "id": "pkowez", "content": ": \u53eb\u97d3\u5c0e\u4f86\u5e6b\u67ef\u5c41\u62d4\u585e\u5b50"}, {"type": 0, "id": "bnbxhunter", "content": ": \u5e79\u8a71"}, {"type": 1, "id": "Corbenikc", "content": ": \u53ef\u611b\u7684\u5c0f\u6ce2\u6d6a"}, {"type": -1, "id": "lch123456", "content": ": \u54c8\u54c8\u54c8\uff01"}, {"type": 1, "id": "gl6mp6", "content": ": \u67ef\u7cde\u8ddf\u67ef\u72d7\u6703\u8aaa\u90a3\u662f\u7a4d\u6c34\u5566"}, {"type": 1, "id": "VieriKing", "content": ": \u6c34\u9000\u90a3\u9ebc\u5feb\u5e79\u561b\uff1f\u5e79\uff01"}, {"type": 1, "id": "asuka99", "content": ": \u6cb3"}, {"type": 1, "id": "vway", "content": ": \u6211\u5bb6\u9580\u524d\u6709\u5c0f\u6cb3"}, {"type": 1, "id": "jhjh", "content": ": \u6d77\u7dbf\u57ce\u5e02\u7684\u9b45\u529b"}, {"type": 1, "id": "wate5566", "content": ": \u8c6c\u6cb9\u6dea\u843d\u5230\u548c\u4e2d\u6642\u540c\u7b49\u7d1a \u53ef\u60b2QQ"}, {"type": 1, "id": "xaioxaio4", "content": ": \u5c0f\u6ce2\u6d6a"}, {"type": 1, "id": "a55184", "content": ": \u901a\u901a\u662f\u7a4d\u6c34\u800c\u5df2\u54ea\u6709\u6df9\u6c34\u5c0d\u5427"}, {"type": 1, "id": "soumatoro", "content": ": \u62d4\u585e\u5b50\u62d4\u585e\u5b50"}, {"type": 1, "id": "killing06", "content": ": \u7a4d\u6c34\u800c\u5df2\u5927\u9a5a\u5c0f\u602a"}, {"type": 1, "id": "yen0829", "content": ": \u4f60\u78ba\u5b9a\u8981\u6253\u9019\u500b"}, {"type": 1, "id": "Cersei", "content": ": \u767d\u5171\u8981\u767c\u5a01\u5566"}, {"type": 1, "id": "wtosister", "content": ": \u9ad8\u96c4\u4eba\u8868\u793a\u907a\u61be"}, {"type": 1, "id": "shintz", "content": ": \u7b11\u6b7b\uff0c\u9019\u62b9\u9ed1\u6548\u7387\u4e5f\u592a\u5dee"}, {"type": 1, "id": "pierreqq", "content": ": \u8c6c\u6cb9\u6b63\u5e38\u4e86  \u6211\u7d42\u65bc\u4e0d\u7528\u64d4\u5fc3\u4e86"}, {"type": 1, "id": "orange7986", "content": ": \u4f60\u5011\u9019\u6a23\u5f88\u4e0d\u79d1\u5b78"}, {"type": 1, "id": "passmod", "content": ": \u6c34\u90fd\u9000\u4e86\u5566"}, {"type": -1, "id": "ryu38", "content": ": \u6c34\u4e0d\u90fd\u9000\u4e86\uff0c\u54ea\u88e1\u6c34\u592a\u4e86\u624d\u5831\u9019\u53eb1450\u600e\u9ebc"}, {"type": 0, "id": "ryu38", "content": ": \u914d\u5408"}, {"type": 1, "id": "kpoqwz", "content": ": \u4eca\u5929\u7684\u96e8\u771f\u7684\u6709\u5927"}, {"type": 1, "id": "megalink", "content": ": \u8521\u7d71\u4ec0\u9ebc\u6642\u5019\u8981\u5750\u88dd\u7532\u8eca\u5fae\u7b11\u52d8\u707d"}, {"type": 1, "id": "s9523752", "content": ": \u67ef\u6703\u5e6b\u8cf4\u7de9\u9830\u662f\u56e0\u70ba\u8cf4\u6c92\u4ec0\u9ebc\u53ef\u4ee5\u88ab\u5634"}, {"type": 0, "id": "linhsiuwei", "content": ": \u65e9\u5c31\u9000\u4e86\u3002\u8c6c\u6cb9\u9084\u5728\u817f"}, {"type": 0, "id": "s9523752", "content": ": \u7684"}, {"type": 1, "id": "pedestrain", "content": ": \u5c0f\u6ce2\u6d6aok"}, {"type": 1, "id": "jkmeiya", "content": ": \u5c0f\u7a4d\u6c34\u800c\u5df2"}, {"type": 1, "id": "dahlia7357", "content": ": \u6c11\u9032\u9ee8\u5e02\u6c11\u4e0d\u6eff\u6c34\u9000\u53f0\u5feb"}, {"type": 1, "id": "funkD", "content": ": \u4f60\u770b\u4e0b\u9762\u7684\u4e00\u689d\u9f8d\u8ecd\u5718\u4e0d\u5c31\u51fa\u5f81\u4e86XD"}, {"type": 1, "id": "haulize", "content": ": \u78ba\u5b9a\u8981\u6253\u9019\u500b\uff1f"}, {"type": 1, "id": "leevarchu", "content": ": \u807d\u8aaa\u6c34\u9000\u4e86..."}, {"type": 1, "id": "podon", "content": ": \u767d\u7c89\u53ea\u6703\u7f75\u9ad8\u96c4\uff0c\u9047\u5230\u5e2b\u5085\u8f15\u8f15\u5e36\u904e\uff0c\u563b\u563b"}, {"type": -1, "id": "link5566", "content": ": \u6700\u5927\u7684\u6642\u5019\u6211\u6709\u7d93\u904e \u4ed6\u5abd\u4e0d\u52305\u516c\u5206\u963f"}, {"type": -1, "id": "necrophagist", "content": ": \u9019\u62b9\u9ed1\u901f\u5ea6\u592a\u6162\u6c34\u90fd\u9000\u4e86"}, {"type": 1, "id": "opweren", "content": ": \u592a\u6162\u4e86"}, {"type": 1, "id": "siho", "content": ": \u5c0f\u4e8b\u60c5 \u4e0d\u8981\u6311\u91c1XD"}, {"type": 0, "id": "s9523752", "content": ": \u4f46\u73fe\u5728\u662f\u67ef\u81ea\u5df1\u505a\u4e0d\u597d\uff0c\u6c11\u9032\u9ee8\u82e6\u6c11\u6240"}, {"type": 0, "id": "s9523752", "content": ": \u82e6\uff0c\u6aa2\u8a0e\u5e02\u653f\uff0c\u5f88\u6b63\u5e38\u597d\u55ce\u80ec"}, {"type": 0, "id": "zweihander99", "content": ": \u6c34\u65e9\u5c31\u9000\u4e86\u5427"}, {"type": 1, "id": "louna30cm", "content": ": \u5b57\u6253\u9019\u9ebc\u6162\uff0c\u65b0\u805e\u51fa\u4f86\u6c34\u90fd\u9000\u4e86"}, {"type": -1, "id": "outsmart33", "content": ": \u81ea\u7531\u91cd\u5de5\u4e0d\u610f\u5916"}, {"type": -1, "id": "joanrey", "content": ": \u516c\u95dc\u516c\u53f8\u9019\u6a23\u5f88\u6389\u6f06\u54e6\uff0c\u516c\u95dc\u87ba\u7d72\u4e5f\u9b06\u4e86\uff1f"}, {"type": -1, "id": "BETGOD", "content": ": 1450\u6f6e\u5439"}, {"type": 1, "id": "Sayd20", "content": ": \u9078\u7e3d\u7d71\u770b\u6c11\u8abf\u6c92\u7a7a"}, {"type": -1, "id": "a19851106", "content": ": \u64a5\u63a5\u9023\u7dda\u4e2d"}, {"type": -1, "id": "bill0205", "content": ": \u6c34\u90fd\u9000\u4e86 \u6cb3\u52d2\uff1f\uff1f"}, {"type": 1, "id": "juga", "content": ": \u67ef\u6587\u54f2\u4e0b\u53f0"}, {"type": 0, "id": "freezeraven", "content": ": \u81ea\u7531\u4ec0\u9ebc\u6642\u5019\u6703\u628a\u674e\u660e\u8ce2\u9019\u50a2\u4f19\u7684\u8a71\u7576"}, {"type": -1, "id": "rumirumi", "content": ": \u5f31\u8036 \u90fd\u6c92\u6c34\u4e86\u73fe\u5728\u624d\u5831 \u662f\u591a\u6c92\u6548\u7387"}, {"type": 0, "id": "freezeraven", "content": ": \u8a71\u4e86\uff0c\u7b11\u6b7b\uff0c\u4e0d\u8981\u5b78\u4e2d\u5929\u597d\u55ce..."}, {"type": 1, "id": "laiweien", "content": ": \u73fe\u5728\u7684\u5e02\u9577\u90fd\u5f88\u5fd9\u7684"}, {"type": 0, "id": "a19851106", "content": ": 1450\u5c0f\u5fc3\u5594 \u67efp\u53bb\u5e74\u53ef\u662f\u5e6b\u8cf4\u8b1b\u8a71\u904e\u7684\u5594"}, {"type": 1, "id": "chujur", "content": ": \u8d85\u626f"}, {"type": 0, "id": "Alan0937", "content": ": \u6548\u7387\u597d\u5dee\u7684\u62b9\u9ed1 XD"}, {"type": -1, "id": "jasonpig", "content": ": \u8a18\u8005\u90fd\u9084\u6c92\u5230\u73fe\u5834\u6c34\u5c31\u9000\u4e86"}, {"type": 1, "id": "heavenkghs", "content": ": \u6642\u96e8\u91cf\u592a\u5927\u672c\u4f86\u7a4d\u6c34\u96e3\u514d"}, {"type": -1, "id": "mozaiwen", "content": ": \u96e8\u5927\u5230\u53ea\u80fd\u7528\u64a5\u63a5\u4e0a\u7db2\u55ce\uff1f..."}, {"type": 1, "id": "uice", "content": ": \u6253\u67ef\u4e0a\u5de5\u56c9~~~~~~~~~~~~~~~~~~~~~~~~~~~~"}, {"type": -1, "id": "StNeverRush", "content": ": \u5beb\u5feb\u4e00\u9ede\u597d\u55ce\uff1f"}, {"type": 0, "id": "duo0518", "content": ": \u8a18\u8005\u5beb\u5b8c\u65b0\u805e\u524d\u6c34\u5c31\u9000\u5149\u4e86 \u52a0\u6cb9\u597d\u55ce"}, {"type": -1, "id": "ayianayian", "content": ": \u898b\u7375\u5fc3\u559c\uff0c\u723d\u4e00\u6ce2"}, {"type": -1, "id": "pinkgogo", "content": ": \u5357\u4eac\u6771\u8def\u5fe0\u5b5d\u6771\u8def\u56db\u6bb5\u90a3\u908a\u5c31\u662f\u5730\u7aaa\u5340\uff0c"}, {"type": 0, "id": "pinkgogo", "content": ": \u5c0f\u6642\u5019\u9802\u597d\u90a3\u908a\u5e38\u6df9"}, {"type": 1, "id": "drunk0102", "content": ": \u958b\u5653~"}, {"type": 1, "id": "qkenny", "content": ": \u62dc\u8a17\u4e00\u4e0b\u5c31\u9000\u4e86\u679c\u7136\u662f\u62b9\u9ed1\u5831"}, {"type": 1, "id": "happypg", "content": ": \u8c6c\u6cb9\u7684\u8932\u5b50\u8ddf\u96e8\u6c34\u4e00\u8d77\u9000\u53bb\u4e86QQ"}, {"type": -1, "id": "lucky1017", "content": ": \u8981\u8d70\u5565\uff1f \u99ac\u4e0a\u5c31\u9000\u4e86\u554a"}, {"type": 0, "id": "shwkz", "content": ": \u67ef\u6587\u54f2\u611b\u9178 \u7d50\u679c\u5831\u61c9\u5f88\u5feb\u5c31\u4f86..."}, {"type": 1, "id": "OKBow", "content": ": \u8ddf\u9ad8\u96c4\u9019\u6b21\u6bd4 \u53f0\u5317\u72c0\u6cc1\u597d\u592a\u591a\u4e86"}, {"type": 1, "id": "citume", "content": ": \u7a4d\u6c34\u800c\u5df2\u5566 \u5c0f\u6ce2\u6d6a"}, {"type": 1, "id": "arsene333", "content": ": \u6cb3\u5cb8\u7b2c\u4e00\u6392\uff0c\u606d\u559c\u623f\u50f9\u4e0a\u6f32\u52a0\u50f9\u8ce3"}, {"type": -1, "id": "cyclonelyr", "content": ": \u5a92\u9ad4\u6cbb\u570b"}, {"type": 1, "id": "chichung", "content": ": \u6c92\u53f0\u7063\u50f9\u503c\u9020\u8b20\u5c31\u4e0d\u7528\u6293 \u557e\u54aa\uff5e"}, {"type": 1, "id": "as7766332211", "content": ": \u8932\u5b50\u88ab\u6c96\u8d70\u4e86 \u5e6bQQ"}, {"type": 1, "id": "a00OO00", "content": ": \u8a18\u8005\u6709\u5920\u6162"}, {"type": 1, "id": "a8866442", "content": ": 1450:\u67ef\u7cde\u5403\u5c4e"}, {"type": 1, "id": "langeo", "content": ": \u89aa\u6c34\u5bb6\u5712\u4e0d\u597d\u55ce"}, {"type": 1, "id": "k1525358", "content": ": \u5c0f\u6df9\u6c34\u5225\u7dca\u5f35\u6c92\u4e8b\u6c92\u4e8b"}, {"type": 1, "id": "hebbe820", "content": ": \u5e02\u9577\u8d85\u5fd9\u7684"}, {"type": 1, "id": "KiwiSoda01", "content": ": \u54c7 \u6709\u4eba\u9178\u4e86\u4ee5\u5f8c \u8aaa\u662f\u67ef\u9178\u7684\u8036"}, {"type": 1, "id": "bhiow", "content": ": https://i.imgur.com/tMec5Tl.jpg"}, {"type": 1, "id": "lefan", "content": ": \u592a\u6162\u4e86\u5427\uff0c\u6c34\u65e9\u9000\u4e86\uff0c\u4ee5\u70ba\u5927\u5bb6\u90fd\u667a\u554670\u4ee5"}, {"type": 0, "id": "lefan", "content": ": \u4e0b\u55ce\uff1f"}, {"type": 1, "id": "l11k755013", "content": ": \u6f6e\u6c34\u9000\u4e86\uff0c\u81ea\u7531\u4f60\u7684\u8932\u5b50\u5462\uff1f"}, {"type": 1, "id": "aqzzz", "content": ": \u662f\u8aaa\u90fd\u6536\u5230\u8b66\u5831\u7c21\u8a0a\u4e86"}, {"type": 1, "id": "chichung", "content": ": \u90a3\u4e9b\u8073\u52d5\u8aaa\u5230\u8655\u6df9\u6c34\u7684\u8981\u4e0d\u8981\u6c34\u6876\u554a\uff01"}, {"type": -1, "id": "mury1414", "content": ": \u67efP\u6cbb\u6c34\u6bd4\u8349\u5305\u597d100\u500d"}, {"type": 1, "id": "Playlemon", "content": ": \u53ea\u662f\u5c0f\u7a4d\u6c34\uff0c\u6c92\u4e8b\u5152\u3002"}, {"type": 1, "id": "srxteam0935", "content": ": \u7da0\u8272\u4e2d\u5929 \u82f1\u7c89\u6700\u611b\u5438"}, {"type": 1, "id": "mystina43", "content": ": \u81ea\u7531\u9ee8\u5831 \u8ddf\u4e2d\u6642\u534a\u65a4\u516b\u5169"}, {"type": 1, "id": "vegout", "content": ": \u70ba\u4ec0\u9ebc\u53ea\u95dc\u6ce8\u53f0\u5317\uff1f"}, {"type": 1, "id": "s8800892000", "content": ": \u7b11\u6b7b \u6c34\u9000\u624dPO"}, {"type": 1, "id": "a23460701", "content": ": \u667a\u969c\u5a92\u9ad4"}, {"type": 0, "id": "airback76", "content": ": \u5e36\u98a8\u5411\u4e86\uff0c\u679c\u7136\u662f\u6a19\u699c\u7b2c\u4e8c\u4e2d\u7acb\u7684\u5a92\u9ad4"}, {"type": 1, "id": "septem1120", "content": ": \u8c6c\u6cb9 \u7da0\u6cb9\u6cb9"}, {"type": 0, "id": "eemail", "content": ": \u53bb\u5e74\u67ef\u9084\u4e0d\u662f\u9178\u9ad8\u96c4= ="}, {"type": 1, "id": "kismets", "content": ": \u5f88\u50cf\u67d0TV\uff0c\u592a\u626f\u4e86\uff0c\u771f\u7684\u592a\u626f\u4e86\uff0c\u6df9\u90a3\u9ebc\u5927"}, {"type": 1, "id": "fago", "content": ": \u5657"}, {"type": 1, "id": "OGC218", "content": ": \u5c08\u696d\u554f\u984c\uff0c\u67ef\u5b78\u89e3\u6c7a"}, {"type": 0, "id": "kismets", "content": ": \u4f60\u5011\u9019\u7fa4\u4e0d\u8981\u81c9\u7684\u721b\u6771\u897f"}, {"type": 0, "id": "ttk620", "content": ": \u6c34\u90fd\u9000\u4e86\u624d\u767c\u65b0\u805e......XD"}, {"type": 1, "id": "wetor", "content": ": \u8d85\u5317\u6c11\u773e\u53cd\u61c9 vs \u9ad8\u96c4\u6c11\u773e\u53cd\u6620... \u5929\u4f51\u9ad8\u96c4"}, {"type": -1, "id": "Lawlight", "content": ": \u65b0\u805e\u4e00\u689d\u9f8d\u670d\u52d9\u9084\u9019\u7a2e\u6c34\u6e96\uff0c\u60b2\u54c0"}, {"type": 1, "id": "hguei", "content": ": \u8c6c\u6cb9\u51fa\u624b\u4e86"}, {"type": -1, "id": "wantin1122", "content": ": \u6c34\u90fd\u9000\u4e86"}, {"type": -1, "id": "buslover", "content": ": \u5783\u573e\u4e0d\u5206\u85cd\u7da0 \u5783\u573e\u5a92\u9ad4\u4e5f\u4e0d\u5206\u85cd\u7da0"}, {"type": -1, "id": "jin7077", "content": ": \u723d \u9078\u5c0d\u5165\u4e86"}, {"type": -1, "id": "k23", "content": ": \u5176\u4ed6\u5a92\u9ad4\u6bd4\u8f03\u8070\u660e\u6c92\u8ddf\u9032"}, {"type": 0, "id": "BAR21", "content": ": \u86b5\u7cde\uff1a\u5225\u60f3\u8f49\u79fb\u79c1\u83f8\u7126\u9ede"}, {"type": 0, "id": "sunyapess", "content": ": \u7a3f\u9084\u6c92\u5beb\u5b8c\u6c34\u5c31\u9000\u4e86"}, {"type": 1, "id": "uini", "content": ": \u86b5\u7cde\uff1a\u674e\u660e\u8ce2\u80af\u5b9a\u662f\u7da0\u7684"}, {"type": -1, "id": "qwerty2960", "content": ": \u4e0b\u6b21\u8a18\u5f97\u5beb\u5feb\u9ede\uff0c\u5475\u5475"}, {"type": 1, "id": "s4511981", "content": ": \u6c34\u90fd\u9000\u4e86\u9084\u60f3\u62b9\u554a"}, {"type": 1, "id": "cheburashka", "content": ": \u8001\u5929\u662f\u65b0\u6f6e\u6d41\u7684 \u8acb\u65b0\u6f6e\u6d41\u4ea4\u51fa\u6230\u72af"}, {"type": -1, "id": "sa4035", "content": ": \u4ed6\u5abd\u7684\u90fd\u9000\u4e86\u624d\u6709\u65b0\u805e \u592a\u721b\u4e86\u5427"}, {"type": -1, "id": "kenyeh001", "content": ": \u8981\u76f4\u64ad\u963f\uff0c\u4e0d\u7136\u6c34\u90fd\u9000\u4e86\u4f60\u662f\u8981\u5beb\u7d66\u8ab0\u770b"}, {"type": 0, "id": "kenyeh001", "content": ": \u963f"}, {"type": -1, "id": "paladinwu", "content": ": \u5641\u5fc3\u8c6c\u6cb9"}, {"type": -1, "id": "ferrinatice", "content": ": \u6ce3\u6ce3\u6ce3\u6ce3\u6ce3"}, {"type": -1, "id": "h25949", "content": ": \u81ea\u7531\u6642\u5831\u5f04\u5f97\u8ddf\u4e2d\u570b\u6642\u5831\u4e00\u6a23..."}, {"type": -1, "id": "p90ep90e", "content": ": \u6d77\u7dbfcity"}, {"type": 1, "id": "chichung", "content": ": \u8207\u60e1\u7684\u8ddd\u96e2\u8a8d\u8b49\u7684\u4e0d\u67e5\u8b49\u5783\u573e\u5a92\u9ad4"}, {"type": -1, "id": "eterbless", "content": ": \u62b9\u9ed1\u4e00\u689d\u9f8d \u5614\u5614\u5614\u5614\u5614\u5614"}, {"type": -1, "id": "kobeday", "content": ": \u5783\u573e\u5831"}, {"type": 1, "id": "weojfwie", "content": ": \u6c34\u90fd\u9000\u4e86\u624d\u5831\u9019\u6548\u7387\u4e0d\u884c"}, {"type": -1, "id": "hdes937119", "content": ": \u9019\u6a23\u6703\u88ab\u6263\u9322\u5594"}, {"type": 1, "id": "bruce2248", "content": ": \u55d1\u7cde\u6bd4\u542b\u7cde\u9084\u53ef\u6015 \u5b8c\u5168\u4e0d\u5f97\u6279\u8a55\u5e2b\u7236"}, {"type": 1, "id": "ffffffffff", "content": ": \u96e8\u771f\u7684\u5f88\u5927"}, {"type": 1, "id": "bigbark", "content": ": \u67ef\u5c41\uff1a\u5c0f\u6ce2\u6d6a\u5566\u5225\u5927\u9a5a\u5c0f\u602a"}, {"type": -1, "id": "chiangww", "content": ": \u54ea\u6709\u6df9\uff1f \u9020\u8b20 \u67ef\u6279\u842c\u6b72\uff01 \u2267\u25bd\u2266"}, {"type": -1, "id": "AGODC", "content": ": \u6587\u9084\u6c92\u767c\u5c31\u9000\u4e86\uff0c\u4e0b\u6b21\u8981\u9ed1\u52d5\u4f5c\u5feb\u4e00\u9ede\u963f"}, {"type": 1, "id": "rkb84", "content": ": \u9047\u67ef\u5c31\u6975\u7aef\u6c23\u5019,\u9047\u5176\u4ed6\u5c31\u6cbb\u6c34\u5931\u6557\u4e82\u82b1\u9322."}, {"type": -1, "id": "y123824343", "content": ": \u7b11\u721b\u9019\u81ea\u7531\u6642\u5831\u4e0d\u884c\u634f"}, {"type": 1, "id": "bruce2248", "content": ": \u53bb\u5e74\u90a3\u4e9b\u9178\u7f75\u9ad8\u96c4\u7684\u8822\u86cb\u5462"}, {"type": -1, "id": "yida0725", "content": ": \u81ea\u7531\u6642\u5831\u5431\u969c\u6700\u611b\u770b"}, {"type": -1, "id": "maurice9325", "content": ": \u81ea\u7531\u8a18\u8005\u7684\u8166\u6709\u88ab\u6c96\u8d70\u55ce"}, {"type": -1, "id": "Paulsic", "content": ": \u54c8\u54c8\u62ff\u4f86\u81ea\u6170"}, {"type": -1, "id": "semind", "content": ": \u81ea\u7531\u6642\u5831\u982d\u7248\u65e9\u5c31\u4f5c\u5047\u4e86\u62c9\u3002\u7576\u53f0\u5317\u5e02\u6c92\u4eba"}, {"type": 1, "id": "loach98", "content": ": \u9ad8\u8abf"}, {"type": -1, "id": "leftless", "content": ": \u6253\u5e7e\u500b\u5b57\u6bd4\u6c34\u9000\u9084\u6162 \u8a18\u8005\u518d\u6478\u9b5a\u554a"}, {"type": -1, "id": "trf835rea", "content": ": \u81ea\u7531\u6642\u5831\u592a\u591a\u53cd\u6548\u679c 1450\u5403\u5c4e"}, {"type": 1, "id": "Sharapo", "content": ": \u6c34\u4e0a\u6a02\u5712"}, {"type": -1, "id": "p1227426", "content": ": \u8c6c\u6cb9"}, {"type": -1, "id": "td770715", "content": ": \u5df2\u7d93\u9000\u5f88\u5feb\u4e86 \u81ea\u7531\u8ce3\u9760\u8170\u5566"}, {"type": -1, "id": "henry30108", "content": ": \u5e73\u884c\u4e16\u754c\u7684\u5357\u4eac\u6771\u8def"}, {"type": -1, "id": "iamnotme", "content": ": \u62b9\u5c4e\u52d5\u4f5c\u8981\u5feb\u9ede\u597d\u55ce \u5b89\u5bb6\u51fa\u4f86\u6253\u7403\u554a"}, {"type": -1, "id": "anyweather", "content": ": \u592a\u6162\u56c9"}, {"type": 1, "id": "qazedc", "content": ": \u2588\u2588\u2588\u5076\u60b6\u516c\u95dc\u5409\u5a03\u5a03\u53ea\u9818\u98fc\u6599\uff01\u9650\u725b\u8089\u53e3"}, {"type": -1, "id": "haw561676", "content": ": \u65b0\u805e\u9084\u6c92\u767c\u51fa\u53bb\u6c34\u5c31\u9000\u4e86\u8981\u6263\u85aa\u6c34"}, {"type": -1, "id": "kkes0001", "content": ": \u8c6c\u6cb9"}, {"type": 0, "id": "qazedc", "content": ": \u5473\u2588\u2588\u2588"}, {"type": -1, "id": "kingman0716", "content": ": \u65b0\u805e\u51fa\u6c34\u90fd\u9000\u5149\u4e86\uff0c\u4ec0\u9ebc\u8fa6\u4e8b\u6548\u7387!!"}, {"type": 1, "id": "jeyih", "content": ": \u6d77\u7dbf\u57ce\u5e02\u842c\u6b72"}, {"type": 1, "id": "kiddleaf", "content": ": \u6c23\u6c23\u6c23\u6c23\u6c23 \u6c34\u9000\u7684\u6bd4\u65b0\u805e\u9084\u5feb"}, {"type": -1, "id": "agow", "content": ": \u81ea\u7531\u4ee5\u70ba\u585e\u4ec0\u9ebc\u90fd\u6709\u4eba\u5403\u55ce\uff1f\u54c8\u54c8\u54c8\u54c8\u54c8\u627e\u5230"}, {"type": 1, "id": "lufa5200", "content": ": 1450\u9ad8\u6f6e\u4e86"}, {"type": 0, "id": "agow", "content": ": \u8932\u5b50\u4e86\u6c92"}, {"type": -1, "id": "xhung", "content": ": \u51fa\u7a3f\u592a\u6162 \u6c34\u90fd\u9000\u4e86..."}, {"type": 1, "id": "deathslipkno", "content": ": \u8001\u5929\u5361\u67ef  1450\u53ef\u6065"}, {"type": 1, "id": "vivi830505", "content": ": \u7b11\u6b7b"}, {"type": 1, "id": "silentocean", "content": ": \u7da0\u8272\u5a92\u9ad4\u51fa\u5f81\u4e86"}, {"type": -1, "id": "louise13", "content": ": \u9019\u7a2e\u9ed1\u6cd5\u771f\u7684\u5f88\u83dc\u5305"}, {"type": 1, "id": "poloa", "content": ": \u5357\u5317\u9f4a\u5fc3"}, {"type": -1, "id": "Tohkachan", "content": ": \u5efa\u8b70\u5beb\u597d\u641e\u5148\u4fdd\u5b58 \u53ea\u8981\u6539\u5730\u540d\u8ddf"}, {"type": 0, "id": "Tohkachan", "content": ": \u96e8\u91cf\u5c31\u597d \u6bd4\u8f03\u5feb"}, {"type": 1, "id": "moto700", "content": ": \u5730\u50f9\u6700\u9ad8\u7684\u90fd\u80fd\u6df9\u6210\u9019\u6a23 \u9580\u9762\u90fd\u4e0d\u6703\u505a"}, {"type": 0, "id": "smallz", "content": ": \u5317\u4e03 \u60f3\u5e36\u98a8\u5411"}, {"type": 0, "id": "popy8789", "content": ": \u6df9\u5169\u6b21\u4e86"}, {"type": -1, "id": "sharkimage", "content": ": https://i.imgur.com/AfVsBhY.jpg"}, {"type": 0, "id": "fffogpug", "content": ": \u67ef\u5c41\u795e\u96b1\u4e2d"}, {"type": -1, "id": "fragment1000", "content": ": ......\u53d7\u5920\u9019\u7a2e\u65b0\u805e\u4e86"}, {"type": -1, "id": "tyty8910", "content": ": \u81ea\u7531\u6642\u5831"}, {"type": 1, "id": "MidoBanA", "content": ": \u51fa\u5f81"}, {"type": -1, "id": "bischoff804", "content": ": \u5047\u65b0\u805e\u4e0d\u7528\u7f70\u55ce"}, {"type": 1, "id": "ohohamy", "content": ": \u73fe\u5728\u6c92\u96e8\u4e86\u6c34\u624d\u9000"}, {"type": 1, "id": "poloa", "content": ": \u4e0d\u8981\u7406\u4ed6\u5c31\u597d"}, {"type": 1, "id": "xxxtakoxxx", "content": ": \u5e6b\u67ef\u52a0\u5206\u4e86\u4e00\u6ce2"}, {"type": 1, "id": "twdvdr", "content": ": \u6c92\u4e0b\u96e8\u958b\u59cb\u9000 \u4e0d\u904e\u6df9\u9032\u5c4b\u5167\u9084\u662f\u96e3\u6253\u6383"}, {"type": -1, "id": "tenshouw", "content": ": \u9ee8\u5831 \u5408\u7406"}, {"type": -1, "id": "berice152233", "content": ": \u81ea\u6170\u81a9"}, {"type": -1, "id": "s4552752", "content": ": \u53ef\u6190\u7684\u5a92\u9ad4"}, {"type": -1, "id": "tpjou", "content": ": \u9ee8\u5831 \u5475\u5475"}, {"type": -1, "id": "sharkimage", "content": ": https://i.imgur.com/quu9Yjo.jpg"}, {"type": 1, "id": "SUNNYZHAO", "content": ": \u6c34\u90fd\u9000\u4e86"}, {"type": -1, "id": "ganlinlowmo", "content": ": \u5efa\u8b70\u516b\u5366\u7248\u7981\u6b62\u81ea\u7531\u6642\u5831 \u91dd\u5c0d\u7279\u5b9a\u653f"}, {"type": 0, "id": "ganlinlowmo", "content": ": \u6cbb\u4eba\u7269\u62b9\u9ed1"}, {"type": -1, "id": "thasi", "content": ": XD"}, {"type": 0, "id": "fffogpug", "content": ": \u67ef\u5e02\u653f\u8981\u662f\u505a\u5f97\u597d \u6eff\u610f\u5ea6\u4e0d\u6703\u90a3\u9ebc\u4f4e\u4e86"}, {"type": 1, "id": "yumimax", "content": ": 1450\uff1a\u6c23\u6c23\u6c23\u6c23\u6c23"}, {"type": -1, "id": "hamasakino", "content": ": \u6f51\u7cde\u5a92\u9ad4"}, {"type": -1, "id": "kimfor", "content": ": 1450\u53b2\u5bb3\u591a\u4e86\uff0c\u592a\u6c92\u6548\u7387"}, {"type": 0, "id": "mryf", "content": ": \u5e79 \u4e0d\u6eff\u5565\u6d28\u5566 \u76ee\u524d\u8d85\u904e\u4e00\u5b9a\u91cf\u5c31\u662f\u6703\u6df9\u554a"}, {"type": 1, "id": "diiky", "content": ": \u525b\u7d93\u904e\u5730\u4e0a\u9023\u7a4d\u6c34\u90fd\u6c92\u554a"}, {"type": -1, "id": "dylan0514", "content": ": \u8c6c\u6cb9"}, {"type": -1, "id": "henry46277", "content": ": \u5653\u52d5\u4f5c\u592a\u6162! \u9000\u56de\u53bb\u91cd\u5beb!!"}, {"type": -1, "id": "hellow537", "content": ": \u5653\u66b4\u4f60"}, {"type": -1, "id": "james840101", "content": ": \u525b\u525b\u4e0a\u73ed\u5c31\u662f\u9a0e\u65b0\u751f\u5357 \u677e\u6c5f\u8f49\u5357\u4eac\u6771"}, {"type": 0, "id": "james840101", "content": ":  \u9a0e\u5230\u5feb\u5d29\u6f70"}, {"type": -1, "id": "ILOVEHobr", "content": ": \u9019\u4e00\u6b21\u6c34\u9000\u5f88\u5feb\u554a"}, {"type": -1, "id": "sharkimage", "content": ": https://i.imgur.com/imbZnNe.jpg"}, {"type": -1, "id": "absor", "content": ": \u518d\u62b9\u554a"}, {"type": 0, "id": "charlie50704", "content": ": \u81ea\u7531"}, {"type": -1, "id": "nu073616", "content": ": \u4f4e\u80fd\u65b0\u805e"}, {"type": -1, "id": "cc45612", "content": ": \u6c34\u9000\u7684\u6bd4\u4f60\u65b0\u805e\u9084\u5feb \u8981\u4e0d\u8981\u53cd\u7701\u4e00\u4e0b\uff1f"}, {"type": -1, "id": "mildred19", "content": ": \u9084\u597d\u610f\u601d\u7b11\u4e2d\u5929"}, {"type": -1, "id": "laigary", "content": ": \u81ea\u7531\u4e0d\u610f\u5916"}, {"type": 1, "id": "ngt047", "content": ": \u4e0d\u7ba1\uff0c\u53cd\u6b63\u5c31\u662f\u6df9\u6c34"}, {"type": 1, "id": "yinto", "content": ": \u5728\u8214\u963f"}, {"type": 1, "id": "fffogpug", "content": ": \u67ef\u7cde\uff1a\u6c34\u9000\u53bb\u5c31\u4e0d\u7b97\u6df9\u6c34 \u7e7c\u7e8c\u8dea\u8214"}, {"type": -1, "id": "kan8634", "content": ": \u5653\uff0c\u767c\u65b0\u805e\u7684\u901f\u5ea6\u6bd4\u6c34\u9000\u7684\u901f\u5ea6\u9084\u6162"}, {"type": 1, "id": "alexleu", "content": ": \u97d3\u5e02\u9577\u5728\u54ea\u88e1\uff1f\u51fa\u4f86\u8ca0\u8cac"}, {"type": -1, "id": "powerSwift", "content": ": \u8a92\uff0c\u4f60\u90a3\u908a\u9084\u4f86\u7684\u53ca\uff0c\u8d95\u5feb\u53d6\u6d88\u9019\u500b\u65b0"}, {"type": -1, "id": "h25949", "content": ": \u4e2d\u570b\u6642\u5831\u4e0d\u53ef\u4fe1"}, {"type": 0, "id": "powerSwift", "content": ": \u805e\uff0c\u592a\u4e1f\u81c9\u5566"}, {"type": -1, "id": "kyokozenki", "content": ": \u67ef\u9ed1\u7684\u8932\u5b50\u9084\u5728\u55ce"}, {"type": -1, "id": "ihero", "content": ": \u958b\u59cb\u6253\u67ef"}, {"type": -1, "id": "LPCbaimlly", "content": ": \u201c\u53f0\u5317\u5e02\u9577\u67ef\u6587\u54f2\u4f60\u770b\u5230\u4e86\u55ce\uff1f\u4f60\u4f86\u8d70"}, {"type": 0, "id": "LPCbaimlly", "content": ": \u770b\u770b\uff0c\u6703\u4e0d"}, {"type": 0, "id": "LPCbaimlly", "content": ": \u6703\u5f88\u56e7\uff1f\u201d"}, {"type": 0, "id": "LPCbaimlly", "content": ": \u8a18\u8005\u5831\u5c0e\u53ef\u4ee5\u9019\u6a23\u5beb\uff1f"}, {"type": -1, "id": "monkeyaaaaa", "content": ": \u67ef\u9ed1\u6c34\u6e96\u7a4d\u6c34\u6df9\u6c34\u50bb\u50bb\u5206\u4e0d\u6e05"}, {"type": 1, "id": "Daput", "content": ": \u81ea\u7531\u51fa\u5305\u7a7a\u5927\u62db\uff0c1450\u53ea\u80fd\u5e73\u8861\u63a8\u5653\u6e1b\u50b7"}, {"type": -1, "id": "neifaye", "content": ": \u653f\u5ba2\u67ef\u5420\u7269 \u4e0d\u610f\u5916"}, {"type": -1, "id": "andy3231", "content": ": \u6843\u5712\u5927\u6df9\u4e0d\u5831\u5831\u4e00\u500b\u5df2\u7d93\u9000\u7684"}, {"type": 0, "id": "aether982", "content": ": \u5927\u5bb6\u90fd\u96d9\u91cd\u6a19\u6e96 \u79d1\u79d1"}, {"type": -1, "id": "meredith001", "content": ": \u67ef\u7cde\u5403\u5c4e"}, {"type": -1, "id": "hydist", "content": ": \u67ef\u9ed1\u9084\u5728\u90a3\u908a\u8df3\u91dd,\u53ef\u60b2"}, {"type": 0, "id": "gmoz", "content": ": \u5641\u5fc3 \u9084\u8aaa\u7da0\u5171\u6c92\u5b98\u5a92"}, {"type": 1, "id": "HuntBear", "content": ": \u67ef\u7cde\u68ee\u6c23\u6c23\uff0c\u53f0\u5317\u5e02\u7adf\u7136\u4e5f\u6703\u6df9\u6c34"}, {"type": -1, "id": "smile810601", "content": ": \u8c6c\u6cb9\u82f1\u7cde\u6700\u611b\uff0c\u4e3b\u5b50\u5c31\u662f\u6bcd \u3113"}, {"type": -1, "id": "driftingjong", "content": ": \u53c8\u662f\u81ea\u7531"}, {"type": -1, "id": "hellow537", "content": ": \u518d\u7e7c\u7e8c\u5653"}, {"type": 0, "id": "smile6615", "content": ": \u4e00\u5806\u4e0d\u662f\u53f0\u5317\u5e02\u6c11\u5f88\u611b\u6d17 \u4e00\u5c0f\u6642\u5167\u65e9\u9000"}, {"type": 0, "id": "smile6615", "content": ": \u5148\u95dc\u6ce8\u570b\u5b89\u79c1\u83f89200\u689d"}, {"type": 0, "id": "space08ms", "content": ": \u67ef\uff1a\u6709\u8072\u91cf\u4e86\uff0c\u8036"}, {"type": -1, "id": "smile6615", "content": ": \u6d77\u7dbf\u57ce\u5e02\u7684\u6548\u679c\u767c\u63ee\u3002\u8c6c\u6cb9\u8981\u6709\u826f\u5fc3"}, {"type": 0, "id": "smile6615", "content": ": \u63a8\u67ef\u6587\u54f2100\u5206"}, {"type": 1, "id": "BLINKPTT", "content": ": \u67ef\u9ed1\u7522\u696d\u93c8\uff0c\u9047\u6c34\u5247\u767c"}, {"type": -1, "id": "woodcock", "content": ": \u5653"}, {"type": -1, "id": "ohha0221", "content": ": \u81ea\u7531\u6642\u5831\u662f\u767d\u75f4\u55ce \u6df9\u5728\u54ea\uff1f"}, {"type": -1, "id": "lau6m2002", "content": ": \u7da0\u5171\u72d7\u7684\u6700\u611b"}, {"type": -1, "id": "charlly", "content": ": \u5f88\u6025\u662f\u4e0d\u662f"}, {"type": 1, "id": "st89702", "content": ": \u53f0\u5317\u97d3\u570b\u745c"}, {"type": 1, "id": "wwelove201", "content": ": \u54c8\u54c8\u54c8\u53f0\u5317\u6df9\u4e00\u6df9\u4e5f\u597d\u5566 \u5929\u9f8d\u570b\u4e0d\u610f\u5916"}, {"type": -1, "id": "onlytoro", "content": ": \u5947\u602a\uff0c\u5b8c\u5168\u6c92\u611f\u89ba\u6709\u6df9\u5230\u6c34\u554a"}, {"type": 1, "id": "lu3210153", "content": ": \u5509"}, {"type": 0, "id": "apolloapollo", "content": ": \u9ee8\u5831\u65e5\u5e38"}, {"type": -1, "id": "revorea", "content": ": \u96e8\u52e2\u904e\u5927\u6df9\u8d77\u4f86\u6b63\u5e38\uff0c\u554f\u984c\u6df9\u591a\u9ad8\u591a\u4e45"}, {"type": 1, "id": "adsl123449", "content": ": \u54c8\u54c8\uff0c\u7b11\u6b7b\uff0c\u5831\u5c0e\u9084\u6c92\u51fa\u4f86\uff0c\u6c34\u5c31\u9000\u4e86"}, {"type": -1, "id": "artpoet", "content": ": ....."}, {"type": -1, "id": "jay0108", "content": ": \u9019\u8a18\u8005\u52d5\u4f5c\u9019\u9ebc\u6162\u4e5f\u60f3\u5b78\u4eba\u5bb6\u9ed1\uff1f"}, {"type": 0, "id": "facefear", "content": ": https://i.imgur.com/2mIYsQx.jpg"}, {"type": 1, "id": "wadeabc", "content": ": 1450\u5f9e\u5929\u800c\u964d"}, {"type": 0, "id": "lalawoo712", "content": ": \u5c0f\u6ce2\u6d6a"}, {"type": -1, "id": "henry3182001", "content": ": \u81ea\u7531\u6253\u67ef \u4e0d\u610f\u5916\u554a \u975e\u7da0\u90fd\u6253"}, {"type": 1, "id": "rayonwu", "content": ": \u9ad8\u8abf"}, {"type": -1, "id": "phyaim", "content": ": \u9ad8\u5609\u745c\u61c9\u8a72\u8aaa\u5c0f\u82f1\u6c92\u9078\u4e0a\u81ea\u7531\u6642\u5831\u662f\u7f6a\u4eba"}, {"type": 1, "id": "chermany", "content": ": \u767d\u573e\u529b\u91cf\u4e00\u76f4\u5728\u6d17\u570b\u5b89\u5c40\u4ee3\u8cfc\u79c1\u7159"}, {"type": 1, "id": "chermany", "content": ": \u53f0\u5317\u5c0f\u6ce2\u6d6a"}, {"type": -1, "id": "wallace1202", "content": ": \u8c6c\u6cb9\u548c\u4e2d\u5c4e\u6709\u4ec0\u9ebc\u5dee\u5225\uff1f"}, {"type": 1, "id": "startiger", "content": ": \u6df9\u6c34\u672c\u4f86\u9072\u65e9\u6703\u9000\uff0c\u67ef\u9084\u662f\u7121\u80fd"}, {"type": 1, "id": "emohann", "content": ": \u652f\u90a3\u67ef\u8166\u7c89\uff1a\u7b49\u9010\u5b57\u7a3f\u51fa\u4f86\u518d\u8aaa\uff08\u54a6\uff1f"}, {"type": 0, "id": "emohann", "content": ": \u53f0\u7063\u53ea\u5269\u4e0b\u8349\u5305\u3001\u83dc\u5305\u3001\u53c9\u71d2\u5305"}, {"type": -1, "id": "gn01714718", "content": ": \u62c9\u57fa"}, {"type": 1, "id": "loveapple33", "content": ": \u4e0b\u6b21\u53ef\u4ee5\u4e0a\u8857\u53cd\u7da0\u5a92\u4e86"}, {"type": 0, "id": "vanurd", "content": ": \u90fd\u662f\u80a5\u6a58\u7684\u932f"}, {"type": 1, "id": "nadiaInochi", "content": ": \u4e0d\u7092\u4f5c\u53ef\u60dc"}, {"type": -1, "id": "bluemmb", "content": ": \u4e8b\u5be6\u8b49\u660e\u7da0\u5a92\u85cd\u5a92\u6c92\u592a\u5927\u5dee\u7570"}, {"type": 1, "id": "minipopy0314", "content": ": \u5c4e\u5831 \u771f\u81ed"}, {"type": 0, "id": "gwenwoo", "content": ":  \u4e00\u6642\u8214\u5171\u4e00\u6642\u723d"}], "post_ip": "180.217.142.11", "post_content": "\n1.\u5a92\u9ad4\u4f86\u6e90:\n\u203b \u81ea\u7531\u6642\u5831\n\n\n2.\u8a18\u8005\u7f72\u540d\n\u203b \u90ed\u5b89\u5bb6\n\n\n3.\u5b8c\u6574\u65b0\u805e\u6a19\u984c: \u5317\u5e02\u66b4\u96e8\u6df9\u6c34 \u6c11\u773e\u4e0d\u6eff\u51fa\u73fe\u300c\u5357\u4eac\u6771\u6cb3\u300d\n\n\n4.\u5b8c\u6574\u65b0\u805e\u5167\u6587:\n\n\u53f0\u5317\u5e02\u4eca\u4e0b\u5348\u50be\u76c6\u5927\u96e8\uff0c\u53f0\u5317\u5e02\u8b70\u54e1\u674e\u660e\u8ce2\u6307\u51fa\uff0c\u6642\u96e8\u91cf\u7834\u767e\u6beb\u7c73\uff0c\u4e5f\u5c0e\u81f4\u591a\u8655\u6df9\u6c34\u3002\u53f0\n\u5317\u5e02\u653f\u5e9c\u56de\u5831\u5317\u5e0212\u5340\u5168\u90e8\u958b\u8a2d\u4e8c\u7d1a\u9632\u707d\uff0c\u76ee\u524d\u50c5\u5927\u5b89\u5340\u6709\u707d\u60c5\u767c\u751f\uff0c\u5927\u5b89\u68ee\u6797\u516c\u5712\u9644\u8fd1\n\u5c01\u8def\uff0c\u4f46\u771f\u5be6\u60c5\u6cc1\u662f\u5982\u6b64\u55ce\uff1f\u5c31\u6709\u6c11\u773e\u670b\u53cb\u63d0\u4f9b\u4e0b\u5348\u62cd\u651d\u5e02\u5340\u5357\u4eac\u6771\u8def\u6c34\u6df9\u6210\u6cb3\u7684\u666f\u8c61\uff0c\n\u4ea4\u901a\u99ac\u4e0a\u6253\u7d50\uff0c\u9084\u88ab\u6232\u7a31\u662f\u300c\u5357\u4eac\u6771\u6cb3\u300d\u3002\n\n\u800c\u6839\u64da\u6c11\u773e\u63d0\u4f9b\u5f71\u7247\uff0c\u5f71\u4e2d\u767d\u8863\u5973\u5b50\u6d89\u6c34\uff0c\u4f3c\u4e4e\u5728\u7b49\u8eca\uff0c\u5be6\u5728\u5f88\u5371\u96aa\u3002\u674e\u660e\u8ce2\u6307\u51fa\uff0c\u9019\u5834\n\u96e8\uff0c\u4e5f\u6b63\u8003\u9a57\u5317\u5e02\u5e9c\u7684\u61c9\u8b8a\u8207\u6551\u707d\u80fd\u529b\uff0c\u53f0\u5317\u5e02\u9577\u67ef\u6587\u54f2\u4f60\u770b\u5230\u4e86\u55ce\uff1f\u4f60\u4f86\u8d70\u770b\u770b\uff0c\u6703\u4e0d\n\u6703\u5f88\u56e7\uff1f\n\n\u800c\u6839\u64da\u5317\u5e02\u5e9c\u8cc7\u8a0a\uff0c\u7a4d\u6df9\u6c34\u8def\u6bb5\u5305\u62ec\u57fa\u9686\u8def\u9577\u8208\u8857\u53e3\u3001\u5fe0\u5b5d\u6771\u8def\u56db\u6bb5216\u5df7\u3001\u548c\u5e73\u6771\u8def\u4e09\n\u6bb51\u5df7\u3001\u56db\u7dad\u8def44\u5df7\u820752\u5df7\u3001\u4ec1\u611b\u5713\u74b0\u3001\u5fa9\u8208\u5357\u8def\u4e8c\u6bb5151\u5df7\u3001\u6566\u5316\u5357\u8def\u4e00\u6bb5177\u5df7\u8207161\u5df7\n\u3002\n\u8cc7\u8a0a\u986f\u793a\uff0c\u5fe0\u5b5d\u6771\u8def\u56db\u6bb5181\u5df7\u3001\u9f8d\u5b89\u8857\u3001\u548c\u5e73\u6771\u8def\u4e00\u6bb5199\u5df7\u3001\u65b0\u751f\u5357\u8def\u4e8c\u6bb570\u5df7\u3001\u548c\u5e73\n\u6771\u8def\u4e8c\u6bb5265\u5df7\u3001\u56db\u7dad\u8def208\u5df7\u8207216\u5df7\u3001\u5fe0\u5b5d\u6771\u8def\u56db\u6bb5142\u865f\u81f3166\u865f\uff08\u6377\u904b\u5fe0\u5b5d\u6566\u5316\u7ad94\u865f\n\u82075\u865f\u51fa\u53e3\uff09\u3001\u6566\u5316\u5357\u8def\u4e00\u6bb5160\u5df7\u6cbf\u7dda\u3001\u96f2\u548c\u885792\u865f\u3001\u5927\u5b89\u8def\u4e00\u6bb551\u5df7\u6cbf\u7dda\u7686\u6df9\u6c34\u3002\n\n5.\u5b8c\u6574\u65b0\u805e\u9023\u7d50 (\u6216\u77ed\u7db2\u5740):\nhttps://reurl.cc/LEZ84\n\n\n6.\u5099\u8a3b:\n\u4eca\u5929\u4e0b\u7684\u96e8\u771f\u7684\u662f\u5927\u7684\u6709\u9ede\u8a87\u5f35...\u9047\u6c34\u5247\u767c\uff0c\u6211\u6c7a\u5b9a\u4e0b\u73ed\u8981\u53bb\u8cb7\u5f35\u5a01\u529b\u5f69\u4e86\uff01\n\n--\n"}