{"ptt_id": "kaitai", "post_url": "https://www.ptt.cc/bbs/Gossiping/M.1564451901.A.13A.html", "post_type": "\u554f\u5366", "post_title": "\u5a36\u5916\u914d50\u842c\u63db\u7167\u9867\u7236\u6bcd&\u81ea\u5df1\u8001\u75c5\u5212\u7b97\u55ce?", "post_time": "2019-07-30 09:58:19", "post_score": 6, "post_pushes": [{"type": 0, "id": "kutkin", "content": ": \u4f60\u60f3\u592a\u591a\uff0c50\u842c\u80af\u5b9a\u6253\u6c34\u6f02"}, {"type": 0, "id": "nikewang", "content": ": \u5916\u914d\u5f854\u5e74 \u9a19\u5b8c\u4f60\u7684\u9322 \u62ff\u5230\u8eab\u5206\u8b49 \u5c31\u53ef"}, {"type": 0, "id": "deann", "content": ": \u4f60\u78ba\u5b9a\u5916\u914d\u4e0d\u6703\u53bb\u627e\u5c0f\u738b\u8650\u5f85\u7684\u4f60\u7236\u6bcd?"}, {"type": 0, "id": "nikewang", "content": ": \u4ee5happy\u5730\u8ddf\u4f60\u96e2\u5a5a\u4e86"}, {"type": 0, "id": "kutkin", "content": ": \u6cd5\u5f8b\u4e0a\u5ac1\u904e\u4f86\u5c31\u8ddf\u4f60\u5e73\u7b49"}, {"type": 0, "id": "a27588679", "content": ": \u7238\u5abd\u61c9\u8a72\u6703\u88ab\u5916\u914d\u5f04\u6b7b= ="}, {"type": 0, "id": "deann", "content": ": \u5c07\u5fc3\u6bd4\u5fc3 \u5225\u505a\u9019\u7a2e\u8822\u4e8b"}, {"type": 0, "id": "Vincent6964", "content": ": \u54c8\u54c8\u54c8\u54c8\u54c8\u54c8\u54c8\u54c8"}, {"type": -1, "id": "errorr", "content": ": \u53cd\u4e32"}, {"type": 0, "id": "yspen", "content": ": \u9a19\u5230\u53f0\u7063\u8eab\u5206\u8b49\u5f8c  \u4f60\u5c31\u6c92\u6709\u5229\u7528\u50f9\u503c\u4e86"}, {"type": 0, "id": "KangSuat", "content": ": \u9664\u975e\u662f\u7ae5\u990a\u5ab3\u5f9e\u5c0f\u807d\u8a71 \u4e0d\u7136\u8ab0\u7406\u4f60?"}, {"type": 1, "id": "kris4588", "content": ": \u62ff\u5230\u8eab\u4efd\u8b49\u5c31\u8dd1\u4e86\u5427"}, {"type": -1, "id": "hagi13", "content": ": \u597d\u81ea\u79c1\u5594 \u9084\u6562\u8aaa\u4eba\u5bb6\u53f0\u5973"}, {"type": 0, "id": "nacy204327", "content": ": \u4e00\u500b\u6708\u5916\u52de\u4e09\u842c \u5212\u7b97\u4e86\u5566 \u6709\u7528\u53c8\u6709\u5e79"}, {"type": 0, "id": "KangSuat", "content": ": \u88ab\u793e\u6703\u6c59\u67d3\u904e\u7684\u5973\u4eba\u90fd\u5f88\u6703\u7b97"}, {"type": 0, "id": "hagi13", "content": ": \u4f60\u5c31\u6c92\u7b97\u7684\u7cbe \u8981\u5340\u5340\u4e94\u5341\u842c\u8cb7\u65b7\u5916\u914d\u7684\u4eba"}, {"type": 0, "id": "hagi13", "content": ": \u751f\u5594"}, {"type": 0, "id": "Vincent6964", "content": ": \u4ee5\u4f60\u7684\u601d\u7dad\u627e\u500b\u5370\u5c3c\u5e6b\u50ad\u63a8\u5168\u5bb6\u5c31\u597d\u4e86"}, {"type": 1, "id": "mayko", "content": ": \u5c07\u5fc3\u6bd4\u5fc3,\u6211\u5bb6\u65cf\u9577\u8f29\u66fe\u6709\u9019\u5ff5\u982d\u5e6b\u8166\u50b7\u5152\u5b50"}, {"type": 0, "id": "mayko", "content": ": \u8cb7\u5916\u914d,\u88ab\u89aa\u53cb\u806f\u5408\u904a\u8aaa\u4e0d\u4f5c\u9019\u7f3a\u5fb7\u4e8b.\u5c31\u7b97\u4eba"}, {"type": 0, "id": "mayko", "content": ": \u4e0d\u8dd1,\u9577\u8f29\u8001\u6b7b,\u505a\u4e08\u592b\u7684\u6bd4\u59bb\u5b50\u5927,\u90a3\u5929\u5916\u914d"}, {"type": 0, "id": "mayko", "content": ": \u6bcd\u5b50\u7121\u4f9d\u7121\u9760\u6642,\u5979\u5011\u8981\u600e\u9ebc\u904e\u65e5."}, {"type": 0, "id": "darkbrigher", "content": ": \u4f60\u4ee5\u70ba\u5916\u914d\u4e0d\u6703\u8dd1\u4e0d\u6703\u7b97\u54e6"}, {"type": 0, "id": "mayko", "content": ": \u66f4\u5225\u8aaa\u8dd1\u6389\u7684..\u6c92\u5c0f\u5b69\u6216\u5e36\u5b69\u5b50\u8dd1\u5c31\u7b97\u4e86,\u6700"}, {"type": 0, "id": "darkbrigher", "content": ": \u4f60\u4ee5\u70ba50\u842c\u5c31\u4e86\u4e8b\u4e86\u54e6"}, {"type": 0, "id": "darkbrigher", "content": ": \u6709\u5920\u5929\u771f"}, {"type": 0, "id": "mayko", "content": ": \u6015\u662f\u5b69\u5b50\u4e1f\u7d66\u592b\u5bb6\u8dd1\u6389\u7684..\u89aa\u53cb\u5e6b\u4e5f\u4e0d\u662f\u4e0d\u5e6b"}, {"type": 0, "id": "mayko", "content": ": \u4e5f\u4e0d\u662f..."}, {"type": 0, "id": "mayko", "content": ": \u4e0d\u8981\u8166\u6b98\u8001\u516c\u8f49\u982d\u56de\u5bb6??\u6c92\u8eab\u4efd\u8b49\u53c8\u6b20\u4ef2\u4ecb\u6642"}, {"type": 0, "id": "mayko", "content": ": \u4e0d\u6562\u8dd1..\u4e1f\u5c0f\u5b69\u7d66\u4f60\u8dd1\u6389\u6642,\u4f60\u5c31\u8b8a\u507d\u55ae\u89aa\u7238"}, {"type": 0, "id": "mayko", "content": ": \u7238,\u9084\u5f97\u6253\u5b98\u53f8\u5224\u6c7a\u96e2\u5a5a.."}, {"type": 0, "id": "deann", "content": ": \u5047\u7d50\u5a5a \u771f\u5e6b\u50ad?"}, {"type": -1, "id": "tran628", "content": ": 50\u842c\u5c31\u60f3\u60c5\u7dd2\u52d2\u7d22\u5225\u4eba\u4e00\u8f29\u5b50\uff0c\u7b11\u6b7b"}, {"type": 0, "id": "jii0712", "content": ": \u60f3\u592a\u591a\u4e86"}, {"type": 0, "id": "realmd", "content": ": \u7576\u79df\u501f6\u5e74\uff0c\u53ef\u4ee5\u8ced\u4e00\u628a"}, {"type": 0, "id": "tran628", "content": ": \u4e5f\u4e0d\u60f3\u60f3\u73fe\u5728\u9023\u5916\u914d\u90fd\u4e0d\u4f86\u4e86\uff0c\u4ee5\u70ba\u81ea\u5df1"}, {"type": 0, "id": "tran628", "content": ": \u82b1\u9322\u662f\u591a\u5927\u7684\u6069\u60e0"}, {"type": 0, "id": "realmd", "content": ": \u4e00\u8f29\u5b50\u662f\u4e0d\u53ef\u80fd\u7684\u4e8b\uff0c\u7576\u79df\u91d1\u79df\u5230\u6709\u8eab\u5206\u8b49"}, {"type": 0, "id": "mayko", "content": ": \u751a\u9ebc\u5047\u7d50\u5a5a\u771f\u5e6b\u50ad,\u8cb7\u4f86\u7684\u53ef\u662f\u8981\u751f\u5b69\u5b50+\u5e6b\u50ad"}, {"type": 0, "id": "mayko", "content": ": \u6158\u4e00\u9ede\u7684\u9084\u8981\u5916\u51fa\u8cfa\u9322.."}, {"type": 1, "id": "silomin", "content": ": \u5982\u679c\u90fd\u7167\u7406\u60f3\u5316\u4ee5\u9322\u4f86\u8aaa\u662f\u5212\u7b97 \u4f46\u73fe\u5be6..."}, {"type": 0, "id": "mayko", "content": ": \u5c31\u662f\u6709\u9019\u7a2e\u5a36\u8001\u5a46\u56de\u5bb6\u7576\u514d\u8cbb\u5e6b\u50ad\u7684\u5fc3\u614b,\u5b5d"}, {"type": 1, "id": "imdog", "content": ": \u82b1\u9322\u8acb\u770b\u8b77\u597d\u55ce 50\u842c\u8cb7\u65b7\u4eba\u5bb6\u4eba\u751f \u60f3\u8981\u5f97"}, {"type": 0, "id": "mayko", "content": ": \u9053\u5916\u5305..\u5225\u8aaa\u53f0\u7063\u5973\u751f,\u73fe\u5728\u53f0\u7537\u5728\u8cb7\u5916\u914d\u7684"}, {"type": 0, "id": "imdog", "content": ": \u5230\u4ec0\u9ebc\u76e1\u5584\u76e1\u7f8e\u7684\u7167\u9867"}, {"type": 1, "id": "kutkin", "content": ": \u7236\u6bcd\u58d3\u69a8\u5b50\u5973 \u5b50\u5973\u5916\u5305\u7d66\u5ab3\u5a66"}, {"type": 0, "id": "mayko", "content": ": \u7af6\u722d\u529b\u4e0a\u62fc\u4e0d\u904e\u65e5\u97d3,\u9023\u4e2d\u570b\u90fd\u6162\u6162\u62fc\u4e0d\u904e"}, {"type": 0, "id": "zoin", "content": ": \u807d\u5230\u82b1100 \u9084\u8981\u82b1\u9322\u6253\u70ae  \u8dd1\u6389\u96e2\u5a5a \u50bb\u4e86"}, {"type": 0, "id": "realmd", "content": ": \u6211\u89ba\u7684\u8cb7\u6c92\u554f\u984c\uff0c\u4e8b\u524d\u548c\u5973\u7684\u8aaa\u597d\uff0c4\u5e74\u62166"}, {"type": 0, "id": "realmd", "content": ": \u5e74\u591a\u5c11\u9322\uff0c\u8eab\u4efd\u8b49\u62ff\u5230\u8aaa88\uff0c\u800c\u4e0d\u8981\u7528\u9a19\u7684"}, {"type": 0, "id": "kutkin", "content": ": \u554f\u984c\u4f60\u8aaa\u597d\u5979\u9084\u662f\u6703\u8dd1"}, {"type": 0, "id": "zoin", "content": ": \u771f\u6709\u9322\u9084\u6015\u627e\u4e0d\u5230\u5973\u4eba.."}, {"type": 0, "id": "kutkin", "content": ": \u6cd5\u5f8b\u4e0a\u4ed6\u5c31\u662f\u4f60\u8001\u5a46"}, {"type": 1, "id": "albertfeng", "content": ": \u53f0\u7537\u81ea\u5df1\u7167\u9867\u7236\u6bcd\u5f88\u96e3\u55ce\uff1f\u6211\u5931\u696d\u9867\u8001"}, {"type": 0, "id": "albertfeng", "content": ": \u7238\u9084\u53ef\u4ee5\u6253\u96fb\u52d5\u52d2"}, {"type": 0, "id": "realmd", "content": ": \u6839\u64da\u621110\u591a\u5e74\u8dd1\u8d8a\u5357\u5e97\u7684\u7d93\u9a57\uff0c\u6703\u8dd1\u7684\u5e7e\u4e4e"}, {"type": 1, "id": "kutkin", "content": ": \u9084\u6eff\u96e3\uff0c\u4f60\u5931\u696d\u9867\u4ed6\u90a3\u4f60\u5403\u5565"}, {"type": 1, "id": "albertfeng", "content": ": \u89ba\u5f97\u6bd4\u7576\u793e\u755c\u9084\u723d"}, {"type": 0, "id": "realmd", "content": ": \u90fd\u662f\u88ab\u9a19\u7684\u5f88\u6158\uff0c\u4f5c\u725b\u4f5c\u99ac\u9084\u4e0d\u80fd\u6eff\u8db3\u592b\u5bb6"}, {"type": 0, "id": "kutkin", "content": ": \u5979\u7576\u7136\u90fd\u8aaa\u5979\u88ab\u9a19\u4e0d\u662f\u55ce"}, {"type": 0, "id": "kutkin", "content": ": \u4f60\u9019\u4e0d\u5c31\u53c8\u4e00\u500b\u706b\u5c71\u5b5d\u5b50"}, {"type": 0, "id": "realmd", "content": ": \u53f0\u7537\u9a19\u7684\u771f\u7684\u5f88\u591a\uff0c\u9019\u4e00\u9ede\u4e0d\u7528\u66ff\u53f0\u7537\u958b\u812b"}, {"type": 0, "id": "kutkin", "content": ": \u771f\u7684\u505a\u725b\u505a\u99ac \u4e09\u8c9e\u4e5d\u70c8 \u8dd1\u4f86\u8ce3\u5594"}, {"type": 0, "id": "kutkin", "content": ": \u6b61\u5834\u7121\u771f\u611b\uff0c\u4f60\u771f\u88ab\u9a19\u4e86"}, {"type": 0, "id": "realmd", "content": ": \u5c31\u662f\u53d7\u4e0d\u4e86\u624d\u8981\u8ce3\u5440\uff0c\u4e0d\u7136\u5c0f\u5b69\u8ab0\u990a"}, {"type": 1, "id": "yspen", "content": ": \u51fa\u4f86\u8ce3\u7684\u90a3\u4e00\u500b\u4e0d\u662f\u8b1b\u5f97\u81ea\u5df1\u8eab\u4e16\u574e\u5777? \u6709\u54ea"}, {"type": 0, "id": "yspen", "content": ": \u4e00\u500b\u6703\u8aa0\u5be6\u8ddf\u4f60\u8aaa\u5c0d\u554a\u6211\u5c31\u662f\u611b\u6155\u865b\u69ae\u6240\u4ee5\u51fa"}, {"type": 0, "id": "yspen", "content": ": \u4f86\u8ce3\u6deb"}, {"type": 0, "id": "kutkin", "content": ": \u5047\u7d50\u5a5a\u771f\u8ce3\u6deb\u4e00\u958b\u59cb\u5c31\u6709\uff0c\u6241\u671d\u624d\u8aaa\u8981\u52a0\u9762"}, {"type": 0, "id": "realmd", "content": ": \u6709\u5c0f\u5b69\u8981\u990a\uff0c\u4f60\u8aaa\u600e\u8fa6?"}, {"type": 0, "id": "kutkin", "content": ": \u90a3\u4f60\u554f\u5979\u5c0f\u5b69\u73fe\u5728\u5728\u54ea"}, {"type": 0, "id": "kutkin", "content": ": \u6703\u4fe1\u5a4a\u5b50\u7684\u8a71....\u6211\u771f\u4e0d\u77e5\u8aaa\u5565"}, {"type": 0, "id": "yspen", "content": ": 50\u5e74\u524d\u5c31\u807d\u904e\u7238\u7238\u5750\u7262\u5abd\u5abd\u751f\u75c5\u5f1f\u5f1f\u59b9\u59b9\u8981\u5ff5"}, {"type": 0, "id": "yspen", "content": ": \u66f8\u4e0d\u5f97\u5df2\u53ea\u597d\u4e0b\u6d77\u9019\u7a2e\u6a19\u6e96SOP\u8a71\u8853\u5566"}, {"type": 0, "id": "realmd", "content": ": \u7576\u7136\u662f\u53f0\u7063\u81ea\u5df2\u79df\u7684\u623f\u5b50\u81ea\u5df2\u990a\uff0c\u4f60\u751f\u7537\u7684"}, {"type": 0, "id": "yspen", "content": ": \u53ea\u662f\u73fe\u5728\u8b8a\u6210\u5c0f\u5b69\u9084\u5c0f\u8001\u516c\u5438\u6bd2\u6253\u5979"}, {"type": 0, "id": "realmd", "content": ": \u592b\u5bb6\u6216\u8a31\u6703\u8981\uff0c\u751f\u5973\u7684\u5c31\u6e96\u5099\u81ea\u5df2\u625b"}, {"type": 0, "id": "yspen", "content": ": \u6069\u5ba2\u624d\u6703\u8aaa\u5509\u5440\u59b3\u597d\u53ef\u6190\u554a\u54e5\u54e5\u6211\u591a\u7d66\u59b3\u4e00\u9ede"}, {"type": 0, "id": "yspen", "content": ": \u5c0f\u8cbb"}, {"type": 1, "id": "kutkin", "content": ": \u4f60\u6709\u770b\u5230\u5c0f\u5b69\u55ce"}, {"type": 0, "id": "kutkin", "content": ": \u771f\u7684\u8166..."}, {"type": 0, "id": "kutkin", "content": ": \u6211\u78b0\u904e\u7684\u90fd\u76f4\u8aaa\u5979\u5c31\u662f\u5047\u7d50\u5a5a"}, {"type": 0, "id": "kutkin", "content": ": \u56e0\u70ba\u5979\u592a\u5fd9\u4e86\uff0c\u8001\u9ede\u63a5\u4e0d\u5b8c"}, {"type": -1, "id": "CLH1031", "content": ": \u6211\u7d66\u4f6050\u842c\u3002\u7d42\u8eab\u807d\u6211\u7684\u8a71"}, {"type": 1, "id": "stcr3011", "content": ": \u611f\u89ba\u4e0d\u592a\u597d \u9577\u671f\u4e0b\u4f86\u5bb9\u6613\u51fa\u4e8b"}, {"type": 0, "id": "sesame307", "content": ": \u63d0\u5021\u5b89\u6a02\u6b7b \u6e96\u5099\u4e94\u5341\u842c\u53bb\u4eab\u53d7\u5929\u502b\u4e4b\u6a02"}, {"type": 0, "id": "errorr", "content": ": 50\u842c\u85aa\u8cc7\u53ea\u6709\u4e00\u5e74\u4efd\u800c\u5df2\uff0c\u54ea\u500b\u8001\u95c6\u53ef\u4ee5\u7528"}, {"type": 0, "id": "errorr", "content": ": \u4e94\u5341\u842c\u8acb\u5168\u8077\u54e1\u5de5\u516d\u5e74\u554a"}, {"type": -1, "id": "super7407412", "content": ": \u7d66\u4f6050\u842c\u4f60\u8981\u4e0d\u8981\uff1f"}, {"type": -1, "id": "minami77", "content": ": \u6709\u9019\u7a2e\u5fc3\u614b \u4eba\u5bb6\u62ff\u5230\u8eab\u4efd\u8b49\u5c31\u8dd1\u4e86\uff0c\u7136"}, {"type": 0, "id": "minami77", "content": ": \u5f8c\u518d\u4f86\u602a\u5916\u914d"}, {"type": 0, "id": "cal629195", "content": ": \u7f3a\u4e4f\u5c0d\u4eba\u7684\u57fa\u672c\u5c0a\u91cd\uff0c\u662f\u4f60\u6559\u80b2\u7684\u5931\u6557"}, {"type": -1, "id": "Sabaurila", "content": ": \u9019\u662f\u5e7e\u6b72\u7684\u60f3\u6cd5 \u592a\u5929\u771f\u4e86\u5427 \u54c8\u54c8\u54c8"}, {"type": -1, "id": "oEvaineo", "content": ": \u628a\u4eba\u7576\u50ad\u4eba\u55ce \u4e5f\u4e0d\u60f3\u60f3\u81ea\u5df1\u53c8\u6709\u4ec0\u9ebc\u50f9"}, {"type": 0, "id": "oEvaineo", "content": ": \u503c \u7aae\u5f97\u53ea\u5269\u9322\u5594 \u5f88\u591a\u5973\u751f\u53ef\u4ee5\u990a\u6d3b\u81ea\u5df1"}, {"type": 0, "id": "oEvaineo", "content": ": \u597d\u55ce"}, {"type": 1, "id": "ALENDA", "content": ": \u4f60\u662f\u90fd\u6c92\u770b\u904e\u793e\u6703\u65b0\u805e\u55ce"}, {"type": -1, "id": "peiring", "content": ": \u5916\u914d\u62ff\u5230\u8eab\u5206\u8b49\u5c31\u8dd1\u4e86\uff0c\u6700\u597d\u6703\u5e6b\u4f60\u7167\u9867"}, {"type": 0, "id": "cat05joy", "content": ": \u4f60\u4ee5\u70ba\u53ea\u8981\u4e94\u5341\u842c\u55ce \u904b\u6c23\u4e0d\u597d\u5169\u500b\u6708\u5c31\u8dd1"}, {"type": 1, "id": "u8809048", "content": ": 4\u5e74\u5f8c\u5c31\u8dd1\u4e86\uff0c\u80fd\u64904\u5e74\u4f60\u9084\u662f\u8cfa"}, {"type": 0, "id": "u8809048", "content": ": \u554f\u984c\u662f\u73fe\u5728\u9023\u534a\u5e74\u90fd\u4e0d\u60f3\u6490"}, {"type": 0, "id": "dearevan", "content": ": \u5c07\u4f86\u4f60\u5bb6\u6703\u5f88\u6dd2\u6158..."}, {"type": 1, "id": "Jevorsky", "content": ": \u82b150\u842c\u8cb7\u8001\u5a46\u517c\u5e6b\u50ad\uff1f\u51fa\u5230\u4f60\u9019\u7a2e\u53f0\u7537\u6709"}, {"type": 1, "id": "Jevorsky", "content": ": \u5920\u4e86\u7136\uff01\u96e3\u602a\u5728\u53f0\u7063\u627e\u4e0d\u5230\u8001\u5a46\u3002\u4e0d\u904e\u4f60"}, {"type": 0, "id": "Jevorsky", "content": ": \u9019\u7a2e\u7b49\u7d1a\u5c31\u7b97\u5a36\u5230\u5916\u914d\u4e5f\u662f\u5f88\u5feb\u5c31\u88ab\u8001\u5a46"}, {"type": 0, "id": "Jevorsky", "content": ": \u8b58\u7834\u5566\uff01\u88ab\u6234\u7da0\u5e3d...\u5c31\u5225\u602a\u56c9...\u79d1\u79d1"}, {"type": -1, "id": "DudeFromMars", "content": ": \u4f60\u9019\u9ebc\u6703\u7b97\uff0c\u4f60\u4ee5\u70ba\u5225\u4eba\u4e0d\u6703\u7b97\u554a\uff1f"}, {"type": 0, "id": "DudeFromMars", "content": ": \u4eba\u5bb6\u53bb\u7576\u8077\u696d\u770b\u8b77\u4e00\u5e74\u5c31\u8cfa\u8d85\u904e50\u842c"}, {"type": 0, "id": "DudeFromMars", "content": ": \u4e86\u597d\u55ce\uff1f"}, {"type": 1, "id": "Chuhar", "content": ": \u61c9\u8a72\u6eff\u591a\u4eba\u6709\u9019\u60f3\u6cd5 \u53ea\u662f\u542b\u84c4\u5728\u5fc3\u800c\u5df2"}, {"type": 0, "id": "Chuhar", "content": ": \u5b5d\u9053\u5916\u5305+\u751f\u5b50+\u5916\u51fa\u8cfa\u9322+\u5bb6\u4e8b\u4e00\u628a\u6293..."}, {"type": 1, "id": "Sanish", "content": ": \u8ab0\u9858\u610f\u7576\u514d\u8cbb\u5e6b\u50ad\uff1f\u4f60\u9858\u610f\u55ce\uff1f\u9084\u597d\u610f\u601d\u9178"}, {"type": 0, "id": "Sanish", "content": ": \u53f0\u5973\uff0cXD"}, {"type": -1, "id": "PPAPwww", "content": ": \u8077\u696d\u770b\u8b77\u4e5f\u8981\u8003\u904e\u963f  \u8003\u904e\u518d\u8aaa"}, {"type": -1, "id": "DudeFromMars", "content": ": \u4f60\u9867\u5f97\u8d77\u518d\u8aaa\u5427\uff0c\u65b0\u52a0\u5761\uff0c\u97d3\u570b\u5c0d\u770b"}, {"type": 0, "id": "DudeFromMars", "content": ": \u8b77\u7684\u9700\u6c42\u90fd\u5f88\u5927"}, {"type": 0, "id": "DudeFromMars", "content": ": \u4eba\u5bb6\u4e5f\u662f\u6709\u9078\u64c7\u7684"}, {"type": 0, "id": "kk8921647", "content": ": \u5916\u914d\u4e0d\u662f\u5916\u52de"}, {"type": 0, "id": "blackphantom", "content": ": \u64fa\u660e\u793e\u6703\u554f\u984c"}, {"type": 1, "id": "cynthiajul", "content": ": \u9019\u5f88\u53f0\u7537\uff0c\u9019\u7bc7\u5c31\u662f\u6700\u4f73\u53f0\u7537\u7bc4\u4f8b\u3002"}, {"type": -1, "id": "ROTFL", "content": ": \u5c31\u90a3\u9edeB\u9322\uff0c\u8eab\u5206\u8b49\u62ff\u5230\u4e0d\u8dd1\u624d\u602a\uff1f"}, {"type": 1, "id": "osmanthusjo", "content": ": \u4e0d\u6703\u76f4\u63a5\u8acb\u770b\u8b77\u5c31\u597d\uff0c\u73fe\u5728\u958b\u59cb\u7e73\u9577"}, {"type": 0, "id": "osmanthusjo", "content": ": \u7167\u4fdd\u96aa"}, {"type": -1, "id": "juliee", "content": ": \u8b1b\u7684\u597d\u50cf\u4f60\u90fd\u4e0d\u6703\u7b97\u4e00\u6a23 \u81ea\u5df1\u7236\u6bcd\u81ea\u5df1\u5b5d"}, {"type": 1, "id": "ohfulow", "content": ": \u6211\u5be7\u9858\u8cb7\u4e00\u8f29\u5b50\u7684\u904a\u6232"}, {"type": 1, "id": "nonightcat", "content": ": \u7576\u7136\u53ef\u4ee5 \u4e0d\u904e\u7576\u59b3\u8001\u5a46\u628a\u4f60\u7238\u5abd\u8f2a\u6905\u63a8"}, {"type": 0, "id": "nonightcat", "content": ": \u5230motel\u505c\u8eca\u4f4d\u7b49\u5979\u4e0a\u6a13\u8ddf\u8001\u9109\u4ea4\u6d41\u4e00\u4e0b"}, {"type": 0, "id": "nonightcat", "content": ":  \u5e0c\u671b\u4f60\u4e5f\u4e0d\u6703\u4ecb\u610f"}, {"type": 0, "id": "tonist9808", "content": ": \u6027\u5225\u63db\u53f0\u5973\u9019\u7bc7\u5c31XX\u4e86"}, {"type": 0, "id": "tonist9808", "content": ": \u932f\u7bc7"}, {"type": -1, "id": "darkMood", "content": ": \u53ef\u6190\u3002"}], "post_ip": "59.125.179.129", "post_content": "\n\u5176\u5be6\u7d50\u5a5a\u5c31\u662f\u70ba\u4e86\u8001\u75c5\u7684\u6642\u5019\u6709\u4eba\u7167\u9867\n\n\u6709\u4eba\u63a8\u8f2a\u6905 \u63db\u5c4e\u5c3f\u76c6\n\n\u4e0d\u6703\u5b64\u7368\u6b7b\u5728\u623f\u88e1\n\n\u4f46\u53f0\u5973\u73fe\u5728\u7b97\u5f97\u5f88\u7cbe\n\n\u6c92\u6709\u85aa\u6c34\u7684\u63a8\u8f2a\u6905\u63db\u5c4e\u5c3f\u76c6\u7684\u5e6b\u50ad \u53f0\u5973\u662f\u4e0d\u6703\u505a\u7684\n\n\u5c0d\u65bc\u60f3\u8981\u4e00\u500b\u8001\u75c5\u6642\u7684\u5e6b\u50ad\u7684\u7537\u4eba\u5c31\u5f88\u82e6\u60f1\u4e86\n\n\u9084\u597d\u73fe\u5728\u6709\u5916\u914d\n\n\u90a3\u9ebc\u82b1\u500b50\u842c \u63db\u4f86\u5916\u914d\u5148\u7167\u9867\u7236\u6bcd\n\n\u7236\u6bcd\u6b7b\u4e86\u518d\u5e6b\u81ea\u5df1\u63a8\u8f2a\u6905 \u63db\u5c4e\u5c3f\u76c6\n\n\u5927\u5bb6\u89ba\u5f97\u9019\u50f9\u683cok\u55ce?\n\n\u7562\u7adf\u5916\u914d\u662f\u82b1\u9322\u5a36\u7684 \u9280\u8ca8\u5169\u8a16 \u4e0d\u6703\u6709\u53f0\u5973\u90a3\u7a2e\u4e0d\u9858\u7576\u514d\u8cbb\u5e6b\u50ad\u7684\u554f\u984c\n\n--\nwhy \u6709\u7d66\u9322\u7684\u8036 \u9019\u6a23\u4ed6\u81ea\u5df1\u4e5f\u72af\u6cd5\u554a\n\u82b1\u9322\u7684\u7d50\u5a5a\u4e0d\u7136\u96e3\u9053\u8981\u7684\u662f\u9322\u4ee5\u5916\u7684\u6771\u897f?\n\u203b \u7de8\u8f2f: kaitai (59.125.179.129 \u81fa\u7063), 07/30/2019 10:01:10\n\u9280\u8ca8\u5169\u8a16\u662f\u54ea\u88e1\u81ea\u79c1?\n\u5916\u914d\u81ea\u5df1\u4e5f\u9858\u610f\u4e0d\u662f \u8aaa\u4e0d\u5b9a50\u842c\u5c0d\u4ed6\u5011\u5bb6\u9109\u662f\u5f88\u5927\u6578\u76ee\u963f\n\u203b \u7de8\u8f2f: kaitai (59.125.179.129 \u81fa\u7063), 07/30/2019 10:02:21\n\u5916\u914d\u53c8\u4e0d\u662f\u88ab\u903c\u7684 \u4e0d\u60f3\u8981\u8166\u6b98\u8001\u516c\u53ef\u4ee5\u4e0d\u8981\u8ce3\u8f49\u982d\u56de\u5bb6\u963f\n\u641e\u4e0d\u597d\u4eba\u5bb6\u771f\u7684\u5f88\u7f3a\u9322 \u50f9\u683c\u8ac7\u9ad8\u4e00\u9ede\u4e0d\u5c31\u597d\u4e86\n\u203b \u7de8\u8f2f: kaitai (59.125.179.129 \u81fa\u7063), 07/30/2019 10:04:33\n\u5a36\u5916\u914d\u7684\u90fd\u662f\u5047\u7d50\u5a5a\u771f\u5e6b\u50ad\u5427 \u4e0d\u7136\u5e79\u561b\u7528\u8cb7\u7684 \u4e0d\u8981\u5047\u6e05\u9ad8\n\u203b \u7de8\u8f2f: kaitai (59.125.179.129 \u81fa\u7063), 07/30/2019 10:09:25\n"}