{"ptt_id": "sasaki3630", "post_url": "https://www.ptt.cc/bbs/Gossiping/M.1566642600.A.D09.html", "post_type": "\u554f\u5366", "post_title": "\u615f! \u5c0f\u7389\u8981\u9000\u51faYoutube?", "post_time": "2019-08-24 18:29:58", "post_score": -41, "post_pushes": [{"type": 1, "id": "Ayanami5566", "content": ": \u5802\u59b9\u7684\u5716\u5148\u4ea4\u51fa\u4f86\u5566"}, {"type": -1, "id": "johnwu", "content": ": \u4f60\u90a3\u908a\u9084\u4f86\u5f97\u53ca"}, {"type": 1, "id": "rickey1270", "content": ": \u8cfa\u5920\u4e86=="}, {"type": -1, "id": "tchialen", "content": ": \u9a19\u9ede\u95b1"}, {"type": -1, "id": "DsLove710", "content": ": \u4e94\u6a13\u60f3\u809b\u5c0f\u7389"}, {"type": -1, "id": "RodrigueZ810", "content": ": \u904e\u5e7e\u5929\u53c8\u5979\u5abd\u62cd\u5f71\u7247\u8aaa\u5ea7\u6548\u679c \u5e79\u4f60\u5a18"}, {"type": 1, "id": "OGCOGCOGCOGC", "content": ": \u5653 DsLove710: \u4e94\u6a13\u60f3\u809b\u5c0f\u7389"}, {"type": 1, "id": "hotqiqi", "content": ": \u5237\u4e00\u6ce2\u4ff5\u5b50\u563b\u563b"}, {"type": 1, "id": "xzcb2008", "content": ": \u4ed6\u6703\u9000\u51fa\u624d\u5947\u602a \u64cd\u4f5c\u800c\u5df2 \u5225\u9019\u9ebc\u8822\u5427"}, {"type": -1, "id": "highyes", "content": ": \u8ab0\uff1f  \u904e\u6c23"}, {"type": -1, "id": "nextpage", "content": ": \u8ab0\u5728\u4e4e\u4ed6\u600e\u6a23?= ="}, {"type": -1, "id": "T8", "content": ": \u504f\u4e0d\u9ede\u5566 \u9a19"}, {"type": 0, "id": "DsLove710", "content": ": \u4e94\u6a13\u771f\u4ed6\u5abd\u7684\u5641\u5fc3 \u5e79"}, {"type": -1, "id": "chun821543", "content": ": \u6a13\u4e0b\u9ede"}, {"type": 1, "id": "clamperni", "content": ": YT\u97d3\u570b\u745c"}, {"type": -1, "id": "greensaru", "content": ": \u897f\u74dc?"}, {"type": -1, "id": "Destinyqq", "content": ": \u9a19\u9ede\u95b1\u771f\u5614\u5fc3"}, {"type": 0, "id": "bengowa", "content": ": \u95dc\u6211\u5c41\u4e8b"}, {"type": 0, "id": "shevchen", "content": ": \u8ab0\u554a\u5e79"}, {"type": 0, "id": "JustWinslow", "content": ": \u8ab0\u5566 \u6211\u9084\u6c38\u6fa4\u54a7"}, {"type": -1, "id": "drw6sd6r", "content": ": \u4e94\u6a13\u8acb\u7528\u529b"}, {"type": -1, "id": "a27588679", "content": ": \u770b\u9019\u6a19\u984c\u6211\u9023\u9ede\u90fd\u61f6\u7684\u9ede\u76f4\u63a5\u5653"}, {"type": 1, "id": "legend41269", "content": ": \u600e\u53ef\u80fd\u9000\u51fa \u7092\u65b0\u805e\u8d85\u597d\u8cfa"}, {"type": -1, "id": "angeltear15", "content": ": \u5230\u5e95\u54ea\u7a2e\u5ee2\u7269\u6703\u770b\uff1f"}, {"type": 1, "id": "me1inda", "content": ": \u5587\u53ed\u5634"}, {"type": 0, "id": "tearness", "content": ": https://i.imgur.com/zPAYDCj.jpg \u6551\u6211"}, {"type": -1, "id": "Lailungsheng", "content": ": \u5783\u573e\u624b\u6cd5"}, {"type": -1, "id": "sunyapess", "content": ": \u6efe"}, {"type": -1, "id": "gaiaesque", "content": ": \u4e7e\u6211\u5c41\u5c4e"}, {"type": -1, "id": "tearness", "content": ": \u64cd\u4f60\u5abd\u6c92\u5653\u5230"}, {"type": 0, "id": "LiberalDog", "content": ": \u6211\u6628\u5929\u53bb\u5716\u66f8\u9928 \u96fb\u8166\u5340\u4e00\u5806\u5c0f\u670b\u53cb\u5728\u770b"}, {"type": 0, "id": "LiberalDog", "content": ": \u90a3\u4e9bytber= ="}, {"type": -1, "id": "qwaqwa2007", "content": ": ???????????????????????????????????"}, {"type": -1, "id": "Philethan", "content": ": Zzz"}, {"type": 1, "id": "hydroer", "content": ": \u6253\u8d85\u721b\uff0c\u4eca\u5929\u88ab\u706b\u817f\u653e\u677f\u51f3"}, {"type": -1, "id": "gbb03514", "content": ": \u639b\u5728\u54ea\uff1f"}, {"type": -1, "id": "r30385", "content": ": \u8ab0\u5566\u5e79"}, {"type": 1, "id": "seabox", "content": ": \u56db\u5927youtuber\u90fd\u9695\u843d\u4e86"}, {"type": -1, "id": "conanhide", "content": ": \u9023\u5169\u5929\u5ee3\u544a\u8036"}, {"type": -1, "id": "jjelm", "content": ": \u8ab0"}, {"type": 0, "id": "stlevi811101", "content": ": \u8cbc\u5716\u4e5f\u592a\u50b3\u795e"}, {"type": 0, "id": "felixr0123", "content": ": \u54c7 \u5144\u5f1f\u4f60\u96f2\u904a\u6232\u4e5f\u5c31\u7b97\u4e86 \u73fe\u5728\u9084\u4f86\u96f2"}, {"type": 0, "id": "felixr0123", "content": ": \u696d\u54e6"}, {"type": -1, "id": "abop65913", "content": ": \u6709\u7a2e\u771f\u7684\u9000\u963f"}, {"type": -1, "id": "distantblc", "content": ": \u6efe\u5587"}, {"type": 1, "id": "LiberalDog", "content": ": \u9023\u7d50\u90a3\u500b\u662f\u9b3c\u64cb\u8def2\u88e1\u7684\u89d2\u8272\u3107?"}, {"type": -1, "id": "zxcv7892341", "content": ": \u6efe"}, {"type": -1, "id": "FUBAR", "content": ": \u9019\u79ae\u62dc\u9000\u51fa\u4e0d\u767c\u7247 \u4e0b\u5468\u518d\u73a9\u500b\u56de\u6b78\u6897"}, {"type": -1, "id": "VVax", "content": ": \u897f\u74dc\uff1f"}, {"type": -1, "id": "alexroc", "content": ": \u4ed6\u8aaa9\u6708\u9ede\u95b1\u7387\u4e0d\u597d\u5c31\u9000\u51fa = ="}, {"type": -1, "id": "shadowdio", "content": ": \u8ab0"}, {"type": -1, "id": "Chiehx", "content": ": who"}, {"type": -1, "id": "monkeywind", "content": ": \u5225\u50bb\u4e86 \u5c31\u662f\u628a\u4f60\u9a19\u9032\u53bb\u518d\u8cfa\u4e00\u6ce2"}, {"type": 0, "id": "shimazu", "content": ": \u53ef\u6190\uff0c\u5ee2\u5230\u7528\u6a19\u984c\u9a19\u9ede\u95b1"}, {"type": -1, "id": "sunkiss5566", "content": ": \u95b1"}, {"type": 0, "id": "shimazu", "content": ": \u771f\u7684\u5ee2"}, {"type": -1, "id": "Whitening", "content": ": \u5047\u7684!\u5641\u5fc3!"}, {"type": 0, "id": "kivan00", "content": ": \u53ef\u6190 \u9a19\u5230\u4e00\u5806\u5c0f\u9b3c\u628a\u9375\u76e4F5\u6572\u58de"}, {"type": -1, "id": "acer758219", "content": ": \u9019\u7a2e\u6703\u88ab\u9a19\u7684\u4e5f\u96e3\u602a\u662f\u7389\u7c89"}, {"type": 0, "id": "powermousek", "content": ": \u8b1d\u8b1d\u4f60\u7684\u96e2\u958b\uff0c\u4e0d\u8981\u518d\u56de\u4f86\u4e86"}, {"type": 1, "id": "games", "content": ": \u97d3\u5287\u90fd\u6709\u5728\u6f14"}, {"type": -1, "id": "DGHG", "content": ": \u55da\u55da \u54ed\u4e86 \u767e\u842c\u7389\u7c89\u7ad9\u51fa\u4f86"}, {"type": 0, "id": "housemance", "content": ": \u4e94\u6a13\u8aa0\u5be6"}, {"type": 0, "id": "wwf0322", "content": ": \u5feb\u6efe"}, {"type": -1, "id": "mmmimi11tw", "content": ": \u5feb\u6efe\u554a"}, {"type": -1, "id": "m810415", "content": ": \u5982\u679c\u6c92\u9000\u88ab\u8eca\u649e\u597d\u55ce\uff1f"}, {"type": -1, "id": "iWatch5566", "content": ": \u7d55\u5c0d\u4e0d\u9ede \u5c11\u4f86\u9a19\u9ede\u95b1\u7387"}, {"type": -1, "id": "damnbear", "content": ": \u6efe"}, {"type": -1, "id": "omanorboyo", "content": ": \u5728\u9a199\u6708\u7684\u9ede\u95b1\u7387"}, {"type": -1, "id": "carisbig", "content": ": \u53ef\u64a5"}, {"type": -1, "id": "io45for222", "content": ": \u504f\u4e0d\u9ede \u64cd"}, {"type": -1, "id": "jackq", "content": ": \u9084\u4e0d\u5feb\u9000\u4e00\u5806\u4eba\u7b49\u8457\u4e0a\u4f4d\u54e9"}, {"type": -1, "id": "kevin31a2", "content": ": \u8981\u6d17\u5e7e\u7bc7\u963f"}, {"type": -1, "id": "jhoo53640", "content": ": \u5653\u4f60\u5802\u59b9 \u5c0f\u5c0f\u5e74\u7d00\u770b\u90a3\u500b"}, {"type": -1, "id": "maikk", "content": ": \u5653\uff01\u5e78\u597d\u6211\u8a8d\u8b58\u7684\u5c0f\u5b69\u90fd\u4e0d\u770b\u90a3\u500b"}, {"type": -1, "id": "atzer2002", "content": ": \u62dc\u8a17  \u4e0d\u8981\u9ede"}, {"type": -1, "id": "ccc106558", "content": ": \u5509"}, {"type": -1, "id": "ms0545173", "content": ": \u8981\u6efe\u81ea\u4fbf"}, {"type": -1, "id": "sonyps", "content": ": \u5df2\u7d93\u6c5f\u90ce\u624d\u76e1\u5230\u9700\u8981\u7528\u9019\u7a2e\u6897\u4e86\u54e6......\u597d"}, {"type": 0, "id": "sonyps", "content": ": \u6dd2\u6dbc"}, {"type": -1, "id": "bear07", "content": ": ....."}, {"type": -1, "id": "foxtails", "content": ": \u559c\u5fb7"}], "post_ip": "123.192.185.179", "post_content": "\nhttps://www.youtube.com/watch?v=ccMCVj6AwAw\n\n\u6b38\u6b38\n\n\u525b\u525b\u8b80\u570b\u4e2d\u7684\u5802\u59b9\n\n\u770b\u5e73\u677f\u770b\u5230\u54ed\u51fa\u4f86\u4e86\n\n\u6211\u597d\u5947\u770b\u4e86\u4e00\u4e0b\n\n\n\u53f0\u7063\u77e5\u540dyoutuber\u5c0f\u7389\u8981\u9000\u51fa\u4e86?\n\n\u600e\u9ebc\u6703\u9019\u6a23\n\n\u4e0d\u662f\u505a\u5f97\u597d\u597d\u7684\u55ce?\n\n\u5f88\u53d7\u6b61\u8fce\u963f\n\n\n\u4f60\u5011\u80fd\u63a5\u53d7\u55ce?\n\n\n--\n"}