{"ptt_id": "Israfil", "post_url": "https://www.ptt.cc/bbs/Gossiping/M.1570693299.A.86D.html", "post_type": "\u65b0\u805e", "post_title": "\u65e5\u672c\u300c\u6700\u53ef\u611b\u5973\u9ad8\u6821\u751f\u300d\u524d10\u5f37\u51fa\u7210\u3000\u7db2\u72c2", "post_time": "2019-10-10 15:41:30", "post_score": 32, "post_pushes": [{"type": 0, "id": "snsdakb48", "content": ": \u6b63\u7684\u8981\u5230SOD\u53bb\u627e\u4e86\u5566"}, {"type": 1, "id": "hyde19691983", "content": ": \u4e0d\u932f\u963f\uff0c\u6c92\u6709\u5851\u81a0\u65e2\u8996\u611f"}, {"type": 0, "id": "ArSaBuLu", "content": ": 3\u5e74A\u73ed\u5973\u751f\u5c4c\u6253\u5168\u570b"}, {"type": 0, "id": "minoru04", "content": ": \u54ea\u500b\u5408\u6cd5\u7247\u5546\u627e\u672a\u6210\u5e74\u62cd\u7684\u4f60\u627e\u7d66\u6211\u770b"}, {"type": 1, "id": "j31404", "content": ": \u6211\u4e0d\u884c\u7d665\u6a13"}, {"type": 0, "id": "cattgirl", "content": ": \u6709\u9ede\u6b6a"}, {"type": 1, "id": "kabadada", "content": ": \u6709\u7684\u9084\u4e0d\u932f\u554a"}, {"type": 1, "id": "chachayu", "content": ": \u6562\u6b63\u9762\u62cd\u7684\u624d"}, {"type": 1, "id": "kerodo", "content": ": \u6bcf\u5e74\u90fd\u5f88\u6545\u610f\u5594"}, {"type": 0, "id": "twocm", "content": ": \u5de6\u4e0a\u6700\u53ef\u611b"}, {"type": 1, "id": "ff20", "content": ": \u4ec0\u9ebc\u6642\u5019\u51fa\u9053"}, {"type": 1, "id": "miss80423", "content": ": \u9084\u4e0d\u932f\u554a"}, {"type": 0, "id": "labiron", "content": ": \u6211\u89ba\u5f97\u90fd\u4e0d\u932f\u554a"}, {"type": 0, "id": "Atwo", "content": ": \u9084\u6562\u5acc\u963f\u7ae5\u8c9e\u7537 JK\u5c31\u7b97\u5916\u8868\u666e\u666e\u62b1\u8d77\u4f86\u9084\u662f\u5f88"}, {"type": 0, "id": "Atwo", "content": ": \u8edf\u5ae9\u6eab\u71b1\u7684\u597d\u4e0d"}, {"type": 0, "id": "Israfil", "content": ": \u6a13\u4e0a\u7684\u4f60\u514b\u5236\u4e00\u4e0b  o'-'o"}, {"type": 0, "id": "LoveMakeLove", "content": ": \u7d71\u7d71\u6293\u53bbAV\u51fa\u9053\uff01"}, {"type": 1, "id": "DJRobin", "content": ": \u5973\u5b78\u751f\u5c31\u662f\u8981\u6e05\u6e05\u723d\u723d\u7684\u624d\u597d\u770b"}, {"type": 0, "id": "DJRobin", "content": ": \u4e0d\u8981\u50cf\u7db2\u7d05\u62b9\u4e00\u5806\u599d\u958b\u4e00\u5806\u88dd\u7532"}, {"type": 1, "id": "iam0718", "content": ": \u6a19\u6e96\u4e5f\u592a\u9ad8 \u5973\u5b78\u751f\u9019\u6a23\u660e\u660e\u5f88\u68d2"}, {"type": 0, "id": "KENGOD0204", "content": ": \u53cd\u89c0\u53f0\u5357"}, {"type": 1, "id": "bjk3370", "content": ": \u4e0d\u932f\u554a \u81f3\u5c11\u6c92\u8907\u88fd\u4eba\u7684\u611f\u89ba"}, {"type": 1, "id": "silver2012", "content": ": \u9084\u53ef\u4ee5\uff0c\u81f3\u5c11\u6c92\u5851\u81a0\u5473"}, {"type": 1, "id": "hidewin200", "content": ": \u9019\u624d\u662f\u9ad8\u4e2d\u751f\u963f\uff0c\u5851\u81a0\u770b\u591a\u4e86\u81a9"}, {"type": 0, "id": "rei196", "content": ": \u6211\u901a\u901a\u53ef\u4ee5"}, {"type": 1, "id": "demitri", "content": ": \u62ff\u6389\u653e\u5927\u7247\u9084\u5269\u5e7e\u500b\u80fd\u770b"}, {"type": 0, "id": "demitri", "content": ": \u6bcf\u500b\u773c\u775b\u90fd\u597d\u5047"}, {"type": 0, "id": "makelove0938", "content": ": \u98a8\u5875\u5473"}, {"type": 0, "id": "demitri", "content": ": \u9019\u54ea\u53eb\u6e05\u723d \u7167\u7247\u8868\u60c5\u90fd\u5f88\u5047\u63b0\u554a"}, {"type": 0, "id": "demitri", "content": ": \u651d\u5f71\u5e2b\u592a\u5dee\u4e86\u5427 \u62cd\u5f97\u8ddfAV\u5c01\u9762\u5dee\u4e0d\u591a"}, {"type": 1, "id": "jyan97", "content": ": \u6211\u770b\u8d77\u4f86\u90fd\u9084\u4e0d\u932f\u963f.."}, {"type": 0, "id": "demitri", "content": ": \u4e00\u9ede\u90fd\u6c92\u6709\u6e05\u65b0\u611f"}, {"type": 1, "id": "mibbl0", "content": ": \u63db\u6210\u53f0\u7063\u4eba\u5c31\u4e0d\u4e00\u6a23\u4e86"}, {"type": 1, "id": "h129875230", "content": ": \u4ee5\u524d\u66f4\u626f \u7d42\u65bc\u6709\u9ede\u6a19\u6e96\u4e86"}, {"type": 0, "id": "h129875230", "content": ": \u5168\u90e8\u4ea4\u7d66\u6211"}, {"type": 0, "id": "jonaswang01", "content": ": \u8dea\u6c42\u756a\u865f"}, {"type": 0, "id": "reppoc", "content": ": 5\u6a13\u662f\u8981\u9084\u662f\u4e0d\u8981\uff1f"}, {"type": 1, "id": "allenatptt", "content": ": \u6211\u90fd\u53ef\u4ee5"}, {"type": 1, "id": "ianlin1216", "content": ": https://i.imgur.com/b0gIdgV.jpg"}, {"type": 0, "id": "ianlin1216", "content": ": \u967d\u83dc\uff1a\u4f60\u5011\u5168\u90e8\u4e00\u8d77\u4e0a"}, {"type": 0, "id": "agag5123", "content": ": \u88ab\u63a8\u51fa\u4f86\u9178\uff0c\u771f\u7684\u5f88QQ"}, {"type": 1, "id": "luismars", "content": ": \u5982\u679c\u4f4e\u6210\u672c\u7684\u8981\u9ede\u8b9a\u5440...\u90fd\u662f\u82b1\u9322\u7838\u7684"}, {"type": 1, "id": "qwe04687", "content": ": \u6bd4\u4e4b\u524d\u7684\u53ef\u611b\u591a\u310c"}, {"type": 1, "id": "bysy2322", "content": ": \u9019\u6b21\u6b63\u5f88\u591a\u3105"}, {"type": 1, "id": "caesst85149", "content": ": \u6709\u5e7e\u500b\u53ef\u611b\u7684\u4e2d\u9014\u88ab\u4e8b\u52d9\u6240\u6316\u89d2\u9000\u8cfd\u4e86"}, {"type": 0, "id": "caesst85149", "content": ": \u4e0d\u6b63\u7684\u624d\u6703\u7559\u5728\u9019\u88e1\u8b93\u4f60\u9078"}, {"type": 0, "id": "khsa3200", "content": ": \u6b63\u7684\u65e9\u5c31\u53bb\u7576idol\u4e86\uff0c\u600e\u9ebc\u53ef\u80fd\u7559\u5728\u9019\u88e1"}, {"type": 0, "id": "SeTeVen", "content": ": \u967d\u83dc\u7b11\u4e86"}, {"type": 0, "id": "breadking", "content": ": \u9019\u6b63\u5e38 \u5f88\u53ef\u611b\u554a= ="}, {"type": 0, "id": "hackfox", "content": ": futsu"}, {"type": 1, "id": "Mshero5665", "content": ": \u6bd4\u4e4b\u524d\u7684\u597d \u9084\u4e0d\u932f\u963f"}, {"type": 0, "id": "xcatcandy", "content": ": \u5a92\u9ad4\u7d20\u8cea\u624d\u5dee"}, {"type": 0, "id": "c24253994", "content": ": \u53f0\u70638+9\u59b9\u5c4c\u6253"}, {"type": 1, "id": "sses60802", "content": ": \u5de6\u4e0a\u53f3\u4e0a\u9084\u884c end"}, {"type": 1, "id": "newcsie68", "content": ": \u6211\u89ba\u5f97OK\u554a \u9019\u624d\u662f\u5973\u9ad8\u4e2d\u751f \u6bd4\u4ec0\u9ebc\u8907\u88fd"}, {"type": 0, "id": "newcsie68", "content": ": \u4eba\u597d\u592a\u591a\u4e86"}, {"type": 1, "id": "RuruX5566", "content": ": \u90fd\u4e0d\u932f\u597d\u55ce"}, {"type": 0, "id": "woifeiwen", "content": ": \u9019\u662f\u7528\u4f86\u62c9\u62ac\u63f4\u4ea4\u50f9\u78bc\u7684\u55ce \u5614\u5614\u5614\u5614"}, {"type": -1, "id": "qazwsxedcs", "content": ": \u6211\u8981\u53bb\u8907\u7fd2\u7f8e\u7e54\u4e86"}, {"type": 0, "id": "zold", "content": ": \uff5e\uff5e\uff5e\uff5e\uff5e\uff5e\u919c\uff5e\uff5e\uff5e\uff5e\uff5e\uff5e"}, {"type": -1, "id": "fancalay0814", "content": ": \u65e5\u672c\u8ce4\u755c\u7834\u6bcd\u8c6c\u7d66\u72d7\u5e79\u525b\u525b\u597d"}, {"type": 1, "id": "Mellissa", "content": ": \u90fd\u4e0d\u932f\u554a"}, {"type": 1, "id": "kenxxxxx", "content": ": NL\u7d20\u8cea\u771f\u5dee"}, {"type": 1, "id": "olalo", "content": ": \u6b63\u7684\u90fd\u88ab\u627e\u53bb\u7576\u5076\u50cf\u62cd\u5beb\u771f\u6216\u662f\u57f9\u990a\u62cd\u7247\u7247\u4e86"}, {"type": 1, "id": "eddie9301278", "content": ": \u8b93\u6211\u60f3\u5230\u53bb\u5e74\u9084\u524d\u5e74\u90a3\u500b\u79cb\u7530\u7e23\u4ee3\u8868"}, {"type": 1, "id": "CannedHamEgg", "content": ": \u4e0d\u932f\u5427"}, {"type": 1, "id": "DAPAWWEN", "content": ": \u9019\u7d20\u8cea\u6211\u99ac\u5b50\u9ad8\u4e2d\u6642\u4e5f\u53ef\u4ee5\u53bb\u9078\u4e86"}, {"type": 1, "id": "Jaroz", "content": ": \u6c92\u6709\u5f88\u5dee\u554a  \u611f\u89ba\u5f88\u512a"}, {"type": 1, "id": "js52666", "content": ": \u6b63\u7684\u90fd\u53bb\u98a8\u4fd7av\u696d\u4e86"}], "post_ip": "36.227.140.245", "post_content": "\n\n1.\u5a92\u9ad4\u4f86\u6e90:TVBS\n2.\u8a18\u8005\u5433\u5141\u828a\n\n3.\u5b8c\u6574\u65b0\u805e\u6a19\u984c:\n\u65e5\u672c\u300c\u6700\u53ef\u611b\u5973\u9ad8\u6821\u751f\u300d\u524d10\u5f37\u51fa\u7210\u3000\u7db2\u72c2\u9178\uff1a\u7d20\u8cea\u5dee\n\n4.\u5b8c\u6574\u65b0\u805e\u5167\u6587:\nhttps://cc.tvbs.com.tw/img/upload/2019/10/10/20191010145326-1a269f1e.jpg\nhttps://cc.tvbs.com.tw/img/upload/2019/10/10/20191010145324-ac3aca90.jpg\nhttps://cc.tvbs.com.tw/img/upload/2019/10/10/20191010145327-cbbd6827.jpg\n\n\u65e5\u672c\u6642\u5c1a\u5a1b\u6a02\u7db2\u7ad9\u300cModelpress\u300d\u6bcf\u5e74\u90fd\u6703\u8209\u8fa6\u9ad8\u6821\u751f\u9078\u62d4\u8cfd\uff0c\u4eca\u5e74\u6d3b\u52d5\u5df2\u9081\u5165\u7b2c5\u5c46\uff0c\u5728\n\u7d93\u904e\u5c64\u5c64\u8cfd\u5236\u4e0b\u7684\u56b4\u683c\u7be9\u9078\u5f8c\uff0c\u7d42\u65bc\u57286\u65e5\u516c\u5e03\u5165\u570d\u7684\u524d10\u5f37\u3002\u4f46\u5c0d\u65bc\u76ee\u524d10\u5f37\u7684\u7d50\u679c\uff0c\u65e5\n\u672c\u6709\u8a31\u591a\u7db2\u53cb\u4e26\u4e0d\u8cb7\u55ae\uff0c\u8a8d\u70ba\u300c\u53c3\u8cfd\u8005\u7d20\u8cea\u592a\u5dee\u300d\uff0c\u4ee4\u4eba\u5931\u671b\u3002\n\n\u7d9c\u5408\u65e5\u5a92\u5831\u5c0e\uff0c\u5c08\u5beb\u6642\u5c1a\u3001\u5a1b\u6a02\u7684\u300cModelpress\u300d\u8209\u8fa6\u7684\u300c\u6700\u53ef\u611b\u5973\u5b50\u9ad8\u6821\u751f\u9078\u62d4\u300d\u6bcf\u5e74\u90fd\n\u5438\u5f15\u773e\u591a\u7b26\u5408\u8cc7\u683c\u7684\u5973\u9ad8\u6821\u751f\u5831\u540d\u53c3\u52a0\uff0c\u4eca\u5e74\u4e5f\u4e0d\u4f8b\u5916\u3002\u53c3\u8cfd\u8005\u5011\u6703\u5148\u7d93\u904e\u521d\u8cfd\u7684\u7be9\u9078\uff0c\u521d\n\u8cfd\u5206\u5225\u6703\u5f9e\u95dc\u6771\u3001\u95dc\u897f\u3001\u4e2d\u90e8\u3001\u56db\u570b\u3001\u4e5d\u5dde\u3001\u6771\u53176\u500b\u5340\u57df\u4e2d\uff0c\u4ee5\u7db2\u8def\u5f97\u7968\u3001\u7559\u8a00\u6578\u3001\u9ede\u8b9a\n\u6578\u7b49\u5e73\u53f0\u7684\u7d9c\u5408\u6578\u64da\u505a\u70ba\u689d\u4ef6\uff0c\u5728\u5404\u5340\u9078\u51fa1\u540d\u6700\u9ad8\u7968\u7684\u9078\u624b\u6649\u7d1a\u3002\n\n \u53e6\u5916\uff0c\u5b98\u65b9\u8a55\u5be9\u6703\u5f9e\u5168\u570b\u6311\u90782\u540d\u51fa\u8272\u7684\u53c3\u8cfd\u8005\u30011\u540d\u9ede\u8b9a\u6578\u6700\u9ad8\u8005\uff0c\u53ca2019\u300c\u6700\u53ef\u611b1\u5e74\u7d1a\n\u5973\u9ad8\u6821\u751f\u300d\u51a0\u8ecd\uff0c\u517110\u4eba\u3002\u5269\u4e0b\u88ab\u6dd8\u6c70\u7684\u9078\u624b\u5247\u53ef\u4ee5\u85c9\u7531\u5fa9\u6d3b\u8cfd\uff0c\u6436\u596a\u51a0\u8ecd\u8cfd\u7684\u6700\u5f8c2\u5f35\u9580\n\u7968\u3002\n\n\u56e0\u6b64\uff0c\u5728\u4e0a\u767e\u4f4d\u53c3\u8cfd\u8005\u4e2d\uff0c\u6700\u7d42\u53ea\u6703\u670912\u4eba\u5f97\u4ee5\u9032\u5165\u7e3d\u51a0\u8ecd\u8cfd\uff0c\u722d\u596a\u6700\u53ef\u611b\u5973\u9ad8\u6821\u751f\u7a31\u865f\u3002\n\u800c\u5728\u9019\u5834\u6bd4\u8cfd\u4e2d\uff0c\u7372\u5f97\u51a0\u8ecd\u8005\u5c07\u6210\u70ba\u5168\u570b\u5973\u9ad8\u6821\u751f\u300c\u516c\u95dc\u5927\u4f7f\u300d\uff0c\u5728\u9ad8\u6821\u751f\u6daf\u64c1\u6709\u9019\u4efd\u6b8a\u69ae\n\u3002\n\n\u6bcf\u5e74\u6bd4\u8cfd\u8209\u8fa6\u6642\uff0c\u90fd\u6703\u5f15\u8d77\u5168\u570b\u7684\u95dc\u6ce8\uff0c\u7d50\u679c\u5341\u5206\u4ee4\u4eba\u671f\u5f85\u3002\u4e0d\u904e\uff0c6\u65e5\u516c\u5e0310\u5f37\u5165\u570d\u540d\u55ae\n\u5f8c\uff0c\u537b\u6709\u5927\u6279\u7db2\u53cb\u72c2\u9178\u8868\u793a\u300c\u9019\u5c46\u7d20\u8cea\u592a\u4f4e\u4e86\u5427\u300d\u3001\u300c\u53ea\u6709\u6211\u89ba\u5f97\u4e0d\u53ef\u611b\u55ce\u300d\u3001\u300c\u611f\u89ba\u5f88\u666e\n\u50cf\u9130\u5c45\u300d\u3002\u4f46\u4e5f\u6709\u7db2\u53cb\u767c\u8868\u4e0d\u540c\u770b\u6cd5\uff0c\u8a8d\u70ba\u300c\u6211\u5168\u90fd\u53ef\u4ee5\u300d\u3001\u300c\u5f88\u53ef\u611b\u554a\u300d\uff01\n\n\n\n5.\u5b8c\u6574\u65b0\u805e\u9023\u7d50 (\u6216\u77ed\u7db2\u5740):\nhttps://news.tvbs.com.tw/entertainment/1214985\n\n6.\u5099\u8a3b:\n\no'-'o\n\n--\n    \u5973\u306e\u4eba\u3068\u7537\u306e\u4eba\u304c\u8a71\u3057\u3066\u3044\u307e\u3059\u3002  \u9069\u5207\u306a\u56de\u7b54\u3092\u9078\u629e\u3057\u3066\u304f\u3060\u3055\u3044\u3002  (3%)\n\u5973\uff1a\u3053\u306e\u3075\u304f\u306f\u3068\u3066\u3082\u304d\u308c\u3044\u3067\u3059\u3002\n\u7537\uff1a\u2574\u2574\u2574\u2574\u2574\u2574\u3002\n\n(A) \u3053\u3069\u3082\u304c\u6b32\u3057\u3044\u3067\u3059\u304b      (B) \u79c1\u306f\u3042\u306a\u305f\u3068\u30bb\u30c3\u30af\u30b9\u3057\u305f\u3044\n(C) \u304a\u3060\u3066\u3066\u3082\u4f55\u3082\u51fa\u307e\u305b\u3093\u3088  (D) \u3081\u3057\u3087\u3046\u304c\u3093\u3082           \u300a\u6c11\u660e\u66f8\u623f-\u521d\u7d1a\u65e5\u6587\u300b\n\n--\n"}