{"ptt_id": "vitaminb12", "post_url": "https://www.ptt.cc/bbs/Gossiping/M.1564053657.A.ACD.html", "post_type": "\u554f\u5366", "post_title": "\u5c0d\u5c0f\u670b\u53cb\u611b\u7528\u758a\u5b57", "post_time": "2019-07-25 19:20:55", "post_score": 4, "post_pushes": [{"type": 0, "id": "a27588679", "content": ": \u8ddf\u5c0d\u72d7\u4e00\u6a23"}, {"type": -1, "id": "chenergy", "content": ": \u4e0d\u6703\u3002"}, {"type": -1, "id": "cult720", "content": ": \u4e0d\u6703\u6703"}, {"type": 1, "id": "greenmiracle", "content": ": \u4e94\u6a13\u5403\u5c4c\u5c4c"}, {"type": 0, "id": "a81255316", "content": ": \u4e94\u6a13\u5c41\u5c41\u7d66\u5927\u5bb6\u809b\u809b"}, {"type": -1, "id": "butmyass", "content": ": \u52a0\u5f37\u8a5e\u5f59\u8fa8\u8b58\u5ea6 \u65b9\u4fbf\u7259\u7259\u5b78\u8a9e \u61c2?"}, {"type": 0, "id": "a81255316", "content": ": \u5e79\u4f60\u5a18\u96de\u63b0\u54a7"}, {"type": 1, "id": "mvpdirk712", "content": ": \u5927\u5409\u5927\u5229\u5229\uff0c\u4eca\u5929\u5403\u96de\u96de"}, {"type": -1, "id": "koreawargod", "content": ": \u5b89\u5b89"}, {"type": 0, "id": "Krishna", "content": ": \u6211\u770b\u6027\u5225\uff0c\u5c0d\u5c0f\u5973\u751f\u624d\u6703\u7528\u758a\u5b57"}, {"type": -1, "id": "gvvg5566", "content": ": \u5e72\u4f60p44 \u6efe\u6efe"}, {"type": 1, "id": "EXGG", "content": ": \u4e94\u6a13\u597d\u597d\u5537"}, {"type": 1, "id": "hikaru77613", "content": ": \u6211\u9810\u7d04\u5c41\u773c\uff0c\u8acb\u544a\u77e5\u9810\u7d04\u865f\u78bc"}, {"type": 0, "id": "shotgun31239", "content": ": \u53ef\u611b\u611b"}, {"type": 1, "id": "poso0127no", "content": ": \u6a02\u8299\u559c\u6b61\u758a\u5b57\u5b57"}, {"type": 0, "id": "popy8789", "content": ": \u56b6\u56b6\u602a"}, {"type": 1, "id": "Azureloster", "content": ": \u5c0d\u5973\u670b\u53cb\u4e5f\u6703"}, {"type": 0, "id": "popy8789", "content": ": \u90a3\u500b\u53eb\u505a\u56b6\u56b6\u602a\u554a"}, {"type": 1, "id": "emperor", "content": ": \u5403\u96de..."}, {"type": 1, "id": "furnaceh", "content": ": \u5403\u9ce5\u9ce5"}, {"type": 1, "id": "PihiS3", "content": ": \u5c0f\u670b\u53cb\u4e0d\u77e5\u9053\u758a\u5b57\u5c0d\u5927\u4eba\u7684\u610f\u7fa9\u5427"}, {"type": 0, "id": "jasonpig", "content": ": \u5b9c\u5bb6\u5bb6\u5c45\u65b0\u5e97\u5e97"}], "post_ip": "101.137.222.141", "post_content": "\n\u5e73\u5e38\u5c0d\u8a71\uff1a\u5634\u5df4\u6e34\u55ce\uff0c\u4f86\u559d\u53e3\u6c34\n\u5c0d\u5c0f\u670b\u53cb\uff1a\u5634\u5df4\u6e34\u6e34\uff0c\u559d\u53e3\u6c34\u6c34\n\n\u5e73\u5e38\u5c0d\u8a71\uff1a\u904e\u4f86\u727d\u624b\n\u5c0d\u5c0f\u670b\u53cb\uff1a\u4f86\u727d\u727d\n\n\u5e73\u5e38\u5c0d\u8a71\uff1a\u7761\u89ba\u53bb\n\u5c0d\u5c0f\u670b\u53cb\uff1a\u7761\u89ba\u89ba\n\n\u70ba\u4ec0\u9ebc\u5927\u4eba\u5728\u9762\u5c0d\u5c0f\u670b\u53cb\u6642\uff0c\u7e3d\u611b\u7528\u758a\u5b57\n\u5c0f\u670b\u53cb\u5fc3\u88e1\u6703\u4e0d\u6703os\u4f60\u6709\u4e8b\u55ce\uff1f\n\n\n--\n\u6c6a\u6c6a\n\u4f60\u5c31\u662f\u4e94\u6a13\uff0c\u8981\u958b\u653e\u9810\u7d04\u5c08\u7dda\u55ce\n\u90a3\u5916\u570b\u4eba\u600e\u9ebc\u7528\u758a\u5b57\n\u4f60\u662f\u4e94\u6a13\uff0c\u6c92\u6709\u8fa6\u6cd5\n\u7537\u751f\u4e5f\u7528\u6703...\uff1f\n\u6c92\u8fa6\u6cd5\uff0c\u6211\u8033\u6735\u5e38\u807d\u5230\n\u6709\u4e8b\uff0c\u624d\u767c\u6587\n\u5225\u7fa8\u61555\u6a13\uff0c\u9084\u662f\u4f60\u4e5f\u8981\u958b\u653e\u9810\u7d04\n\u5f85\u4e94\u6a13\u56de\u8986\n\u597d\u4e45\u6c92\u807d\u5230\u4e86\n\u5973\u670b\u53cb\u6703\u89ba\u5f97\u4f60\u6709\u4e8b\u55ce\uff1f\n\u203b \u7de8\u8f2f: vitaminb12 (101.137.222.141 \u81fa\u7063), 07/25/2019 19:27:11\n\u203b \u7de8\u8f2f: vitaminb12 (101.137.222.141 \u81fa\u7063), 07/25/2019 19:35:52\n\u6240\u4ee5\u662f\u7d14\u7cb9\u662f\u5927\u4eba\u8981\u8ce3\u840c\uff1f\n\u9375\u76e4\u58de\u6389\uff1f\n\u203b \u7de8\u8f2f: vitaminb12 (101.137.222.141 \u81fa\u7063), 07/25/2019 19:39:50\n"}