{"ptt_id": "capsspac", "post_url": "https://www.ptt.cc/bbs/Gossiping/M.1566320676.A.AEB.html", "post_type": "\u65b0\u805e", "post_title": "\u6642\u529b\u9ee8\u9b41\u96e3\u7522\uff01\u4ee5\u6170\u7559\u90b1\u986f\u667a\u70ba\u7531 \u6797\u4eae\u541b", "post_time": "2019-08-21 01:04:31", "post_score": 6, "post_pushes": [{"type": 0, "id": "jojoStar", "content": ": \u9019\u9ee8\u662f\u4e0d\u662f\u8981\u4e0b\u6a94\u4e86??"}, {"type": 0, "id": "kimo6414", "content": ": \u5feb\u6ec5\u4e86\u5427"}, {"type": -1, "id": "awesomeSS66", "content": ":  \u6642\u529b\u4f60\u5011\u9019\u7fa4\u6e3e\u86cb\u6562\u5426\u6c7a\u6211\u8001\u5a46"}, {"type": 1, "id": "joumay", "content": ": \u6413\u8d77\u4f86!!! \u8981\u6f14\u54ea\u80fd\u6f14\u8f38DPP/KMT/TMD\u5566!!!"}, {"type": 0, "id": "zold", "content": ": \u5509"}, {"type": 0, "id": "nikewang", "content": ": \u6c7a\u7b56\u90a3\u7fa4\u5c31\u662f\u500b\u7b11\u8a71 \u8d95\u5feb\u6e96\u5099\u660e\u5e74\u627e\u65b0\u5de5"}, {"type": 0, "id": "nikewang", "content": ": \u4f5c\u5427"}, {"type": 0, "id": "nikewang", "content": ": \u6349\u5230\u4e86 \u6642\u529b\u4ec7\u5973\u9ee8\u4e3b\u5e2d"}, {"type": 0, "id": "ilanese", "content": ": \u6642\u529b\u5df2\u7d93\u88ab\u5c0f\u7da0\u6d3e\u96e2\u9593\u4e86\u3002"}, {"type": 1, "id": "barbarrossa", "content": ": \u5269\u4e00\u4e9b\u96dc\u9b5a\u5728\u73a9"}, {"type": 1, "id": "sobiNOva", "content": ": \u7b11\u6b7bXDDD"}, {"type": -1, "id": "Mr23", "content": ": \u6797\u662f\u8ab0\u7684\u4eba\uff1f\u524d\u8eab\u53c8\u662f\u54ea\u500b\u9ee8\u8b70\u54e1\u52a9\u7406\uff1f\u5475\u5475"}, {"type": 1, "id": "cttw19", "content": ": \u6c92\u6551\u4e86 \u88ab\u67ef\u7c89\u7d81\u67b6\u7684\u9ee8"}, {"type": 1, "id": "amos30627", "content": ": \u5c31\u6797\u4eae\u541b\u4e00\u500b\u4eba\u9078\u800c\u5df2"}, {"type": 0, "id": "amos30627", "content": ": \u9084\u80fd\u88ab\u5426\u6c7a \u9019\u9ee8\u4e3b\u5e2d\u662f\u7528\u55ac\u7684\u55ce"}, {"type": 0, "id": "threebig", "content": ": \u9019\u9ebc\u5c0f\u9084\u53ef\u4ee5\u5167\u4e82 \u7b11\u6b7b\u4eba"}, {"type": 1, "id": "cttw19", "content": ": \u53cd\u6b63\u6709\u5730\u4e0b\u4e3b\u5e2d\u4e86  \u5927\u6982\u6c92\u5dee"}, {"type": 0, "id": "cttw19", "content": ": \u795d\u570b\u904b\u660c\u9686"}, {"type": -1, "id": "sbflight", "content": ": \u4e0d\u53ef\u80fd\u8b93\u6797\u4eae\u541b\u9818\u5c0e\u7684 \u9664\u975e\u60f3\u6ec5\u9ee8"}, {"type": 1, "id": "LaplaceDemon", "content": ": \u5df2\u7d93\u6ec5\u9ee8\u4e86\u5427"}, {"type": 0, "id": "generic", "content": ": \u6c7a\u7b56\u59d4\u54e1\u662f\u60f3\u8df3\u8239\u4e86\u5427"}, {"type": -1, "id": "alfonso12", "content": ": \u9ec3\u6dd1\u82ac\u9019\u7a2e\u62ff\u9999\u8ddf\u62dc\u7684\u6295\u6a5f\u653f\u5ba2\uff0c\u9084\u662f"}, {"type": 0, "id": "alfonso12", "content": ": \u76e1\u65e9\u6536\u4e00\u6536"}, {"type": 1, "id": "tran628", "content": ": \u6ce1\u6cab\u529b\u91cf\u54c8\u54c8"}, {"type": 1, "id": "JuanWang", "content": ": \u6642\u529b\u65e2\u7136\u4e0d\u9858\u610f\u8ddfdpp\u5408\u4f5c \u5e79\u561b\u6170\u7559\u8ddf"}, {"type": 0, "id": "JuanWang", "content": ": dpp\u8ac7\u597d\u5408\u4f5c\u7684\u90b1\u986f\u667a\uff1f"}, {"type": 0, "id": "JuanWang", "content": ": \u4e3b\u6230\u6d3e\u6709\u64d4\u7576\u4e00\u9ede\u8df3\u4e0b\u4f86\u625b\u9ee8\u4e3b\u5e2d\u5566"}, {"type": -1, "id": "rickylin", "content": ": \u6709\u5730\u4e0b\u9ee8\u4e3b\u5e2d\u9078\u4e5f\u6c92\u610f\u601d...\u8d95\u5feb\u812b\u9ee8\u5427"}, {"type": 0, "id": "EthanWake", "content": ": \u4e0d\u77e5\u9053\u5728\u6f14\u54ea\u9f63"}, {"type": 0, "id": "KJC1004", "content": ": \u5984\u60f3\u52a0\u5165DPP\u88ab\u653e\u9ce5 \u7b11\u6b7b"}, {"type": 1, "id": "jay56", "content": ": \u4eae\u541bQQ"}, {"type": 1, "id": "geesegeese", "content": ": \u8981\u9078\u4e0a\u5c31\u7576\u5c0f\u7da0\uff0c\u4e0d\u7136\u5c31\u4e0d\u8981\u9078\u4e86"}, {"type": 0, "id": "geesegeese", "content": ": \u9ec3\u570b\u660c\u5c31\u662f\u500b\u4f8b\u5b50"}, {"type": 0, "id": "geesegeese", "content": ": \u554f\u984c\u662f\u9000\u9ee8\u4e5f\u9078\u4e0d\u4e0a\uff0c\u54c8\u54c8"}, {"type": 1, "id": "XDDDpupu5566", "content": ": \u7c4c\u5b89\u6703XDDD \u9ec3\u59d4\u54e1\u9577\uff1f"}, {"type": 0, "id": "greedypeople", "content": ": \u8ddfDPP\u5c0d\u8ac7?  484\u60f3\u7576\u5c0f\u7da0\u554a"}, {"type": 0, "id": "greedypeople", "content": ": \u5c0f\u5fc3\u570b\u660c\u5927\u795e\u53c87PUPU\u8aaa\u8981\u9000\u9ee8\u5594"}, {"type": -1, "id": "mirac1e", "content": ": \u9084\u6170\u7559\u5594 \u6211\u9084\u4ee5\u70ba\u662f\u570b\u6c11\u9ee8\u90a3\u4e00\u5957"}, {"type": -1, "id": "Moratti", "content": ": \u53cd\u5c0d\u4eae\u541b\u7684\u4eba\u5e79\u561b\u4e0d\u81ea\u63a8\u4e00\u500b\u4eba\u51fa\u4f86\u627f\u64d4"}, {"type": 0, "id": "Moratti", "content": ":  \u8eb2\u5728\u80cc\u5f8c \u53c8\u8981\u5176\u4ed6\u4eba\u8ca0\u8cac\u80cc\u934b \u4e1f\u81c9"}, {"type": -1, "id": "Moratti", "content": ": \u610f\u898b\u9019\u9ebc\u591a \u9000\u5e2d\u676f\u845b \u5c31\u81ea\u5df1\u51fa\u4f86\u9078\u554a \u771f"}, {"type": 0, "id": "Moratti", "content": ": \u662f\u5783\u573e\u8eb2\u5728\u80cc\u5f8c"}, {"type": 1, "id": "dmhorizon", "content": ": \u90b1\u986f\u667a\u5c31\u662f\u6700\u5fb7\u9ad8\u671b\u91cd\u7684\u4eba\u554a \u9078\u4e0d\u51fa\u4f86"}, {"type": 0, "id": "dmhorizon", "content": ": \u6b63\u5e38"}, {"type": 0, "id": "bkebke", "content": ": \u53ef\u7b11\u7684\u6c11\u4e3b \u4e0d\u60f3\u8b93\u4eba\u7576\u9078\u5c31\u6d3e\u4eba\u9078\u624d\u5c0d"}, {"type": 0, "id": "bkebke", "content": ": \u600e\u9ebc\u6703\u7981\u6b62\u5225\u4eba\u9078"}, {"type": -1, "id": "lastpost", "content": ": \u6797\u5c31\u9000\u5718\u4eba\u7684\u7279\u52a9 \u96e3\u602a\u4e0d\u7d66\u4e0a \u53c8\u500b\u6728\u99ac"}, {"type": 1, "id": "TWkiller", "content": ": \u7c4c\u5b89\u6703\u4e0d\u6d3e\u4eba\u9078\u53c8\u4e0d\u8b93\u4eba\u9078\uff0c\u96e3\u602a\u6703\u6ec5\u9ee8"}, {"type": 0, "id": "slex", "content": ": \u5805\u6301\u6170\u7559\u5230\u9078\u5b8c\uff0c\u5927\u5bb6\u5c31\u539f\u5730\u62cd\u624b\u5f8c\u89e3\u6563\u5427~"}, {"type": 1, "id": "weiprincess", "content": ": \u6709\u4eba\u8981\u9078\u600e\u9ebc\u8b8a\u96e3\u7522XD"}, {"type": -1, "id": "EasyIsBeauty", "content": ": \u771f\u53ef\u7b11\u963f\uff0c\u70ba\u4e00\u7167\u898f\u5247\u8d70\u7684\u88ab\u7576\u767d\u75f4"}, {"type": 1, "id": "lili300", "content": ": \u4e0d\u60f3\u4eba\u5bb6\u4e0a\u5c31\u51fa\u4f86\u9078\u554aXDDDD\u6c92\u4eba\u6562\u51fa\u4f86\u7136"}, {"type": 0, "id": "lili300", "content": ": \u5f8c\u5728\u90a3\u908a\u8aaa\u51fa\u4f86\u7684\u662f\u8ab0\u8ab0\u8ab0\u7684\u4eba\u662f\u600e\u6a23\uff1f\u6c23"}, {"type": 0, "id": "lili300", "content": ": \u9b44\u9084\u4e0d\u5982\u4e00\u500b\u5973\u5b69\u5b50\u55ce\uff1f"}], "post_ip": "140.112.4.190", "post_content": "\n\n1.\u5a92\u9ad4\u4f86\u6e90:\n\u203b \u4f8b\u5982\u860b\u679c\u65e5\u5831\u3001\u81ea\u7531\u6642\u5831\uff08\u8acb\u53c3\u8003\u7248\u898f\u4e0b\u65b9\u7684\u6838\u51c6\u5a92\u9ad4\u540d\u55ae\uff09\n\n\u65b0\u982d\u6bbc\n\n2.\u8a18\u8005\u7f72\u540d\n\u203b \u6c92\u6709\u5728\u9019\u6253\u4e0a\u8a18\u8005\u7f72\u540d\u7684\u65b0\u805e\u6703\u88ab\u6c34\u687614\u5929 \u7de8\u8f2f\u975e\u8a18\u8005\n\u203b \u5916\u96fb\u81f3\u5c11\u8981\u6709\u4f86\u6e90\u6216\u7de8\u8f2f \u5982:\u6cd5\u65b0\u793e\n\n\u9673\u4f69\u541b \u53f0\u5317\u5e02\u5831\u5c0e\n\n\n3.\u5b8c\u6574\u65b0\u805e\u6a19\u984c:\n\u203b \u6a19\u984c\u6c92\u6709\u5b8c\u6574\u5beb\u51fa\u4f86 ---> \u4f9d\u7167\u677f\u898f\u522a\u9664\u6587\u7ae0\n\n\n\u6642\u529b\u9ee8\u9b41\u96e3\u7522\uff01\u4ee5\u6170\u7559\u90b1\u986f\u667a\u70ba\u7531 \u6797\u4eae\u541b\u53c3\u9078\u88ab\u591a\u6578\u5426\u6c7a\n\n\n4.\u5b8c\u6574\u65b0\u805e\u5167\u6587:\n\u203b \u793e\u8ad6\u7279\u7a3f\u90fd\u4e0d\u80fd\u8cbc\uff01\u9055\u8005\u522a\u9664\uff08\u653f\u6cbb\u985e\u6c34\u68763\u500b\u6708)\uff0c\u8cbc\u5ee3\u544a\u4e5f\u6703\u88ab\u522a\u9664\u5594\uff01\u53ef\u8a73\u770b\u7248\u898f\n\n\u6642\u4ee3\u529b\u91cf\u524d\u4e3b\u5e2d\u90b1\u986f\u667a\u65e5\u524d\u8fad\u53bb\u4e3b\u5e2d\u4e00\u8077\uff0c\u6642\u529b\u6c7a\u7b56\u6703\u8b70\u539f\u5b9a\u8a0e\u8ad6\u9ee8\u4e3b\u5e2d\u6539\u9078\u7b49\u76f8\u95dc\u4e8b\u5b9c\n\uff0c\u4f46\u591a\u6578\u59d4\u54e1\u8a8d\u70ba\u61c9\u6301\u7e8c\u6170\u7559\u90b1\u986f\u667a\uff0c\u56e0\u6b64\u4eca\u5929(20\u65e5)\u7121\u6cd5\u9078\u51fa\u9ee8\u4e3b\u5e2d\uff0c\u552f\u4e00\u767b\u8a18\u53c3\u9078\u9ee8\n\u4e3b\u5e2d\u7684\u6c7a\u7b56\u59d4\u54e1\u6797\u4eae\u541b\u6703\u5f8c\u5411\u6c7a\u7b56\u59d4\u54e1\u547c\u7c72\uff0c\u61c9\u76e1\u901f\u8655\u7406\u9ee8\u4e3b\u5e2d\u4e00\u6848\uff0c\u624d\u80fd\u9762\u81e82020\u5927\u9078\n\uff0c\u6642\u529b\u767c\u8a00\u4eba\u9673\u5fd7\u660e\u5247\u8aaa\uff0c\u4e0b\u5468\u4e8c\u53ef\u80fd\u7e7c\u7e8c\u91dd\u5c0d\u9ee8\u4e3b\u5e2d\u6539\u9078\u4e00\u4e8b\u9032\u884c\u8a0e\u8ad6\u3002\n\n\u90b1\u986f\u667a\u65e5\u524d\u9583\u8fad\u5f8c\uff0c\u9ee8\u4e3b\u5e2d\u9677\u5165\u96e3\u7522\u968e\u6bb5\uff0c\u6c7a\u7b56\u6703\u8b70\u4eca\u5929\u8a0e\u8ad6\u6539\u9078\u9ee8\u4e3b\u5e2d\u76f8\u95dc\u4e8b\u9805\uff0c\u64da\u6089\n\uff0c\u4eca\u5929\u5171\u670913\u540d\u6c7a\u7b56\u59d4\u54e1\u53c3\u8207\u6703\u8b70\uff0c\u73fe\u58348\u4eba\u3001\u7dda\u4e0a\u958b\u67035\u4eba\uff0c\u90b1\u986f\u667a\u4e26\u672a\u53c3\u52a0\u6703\u8b70\uff0c\u800c\u7acb\n\u59d4\u5f90\u6c38\u660e\u5247\u662f\u4ee5\u7dda\u4e0a\u958b\u6703\u65b9\u5f0f\u9032\u884c\u8a0e\u8ad6\u3002\u6797\u4eae\u541b\u5728\u6703\u4e2d\u767c\u8868\u53c3\u9078\u653f\u898b\uff0c\u7d93\u8868\u6c7a\u5f8c\uff0c\u90e8\u5206\u59d4\n\u54e1\u8a8d\u70ba\u6170\u7559\u90b1\u986f\u667a\u9084\u5728\u9032\u884c\uff0c\u6539\u9078\u9ee8\u4e3b\u5e2d\u4e00\u4e8b\u61c9\u8a72\u518d\u7de9\u7de9\uff0c\u56e0\u6b64\u6295\u4e0b\u4e0d\u540c\u610f\u7968\uff0c\u5e0c\u671b\u7d66\u6642\n\u9593\u8b93\u4ed6\u5011\u6170\u7559\u90b1\u986f\u667a\uff1b\u6700\u5f8c\u540c\u610f\u7968\u672a\u9054\u8207\u6703\u4eba\u657813\u4eba\u7684\u904e\u534a\u9580\u6abb\u3002\n\n\u64da\u8f49\u8ff0\uff0c\u539f\u672c\u8b70\u984c\u5f9e\u540c\u610f\u3001\u4e0d\u540c\u610f\u8b93\u6797\u4eae\u541b\u64d4\u4efb\u9ee8\u4e3b\u5e2d\uff0c\u537b\u7a81\u7136\u8f49\u70ba\u7e7c\u7e8c\u6170\u7559\u90b1\u986f\u667a\u4e00\u4e8b\n\uff0c\u5f15\u8d77\u90e8\u5206\u59d4\u54e1\u4e0d\u6eff\uff0c\u8cea\u7591\u6b64\u7a0b\u5e8f\u554f\u984c\uff0c\u4f46\u4e5f\u6709\u59d4\u54e1\u4ee5\u6170\u7559\u90b1\u986f\u667a\u70ba\u7531\uff0c\u4e0d\u540c\u610f\u6797\u51fa\u4efb\u9ee8\n\u4e3b\u5e2d\uff0c\u96d9\u65b9\u5728\u653b\u9632\u4e0a\u6709\u4e9b\u6fc0\u70c8\u3002\n\n\u6797\u4eae\u541b\u4e8b\u5f8c\u53d7\u8a2a\u6642\u8868\u793a\uff0c\u9ee8\u4e3b\u5e2d\u6539\u9078\u5728\u4e0a\u661f\u671f\u4e94\u7531\u79d8\u66f8\u9577\u767c\u51fa\u767b\u8a18\u53c3\u9078\u7a0b\u5e8f\uff0c\u9ee8\u4e3b\u5e2d\u767b\u8a18\n\u622a\u6b62\u65e5\u70ba8\u670818\u65e5\uff0c\u5728\u90a3\u4e4b\u524d\u5979\u5df2\u628a\u76f8\u95dc\u7a0b\u5e8f\u5bc4\u51fa\uff0c\u53ea\u6709\u5979\u4e00\u4eba\u767b\u8a18\u53c3\u9078\uff0c\u7d93\u904e\u7a0d\u65e9\u591a\u65b9\n\u8a0e\u8ad6\u5f8c\u9084\u662f\u7121\u6cd5\u9054\u6210\u5171\u8b58\uff0c\u53c8\u56e0\u70ba\u59d4\u54e1\u4e0d\u65b7\u9000\u5e2d\uff0c\u6700\u5f8c\u57282\u664242\u5206\u6642\u5ba3\u5e03\u672a\u9054\u958b\u6703\u4eba\u6578\u6d41\n\u6703\uff1b\u5979\u5411\u59d4\u54e1\u547c\u7c72\uff0c\u9ee8\u4e3b\u5e2d\u6539\u9078\u4e0d\u8a72\u518d\u62d6\u4e0b\u53bb\uff0c\u5979\u6c7a\u5b9a\u53c3\u9078\u662f\u770b\u5230\u652f\u6301\u8005\u7684\u7126\u616e\u3001\u6182\u5fc3\uff0c\n\u6642\u529b\u5f9e8\u6708\u4ee5\u4f86\u6240\u767c\u751f\u7684\u52d5\u76ea\u90fd\u8b93\u652f\u6301\u8005\u3001\u9ee8\u516c\u8077\u975e\u5e38\u6182\u5fc3\uff0c\u300c\u6211\u5011\u4e0d\u80fd\u8655\u5728\u771f\u7a7a\u72c0\u614b\u300d\n\u3002\n\n\u6797\u4eae\u541b\u8aaa\uff0c\u5c31\u9ee8\u5167\u6539\u9769\uff0c\u9019\u5e7e\u5929\u767c\u6587\u4e2d\u4e5f\u8b1b\u5f88\u6e05\u695a\uff0c\u5927\u5bb6\u7684\u8ac7\u8a71\u3001\u5fc3\u8072\u90fd\u8a72\u5728\u6c7a\u7b56\u6703\u4e0a\u3001\n\u5167\u90e8\u9032\u884c\u8a0e\u8ad6\u6e9d\u901a\uff0c\u5e0c\u671b\u6642\u4ee3\u529b\u91cf\u4e0d\u8981\u505c\u4e0b\u8173\u6b65\uff0c\u6642\u529b\u8981\u7e7c\u7e8c\u5f80\u524d\uff0c\u624d\u80fd\u9762\u81e82020\u5927\u9078\uff0c\n\u6240\u6709\u6c7a\u7b56\u59d4\u54e1\u6709\u7fa9\u52d9\u625b\u8d77\u6642\u529b\u9019\u584a\u62db\u724c\uff0c\u300c\u5e0c\u671b\u6c7a\u7b56\u59d4\u54e1\u5c31\u9ee8\u4e3b\u5e2d\u6539\u9078\u4e00\u6848\u4e0d\u8981\u518d\u64f1\u7f6e\uff0c\n\u7e7c\u7e8c\u548c\u6642\u529b\u524d\u9032\u300d\u3002\n\n\u6642\u4ee3\u529b\u91cf\u767c\u8a00\u4eba\u9673\u5fd7\u660e\u8868\u793a\uff0c\u958b\u6703\u6295\u7968\u6642\u53ea\u6709\u6797\u4eae\u541b\u4e00\u4eba\u8868\u9054\u53c3\u9078\u610f\u9858\uff0c\u4e0d\u904e\u6700\u5f8c\u6295\u7968\u7d50\n\u679c\u4e26\u672a\u9054\u9580\u6abb\uff0c\u90e8\u5206\u59d4\u54e1\u8a8d\u70ba\u73fe\u968e\u6bb5\u61c9\u4ee5\u6170\u7559\u90b1\u986f\u667a\u70ba\u4e3b\uff0c\u56e0\u6b64\u6295\u4e0b\u4e0d\u540c\u610f\u7968\uff0c\u4f7f\u5f97\u4eca\u5929\n\u7121\u6cd5\u9806\u5229\u9078\u51fa\u9ee8\u4e3b\u5e2d\u3002\n\n\n\u9673\u5fd7\u660e\u8aaa\uff0c\u81f3\u4eca\u9084\u6c92\u6709\u9ee8\u4e3b\u5e2d\u78ba\u5be6\u6703\u9020\u6210\u9ee8\u5167\u4e0d\u4fbf\uff0c\u4e5f\u5e0c\u671b\u76e1\u901f\u5b8c\u6210\u6b64\u4e8b\uff0c\u4e0d\u904e\u591a\u6578\u59d4\u54e1\n\u4f9d\u820a\u5e0c\u671b\u80fd\u6170\u7559\u90b1\uff0c\u81ea\u90b1\u5ba3\u5e03\u8acb\u8fad\u5f8c\uff0c\u9ee8\u5167\u4e00\u76f4\u9032\u884c\u6170\u7559\uff0c\u90e8\u5206\u59d4\u54e1\u4e5f\u8868\u9054\u5f37\u70c8\u6170\u7559\u7684\u614b\n\u5ea6\uff1b\u81f3\u65bc\u6170\u7559\u90b1\u662f\u5426\u6703\u6709\u6642\u9593\u8868\uff0c\u4f55\u6642\u518d\u8a0e\u8ad6\u6539\u9078\u65b0\u4efb\u9ee8\u4e3b\u5e2d\uff1f\u9673\u8aaa\uff0c\u6700\u5f8c\u59d4\u54e1\u9678\u7e8c\u96e2\u5e2d\n\uff0c\u7121\u6cd5\u9054\u6210\u958b\u6703\u4eba\u6578\uff0c\u96d6\u7136\u7121\u6cd5\u5207\u78ba\u6642\u9593\uff0c\u4f46\u5f88\u6709\u53ef\u80fd\u662f\u4e0b\u79ae\u62dc\u4e8c\u3002\n\n\u8207\u6c11\u9032\u9ee8\u5c0d\u8ac7\u90e8\u5206\uff0c\u9673\u63d0\u53ca\uff0c\u76ee\u524d\u6642\u529b\u6c92\u6709\u4e00\u500b\u5927\u5bb6\u9577\u9032\u884c\u6703\u8ac7\uff0c\u5e0c\u671b\u80fd\u76e1\u901f\u80fd\u89e3\u6c7a\u6b64\u4e8b\n\uff0c\u8b93\u6703\u8ac7\u7e7c\u7e8c\u9032\u884c\u3002\n\n\n\n5.\u5b8c\u6574\u65b0\u805e\u9023\u7d50 (\u6216\u77ed\u7db2\u5740):\n\u203b \u7576\u65b0\u805e\u9023\u7d50\u904e\u9577\u6642\uff0c\u9700\u63d0\u4f9b\u77ed\u7db2\u5740\u65b9\u4fbf\u7db2\u53cb\u9ede\u64ca\n\nhttps://newtalk.tw/news/view/2019-08-20/288280\n\n\n6.\u5099\u8a3b:\n\n\n\u6170\u7559XD \u771f\u6562\u8b1b\u5462\u9019\u4e9b\u4eba\n\n\u6211\u90fd\u4e0d\u77e5\u9053\u90b1\u986f\u667a\u6709\u88ab\u9019\u9ebc\u5c0a\u91cd\u904e\u5462\n\n--\n\u203b \u7de8\u8f2f: capsspac (140.112.4.190 \u81fa\u7063), 08/21/2019 01:06:53\n\u5c31\u6c92\u4eba\u8981\u51fa\u4f86\u7576\u5766\u554a \u771f\u7684\u53ef\u64a5\n\u203b \u7de8\u8f2f: capsspac (140.112.4.190 \u81fa\u7063), 08/21/2019 01:13:50\n\u6211\u540c\u610f \u6240\u4ee5\u547c\u7c72\u5404\u4f4d\u7c4c\u5b89\u6703\u5011 \u5feb\u53bb\u8dea\u8acb\u570b\u660c\u5fa9\u884c\u8996\u4e8b\u5427\n\u203b \u7de8\u8f2f: capsspac (140.112.4.190 \u81fa\u7063), 08/21/2019 01:19:01\n"}