{"ptt_id": "poeta", "post_url": "https://www.ptt.cc/bbs/Gossiping/M.1570361786.A.550.html", "post_type": "\u554f\u5366", "post_title": "\u559c\u6b61\u5728\u7fa4\u7d44\u88e1\u9762\u8f49\u767c\u65b0\u805e\u7684\u4eba \u662f\u4e0d\u662f\u6bd2\u7624", "post_time": "2019-10-06 19:36:23", "post_score": 0, "post_pushes": [{"type": -1, "id": "corlos", "content": ": \u809b\u4ed6"}, {"type": 0, "id": "hitsukix", "content": ": \u4f60\u53ef\u4ee5\u50b3A\u7247\u9023\u7d50\u56de\u53bb"}, {"type": 0, "id": "popy8789", "content": ": \u5047\u65b0\u805e\u7684\u8d77\u6e90"}, {"type": 0, "id": "gamania0515", "content": ": \u50cf\u4e00\u6a13\u4e00\u6a23\u53ef\u6190"}, {"type": 0, "id": "gamania0515", "content": ": \u6539\u516d\u6a13"}, {"type": 0, "id": "higameboy", "content": ": \u4f60\u8cbc\u52d5\u6f2b\u756a\u65b0\u805e \u76f4\u63a5\u81ed\u6b7b\u7fa4\u7d44"}, {"type": -1, "id": "kinghtt", "content": ": \u771f\u6b63\u6bd2\u7624\u662f\u5225\u4eba\u5728\u7fa4\u7d44\u79c1\u804a\u7684\u5167\u5bb9\u62ff\u4f86\u516c\u5be9"}, {"type": 1, "id": "kcclasaki", "content": ": \u554f\u4e03\u6a13\u90a3\u7a2e\u5783\u573e"}, {"type": 0, "id": "kcclasaki", "content": ": \u6539\u5341\u6a13"}, {"type": 1, "id": "takunei", "content": ": \u9019\u7a2e\u6211\u4e00\u5f8b\u7ffb\u7fa4"}, {"type": 0, "id": "gamania0515", "content": ": \u652f\u6301\u544a\u516b\u6a13"}, {"type": 1, "id": "STi2011", "content": ": \u90fd\u8003\u4e0a\u4e86 \u8ab0\u8ddf\u4f60\u50b3\u8003\u53e4\u984c"}, {"type": 0, "id": "popy8789", "content": ": \u9020\u8b20\u4e00\u6642\u723d \u4e00\u76f4\u9020\u8b20\u4e00\u76f4\u723d"}, {"type": 0, "id": "kinghtt", "content": ": \u516b\u6a13\u7b49\u8457\u6536\u767c\u7968"}, {"type": -1, "id": "lakefox", "content": ": \u6c92\u7a2e\u9000\u7fa4\u5c31\u6309\u975c\u97f3\u554a= ="}, {"type": 1, "id": "Gain5566", "content": ": \u9ee8\u5a92\u5c31\u5169\u500b\u984f\u8272\uff0c\u771f\u7684\u5f88\u5641\u5fc3"}, {"type": 0, "id": "XZXie", "content": ": \u9577\u8f29\u5716\u624d\u662f"}, {"type": 1, "id": "kcclasaki", "content": ": \u5e79 \u6211\u9084\u56de\u53bb\u627e\u4e03\u6a13\u662f\u8ab0 \u7d50\u679c\u662f\u767c\u7968"}, {"type": 0, "id": "kcclasaki", "content": ": \u767c\u7968\u4f60\u7559\u8457\u5c31\u597d\u5566 \u795d\u60a8\u4e2d\u5927\u734e\uff1a\uff09"}, {"type": -1, "id": "aaice", "content": ": \u4e0d\u6562\u9000\u5c31\u76f4\u63a5\u628a\u4ed6\u8e22\u6389\u963f"}, {"type": 0, "id": "DreamYeh", "content": ": 4 \u4e26\u4e14\u88ab\u8e22\u7206\u5f8c\u9084\u53ef\u4ee5\u8981\u5c0d\u65b9\u5225\u592a\u654f\u611fXD"}, {"type": -1, "id": "silentocean", "content": ": \u7576\u7e3d\u7d71\u7684\u9084\u5e36\u98a8\u5411\u6bd4\u8f03\u60e1\u52a3\u5594"}], "post_ip": "111.252.8.163", "post_content": "\n\u4e4b\u524d\u52a0\u5165\u4e00\u500b\u5b78\u9577\u5275\u7684\uff1a\u8003\u7814\u7a76\u6240\u4e92\u76f8\u52a0\u6cb9\u7fa4\u7d44\n\n\u8aaa\u4ec0\u9ebc\u6703\u5b9a\u671f\u767c\u8003\u53e4\u984c\u548c\u89e3\u984c\n\n\u7d50\u679c\u6839\u672c\u5c41\uff01\u5b78\u9577\u6c92\u4e8b\u50b3\u4e00\u4e9b\u4ec0\u9ebc\u9999\u6e2f\u65b0\u805e\u3001\u4e2d\u79cb\u7bc0\u5feb\u6a02\u90a3\u4e9b\n\n\u8ddf\u7814\u7a76\u6240\u534a\u9ede\u6bdb\u90fd\u6c92\u95dc\u4fc2\uff0c\u60f3\u9000\u7fa4\u53c8\u6015\u88ab\u8cbc\u6a19\u7c64\n\n\u600e\u9ebc\u8fa6\n\n--\n"}