{"ptt_id": "Lucky0105", "post_url": "https://www.ptt.cc/bbs/Gossiping/M.1569155225.A.3C8.html", "post_type": "\u554f\u5366", "post_title": "\u4e2d\u8996\u6211\u731c\u7684\u963f\u54aa\u8001\u5e2b \u53bb\u54ea\u88e1\u4e86\uff1f", "post_time": "2019-09-22 20:27:01", "post_score": -1, "post_pushes": [{"type": 0, "id": "lchun123", "content": ": \u6a13\u4e0b\u6b63\u5728\u8907\u7fd2\u7121\u78bc\u7684"}, {"type": 0, "id": "kumori", "content": ":                    EMP007"}, {"type": 0, "id": "peter0825", "content": ": \u7d9c\u85dd\u5927\u71b1\u9580"}, {"type": 0, "id": "hareluyac", "content": ": \u4e0d\u662f\u4e00\u500b\u63a7\u5236\u8c93\u53eb\u5e7e\u8072\u7684\u5973\u4eba\u55ce?"}, {"type": -1, "id": "ak904", "content": ": \u9084\u5728\u770b\u65fa\u4e2d\u53f0\uff1f"}], "post_ip": "39.10.104.233", "post_content": "\n\n\u4e2d\u8996 \u6211\u731c\u6211\u731c\u6211\u731c\u731c\u731c\n\n\u7684\u9375\u76e4\u624b \u963f\u54aa\u8001\u5e2b\n\n\n\u80fd\u7acb\u523b\u9078\u64c7\u61c9\u666f\u7684\u97f3\u8272\n\n\u5f48\u51fa\u61c9\u666f\u7684\u97f3\u6a02\n\n\u80fd\u8ddf\u4e0a\u5433\u5b97\u61b2\u601d\u8003\u7684\u795e\u4eba \u963f\u54aa\u8001\u5e2b\n\n\u73fe\u5728\u53bb\u54ea\u88e1\u4e86\uff1f\n\n\n-----\nSent from JPTT on my iPhone\n\n--\n"}