{"ptt_id": "ga86041", "post_url": "https://www.ptt.cc/bbs/Gossiping/M.1563037526.A.13F.html", "post_type": "\u65b0\u805e", "post_title": "\u5de8\u578b\u300c\u9b3c\u8760\u9b5f\u300d\u4e3b\u52d5\u6e38\u8fd1 \u6f5b\u6c34\u5ba2\u4ed4\u7d30\u4e00\u77a7", "post_time": "2019-07-14 01:05:19", "post_score": 135, "post_pushes": [{"type": 0, "id": "j022015", "content": ": QQ \u4eba\u985e\u771f\u7684\u5f88\u53ef\u60e1"}, {"type": 1, "id": "q1q1q1q1321", "content": ": \u6158\u4e86\uff0c\u4ee5\u5f8c\u8981\u7981\u9b5a\u9264\u4e86"}, {"type": 0, "id": "medama", "content": ": \u7981\u7528\u9b5a\u52fe"}, {"type": 1, "id": "ilovenacy", "content": ": \u8b9a"}, {"type": 0, "id": "kinomon", "content": ": \u597d\u50cf\u6f8e\u6e56\u4e4b\u524d\u88ab\u6bba\u6b7b\u7684\u90a3\u96bb\u5c31\u662f\u9b3c\u8760\u9b5f?"}, {"type": 0, "id": "justice2008", "content": ": \u597d\u5403\u55ce?"}, {"type": 1, "id": "wuyiulin", "content": ": \u9019\u7a2e\u9b5a\u8d85\u53ef\u611b\u7684"}, {"type": 1, "id": "forhorde5566", "content": ": \u731b\u7684\u662f\u52d5\u7269\u9032\u5316\u5230\u77e5\u9053\u627e\u4eba\u985e\u6c42\u6551"}, {"type": 0, "id": "hyuchi0202", "content": ": \u9019\u500b\u771f\u7684\u8d85\u5927\u96bb"}, {"type": 0, "id": "hyuchi0202", "content": ": \u8ddf\u9be8\u9bca\u4e00\u6a23\u5927"}, {"type": 0, "id": "sunkiss5566", "content": ": \u7a81\u7136\u60f3\u5230\u79c0\u9017\u6cf0\u5c71\u963f\u9054"}, {"type": 1, "id": "jack168168tw", "content": ": \u9019\u7a2e\u662f\u4e0d\u662f\u5f88\u6eab\u99b4\u963f"}, {"type": 1, "id": "ldstar", "content": ": \u7cd6\u918b\u9b5f\u9b5a\u5f88\u597d\u5403"}, {"type": 1, "id": "j147589", "content": ": \u4e0d\u662f\u554a \u50b7\u53e3\u6c92\u8655\u7406\u9084\u4e0d\u662f\u6703\u611f\u67d3"}, {"type": 1, "id": "qazsedcft", "content": ": \u597d\u6f02\u4eae"}, {"type": 1, "id": "devilkool", "content": ": \u592a\u53ef\u60e1\u4e86\uff0c\u61c9\u8a72\u7981\u7528\u9b5a\u9264"}, {"type": 1, "id": "lescafe", "content": ": \u73cd\u60dc\u6240\u6709\u751f\u547d"}, {"type": 1, "id": "LuchouLin", "content": ": \u4ee5\u5f8c\u91e3\u9b5a\u8981\u7981\u7528\u9b5a\u9264\u4e86"}, {"type": 1, "id": "leo841102", "content": ": \u9c77\u9b5a\u5148\u751f\u4e0d\u5c31\u88ab\u9019\u8ca8\u5f04\u6b7b\u7684\uff1f"}, {"type": 1, "id": "WLR", "content": ": \u6d77\u751f\u9928\u6709\u990a\u9019\u73a9\u610f\u5152\uff0c\u771f\u7684\u5927\u96bb"}, {"type": 1, "id": "dorydoze", "content": ": \u8070\u660e\u7684\u9b5a"}, {"type": 1, "id": "kinomon", "content": ": \u4e0d\u662f \u9b3c\u8760\u9b5f\u6c92\u6709\u6bd2\u523a"}, {"type": 1, "id": "stu25936", "content": ": \u4e4b\u524d\u53f0\u7063\u662f\u4e0d\u662f\u6709\u628a\u9019\u7a2e\u6355\u4f86\u8ce3..."}, {"type": 1, "id": "mvpdirk712", "content": ": \u9c77\u9b5a\u5148\u751f\u4e0d\u662f\u88ab\u9b54\u9b3c\u9b5f\u523a\u6b7b\u7684"}, {"type": 0, "id": "mvpdirk712", "content": ": \u6253\u932f\uff0c\u9b3c\u8760\u9b5f"}, {"type": 1, "id": "princetamaki", "content": ": \u597d\u53ef\u6190qwq"}, {"type": 1, "id": "hatephubbing", "content": ": \u6eab\u99a8"}, {"type": 1, "id": "ts05593818", "content": ": \u4e0d\u93fd\u92fc\u9b5a\u52fe \u7d19\u9b5a\u52fe"}, {"type": 1, "id": "DDJwolf", "content": ": \u50b7\u5bb3\u4ed6\u7684\u4e5f\u662f\u4eba\u985e"}, {"type": 1, "id": "Everforest", "content": ": \u5728\u53f0\u7063\u6703\u6293\u4f86\u958b\u50f9\u4e00\u5343\u842c \u8981\u52d5\u4fdd\u8cb7"}, {"type": 1, "id": "iam0718", "content": ": \u53ef\u6190"}, {"type": 1, "id": "waa006", "content": ": \u611f\u52d5"}, {"type": 1, "id": "oncemore", "content": ": \u6293\u5bf6(?)"}, {"type": 1, "id": "now99", "content": ": \u74b0\u4fdd\u7f72\u7acb\u5373\u7981\u7528\u9b5a\u9264"}, {"type": 1, "id": "Tim1018", "content": ": \u60f3\u5230\u6f8e\u6e56\u90a3\u96bb\u5c31\u89ba\u5f97\u5fc3\u5bd2 =("}, {"type": 1, "id": "KennethC", "content": ": \u53ec\u559arrr~"}, {"type": 1, "id": "Fino5566", "content": ": \u525b\u597d\u5728\u62cd\u651d\u5de5\u4f5c \u6f14\u54e1\u662f\u4e0d\u662f"}, {"type": 0, "id": "Fino5566", "content": ": \u633a\u6eab\u99a8\u5012\u662f\u771f\u7684"}, {"type": 1, "id": "hodj", "content": ": \u53cd\u89c0\u6f8e\u6e56\u6f01\u6c11"}, {"type": 1, "id": "Diablue", "content": ": \u6eab\u99a8"}, {"type": 1, "id": "tw2000", "content": ": http://i.imgur.com/6UfaKRJ.jpg"}, {"type": 1, "id": "acolam", "content": ": \u4eba\u592a\u53ef\u60e1\u4e86"}, {"type": 1, "id": "justty32", "content": ": \u6d6a\u6f2b"}, {"type": 1, "id": "lauver", "content": ": \u63a8"}, {"type": 1, "id": "enthpzd", "content": ": \u9019\u7a2e\u6c92\u5c3e\u523a\u7684"}, {"type": 1, "id": "lavign", "content": ": \u773e\u751f\u6709\u60c5"}, {"type": 1, "id": "YALEMY", "content": ": \u597d\u53ef\u611b"}, {"type": 1, "id": "tom50512", "content": ": \u5766\u5e15\u7063\u9b54\u9b3c\u9b5a\u7684\u4e5f\u662f\u9019\u96bb\uff1f"}, {"type": 1, "id": "mealoop", "content": ": \u6eab\u99a8"}, {"type": 1, "id": "NCTUFAIWEN", "content": ": \u53ef\u611b=="}, {"type": 1, "id": "asuka99", "content": ": \u597d\u53b2\u5bb3"}, {"type": 1, "id": "nrxadsl", "content": ": \u5728\u53f0\u7063\u5c31\u88ab\u6f5b\u6c34\u5ba2\u6bba\u4e86"}, {"type": -1, "id": "mirac1e", "content": ": \u9019\u5c31\u662f\u9b54\u9b3c\u9b5a"}, {"type": 1, "id": "whalesay", "content": ": \u53ef\u611b"}, {"type": 1, "id": "gin10791", "content": ": \u9084\u597d\u6709\u627e\u5c0d\u4eba"}, {"type": 1, "id": "Ken99523", "content": ": \u7981\u6b62\u9b5a\u9264"}, {"type": 1, "id": "fk6418", "content": ": \u597d\u53ef\u611b"}, {"type": 1, "id": "dogreen", "content": ": \u5f88\u96e3\u904e"}, {"type": 1, "id": "tin989", "content": ": \u5357\u7121\u963f\u5f4c\u9640\u4f5b"}, {"type": 0, "id": "igtenos1985", "content": ": \u9c77\u9b5a\u5148\u751f"}, {"type": 1, "id": "bigbee407", "content": ": \u597d\u53ef\u611b\uff0c\u611f\u8b1d\u90a3\u500b\u4eba"}, {"type": 1, "id": "mpyhacct0443", "content": ": \u9019\u9b5a\u667a\u5546\u771f\u9ad8"}, {"type": 1, "id": "XXXXSOW", "content": ": \u6d77\u6d0b\u751f\u7269\u771f\u7684\u4ed6\u5abd\u5f88\u611b\u628a\u6771\u897f\u63d2\u9032\u9f3b\u5b54\u88e1"}, {"type": 0, "id": "tom50512", "content": ": https://i.imgur.com/OI4cnqG.jpg"}, {"type": 1, "id": "s51007john", "content": ": \u4e0d\u662f\u9264\u5230\u6d77\u9f9c \u61c9\u8a72\u9084\u4e0d\u6703\u7981"}, {"type": 1, "id": "edwardtp", "content": ": \u5982\u679c\u662f\u6709\u523a\u7684\u90a3\u7a2e.\u61c9\u8a72\u6839\u672c\u4e0d\u6562\u5e6b\u5fd9"}, {"type": 1, "id": "SiaSi", "content": ": \u9b5f\u9b5f\u53ef\u611b"}, {"type": 1, "id": "bruce2248", "content": ": \u6c92\u6bd2\u523a\u6c92\u653b\u64ca\u6027 \u88ab\u4eba\u6feb\u6355\u5df2\u5217\u4fdd\u80b2\u985e"}, {"type": 1, "id": "aero6688", "content": ": \u8b1d\u8b1d\u5a01\u723e\u9813\uff01"}, {"type": 1, "id": "iceroy", "content": ": \u5728\u53f0\u7063\uff0c\u65e9\u5c31\u6b7b\u4e86"}, {"type": 1, "id": "reaturn", "content": ": \u6f8e\u6e56\u6f01\u6c11\uff0c\u4ed6\u81ea\u5df2\u8981\u6e38\u9032\u7db2\u5b50"}, {"type": 1, "id": "fewhy", "content": ": \u5728\u53f0\u7063\u5c31\u88ab\u6293\u8d77\u4f86\u4e86 \u554a\u4e0d\u5c0d \u6839\u672c\u6d3b\u4e0d\u523030"}, {"type": 1, "id": "stw0975", "content": ": \u6eab\u99a8"}, {"type": 1, "id": "cartoonss", "content": ": QQ"}, {"type": 0, "id": "JoeyChen", "content": ": \u9019\u667a\u5546\u591a\u9ad8\u554a"}, {"type": 1, "id": "help1268", "content": ": \u6709\u5920\u5927\u96bb"}, {"type": 1, "id": "PF30", "content": ": \u4e4b\u524d\u5728\u6f01\u6e2f\u770b\u5230\u6709\u4eba\u6bba\u9019\u500b....QQ"}, {"type": 1, "id": "benjelly", "content": ": \u53cd\u89c0\u6d77\u7522\u6587\u5316  \u53f0\u7063"}, {"type": 1, "id": "tokyoto", "content": ": \u597d\u6eab\u99a8"}, {"type": 1, "id": "lhsieh", "content": ": \u4eba\u985e\u667a\u5546\u9ad8\u7684\u4e5f\u662f\u666e\u904d\u6eab\u548c\u4e9b"}, {"type": 1, "id": "mjferrari", "content": ": \u6d77\u7dbf\u5bf6\u5bf6\u88e1\u9762\u7684\u9b54\u9b3c\u9b5f\u4eba"}, {"type": 1, "id": "vagus", "content": ": \u88ab\u5404\u7a2e\u9b5a\u5177\u7e8f\u4f4f\u53d7\u50b7\u6b7b\u6389\u7684\u52d5\u7269\u591a\u5230\u4e0d\u884c \u7981"}, {"type": 0, "id": "vagus", "content": ": \u5f97\u4e86\u6700\u597d\u5566"}, {"type": 1, "id": "dearevan", "content": ": \u6211\u5728\u5580\u723e\u5df4\u9621\u5c71\u770b\u904e\u4e00\u500b\u7528\u5927\u9670\u5507\u5728\u7a7a\u4e2d"}, {"type": 0, "id": "dearevan", "content": ": \u6ed1\u7fd4\u7684\u5973\u4eba \u597d\u7f8e"}, {"type": 0, "id": "dearevan", "content": ": \u7576\u5730\u4eba\u7a31\u5979\u505a\u5361\u54c4\uff0c\u610f\u601d\u662f\u6d88\u5931\u5728\u5929\u969b\u7684"}, {"type": 0, "id": "dearevan", "content": ": \u9b5f\u9b5a"}, {"type": 1, "id": "winnielin28", "content": ": \u597d\u7f8e\uff0c\u597d\u611b\u9b5f\u9b5a"}, {"type": 0, "id": "dormice", "content": ": \u53ef\u611b\u7684\u5b69\u5b50"}, {"type": -1, "id": "lzyamos99032", "content": ": \u53ed\u53ed \u7981\u7528\u9b5a\u52fe"}, {"type": 1, "id": "hxsherry", "content": ": \u63a8\u6587\u6d77\u8c79\u90a3\u5f35\u662f\u600e\u9ebc\u4e86\u554a"}, {"type": 1, "id": "DimlyLit", "content": ": \u884c\u653f\u9662 \u6210\u7acb\u8fa6\u516c\u5ba4 \u8209\u8fa6\u5fb5\u6587\u6bd4\u8cfd"}, {"type": -1, "id": "maxwu2012", "content": ": \u53cd\u89c0\u6f8e\u6e56\u6f01\u6c11"}, {"type": 1, "id": "Woodstock1", "content": ": \u62cd\u96fb\u5f71\u4e86"}, {"type": 0, "id": "Freeven", "content": ": \u597d\u96aa\u6c92\u6709\u7528\u5c3e\u5df4\u7529\u4ed6"}, {"type": 1, "id": "yannicklatte", "content": ": QQ"}, {"type": 1, "id": "P5566", "content": ": \u8981\u662f\u5728\u53f0\u7063\u5c31....\u88ab\u5403\u4e86"}, {"type": 1, "id": "leyincat", "content": ": \u597d\u68d2\u68d2\uff01\uff01"}, {"type": 1, "id": "ganlinlowmo", "content": ": \u671d\u9bae\u6f01\u6c11\u90fd\u662f\u8ce4\u7a2e"}, {"type": 1, "id": "lolovero", "content": ": \u597d\u6f02\u4eae"}, {"type": 1, "id": "RLH", "content": ": \u795e\u5947 \u592a\u597d\u4e86"}, {"type": 1, "id": "regeirk", "content": ": \u3002"}, {"type": 1, "id": "settledown", "content": ": \u96a8\u559c\u8b9a\u6b4e"}, {"type": 1, "id": "chathamcat", "content": ": \u96a8\u559c\u529f\u5fb7\uff0c\u963f\u5f4c\u9640\u4f5b"}, {"type": 1, "id": "jack41402", "content": ": \u611f\u89ba3r\u6703\u4ecb\u7d39"}, {"type": 1, "id": "grimmd59570", "content": ": \u597d\u53ef\u611b\uff5e"}, {"type": 0, "id": "Nravir", "content": ": \u539f\u4f86\u662f\u6fb3\u6d32\u963f..\u5982\u679c4\u53f0\u7063..."}, {"type": 1, "id": "attpp", "content": ": \u9084\u662f\u90a3\u6642\u8a18\u8005\u4e82\u5831\u8aaa\u662f\u9b3c\u8760\u9b5f\uff1f"}, {"type": 1, "id": "ab200538", "content": ": \u5176\u5be6\u52d5\u7269\u90fd\u5f88\u6709\u9748\u6027"}, {"type": 1, "id": "tom50512", "content": ": https://disp.cc/b/163-b0FC \u7d6691F"}, {"type": 1, "id": "eudamonia4u", "content": ": \u5357\u7121\u963f\u5f4c\u9640\u4f5b"}, {"type": 1, "id": "loveapple33", "content": ": \u53f0\u7063\u5783\u573e\u6f01\u6c11\u8d85\u611b\u6293\u7684"}, {"type": 1, "id": "yu800910", "content": ": \u5e78\u597d\u4e0d\u662f\u5728\u53f0\u7063"}, {"type": 1, "id": "a1l12", "content": ": \u6709\u8acb\u6df1\u6d77\u738b\u4f86\u8b1b\u6545\u4e8b\u5566"}, {"type": 0, "id": "TrueX67", "content": ": \u6eab\u99a8"}, {"type": 1, "id": "furano", "content": ": \u597d\u6709\u611b\uff01"}, {"type": 1, "id": "m4tl6", "content": ": \u6eab\u99a8"}, {"type": 1, "id": "MattOwl", "content": ": \u63a8"}, {"type": 0, "id": "tending", "content": ": \u4ee5\u5f8c\u53ea\u80fd\u96fb\u9b5a\u6216\u6bd2\u9b5a"}, {"type": 1, "id": "monar", "content": ": \u8a72\u7981\u7528\u91d1\u5c6c\u9b5a\u9264 \u6539\u7528\u7d19\u9b5a\u9264\u4e86"}, {"type": 1, "id": "callme76", "content": ": \u54ed\u4e86"}, {"type": 1, "id": "aph860212", "content": ": \u9ebc\u597d\u6c23\u7684\u5c24\u5176\u662f\u5728\u6c11\u9032\u9ee82018\u5927\u6557\u5f8c\u624d\u52a0"}, {"type": 0, "id": "aph860212", "content": ": \u5165\u7684"}, {"type": 1, "id": "k800425", "content": ": \u597d\u611f\u52d5\u7684\u6545\u4e8b"}, {"type": 1, "id": "newper", "content": ": \u6eab\u99a8"}, {"type": 1, "id": "lkkpal", "content": ": \u597d\u611bManta Ray"}, {"type": 1, "id": "DeaGoo", "content": ": \u597d\u53ef\u611b"}, {"type": 1, "id": "UniversalGod", "content": ": \u4eba\u985e\u5c11\u4e1f\u5783\u573e~~~"}, {"type": 1, "id": "scyang31010", "content": ": \u9b3c\u5e45\u9b5f\u53ef\u611b"}, {"type": 1, "id": "truela", "content": ": \u63a8"}, {"type": 1, "id": "omdf0120", "content": ": \u4ed6\u7684\u6c23\u597d\u9577\uff01"}, {"type": 1, "id": "brian751204", "content": ": \u9047\u5230\u53f0\u7063\u6f01\u6c11\u76f4\u63a5\u6b7b\u8def\u4e00\u689d"}, {"type": 1, "id": "MasCat", "content": ": \u4eba\u985e\u592a\u53ef\u60e1.jpg"}, {"type": 1, "id": "iamsosorry", "content": ": \u9084\u597d\u4e0d\u662f\u9047\u5230\u53f0\u7063\u4eba"}, {"type": 1, "id": "IkariD", "content": ": \u6709\u7684\u52d5\u7269\u771f\u7684\u7dca\u6025\u4e86\u4e5f\u662f\u6703\u53bb\u627e\u4eba\u985e\u5e6b\u5fd9"}, {"type": 1, "id": "MermaidFA", "content": ": \u6eab\u99a8"}, {"type": 1, "id": "ssd860505da", "content": ": \u87f9\u8001\u95c6:\u9b54\u52fe\u53ef\u662f\u5f88\u5371\u96aa\u7684"}, {"type": 0, "id": "ssd860505da", "content": ": \u6d3e\u5927\u661f:\u5b89\u5566\uff0c\u4e00\u9ede\u90fd\u4e0d\u5371\u96aa"}, {"type": 0, "id": "offstage", "content": ": \u7f8e\u5967\u5c08\u5bb6\uff1a\u4e0d\u61c2\u5f97\u6015\u4eba\u7684\u91ce\u751f\u52d5\u7269\u90fd\u8981\u5b89"}, {"type": 0, "id": "offstage", "content": ": \u6a02\u6b7b\uff01"}, {"type": 1, "id": "min0922", "content": ": \u597dQ"}, {"type": 1, "id": "Archi0325", "content": ": \u70ba\u4ec0\u9ebc\u6709\u4eba\u6703\u89ba\u5f97\u9b5a\u4e0d\u61c2\u6c42\u6551@@"}, {"type": 0, "id": "GodMuii", "content": ": \u53ef\u60dc\u4e0d\u662f\u5438\u7ba1"}, {"type": 1, "id": "taotiehs", "content": ": \u70ba\u4e86\u9b5f\u9b5a \u6211\u5ba3\u5e03\u4ee5\u5f8c\u901a\u901a\u74b0\u4fdd\u9b5a\u9264"}, {"type": 1, "id": "aa0968", "content": ": \u63a8\u89e3\u52fe\u4eba \u53e6\u5916\u91e3\u9b5a\u4eba\u4e5d\u6210\u90fd\u5783\u573e"}, {"type": 0, "id": "aa0968", "content": ": \u53cd\u89c0\u4e4b\u524d\u9032\u5230\u96d9\u5fc3\u77f3\u6eec\u7684\u9b5a\u7fa4\u4e0b\u5834..."}, {"type": 1, "id": "paz1117", "content": ": \u611f\u8b1d\u4ed6"}, {"type": 1, "id": "apolloapollo", "content": ": \u6eff\u5047\u7684"}, {"type": 1, "id": "jojo87", "content": ": \u9c77\u9b5a\u5148\u751f\u5c31\u662f\u6b7b\u5728\u9b5f\u9b5a \u8ab0\u6703\u53bb\u5206\u7a2e\u985eQQ"}, {"type": 1, "id": "IFeelSoAlive", "content": ": \u53ef\u611b"}, {"type": 1, "id": "ChrisHeat", "content": ": \u6bd4\u97d3\u7c89\u667a\u5546\u9084\u8981\u9ad8\uff01"}, {"type": 1, "id": "ppink2415", "content": ": \u5e25"}, {"type": 1, "id": "mrlinwng", "content": ": \u7167\u7247\u597d\u7f8e\u3002\u53cd\u89c0"}, {"type": 1, "id": "timke", "content": ": \u4e4b\u524d\u4e5f\u6709\u8001\u864e\u7259\u75db\u8dd1\u53bb\u627e\u4eba\u985e\u7684"}, {"type": 1, "id": "f697a512", "content": ": \u53ef\u9054\u4e09\u516c\u5678\u7684\u9b5f\u9b5a\u2026"}, {"type": 1, "id": "yuiweq1999", "content": ": \u597d\u5927\u96bb\u5594!"}, {"type": 1, "id": "Blunt", "content": ": \u53ec\u559a\u87f9\u8001\u95c6"}, {"type": 1, "id": "qwejoezxc33", "content": ": So \u8981\u4e0d\u8981\u7981\u7528\u9b5a\u9264\u4e86 \u5ee2\u7269"}, {"type": 1, "id": "a29831603", "content": ": \u8d85\u6709\u9748\u6027"}, {"type": 1, "id": "martinshih", "content": ": \u597d\u8070\u660e\u5594!!!"}, {"type": 1, "id": "grueena", "content": ": \u9b5a\u8eab\u4e0a\u7684\u6d77\u6d0b\u83cc\u985e\u597d\u50cf\u53ef\u4ee5\u81ea\u52d5\u6d88\u6bd2\u4e4b\u985e"}, {"type": 0, "id": "grueena", "content": ": \u7684(????"}, {"type": 1, "id": "henry200323", "content": ": \u4eba\u985e\u592a\u53ef\u60e1"}, {"type": 1, "id": "abbag", "content": ": QQ"}, {"type": 1, "id": "w6523520", "content": ": \u6f5b\u6c34\u4eba\u53ef\u4ee5\u4e00\u8f29\u5b50\u62ff\u4f86\u8aaa\u5634\u7684\u6545\u4e8b\u554a\uff01\uff01"}, {"type": 1, "id": "bom10306", "content": ": \u89ba\u5f97\u611f\u4eba \u74b0\u5883\u7684\u7834\u58de\u53ca\u7dad\u8b77 \u4eba\u985e\u8981\u89ba\u9192"}, {"type": 1, "id": "JaguarViva", "content": ": \u5f9e\u63a8\u6587\u770b\u4f86\u9178\u6c11\u771f\u662f\u7121\u6240\u4e0d\u9178\u90fd\u4e0d\u6703\u53cd"}, {"type": 0, "id": "JaguarViva", "content": ": \u7701\u554a"}, {"type": 1, "id": "TarikBlack", "content": ": \u53ef\u60b2"}, {"type": 1, "id": "ULSHAN", "content": ": \u597d\u7f8e\u7684\u751f\u7269"}, {"type": 0, "id": "qaz12453", "content": ": \u6fb3\u6d32\u5594 \u53f0\u7063\u7684\u8a71\u76f4\u63a5\u8b8a\u83dc\u991a \u665a\u9910\u52a0\u83dc\u4e86"}], "post_ip": "1.169.106.196", "post_content": "\n1.\u5a92\u9ad4\u4f86\u6e90:\n\u203b \u4f8b\u5982\u860b\u679c\u65e5\u5831\u3001\u81ea\u7531\u6642\u5831\uff08\u8acb\u53c3\u8003\u7248\u898f\u4e0b\u65b9\u7684\u6838\u51c6\u5a92\u9ad4\u540d\u55ae\uff09\n\u4e09\u7acb\u65b0\u805e\u7db2\n\n2.\u8a18\u8005\u7f72\u540d\n\u203b \u6c92\u6709\u5728\u9019\u6253\u4e0a\u8a18\u8005\u7f72\u540d\u7684\u65b0\u805e\u6703\u88ab\u7248\u4e3b\u522a\u9664\u5594\n\u570b\u969b\u4e2d\u5fc3\uff0f\u7d9c\u5408\u5831\u5c0e\uff08\u7de8\u8f2f\uff1a\u5468\u7fbf\u5f63\uff09\n\n3.\u5b8c\u6574\u65b0\u805e\u6a19\u984c:\n\u203b \u6a19\u984c\u6c92\u6709\u5b8c\u6574\u5beb\u51fa\u4f86 ---> \u4f9d\u7167\u677f\u898f\u522a\u9664\u6587\u7ae0\n\u5de8\u578b\u300c\u9b3c\u8760\u9b5f\u300d\u4e3b\u52d5\u6e38\u8fd1\u2026\u6f5b\u6c34\u5ba2\u4ed4\u7d30\u4e00\u77a7\uff1a\u7260\u5728\u6c42\u6551\uff01\n\n4.\u5b8c\u6574\u65b0\u805e\u5167\u6587:\n\u203b \u793e\u8ad6\u7279\u7a3f\u90fd\u4e0d\u80fd\u8cbc\uff01\u9055\u8005\u522a\u9664\uff08\u653f\u6cbb\u985e\u6c34\u68763\u500b\u6708)\uff0c\u8cbc\u5ee3\u544a\u4e5f\u6703\u88ab\u522a\u9664\u5594\uff01\n\n\n\u6fb3\u6d32\u4e00\u540d\u6f5b\u6c34\u5c0e\u904a\u5a01\u723e\u9813\uff08Jake Wilton\uff09\u6b77\u7d93\u4e86\u4e00\u5834\u6d77\u4e2d\u5947\u9047\uff0c\u4ed6\u7576\u6642\u6b63\u5728\u8ddf\u5718\u968a\u9032\u884c\n\u6d77\u4e2d\u62cd\u651d\u5de5\u4f5c\uff0c\u6c92\u60f3\u5230\u537b\u6709\u4e00\u96bb\u5de8\u5927\u7684\u9b3c\u8760\u9b5f\uff08Manta Ray\uff09\u4e3b\u52d5\u9760\u8fd1\u4e86\u9019\u7fa4\u4eba\u985e\uff0c\u539f\u672c\n\u9084\u4ee5\u70ba\u7260\u662f\u597d\u5947\u89aa\u4eba\uff0c\u4ed4\u7d30\u4e00\u77a7\u624d\u767c\u73fe\u7260\u7684\u773c\u775b\u90e8\u4f4d\u639b\u8457\u9b5a\u9264\uff0c\u8981\u662f\u6c92\u6709\u53ca\u6642\u53d6\u4e0b\u5f88\u53ef\u80fd\n\u9020\u6210\u611f\u67d3\uff0c\u5a01\u723e\u9813\u8cbb\u4e86\u4e00\u756a\u529f\u592b\u7d42\u65bc\u53d6\u4e0b\u9264\u5b50\uff0c\u6574\u6bb5\u756b\u9762\u5168\u88ab\u62cd\u4e86\u4e0b\u4f86\u3002\n\n\u9019\u8d77\u4e8b\u4ef6\u767c\u751f\u5728\u6fb3\u6d32\u5be7\u683c\u9b6f\u5cb8\u7901\uff08Ningaloo Bay\uff09\uff0c\u9019\u96bb\u5de8\u5927\u7684\u9b3c\u8760\u9b5f\u88ab\u53d6\u4e86\u500b\u7dbd\u865f\u300c\u96c0\n\u6591\u300d\uff08Freckles\uff09\uff0c\u4f30\u8a08\u7260\u5df2\u7d9330\u6b72\u4e86\uff0c\u5c55\u7ffc\u80fd\u591a\u90543\u516c\u5c3a\uff0c\u5728\u6b64\u8655\u7d93\u5e38\u80fd\u770b\u898b\u7260\u60a0\u904a\u7684\n\u8eab\u5f71\u3002\u9019\u4e00\u5929\uff0c\u6c34\u4e0b\u651d\u5f71\u5e2b\u8207\u6f5b\u6c34\u5c0e\u904a\u5a01\u723e\u9813\u6070\u597d\u5728\u9644\u8fd1\u9032\u884c\u6d77\u4e2d\u62cd\u651d\u5de5\u4f5c\uff0c\u6c92\u60f3\u5230\u9019\u6642\n\u9b3c\u8760\u9b5f\u7adf\u7136\u76f4\u63a5\u671d\u8457\u4ed6\u5011\u6e38\u4f86\uff0c\u9084\u6490\u958b\u4e86\u80f8\u9c2d\u5728\u56fa\u5b9a\u9ad8\u5ea6\u6e38\u52d5\uff0c\u4f3c\u4e4e\u662f\u60f3\u8b93\u773c\u524d\u7684\u4eba\u985e\u770b\n\u6e05\u695a\u7260\u7684\u300c\u56f0\u5883\u300d\uff0c\u5a01\u723e\u9813\u4e00\u958b\u59cb\u9084\u4ee5\u70ba\u7260\u662f\u597d\u5947\u89aa\u4eba\uff0c\u4ed4\u7d30\u4e00\u77a7\u624d\u767c\u73fe\u9b3c\u8760\u9b5f\u7684\u300c\u773c\u775b\n\u300d\u4e0a\u7adf\u7136\u639b\u8457\u4e00\u652f\u9b5a\u9264\uff0c\u8981\u662f\u4e0d\u53ca\u6642\u53d6\u4e0b\uff0c\u50b7\u53e3\u5f88\u53ef\u80fd\u5f15\u767c\u611f\u67d3\u3002\n\n\u5a01\u723e\u9813\u7acb\u523b\u9760\u8fd1\u8a66\u5716\u62d4\u4e0b\u9b5a\u9264\uff0c\u904e\u7a0b\u4e2d\u4ed6\u5341\u5e7e\u6b21\u4e0a\u53bb\u6d77\u9762\u63db\u6c23\uff0c\u800c\u9b3c\u8760\u9b5f\u4e5f\u5f88\u6709\u9748\u6027\u7684\u505c\n\u5728\u539f\u5730\u52d5\u4e5f\u4e0d\u52d5\uff0c\u4f3c\u4e4e\u5728\u7b49\u5f85\u4eba\u985e\u5e6b\u5fd9\uff0c\u6700\u5f8c\u5a01\u723e\u9813\u7d42\u65bc\u7528\u5de5\u5177\u5c07\u9b5a\u9264\u53d6\u4e0b\uff0c\u958b\u5fc3\u7684\u6d6e\u4e0a\n\u6c34\u9762\u9ad8\u8209\u9b5a\u9264\uff0c\u518d\u6b21\u4e0b\u6f5b\u6642\u9b3c\u8760\u9b5f\u7adf\u7136\u9084\u7559\u5728\u539f\u8655\uff0c\u76f4\u5230\u5a01\u723e\u9813\u5411\u7260\u9053\u5225\u5f8c\uff0c\u9b3c\u8760\u9b5f\u624d\u7d42\n\u65bc\u5c55\u958b\u5f77\u5f7f\u7fc5\u8180\u822c\u7684\u80f8\u9c2d\u8f49\u8eab\u6e38\u8d70\uff0c\u80fd\u770b\u898b\u7260\u7f8e\u9e97\u53c8\u5de8\u5927\u7684\u8eab\u5f71\u6162\u6162\u6e38\u9060\u3002\n\n\u9b3c\u8760\u9b5f\u7684\u4fd7\u540d\u70ba\u300c\u9b54\u9b3c\u9b5a\u300d\uff0c\u7ffc\u5c55\u53ef\u90549\u516c\u5c3a\u3001\u9ad4\u91cd\u90543\u516c\u5678\uff0c\u662f\u4e16\u754c\u4e0a\u6700\u5927\u7684\u9b5f\u9b5a\uff0c\u96d6\u7136\n\u548c\u523a\u9b5f\uff08Stingray\uff09\u662f\u89aa\u621a\uff0c\u537b\u6c92\u6709\u81f4\u547d\u6bd2\u523a\uff0c\u9b3c\u8760\u9b5f\u9ad4\u578b\u9f90\u5927\uff0c\u6355\u98df\u7684\u537b\u662f\u6d6e\u6e38\u52d5\u7269\u3001\n\u6a48\u8db3\u52d5\u7269\u548c\u7ce0\u8766\u7b49\uff0c\u6709\u7259\u9f52\u537b\u4e0d\u5480\u56bc\uff0c\u800c\u662f\u4f7f\u7528\u9c13\u8019\u6392\u6c34\u6ffe\u98df\uff0c\u518d\u52a0\u4e0a\u5176\u6027\u60c5\u6eab\u548c\u53c8\u71b1\u60c5\n\uff0c\u5e38\u56e0\u70ba\u597d\u5947\u800c\u9760\u8fd1\u6f5b\u6c34\u54e1\uff0c\u5c0d\u4eba\u985e\u5e7e\u4e4e\u6beb\u7121\u5a01\u8105\u6027\uff0c\u9b3c\u8760\u9b5f\u7684\u8166\u5bb9\u91cf\u662f\u9b5a\u985e\u4e2d\u6700\u9ad8\u7684\uff0c\n\u8fd1\u5e74\u4f86\u5f88\u591a\u79d1\u5b78\u5bb6\u8a8d\u70ba\u7260\u5011\u5177\u5099\u300c\u81ea\u6211\u610f\u8b58\u300d\uff0c\u80fd\u8fa8\u8a8d\u51fa\u93e1\u5b50\u4e2d\u7684\u81ea\u5df1\u3002\n\n\u5716\uff1a\nhttps://imgur.com/Z3eb5Di\nhttps://imgur.com/SEpTuGx\nhttps://imgur.com/sT1F63R\nhttps://imgur.com/3FD5ZSu\nhttps://imgur.com/MHTbr3e\n\n\n\u5f71\u97f3\uff1ahttps://youtu.be/sp1MT7j7mw4\n\n5.\u5b8c\u6574\u65b0\u805e\u9023\u7d50 (\u6216\u77ed\u7db2\u5740):\n\u203b \u7576\u65b0\u805e\u9023\u7d50\u904e\u9577\u6642\uff0c\u9700\u63d0\u4f9b\u77ed\u7db2\u5740\u65b9\u4fbf\u7db2\u53cb\u9ede\u64ca\nhttps://reurl.cc/9Kzmd\n\n6.\u5099\u8a3b:\n\u203b \u4e00\u500b\u4eba\u4e00\u5929\u53ea\u80fd\u5f35\u8cbc\u4e00\u5247\u65b0\u805e\uff0c\u88ab\u522a\u6216\u81ea\u522a\u4e5f\u7b97\u984d\u5ea6\u5167\uff0c\u8d85\u8cbc\u8005\u6c34\u6876\uff0c\u8acb\u6ce8\u610f\n\n--\n"}