{"ptt_id": "liang1006", "post_url": "https://www.ptt.cc/bbs/Gossiping/M.1562391310.A.36B.html", "post_type": "\u554f\u5366", "post_title": "\u9ad8\u96c4\u89c0\u5149\u4ee3\u8a00\u4eba\u63db\u8ab0\u4e86\uff1f", "post_time": "2019-07-06 13:35:08", "post_score": 23, "post_pushes": [{"type": 1, "id": "ipadmini6", "content": ": \u4e94\u6a13\u77e5\u9053"}, {"type": 1, "id": "gvvg5566", "content": ": \u4e94\u6a13"}, {"type": 1, "id": "ECZEMA", "content": ": \u97d3\u570b\u5c0f\u91ce\u99ac \u6ceb\u96c5"}, {"type": 1, "id": "tsubasa6405", "content": ": \u4e94\u6a13"}, {"type": 1, "id": "chenming867", "content": ": \u5e36\u708e\uff1f"}, {"type": 1, "id": "s72005ming", "content": ": \u97d3\u51b0?"}, {"type": 1, "id": "LoveMakeLove", "content": ": \u92fc\u9435\u97d3\u7c89 \u54c7\u51cd\u62b9\u689d\u5566\u6c23\u6c23\u6c23\u6c23"}, {"type": 1, "id": "CHANYII", "content": ": \u53f2\u5974\u6bd4"}, {"type": 1, "id": "pita30", "content": ": \u9019\u500b\u6708\u662f\u6797\u7950\u5609"}, {"type": 0, "id": "charmingpink", "content": ": \u554a\u53f2\u52aa\u6bd4\u5462"}, {"type": 0, "id": "Nolan5566", "content": ": \u4e03\u6708\u53f2\u52aa\u6bd4\u554a"}, {"type": 0, "id": "darkholy", "content": ": \u92fc\u9435\u97d3\u7c89\u554a\uff0177777777777\uff01"}, {"type": 0, "id": "Fongin", "content": ": https://youtu.be/D7b_QzIaO0o"}, {"type": 1, "id": "monkeydieboy", "content": ": \u767d\u842c\u6d28\u5b78\u5802:\u8acb\u572810\u79d2\u5167\u56de\u7b54\u9ad8\u96c4\u5e02\u81ea"}, {"type": 0, "id": "monkeydieboy", "content": ": \u97d3\u570b\u745c\u4e0a\u4efb\u5f8c\u52307\u6708\u7684\u89c0\u5149\u4ee3\u8a00\u4eba"}, {"type": 1, "id": "LoveMakeLove", "content": ": https://i.imgur.com/mO4xIyq.jpg"}, {"type": 0, "id": "monitor", "content": ": \u4e03\u6708\u7576\u7136\u662f\u627e\u597d\u5144\u5f1f"}, {"type": 1, "id": "tui74101", "content": ": \u570b\u52d5"}, {"type": 0, "id": "ECZEMA", "content": ": \u4e03\u6708\u4e0d\u80fd\u627e\u4e03\u6708\u534a\u55ce? \u525b\u6a21\u4eff\u5b8c\u92fc\u9435\u97d3\u7c89\u6b38"}, {"type": -1, "id": "PttGod", "content": ": \u963f\u6a60"}, {"type": 1, "id": "chicken1315", "content": ": \u5433\u5b97\u61b2\u5427"}, {"type": 1, "id": "Okonkwo", "content": ": RDJ"}, {"type": 0, "id": "Okonkwo", "content": ": \u8acb\u5230RDJ\u6211\u5728\u516d\u5408\u591c\u5e02\u767c\u96de\u6392100\u4efd"}, {"type": 1, "id": "stlinman", "content": ": \u92fc\u9435\u97d3\u7c89\u554a\uff01\u6316\u51cd\u59b9\u689d~~~~~~77777777777"}, {"type": 1, "id": "funkD", "content": ": \u6c38\u9060\u7684\u4ee3\u8a00\u4eba\u6f58\u4ed4"}, {"type": 0, "id": "MK250", "content": ": \u627e\u4e0d\u5230\u514d\u8cbb\u7684\uff0c\u90fd\u592a\u8caa\u8ca1\u4e86"}, {"type": -1, "id": "t7556281", "content": ": \u4e00\u5806\u667a\u969c\u97d3\u7c89\u514d\u8cbb\u4ee3\u8a00"}, {"type": -1, "id": "aa4655527", "content": ": \u53f2\u52aa\u6bd4\u5462"}, {"type": 1, "id": "sbumboy", "content": ": \u73fe\u5728\u662f\u8c6a\u83ef\u8fb2\u820d"}, {"type": 1, "id": "ShinRuei", "content": ": \u4e03\u6708\u8521\u963f\u560e\u554a"}, {"type": 1, "id": "mibbl0", "content": ": \u4e0d\u662f\u63db\u864e\u59ae\u4e86"}, {"type": 1, "id": "elbira", "content": ": \u5c0fs,\u524d\u5169\u5929\u6709\u4f86\u9ad8\u96c4\u73a9"}, {"type": 1, "id": "Top5566", "content": ": \u570b\u52d5"}, {"type": 1, "id": "Argyris", "content": ": \u92fc\u9435\u542b\u7c89"}, {"type": 1, "id": "Lorran", "content": ": Who cares"}, {"type": 1, "id": "Fongin", "content": ": \u92fc\u9435\u97d3\u7c89\uff0177777777777\uff01"}, {"type": 0, "id": "woods0598", "content": ": \u525b\u9435\u667a\u969c 777777"}, {"type": 1, "id": "tenoopy", "content": ": \u9ad8\u96c4\u5e02\u9577\u662f\u8ab0\u90fd\u4e0d\u77e5\u9053\u4e86 \u56e0\u70ba\u90fd\u6c92\u4f86\u4e0a\u73ed"}, {"type": 1, "id": "f953024", "content": ": \u7f85\u5927\u4f51"}, {"type": 0, "id": "ht9k86", "content": ": 777777"}, {"type": 0, "id": "pavacana", "content": ": \u9ad8\u96c4\u90fd\u6c92\u5e02\u9577\u4e86"}, {"type": 0, "id": "misu2718", "content": ": \u5149\u770b\u597d\u7b11\u7684\u89c0\u5149\u5c40\u9577\u5c31\u597d\u4e86"}], "post_ip": "114.40.156.205", "post_content": "\n\n\u5c0f\u5f1f\u6211\u9ad8\u96c4\u4eba\u5566\n\n\u5e74\u521d\u56e0\u70ba\u51b0\u51b0\u59d0\u63a5\u4e86\u4ee3\u8a00\u4eba\n\n\u8b93\u5168\u4e16\u754c\u66f4\u8a8d\u8b58\u9ad8\u96c4 \u6211\u4e5f\u662f\u5f88\u9ad8\u8208\u5566\n\n\u4f46\u73fe\u5728\u9ad8\u96c4\u7684\u4ee3\u8a00\u4eba\u63db\u8ab0\u4e86\uff1f\n\n\u600e\u9ebc\u597d\u50cf\u6c92\u4ec0\u9ebc\u6d88\u606f\u4e86\n\n\u6709\u639b\u55ce\uff1f\n\n\n\n-----\nSent from JPTT on my LGE LG-H870DS.\n\n--\n"}