{"ptt_id": "alex850613", "post_url": "https://www.ptt.cc/bbs/Gossiping/M.1563351038.A.240.html", "post_type": "\u554f\u5366", "post_title": "\u98b1\u98a8\u4f86\u4e86\u6c92?!", "post_time": "2019-07-17 16:10:29", "post_score": 6, "post_pushes": [{"type": 0, "id": "snow3804", "content": ": CNN:\u4e16\u7d00\u5f37\u98b1"}, {"type": 0, "id": "zold", "content": ": \u665a\u4e0a"}, {"type": 0, "id": "VVizZ", "content": ": \u4e94\u6a13\u7684\u5c41\u773c\u958b\u4e86\u55ce"}, {"type": 1, "id": "taso5566", "content": ": \u9632\u98b1\u8996\u540c\u4f5c\u6230"}, {"type": 1, "id": "leoqqqoel", "content": ": \u958b\u4e86"}, {"type": 0, "id": "taso5566", "content": ": \u53bb\u5e74\u90fd\u6c92\u6709\u98b1\u98a8"}, {"type": 1, "id": "sunkiss5566", "content": ": \u597d\u71b1\u8036\u73fe\u5728"}, {"type": -1, "id": "senma", "content": ": \u5df2\u7d93\u5730\u52d5\u5c71\u6416\u4e86\uff0c\u4f60\u5e73\u884c\u4e16\u754c\uff1f"}, {"type": -1, "id": "z5536987123", "content": ": \u5abd\u3109\u5feb\u71b1\u6b7b"}, {"type": 1, "id": "RodrigueZ810", "content": ": \u5831\u5f37\u4e00\u9ede \u9ad8\u96c4\u6df9\u6c34\u5c31\u975e\u6230\u4e4b\u7f6a\u4e86"}, {"type": 1, "id": "tetsu2008", "content": ": \u98b1\u98a8\u558a\u5728"}, {"type": 1, "id": "alwang", "content": ": \u5831\u731b\u4e00\u9ede \u9ad8\u96c4\u6c92\u6df9\u6c34\u5c31\u97d3\u745c\u653f\u7e3e"}, {"type": 1, "id": "kisweet999", "content": ": \u53bb\u5e74\u6c92\u4e00\u9846\u4fb5\u53f0\u7684, \u96fb\u8996\u53f0\u5fcd\u4e86\u5feb\u4e00\u5e74"}, {"type": 0, "id": "TWkiller", "content": ": \u8aaa\u771f\u7684\u5f88\u4e45\u6c92\u6709\u98b1\u98a8\u767b\u9678\u4e86\u5427"}, {"type": 0, "id": "kisweet999", "content": ": \u59b3\u5c31\u8b93\u4ed6\u5011 high \u4e00\u4e0b\u54a9"}, {"type": 0, "id": "TWkiller", "content": ": \u53bb\u5e74\u98b1\u98a8\u53f2\u4e0a\u524d\u5e7e\u591a\u9084\u6c92\u6709\u534a\u500b\u4e0a\u4f86"}, {"type": 0, "id": "pp0731", "content": ": \u4eca\u5e74\u6c23\u8c61\u6230\u958b\u6253"}, {"type": -1, "id": "pttenjk", "content": ": \u53bb\u5e74\u6709\u516b\u4e8c\u4e09\u300c\u6ce1\u6230\u300d \u5fd8\u4e86\u5594?"}, {"type": 1, "id": "observer0117", "content": ": \u56e0\u70ba\u6709\u4e00\u5169\u5e74\u90fd\u6c92\u98b1\u98a8\u4f86\u4e86..."}, {"type": 1, "id": "white1861", "content": ": \u5317\u8f49\u53bb\u65e5\u672c\u4e86"}], "post_ip": "223.136.194.185", "post_content": "\n\u5947\u602a\u4e86\uff0c\u9019\u53c8\u4e0d\u662f\u53f0\u7063\u7b2c\u4e00\u6b21\u6709\u98b1\u98a8\u4f86\n\n\u70ba\u4ec0\u9ebc\u5404\u5bb6\u65b0\u805e\u53f0\u5831\u5c0e\u98b1\u98a8\u597d\u50cf\u5728\u5831\u5c0e\u4e16\u754c\u672b\u65e5\u4f3c\u7684\n\n\u800c\u4e14\u6211\u8a18\u5f97\u5f37\u5ea6\u4e0d\u662f\u8aaa\u7b97\u662f\u8f15\u98b1\u55ce???\n\n\u5728\u53f0\u7063\u4e0d\u7f3a\u6c34\u7684\u6642\u5019\uff0c\u4f86\u98b1\u98a8\n\n\u662f\u4e0d\u662f\u5c0d\u6c34\u5eab\u4f86\u8aaa\u5f88\u6d6a\u8cbb...?\n\n\u9084\u662f\u8981\u5168\u90e8\u6d29\u6389\u554a...\u6211\u8981\u6d29\u4e86...\u554a...\n\n--\nhttps://imgur.com/l73pGHH\n\n\u514b\u5236\u4e0d\u4f4f\u7684\u617e\u671b\uff0c\u5c31\u6703\u88ab\u617e\u671b\u4e3b\u5bb0\u76f4\u5230\u81ea\u5df1\u4e00\u7121\u6240\u6709\u3002\n\n--\n"}