{"ptt_id": "DoraGmon", "post_url": "https://www.ptt.cc/bbs/Gossiping/M.1569065827.A.7DC.html", "post_type": "\u554f\u5366", "post_title": "\u8981\u600e\u9ebc\u548c\u91d1\u5eb8\u505a\u670b\u53cb?", "post_time": "2019-09-21 19:37:05", "post_score": 7, "post_pushes": [{"type": 1, "id": "snsdakb48", "content": ": \u6a13\u4e0b\u60f3\u8ddf\u611b\u6ecb\u731b\u7532\u5e79\u9ebb"}, {"type": 1, "id": "RodrigueZ810", "content": ": \u5148\u53c3\u52a0\u611b\u6ecb\u7532\u6bd2\u8db4 \u5920\u6158\u4ed6\u5c31\u5e6b"}, {"type": 1, "id": "lianpig5566", "content": ": \u760b\u72c2\u505a\u611b"}, {"type": 1, "id": "rrrrr123", "content": ": \u627e\u4ed6\u8981\u7c3d\u540d\u8ce3\u51fa\u53bb"}, {"type": 1, "id": "qwe00489", "content": ": \u4f60\u53ea\u662f\u60f3\u8ddf\u9322\u505a\u670b\u53cb\u5427"}, {"type": 0, "id": "somefatguy", "content": ": \u8ddf\u4ed6\u79df\u963f"}, {"type": -1, "id": "shevchen", "content": ": \u809b\u9580\u7dca\u4e00\u9ede"}, {"type": 1, "id": "generally", "content": ": \u5148\u8cbc\u7167\u7247"}, {"type": 1, "id": "gvvg5566", "content": ": \u5e6b\u4ed6\u5c41\u773c\u7834\u8655"}, {"type": 1, "id": "cht211", "content": ": \u4f60\u662f\u53ea\u6703\u8981\u9322\u7684\u90a6\u4ea4\u570b\uff1f"}, {"type": 1, "id": "garybawbaw", "content": ": \u809b\u7206\u4ed6"}, {"type": -1, "id": "boboSana", "content": ": \u62ff\u4e2d\u5ddd\u6bd4\uff1f\u4e2d\u5ddd\u6709\u76ee\u6a19\u591a\u4e86 \u9084\u5f9e\u57fa\u5c64\u505a\u8d77"}], "post_ip": "36.226.146.71", "post_content": "\n\u91d1\u5eb8\n\n\u5c31\u597d\u50cf\u4e2d\u5ddd\u572d\u4e00\n\n\u6709\u7121\u6578\u7684$$$$$$$$$$$$$$$$$$$$$$$$$$$$$$$$$$$$$$$$$$$$$$$$$$$$$$$$$$$$$$$$$$$$$$\n\n\u670b\u53cb\u6709\u96e3\u6703\u50cf\u963f\u5169\u4e00\u76f4\u8cc7\u52a9\u4ed6\n\n\u6240\u4ee5\n\n\u6709\u6c92\u6709\u8981\u600e\u9ebc\u548c\u91d1\u5eb8\u505a\u670b\u53cb\u7684\u516b\u5366?\n\n\n--\n"}