{"ptt_id": "Trebor", "post_url": "https://www.ptt.cc/bbs/Gossiping/M.1567222537.A.C88.html", "post_type": "\u554f\u5366", "post_title": "\u6709\u6c92\u6709\u5b85\u5361\u5566\u53c8\u4e2d\u80af\u53c8\u795e\u7684\u516b\u5366\uff1f", "post_time": "2019-08-31 11:35:35", "post_score": -4, "post_pushes": [{"type": -1, "id": "LianD", "content": ": \u9019\u5565 \u5ee3\u544a\u5230\u9019\u88e1\u4f86\u5566"}, {"type": -1, "id": "BONZO", "content": ": \u9019\u8ca8\u662f\u97d3\u7c89\uff0c\u3115"}, {"type": -1, "id": "hyperbrand00", "content": ": \u5783\u573e"}, {"type": 0, "id": "BONZO", "content": ": \u5c11\u5728\u90a3\u908a\u5047\u4e2d\u7acb\u5e36\u98a8\u5411"}, {"type": -1, "id": "easyfish", "content": ": \u8aaa\u4eba\u8a71"}, {"type": -1, "id": "tooeasy", "content": ": \u9078\u524d\u72c2\u9178DPP  \u9078\u5f8c\u97d3\u51fa\u5305\u4ed6\u90fd\u6c92\u542d\u4e00\u8072"}, {"type": -1, "id": "kps1247", "content": ": \u696d\u914d\u5931\u6557"}, {"type": 1, "id": "Hotaruinori", "content": ": \u63a8"}, {"type": 1, "id": "kris0922", "content": ": Dpp\u4e0d\u8a72\u9178\u55ce\u5475\u5475 \u7687\u4e0a\u505a\u7684\u90fd\u5c0d\u5c31\u662f"}, {"type": -1, "id": "lavender2214", "content": ": \u6709\u5275\u610f\u7684\u97d3\u7c89 \u9084\u662f\u97d3\u7c89"}, {"type": 1, "id": "formosanus", "content": ": \u5047\u4e2d\u7acb\u5566"}, {"type": 1, "id": "butten986", "content": ": \u8aaa\u97d3\u7c89\u7684\u662f\u4e0d\u662f\u6c92\u6709\u5f71\u7247\u5168\u770b\u5c31\u6234\u5e3d\u5b50XD"}, {"type": -1, "id": "BONZO", "content": ": butten986 \u4f60\u81ea\u5df1\u6c92\u641e\u6e05\u695a\u5225\u4e82\u6263\u5e3d\u554a"}, {"type": 0, "id": "BONZO", "content": ": https://i.imgur.com/jWkyUWy.png"}, {"type": 0, "id": "BONZO", "content": ": https://imgur.com/d3EZiHn.png"}], "post_ip": "159.117.68.120", "post_content": "\n\n\u5b85\u5361\u5566\u5927\u7206\u8521\u653f\u5e9c\u60e1\u884c\u4e4b\u5c0d\u7a7f\u8178\nhttps://youtu.be/qI97sqg8Rf4\n\n\u5b85\u5361\u5566\u5403\u4e86\u8aa0\u5be6\u8c46\u6c99\u5305\uff0c\u8aaa\u51fa\u4f86\u7684\u8a71\u6703\u6210\u70ba\u5047\u65b0\u805e\u88ab\u7f70200\u842c\u55ce\uff1f\nhttps://youtu.be/9TmARykz7LY\n\n\u5632\u8af7\u6280\u80fd\u6eff\u9ede \u914d\u97f3\u6beb\u7121\u9055\u548c\n\u6709\u6c92\u6709\u516b\u5366\uff1f\n-----\nSent from JPTT on my iPhone\n\n--\n"}