{"ptt_id": "BearLong", "post_url": "https://www.ptt.cc/bbs/Gossiping/M.1568825178.A.559.html", "post_type": "\u554f\u5366", "post_title": "\u5446\u8166\u7378\u5230\u5e95\u662f\u4e09\u5c0f\uff1f", "post_time": "2019-09-19 00:46:16", "post_score": 8, "post_pushes": [{"type": 1, "id": "talk5566", "content": ": \u6295\u7d66\u8521\u82f1\u6587\u7684\u90fd\u662f\u5446\u8166\u7378"}, {"type": 1, "id": "ralfeistein", "content": ": \u4ec0\u9ebc\u5716\u50cf\u5b78\u7fd2\u6cd5\u7684\u5ee3\u544a \u6709\u5920\u7169"}, {"type": 1, "id": "Sukanku", "content": ": \u4e94\u6a13\u5446\u8166\u7378"}, {"type": 1, "id": "princetamaki", "content": ": 733"}, {"type": -1, "id": "AtsuHiro", "content": ": \u4e94\u6a13\u5446\u7a74\u7378"}, {"type": 0, "id": "HamalAri", "content": ": dinosaur"}, {"type": 1, "id": "ewing", "content": ": \u6050\u9f8d"}, {"type": 0, "id": "un54188", "content": ": \u6d17\u624b\uff0c\u7ff9\u7ff9\u677f"}, {"type": 0, "id": "dxmax2001", "content": ": \u888b\u9f20\uff0c\u770b\u500b\u8def\uff5e"}, {"type": 0, "id": "cailoveyou", "content": ": \u5a46\u5a46\u7626"}, {"type": 1, "id": "a7952609", "content": ": \u7784\u5e7e\u773c \u535a\u7269\u9928"}, {"type": 1, "id": "p20162", "content": ": \u5920\u5920\u9686"}, {"type": 1, "id": "shotakun", "content": ": \u7d93\u7406\uff0c\u6c92\u4e86\u9152"}, {"type": 1, "id": "TokyoKind", "content": ": 1234\u5148\u8f49\u8f49\u982d5678\u958b\u59cb\u5446\u8166\u7378"}], "post_ip": "182.235.12.189", "post_content": "\n\u203b \u516b\u5366\u677f\u52d9\u8acb\u5230 GossipPicket \u6aa2\u8209\u677f\u8a62\u554f\n\u203b a.\u5f35\u8cbc\u554f\u5366\u8acb\u6ce8\u610f\uff0c\u5145\u5be6\u6587\u7ae0\u5167\u5bb9\u3001\u662f\u5426\u6709\u5c08\u677f\uff0c\u672c\u677f\u4e26\u975e\u842c\u80fd\u554f\u677f\u3002\n\u203b b.\u4e00\u5929\u53ea\u80fd\u5f35\u8cbc \"\u5169\u5247\" \u554f\u5366\uff0c\u81ea\u522a\u53ca\u88ab\u522a\u4e5f\u7b97\u5169\u7bc7\u4e4b\u5167\uff0c\n\u203b   \u8d85\u8cbc\u8005\u5c07\u88ab\u6c34\u6876\uff0c\u8acb\u6ce8\u610f!\n\u203b c.\u672c\u770b\u677f\u56b4\u683c\u7981\u6b62\u653f\u6cbb\u554f\u5366\uff0c\u767c\u6587\u554f\u5366\u524d\u8acb\u5148\u4ed4\u7d30\u95b1\u8b80\u76f8\u95dc\u677f\u898f\u3002\n\u203b d.\u672a\u6eff30\u7e41\u9ad4\u4e2d\u6587\u5b57\u6c34\u68763\u500b\u6708\uff0c\u56b4\u91cd\u8005\u4ee5\u9b27\u677f\u8ad6\uff0c\u8acb\u6ce8\u610f\uff01\n\u203b (\u2191\u770b\u5b8c\u63d0\u9192\u8acb\u522a\u9664ctrl + y)\n\u6211\u963f\u80a5\u5566\n\n\u665a\u4e0a\u59ea\u5b50\u904e\u4f86\u6211\u5bb6\u73a9\n\n\u4e00\u770b\u5230\u6211\u5c31\u4e00\u76f4\u6307\u8457\u6211\u8aaa\u4f60\u662f\u5446\u8166\u7378\n\n\u6211\u554f\u4ed6\u90a3\u662f\u4ec0\u9ebc\u4ed6\u53c8\u4e0d\u8ddf\u6211\u8aaa\u4e00\u76f4\u5728\u7b11\n\n\u5446\u8166\u7378\u5230\u5e95\u662f\u4e09\u5c0f\u5587\u5e79\n\n\u611f\u89ba\u88ab\u6c61\u8fb1\u4e86\n\n--\n"}