{"ptt_id": "mike143677", "post_url": "https://www.ptt.cc/bbs/Gossiping/M.1565504281.A.DBF.html", "post_type": "\u554f\u5366", "post_title": "\u6709\u6c92\u6709\u9032\u76e3\u7344\u6551\u54e5\u54e5\u7684\u516b\u5366", "post_time": "2019-08-11 14:17:57", "post_score": -4, "post_pushes": [{"type": -1, "id": "Timekeeper", "content": ": \u6efe"}, {"type": -1, "id": "shevchen", "content": ": \u54ea\u90e8\u76f4\u8aaa\u5587"}, {"type": -1, "id": "james732", "content": ": \u54ea\u90e8"}, {"type": -1, "id": "chaige", "content": ": \u8d8a\u7344\u98a8\u96f2"}, {"type": 0, "id": "funoway", "content": ": \u8d8a\u7344\u98a8\u96f2?"}, {"type": -1, "id": "jimhappy8774", "content": ": \u827e\u65af\u6b7b\u4e86"}, {"type": -1, "id": "wbreeze", "content": ": \u827e\u65af\u767d\u9b0d\u5b50\u90fd\u6b7b\u4e86"}, {"type": 1, "id": "lovise2346", "content": ": \u5148\u53bb\u523a\u9752"}, {"type": 0, "id": "duckin", "content": ": \u5728\u505a\u5922\u55ce"}, {"type": 1, "id": "ddijk", "content": ": \u4f60\u8981\u6709\u6574\u68df\u5927\u6a13\u7684\u7d50\u69cb\u8a2d\u8a08\u5716"}, {"type": 1, "id": "jaju", "content": ": \u7b2c\u4e00\u5b63\u795e\u4f5c \u5176\u4ed6\u721b\u5230\u70b8"}, {"type": -1, "id": "rainlay", "content": ": PB"}], "post_ip": "117.19.131.76", "post_content": "\n\n\u5404\u4f4d\u4e0b\u5348\u597d\n\u6211\u90a3\u500b\u4e0d\u6210\u6750\u7684\u54e5\u54e5\u6574\u5929\u7576\u5c0f\u5077\u5077\u9322\u5077\u8eca\u641e\u4e00\u4e9b\u975e\u6cd5\u7684\u4e8b\u60c5\n\u54ea\u50cf\u6211\u6210\u70ba\u4e86\u7d50\u69cb\u5de5\u7a0b\u5e2b\u723d\u4f4f\u9ad8\u6a13\u8cfa\u5927\u9322\n\n\u6700\u8fd1\u6211\u54e5\u53d7\u4eba\u59d4\u8a17\u69cd\u6bba\u7f8e\u570b\u526f\u7e3d\u7d71\u7684\u5f1f\u5f1f\n\u53ef\u662f\u5230\u73fe\u5834\u624d\u767c\u73fe\u4ed6\u65e9\u5c31\u6b7b\u4e86\n\u5269\u6211\u54e5\u4e0d\u77e5\u6240\u63aa\u7684\u5728\u73fe\u5834\u88ab\u902e\u6355\u9084\u8981\u76f4\u63a5\u96fb\u6905\u6b7b\u5211\n\u73fe\u5728\u5c0f\u5f1f\u6211\u60f3\u9032\u76e3\u7344\u6551\u54e5\u54e5\u9084\u7d66\u4ed6\u4e00\u500b\u6e05\u767d\n\n\u6709\u6c92\u6709\u9032\u76e3\u7344\u6551\u54e5\u54e5\u7684\u516b\u5366\n-----\nSent from JPTT on my iPhone\n\n--\nhttps://imgur.com/LlX7k1I\nhttps://imgur.com/sgZC6UL\nhttps://imgur.com/mnlKWz7\nhttps://imgur.com/pPLFclt\nhttps://imgur.com/PgijErn\nhttps://imgur.com/C6ocW3B\n\n--\n"}