{"ptt_id": "norvasc", "post_url": "https://www.ptt.cc/bbs/Gossiping/M.1566278082.A.CCD.html", "post_type": "\u554f\u5366", "post_title": "\u9047\u5230\u6aa2\u8209\u9b54\u4eba\u5728\u62cd\u81ea\u5df1\u9055\u505c\u7684\u8eca \u4f60\u600e\u9ebc\u8655", "post_time": "2019-08-20 13:14:40", "post_score": 7, "post_pushes": [{"type": -1, "id": "dean1990", "content": ": \u5c0d\u4e0d\u8d77\u8b1d\u8b1d"}, {"type": -1, "id": "qber", "content": ": \u4e94\u6a13\u5c0d\u7532\u7532\u600e\u6a23\u8655\u7406\uff1f"}, {"type": 1, "id": "Ilat", "content": ": 5. \u53eb\u4e94\u6a13\u809b\u6b7b\u4ed6"}, {"type": 0, "id": "shevchen", "content": ": \u76f4\u63a5\u809b\u5230\u5c04"}, {"type": -1, "id": "lucky5566", "content": ": \u7d66\u4ed6\u809b\u4e00\u4e0b"}, {"type": 1, "id": "ThisIsAnID", "content": ": \u809b\u4ed6\u554a \u9084\u7528\u6211\u6559"}, {"type": 0, "id": "yutakasnow", "content": ": \u6293\u8d77\u4f86\u809b\u4e0d\u6703\u55ce"}, {"type": 0, "id": "Sougetu", "content": ": \u6211\u4e0d\u958b\u8eca\u95dc\u6211\u5c41\u4e8b"}, {"type": 0, "id": "ufap", "content": ": \u8dea\u8457\u8aaa\u8b1d\u8b1d\u554a \u5e79"}, {"type": 0, "id": "lakefox", "content": ": \u8a66\u8457\u8ac7\u8ac7\u770b\u554a \u6c92\u8fa6\u6cd5 \u6211\u4e0d\u662f\u8b80\u6cd5\u5f8b\u7cfb"}, {"type": 1, "id": "D600dust", "content": ": \u548c\u5e73\u7684\u8acb\u4ed6\u9ad8\u62ac\u8cb4\u624b \u4ed6\u9084\u771f\u7684\u8981\u62cd\u4e5f\u8a8d\u4e86"}, {"type": 0, "id": "D600dust", "content": ": \u7562\u7adf\u81ea\u5df1\u4e0d\u5c0d"}, {"type": 0, "id": "D600dust", "content": ": \u4f46\u4ed4\u7d30\u60f3\u60f3...\u6211\u958b\u8eca\u4e0d\u6703\u9055\u505c"}, {"type": 1, "id": "okwapblue", "content": ": \u8acb\u4ed6\u5403\u98ef\u559d\u8336\u62dc\u8a17\u653e\u904e\u6211"}, {"type": 0, "id": "D600dust", "content": ": \u61c9\u8a72\u6703\u9806\u4fbf\u8acb\u5047\u4ed6\u6aa2\u8209\u5fc3\u5f97 \u7136\u5f8c\u8003\u616e\u52a0\u5165"}, {"type": 1, "id": "rs2016", "content": ": \u5c31\u662f\u7e73\u7684\u8d77\u624d\u9055\u898f\u554a\u3002\u6b61\u8fce\u5927\u5bb6\u4f86\u62cd"}, {"type": 1, "id": "dwood123", "content": ": \u4ed6\u5c31\u662f\u5728\u7b49\u4f60\u8ddf\u4ed6\u5435\u67b6\uff0c\u4e00\u6b21\u8cfa\u5927\u7684"}, {"type": 1, "id": "smalltwo", "content": ": \u6478\u6478\u9f3b\u5b50\u5feb\u8d70\u6c42\u4ed6\u5225\u6aa2\u8209\u963f"}, {"type": 1, "id": "notbed", "content": ": \u8dea\u4e0b\u53bb\u8ddf\u4ed6\u9053\u6b49"}, {"type": 0, "id": "kevin3327", "content": ": \u53c8\u4e0d\u662f\u7e73\u4e0d\u8d77 \u6211\u90fd\u8dea\u6c42\u4ed6\u4e0d\u8981\u62cd"}, {"type": 1, "id": "moebius", "content": ": \u8b93\u4ed6\u9806\u4fbf\u628a\u9019\u689d\u8857\u7684\u9055\u505c\u90fd\u6aa2\u8209\u4e86"}, {"type": 0, "id": "sky0158", "content": ": \u9055\u505c\u9084\u53bb\u55c6\u8072\uff0c\u7576\u4ed6\u4e0d\u80fd\u9304\u97f3\u55ce\uff1f"}, {"type": -1, "id": "okokurpig", "content": ": \u8dea\u4e0b\u4f86\u611f\u8b1d\u4ed6\u8b93\u4f60\u7e73\u5b78\u8cbb\uff0c\u5e0c\u671b\u4f60\u6709\u5b78"}, {"type": 0, "id": "okokurpig", "content": ": \u5230\u4e00\u8ab2\u4e0b\u6b21\u4e0d\u8981\u72af\u4e86"}, {"type": 1, "id": "peiring", "content": ": \u7b49\u6211\u6709\u9322\u5728\u56de\u7b54\u4f60"}, {"type": 0, "id": "peiring", "content": ": \u6709\u8eca"}, {"type": -1, "id": "carbeso", "content": ": \u8acb\u4ed6\u559d\u98f2\u6599 \u8aaa\u8072\u8f9b\u82e6\u4e86"}, {"type": -1, "id": "GGINDOWBOW", "content": ": \u554f\u4ed6 \u4f60\u5abd\u6b7b\u591a\u4e45\u4e86"}, {"type": 1, "id": "iamthunder23", "content": ": \u958b\u8eca\u9580\u62ff\u7403\u68d2\uff0c\u7136\u5f8c\u518d\u958b\u5f8c\u8eca\u5ec2\uff0c\u628a"}, {"type": 0, "id": "iamthunder23", "content": ": \u7403\u68d2\u653e\u9032\u53bb"}, {"type": 1, "id": "yayawoliyau", "content": ": \u554f\u4ed6\u600e\u9ebc\u6aa2\u8209\u8acb\u4ed6\u6559\u4f60"}, {"type": 1, "id": "doubleyellow", "content": ": \u4ed8\u9322\u7e73\u7f70\u55ae\uff0c\u4e0b\u6b21\u4e0d\u8981\u518d\u505c\u4e86\uff01"}], "post_ip": "185.225.208.195", "post_content": "\n\u9047\u5230\u6aa2\u8209\u9b54\u4eba\u5728\u62cd\u81ea\u5df1\u9055\u505c\u7684\u8eca \u4f60\u600e\u9ebc\u8655\u7406\uff1f\n\n1.\u6478\u6478\u9f3b\u5b50\u7b97\u4e86  \u53cd\u6b63\u7e73\u4e00\u5f35\u7f70\u55ae\u4e5f\u624d\u4e00\u5343\u591a\n\n2.\u4e0a\u53bb\u8aaa\u81ea\u5df1\u99ac\u4e0a\u5c31\u958b\u8d70  \u6c42\u5c0d\u65b9\u5225\u6aa2\u8209\n\n3.\u8ddf\u5c0d\u65b9\u5435\u67b6  \u55c6\u81ea\u5df1\u662f\u6cd5\u5f8b\u7cfb\u7684\u5225\u60f9\u6211\n\n4.\u5f85\u88dc\u5145\n\n\n\n--\n"}