{"ptt_id": "s2657507", "post_url": "https://www.ptt.cc/bbs/Gossiping/M.1568459473.A.082.html", "post_type": "\u65b0\u805e", "post_title": "\u97d3\u7c89\u7206\u64e0\u7d2b\u5fae\u5bae+\u76e7\u79c0\u71d5\u7ad9\u53f0\uff01\u97d3\u570b\u745c\u4fe1\u5fc3", "post_time": "2019-09-14 19:11:11", "post_score": -4, "post_pushes": [{"type": 0, "id": "Lenney33", "content": ": \u559c\u97d3\u5152\u4e5f\u662f\u9019\u9ebc\u60f3\u7684"}, {"type": -1, "id": "dlam002", "content": ": \u5012\u6578\u7b2c\u4e00+\u7b2c\u4e8c\uff0c\u5b8c\u7f8e\u8a6e\u91cb\u540c\u6eab\u5c64"}, {"type": 1, "id": "DonDonFans", "content": ": \u97d3\u7e3d\u7a69\u4e86"}, {"type": 1, "id": "davidex", "content": ": \u73fe\u5728\u662f\u9078\u516c\u5edf\u4e3b\u59d4\u9006"}, {"type": 0, "id": "wa88", "content": ": \u5408\u9ad4\u4e86"}, {"type": -1, "id": "voyhanxu", "content": ": \u61a8\u7c89\u5403\u5c4e\u4efd\u5b50\u518d\u591a\u5768\u90fd\u662f\u62c9\u6492\u5bc6\u554a\u5566\uff01"}, {"type": 0, "id": "chao0210", "content": ":  https://i.imgur.com/JnYwKxQ.jpg"}, {"type": 0, "id": "ak904", "content": ": \u5012\u65781,2\u540d\u5408\u9ad4=\u721b\u4e0a\u52a0\u721b"}, {"type": 1, "id": "superflyfish", "content": ": 3\u79d2\u5408\u9ad4!"}, {"type": -1, "id": "rayxg", "content": ": \u662f\u554a\uff0c\u662f\u9078\u5edf\u516c\u7b2c\u4e00\u540d"}, {"type": 0, "id": "nippleman", "content": ": \u85cd\u6559\u4ed4\u96c6\u5718\u9ad8\u6f6e"}, {"type": 0, "id": "NT520", "content": ": \u5169\u4f4d\u5305\u8fa6\u5012\u65782\u540d\uff0c\u96e3\u602a\u4faf\u4e0d\u6562\u9760\u8fd1"}, {"type": 1, "id": "silentence", "content": ": \u9ad8\u96c4\u5e02\u5e9c\u73fe\u5728\u6c92\u5e02\u9577"}, {"type": -1, "id": "haha7456", "content": ": \u53f0\u7063\u7e3d\u7d71\u5019\u9078\u4eba\u90fd\u52e4\u8dd1\u5bae\u5edf \u53ef\u60b2"}, {"type": -1, "id": "voyhanxu", "content": ": \u4f60\u6703\u53bb\u6578\u72d7\u5927\u4fbf\u6709\u591a\u5c11\u5768\u55ce\uff1f\u6211\u662f\u4e0d\u6703\u5566"}, {"type": 0, "id": "silver5000", "content": ": https://i.imgur.com/oEDVTdk.png"}, {"type": 1, "id": "gogobar", "content": ": 1450\u5168\u5bb6\u7d66\u72d7\u5e79\u6b7b"}, {"type": -1, "id": "anchime", "content": ": \u5168\u53f0\u8349\u5305\u985e\u4e94\u6bdb\u8d95\u5c4d\u79c0"}, {"type": -1, "id": "a856445", "content": ": \u6ce8\u610f\u770b\u5929\u4e0a\u7684\u85cd\u5929\uff0c\u6211\u5011\u9019\u9ebc\u8f9b\u82e6\uff1f\uff1f\uff1f\uff1f"}, {"type": 0, "id": "a856445", "content": ": \u5de5\u4e09\u5c0fXD"}, {"type": 0, "id": "ganganx", "content": ": \u6bd4\u5bae\u5edf\u5c0f\u83f8\u7a69\u8d0f\u7684 \u97d3\u5e73\u65e5\u53bb\u6703\u88ab\u7832\u6b7b"}, {"type": -1, "id": "barber", "content": ": 8+9\u5927\u96c6\u5408"}, {"type": -1, "id": "WeAntiTVBS", "content": ": https://i.imgur.com/Zuv5fyB.jpg"}, {"type": -1, "id": "leaderkim", "content": ": \u8349\u5305  \u7761\u5230\u4e2d\u5348"}, {"type": 0, "id": "megalink", "content": ": \u4e0d\u662f\u6c92\u6709\u4eba\u662f\u96a8\u6248\u6bd4\u8a18\u8005\u591a\u8a18\u8005\u53c8\u6bd4\u652f\u6301"}, {"type": 0, "id": "megalink", "content": ": \u8005\u591a\u7684\u5834\u9762"}, {"type": 0, "id": "qep", "content": ": \u4e0d\u5c31\u90fd\u540c\u4e00\u7fa4\u4eba\uff1f"}, {"type": 1, "id": "stantheman", "content": ": https://i.imgur.com/PHfyeN6.jpg"}, {"type": 0, "id": "gwenwoo", "content": ":  \u8349\u5305\u7121\u6575 \u5f81\u670d\u5b87\u5b99 \u5bbf\u9189\u795e\u96b1 \u5c41\u773c\u770b\u4eba"}, {"type": 1, "id": "lepidoptera", "content": ": \u4e0d\u5c31\u597d\u68d2\u68d2 \u4f60\u6c11\u8abf\u6700\u5f8c\u8036"}, {"type": -1, "id": "gn02974318", "content": ": \u62dc\u62dc\u90a3\u9ebc\u591a\u4eba\u5e79\u561b \u795e\u660e\u5141\u8a31\u4f60\u5435\u7942\uff1f"}, {"type": -1, "id": "same01216", "content": ": \u53ef\u60b2\u5230\u8981\u6bd4\u62dc\u5edf\u4eba\u6578"}, {"type": 1, "id": "s359999", "content": ": \u770b\u770b\u5404\u65b9\u571f\u4fd7\u8001\u7684\u652f\u6301\u8868\u73fe\uff0c\u6709\u4e00\u679c\u5169\u75e3\u6d77"}, {"type": 0, "id": "s359999", "content": ": \u971e\u8ad6\u58c7\uff0c\u563f\u563f\uff0c\u611b\u6c11\uff0c\u9084\u6709\u767c\u5927\u8ca1\u7684\uff0c\u97d3\u6709"}, {"type": 0, "id": "s359999", "content": ": \u4fe1\u5fc3\u7a69\u4e86\u5427\uff01"}, {"type": 0, "id": "s359999", "content": ": https://i.imgur.com/S1G9D2F.jpg"}, {"type": 0, "id": "s359999", "content": ": https://i.imgur.com/GjvdUzR.jpg"}, {"type": 0, "id": "s359999", "content": ": https://i.imgur.com/JRCFY6w.jpg"}, {"type": 0, "id": "s359999", "content": ": https://i.imgur.com/Fhd1zlA.jpg"}, {"type": 0, "id": "s359999", "content": ": \u4ee5\u4e0a\u53d6\u81ea\u9178\u6c11\u7db2\u8def\u7167\u5427\uff1f"}], "post_ip": "1.165.242.16", "post_content": "\n1.\u5a92\u9ad4\u4f86\u6e90:\nETToday\n\n2.\u8a18\u8005\u7f72\u540d\n\u9127\u6728\u537f\u3001\u838a\u667a\u52dd\n\n3.\u5b8c\u6574\u65b0\u805e\u6a19\u984c:\n\u97d3\u7c89\u7206\u64e0\u7d2b\u5fae\u5bae+\u76e7\u79c0\u71d5\u7ad9\u53f0\uff01\u97d3\u570b\u745c\u4fe1\u5fc3\u7206\u68da\u9178\uff1a\u8521\u82f1\u6587\u62dc\u5edf\u90fd\u6c92\u4eba\n\n4.\u5b8c\u6574\u65b0\u805e\u5167\u6587:\n\n\u570b\u6c11\u9ee8\u7e3d\u7d71\u53c3\u9078\u4eba\u97d3\u570b\u745c14\u65e5\u8d70\u8a2a\u53f0\u4e2d21\u5ea7\u5bae\u5edf\uff0c\u5c55\u958b\u9435\u4eba\u884c\u7a0b\uff1b\u4e0a\u534810\u6642\u5728\u5317\u5c6f\u7d2b\u5fae\u5bae\n\u53c3\u62dc\u5f8c\uff0c\u9084\u62ff\u8d77\u9ea5\u514b\u98a8\u5411\u73fe\u5834\u5ee3\u5927\u7684\u652f\u6301\u8005\u558a\u8a71\uff0c\u300c\u6211\u90fd\u4e0d\u597d\u610f\u601d\u8b1b\uff0c\u7e3d\u7d71\u8521\u82f1\u6587\u62dc\u5edf\u554a\n\uff0c\u6839\u672c\u6c92\u6709\u4eba\uff01\u5929\u5929\u8aaa20\u5e74\u7d93\u6fdf\u6700\u597d\uff0c\u5230\u5edf\u88e1\u62dc\u62dc\uff0c\u771f\u7684\u5c31\u6c92\u6709\u4eba\uff0c\u770b\u770b\u6211\u5011\u9019\u908a\uff0c\u6bcf\u500b\n\u4eba\u7684\u773c\u775b\uff0c\u70af\u70af\u6709\u795e\uff01\u300d\n\n\u97d3\u570b\u745c\u4e0a\u5348\u8fd110\u6642\u62b5\u9054\u7d2b\u5fae\u5bae\u53c3\u62dc\uff0c\u53f0\u4e2d\u5e02\u9577\u76e7\u79c0\u71d5\u4e5f\u73fe\u8eab\u7ad9\u53f0\u3001\u8868\u614b\u529b\u633a\u3002\u300c\u79bf\u5b50\u8ddf\u71d5\n\u5b50\uff0c\u4eca\u5929\u7d42\u65bc\u5408\u9ad4\u4e86\uff01\u300d\u97d3\u570b\u745c\u96d6\u898b\u76e7\u79c0\u71d5\u6709\u671d\u6c23\u800c\u611f\u5230\u958b\u5fc3\uff0c\u4f46\u4e5f\u51fa\u8a00\u66ff\u5979\u62b1\u5c48\uff0c\u76f4\u6307\n\u65e5\u524d\u96dc\u8a8c\u516c\u5e03\u5404\u7e23\u5e02\u9996\u9577\u6eff\u610f\u5ea6\u8abf\u67e5\u4e0d\u516c\uff0c\u300c\u6211\u5012\u6578\u6700\u5f8c\u3001\u76e7\u79c0\u71d5\u5012\u6578\u7b2c\u4e8c\uff0c\u7528\u7684\u9084\u662f20\n18\u5e74\u7684\u8cc7\u6599\uff0c\u90a3\u6642\u5019\u76e7\u624d\u5e79\u5e02\u95777\u5929\uff0c\u7d50\u679c\u4e00\u5927\u5806\u6c11\u9032\u9ee8\u7acb\u59d4\u3001\u8b70\u54e1\u8dd1\u4f86\u5e02\u653f\u5e9c\u627e\u6211\u6297\u8b70\n\uff0c\u771f\u7684\u982d\u6bbc\u58de\u6389\uff0c\u61c9\u8a72\u5230\u7e3d\u7d71\u5e9c\u8ddf\u9673\u83ca\u6297\u8b70\uff0c\u6b61\u8fce\u53f0\u4e2d\u5e02\u5e02\u6c11\u5230\u4ea4\u901a\u90e8\uff0c\u8ddf\u524d\u5e02\u9577\u6797\u4f73\u9f8d\n\u6297\u8b70\uff01\u300d\n\n\u300c\u6ce8\u610f\u770b\u5929\u4e0a\u7684\u85cd\u5929\uff0c\u6211\u5011\u9019\u9ebc\u8f9b\u82e6\uff01\u300d\u97d3\u570b\u745c\u91cd\u7533\uff0c\u73fe\u5728\u70ba\u4e86\u6253\u9078\u6230\uff0c\u7528\u76e1\u4e86\u4e00\u5207\u624b\u6bb5\n\u62b9\u9ed1\uff0c\u901f\u5ea6\u76f8\u7576\u4e0d\u53ef\u601d\u8b70\uff0c\u5e7e\u4e4e\u53ef\u4ee5\u8aaa\u662f\u300c\u62b9\u9ed12.0\u300d\uff0c\u300c\u771f\u7684\u662f\u6c92\u5929\u6c92\u65e5\uff0c\u5e7e\u500b\u963f\u62c9\u4f2f\n\u6578\u5b57\u5c31\u628a\u6211\u5011\u6253\u523018\u5c64\u5730\u7344\uff01\u5404\u4f4d\u9109\u89aa\uff0c\u4f60\u5011\u8981\u76f8\u4fe1\u81ea\u5df1\u9078\u4e86\u4e00\u500b\u597d\u5e02\u9577\uff0c\u9078\u4e86\u8a8d\u771f\u52aa\u529b\n\u3001\u6709\u57f7\u884c\u529b\u3001\u8cab\u5fb9\u529b\u7684\u76e7\u79c0\u71d5\uff01\u300d\n\n\u97d3\u570b\u745c\u8868\u793a\uff0c\u300c\u518d\u7f8e\u9e97\u7684\u9ce5\u3001\u518d\u96c4\u58ef\u7684\u8001\u9df9\uff0c\u6c92\u6709\u5169\u96bb\u7fc5\u8180\u4e5f\u6c92\u6cd5\u98db\uff0c2020\u5ee3\u5927\u7684\u53f0\u4e2d\u5e02\n\u6c11\uff0c\u5982\u679c\u90193\u5e74\u534a\uff0c\u5c0d\u8521\u82f1\u6587\u57f7\u653f\u5f88\u6eff\u610f\u7684\uff0c\u52c7\u6562\u6295\u7d66\u5979\uff1b\u5982\u679c\u89ba\u5f97\u53d7\u4e0d\u4e86\uff0c\u53f0\u7063\u524d\u9014\u9eef\n\u6de1\uff0c\u5e74\u8f15\u4eba\u627e\u4e0d\u5230\u4fe1\u5fc3\u3001\u5e0c\u671b\uff0c\u8acb\u52c7\u6562\u6295\u7d66\u97d3\u570b\u745c\u597d\u4e0d\u597d\uff01\u300d\n\n5.\u5b8c\u6574\u65b0\u805e\u9023\u7d50 (\u6216\u77ed\u7db2\u5740):\nhttps://reurl.cc/Gkr6Yy\n\n6.\u5099\u8a3b:\n\u539f\u4f86\u9078\u7e3d\u7d71\u662f\u6bd4\u62dc\u5edf\u6709\u6c92\u6709\u4eba\n\u5c0f\u82f1\u6e96\u5099\u8eb2\u5728\u89d2\u843d\u745f\u745f\u767c\u6296\n\n--\n\u203b \u7de8\u8f2f: s2657507 (1.165.242.16 \u81fa\u7063), 09/14/2019 19:12:10\n"}