{"ptt_id": "poeta", "post_url": "https://www.ptt.cc/bbs/Gossiping/M.1568653109.A.429.html", "post_type": "\u554f\u5366", "post_title": "\u4e00\u5806\u767c\u6587\u6279\u5468\u8463\u65b0\u6b4c \u662f\u5426\u4ee3\u8868\u672c\u7248\u90fd\u8001\u4eba", "post_time": "2019-09-17 00:58:27", "post_score": 3, "post_pushes": [{"type": 1, "id": "coco100", "content": ": PTT\u90fd\u662f\u53cd\u6307\u6a19\u5440"}, {"type": 1, "id": "hipab", "content": ": \u611b\u611b\u5438\u5b8c\u524d"}, {"type": 0, "id": "PaseIsGOOD", "content": ": \u4e94\u6a13\u4efb\u809b"}, {"type": 0, "id": "goodjeff", "content": ": \u672c\u7248\u4e5f\u6c92\u4ec0\u9ebc\u4eba\u9178\u5427 \u770b\u63a8\u6587\u5c31\u77e5\u9053\u4e86"}, {"type": 0, "id": "chusky", "content": ": \u5ee2\u6587"}, {"type": 0, "id": "Xaymaca", "content": ": \u8001\u4e09\u5c0f  \u5e7c\u7a1a\u5712\u5c31\u958b\u59cb\u807d\u5468\u61c2\u5566"}, {"type": 0, "id": "spadenet", "content": ": \u5e7e\u6b72\u4e86\u9084\u5728\u807d\u5468\u6770\u502b"}, {"type": -1, "id": "tv5566", "content": ": \u96e3\u807d \u666e\u5230\u4e0d\u884c"}, {"type": -1, "id": "allenatptt", "content": ": \u904e\u6c23\u8214\u5171\u4ed4\uff0c\u9023\u807d\u90fd\u4e0d\u60f3\u807d\uff0c\u73fe\u5728\u662fHow"}, {"type": 0, "id": "allenatptt", "content": ": \u54e5\u5b87\u5b99\u7576\u7d05"}, {"type": 1, "id": "fantasyscure", "content": ": \u5f88\u666e\u901a \u8aaa\u597d\u807d\u7684\u4e00\u5b9a\u6b50\u7f8e\u807d\u4e0d\u591a"}, {"type": 1, "id": "k5a", "content": ": \u9019\u9996\u4e0d\u932f\u4e86\u5566"}, {"type": 1, "id": "zacky0818", "content": ": \u807d\u6b50\u7f8e\u6211\u662f\u807d\u883b\u591a\u7684\u5566 \u4e0d\u904e\u9084\u662f\u89ba\u5f97\u5468"}, {"type": 0, "id": "zacky0818", "content": ": \u8463\u7684\u597d\u807d\u554a \u807d\u6b50\u7f8e\u6bd4\u8f03\u53b2\u5bb3\u54e6\uff1fXD"}, {"type": 0, "id": "pongbao", "content": ": \u9019\u9996\u597d\u807d??"}], "post_ip": "125.231.14.11", "post_content": "\n\n\u525b\u770b\u5230\u672c\u7248\u5728\u6279\u5468\u8463\u4ec0\u9ebc\u6c5f\u90ce\u624d\u76e1\uff0c\u56de\u4e0d\u53bb\u4e86\u3002\n\n\u6211\u9084\u4ee5\u70ba\u591a\u96e3\u807d\u3002\n\n\u8d95\u7dca\u8dd1\u53bb\u6c34\u7ba1\u64ad\uff0c\u767c\u73fe\u660e\u660e\u5c31\u5f88\u597d\u807d\u3002\n\nIG\u4e5f\u4e00\u5806\u59b9\u5b50\u8aaa\u597d\u807d\u3002\n\n\u53ea\u6709\u672c\u7248\u5728\u90a3\u908a\u9178\uff0c\u662f\u5426\u4ee3\u8868\u9019\u908a\u90fd\u8001\u4eba\uff1f\n\n--\n"}