{"ptt_id": "mnhyuiop", "post_url": "https://www.ptt.cc/bbs/Gossiping/M.1568782273.A.162.html", "post_type": "\u554f\u5366", "post_title": "\u5c0f\u5317\u82e5\u53bb\u65e5\u672c\u5c55\u5e97 \u6703\u88ab\u5510\u5409\u4e00\u62f3\u6253\u6b7b\u55ce?", "post_time": "2019-09-18 12:51:11", "post_score": 6, "post_pushes": [{"type": 0, "id": "cena0605", "content": ": \u5c0f\u5317\u6709\u8ce3\u6210\u4eba\u7528\u54c1\u55ce \u5510\u5409\u8efb\u5fb7\u90fd\u6709\u4e86"}, {"type": 1, "id": "SydLrio", "content": ": \u4e94\u6a13\u6703\u88ab\u611b\u6ecb\u7532\u4e00\u62f3\u809b\u9ad8\u6f6e\u5230"}, {"type": -1, "id": "EeePC901", "content": ": \u5169\u5bb6\u958b\u4e00\u8d77\u4f60\u56de\u53bb\u90a3\u5bb6 \u9084\u7528\u554f"}, {"type": 0, "id": "ipadmini6", "content": ": \u6703\u88ab\u8aa4\u8a8d\u6210\u5510\u5409\u8efb\u5fb7\u5c71\u5be8\u5e97"}, {"type": 1, "id": "pikakami", "content": ": \u6a13\u4e0b\u652f\u63f4\u5510\u5409\u8efb\u5fb7\u4e3b\u984c\u66f2"}, {"type": 1, "id": "ycwedward", "content": ": \u5510\u5409\u5f37\u5230\u9760\u5317\uff0c\u62ff\u4ec0\u9ebc\u6bd4\u4ec0\u9ebc"}, {"type": 1, "id": "coutji3184", "content": ": \u5510 \u5510 \u5510\u5409\uff5e\u5510\u5409\uff5e\u8efb\u5fb7\uff5e"}, {"type": 1, "id": "LoseToWin", "content": ": \u591a\u4f5b\u6717\u660e\u54e5\u5f88\u5f37\u8036"}, {"type": 1, "id": "Ilat", "content": ": \u5b8c\u7206\u554a \u5c4c\u8650\u554a \u5c0f\u5317\u8cea\u611f\u6574\u500b\u8f38\u5510\u5409\u8efb\u5fb7 \u8f38\u5230"}, {"type": 0, "id": "Ilat", "content": ": \u9280\u6cb3\u7cfb\u5916\u4e86 \u5510\u5409\u8efb\u5fb7\u5728\u65e5\u672c\u5df2\u7d93\u5f88\u6c92\u8cea\u611f\u4e86"}, {"type": 1, "id": "x7834210", "content": ": \u53ef\u80fd\u6703\u5c0f\u8cfa \u5c0f\u5317\u8ce35\u91d1\u96dc\u8ca8\u591a"}], "post_ip": "36.229.165.67", "post_content": "\n\u865f\u7a31\u53f0\u7063\u7248\u9a5a\u5b89\u306e\u6bbf\u5802\u7684\u5c0f\u5317\u767e\u8ca8\n\n24\u5c0f\u6642\u5168\u5e74\u7121\u4f11\u4e94\u91d1\u767e\u8ca8\u751f\u6d3b\u767e\u8ca8\u61c9\u6709\u76e1\u6709\n\n\u5728\u53f0\u7063\u6709\u4e0a\u767e\u5bb6\u5206\u5e97\n\n\u5c0f\u5317\u82e5\u53bb\u65e5\u672c\u5c55\u5e97 \u6703\u88ab\u5510\u5409\u8a36\u5fb7\u4e00\u62f3\u6253\u6b7b\u55ce?\n\n--\n"}