{"ptt_id": "a205090a", "post_url": "https://www.ptt.cc/bbs/Gossiping/M.1569336527.A.11C.html", "post_type": "\u554f\u5366", "post_title": "\u5bb5\u591c\u5403\u706b\u934b\u6703\u80d6\u55ce\uff1f", "post_time": "2019-09-24 22:48:45", "post_score": -3, "post_pushes": [{"type": 0, "id": "kcclasaki", "content": ": \u4e09\u6a13\u5bb5\u591c\u90fd\u5403\u6d28 \u8d85\u7d1a\u5065\u5eb7"}, {"type": 0, "id": "kcclasaki", "content": ": \u817f\u8b9a"}, {"type": 0, "id": "g8330330", "content": ": \u5225\u9a19\u6211 \u4f60\u5f48\u51fa\u4f86\u4e86"}, {"type": 0, "id": "railman", "content": ": \u8981\u593e\u7dca \u4e0d\u8981\u5f48\u51fa\u4f86"}, {"type": -1, "id": "GGrunrundela", "content": ": \u4f60\u53ef\u4ee5\u53bb\u5403\u6d28"}, {"type": -1, "id": "momoispig", "content": ": \u593e\u6210\u9019\u6a234\uff1f\uff1f\uff1f\uff1f\uff1f"}, {"type": -1, "id": "Saza", "content": ": \u817f\u6bdb\u9019\u9ebc\u9577  \u4e0d\u8981\u593e\u4e86"}, {"type": 1, "id": "wang1b", "content": ": \u9019\u4e0d\u662f\u7537\u7684\u6211\u81ea\u5207"}, {"type": 0, "id": "sunkiss5566", "content": ": \u5144\u5f1f 0.0"}, {"type": -1, "id": "FUBAR", "content": ": \u706b\u934b\u7167\u5462"}, {"type": -1, "id": "sammoon", "content": ": \u7537\u7684"}, {"type": 0, "id": "zckxy", "content": ": \u80a5\u5b85\u677f\u90fd\u662f\u7537\u7684"}, {"type": 1, "id": "Amilous", "content": ": \u4e0d\u6703"}], "post_ip": "101.12.20.234", "post_content": "\n\u5927\u5bb6\u665a\u5b89\u3126\n\u5c0f\u9b6f\u73fe\u5728\u5728\u5403\u706b\u934b\u5566\n\u9019\u6642\u9593\u5403\u5bb5\u591c\u6703\u4e0d\u6703\u80d6R?\n\u6709\u6c92\u6709\u524d\u8f29\u4f86\u8aaa\u8aaa\u7d93\u9a57\u8ac7\u5462?\n\nhttps://i.imgur.com/mJrRJdc.jpg\n\n--\n==\n\u6211\u731c\u4f60\u4e0d\u6562\u7d66\u8a8d\u8b58\u7684\u4eba\u77e5\u9053\u4f60\u7684ptt\u5e33\u865f\n\u203b \u7de8\u8f2f: a205090a (101.12.20.234 \u81fa\u7063), 09/24/2019 22:50:47\n"}