{"ptt_id": "mithralin", "post_url": "https://www.ptt.cc/bbs/Gossiping/M.1567865829.A.C39.html", "post_type": "\u65b0\u805e", "post_title": "\u5168\u7403\u6700\u9ad8\u9f61\u7522\u5a66\uff01\u5370\u5ea674\u6b72\u5a66\u4eba\u751f\u4e0b\u96d9\u80de\u80ce", "post_time": "2019-09-07 22:17:06", "post_score": 17, "post_pushes": [{"type": 1, "id": "Busufu", "content": ": \u7121\u8166\u84cb"}, {"type": 1, "id": "YLTYY", "content": ": 80\u8ddf74..."}, {"type": 1, "id": "exceedMyself", "content": ": \u771f\u62fc"}, {"type": 0, "id": "HD0621", "content": ": \u5f88\u62da...."}, {"type": 0, "id": "HD0621", "content": ": \u6709\u53bb\u6708\u5b50\u4e2d\u5fc3\u55ce"}, {"type": 1, "id": "STAV72", "content": ": \u5929\u54ea\uff01\u6709\u89aa\u621a\u80fd\u5e6b\u5fd9\u5e36\u55ce\uff1f"}, {"type": 1, "id": "Timekeeper", "content": ": \u54c0 \u5c0f\u5b69\u771f\u53ef\u6190"}, {"type": 0, "id": "timtame23", "content": ": \u5370\u5ea6\u771f\u662f\u4e00\u500b\u5947\u8469\u570b\u5bb6"}, {"type": 0, "id": "Puye", "content": ": \u6240\u4ee574\u6b72\u9084\u6709\u6708\u7d93?"}, {"type": 0, "id": "KurakiMaki", "content": ": \u771f\u7684\u523080\u6b72\u90fd\u5973\u5b69\u5152"}, {"type": 0, "id": "KurakiMaki", "content": ": \u5973\u5152\u570b\u5c0f\u5bb6\u9577\u6703\uff0c\u5bb6\u957780\u5e7e\u6b72...."}, {"type": 1, "id": "anper", "content": ": \u4e0d\u9700\u8981\u6708\u7d93\u554a\uff0c\u4ed6\u5c31\u4eba\u5de5\u53d7\u5b55\u554a"}, {"type": 0, "id": "LoveMakeLove", "content": ": \u5370\u5ea6\u795e\u6cb9\u4e0d\u662f\u6d6a\u5f97\u865b\u540d"}, {"type": 0, "id": "LoveMakeLove", "content": ": 80\u6b72\u9084\u80fd\u786c\u5566\uff01"}, {"type": 1, "id": "QQmmmmmm", "content": ": \u6c92\u6709\u6708\u7d93\uff0c\u5c31\u6c92\u6709\u5375\u5b50\uff0c\u5375\u5b50\u7528\u5225\u4eba\u7684\u5566"}, {"type": 0, "id": "kaodio", "content": ": \u963f\u5a46\u771f\u7684\u751f\u5b50"}, {"type": 1, "id": "way7344", "content": ": \u5370\u5ea6\u96e3\u602a\u4eba\u53e3\u591a\uff0c\u5f9e\u5c0f\u751f\u5230\u8001..."}, {"type": 1, "id": "jilily", "content": ": \u6587\u7ae0\u88e1\u5beb\u300c\u7b2c\u4e00\u500b\u7d93\u671f\u300d\u8036\uff01\u9084\u662f\u6709\u6708\u7d93\u554a"}, {"type": 1, "id": "gotwins", "content": ": \u91d1\u62fc"}, {"type": 0, "id": "f1731025", "content": ": \u4ee5\u5f8c\u898170\u91ab\u751f\u5a18\u4e86\u55ce"}, {"type": 0, "id": "dreamer15", "content": ": \u62cd\u624b  \u53b2\u5bb3"}, {"type": 0, "id": "sa12e3", "content": ": \u4ee5\u5f8c\u90a3\u53e5\u8a71\u8981\u6539\u5beb\u4e86\uff1f"}, {"type": -1, "id": "enzowalker", "content": ": \u5047\u65b0\u805e"}, {"type": 0, "id": "azxcv81", "content": ": \u5c0f\u5b69\u9084\u6c92\u6210\u5e74\u5c31\u8981\u6c92\u7238\u5abd\u4e86..."}, {"type": 0, "id": "kaodio", "content": ": \u90a3\u500b\u6708\u7d93\u662f\u6253\u91dd\u6216\u662f\u9760\u5916\u529b\u53bb\u5f04\u7684\u5566"}, {"type": 1, "id": "leeshengfen", "content": ": \u5e0c\u671b\u5979\u5011\u6d3b\u4e45\u4e00\u9ede\uff0c\u4e0d\u7136\u5c0f\u5b69\u597d\u53ef\u6190"}, {"type": 1, "id": "smonke", "content": ": \u4ee5\u5f8c\u6709\u5370\u5ea6\u4eba\u7dda\u4e0a\u6253\"\u6211\u963f\u7f75\u8981\u751f\u4e86\"..."}, {"type": 1, "id": "qa1122z", "content": ": \u5370\u5ea6\u4eba\u8d85\u72c2\uff0c\u4e0d\u7ba1\u7537\u5973"}, {"type": 1, "id": "iyawen", "content": ": \u592a\u731b\u4e86\u5427"}, {"type": 1, "id": "lavign", "content": ": \u4e4b\u524d\u4e5f\u6709\u8001\u5a46\u751f\u4e0d\u51fa\u5b69\u5b50 55\u6b72\u5cb3\u6bcd\u4ee3\u5b55"}, {"type": 0, "id": "bingreen", "content": ": \u72c2"}, {"type": 1, "id": "oqangeloq", "content": ": \u61c9\u8a72\u8981\u6709\u5225\u4eba\u5e6b\u7167\u9867\u9019\u5bb6\u5ead\u5427..\u9084\u8981\u628a"}, {"type": 0, "id": "oqangeloq", "content": ": \u5c0f\u5b69\u990a\u5927\u8036"}, {"type": 1, "id": "nash3000", "content": ": \u9019\u592a\u626f"}, {"type": 1, "id": "zoelysai", "content": ": \u771f\u6b63\u7684\u7528\u751f\u547d\u5275\u9020\u751f\u547d"}, {"type": 0, "id": "gwenwoo", "content": ":  \u8b8a\u614b\u570b\u5bb6"}], "post_ip": "1.160.50.170", "post_content": "\n1.\u5a92\u9ad4\u4f86\u6e90:\n\n\u81ea\u7531\u6642\u5831\n\n2.\u8a18\u8005\u7f72\u540d\n\n\u5916\u5a92\n\u6d88\u606f\u4f86\u6e90\uff1aBBC\uff0cCNN\uff0c\u93e1\u5831(\u82f1\u570b\u5a92\u9ad4)\n\n3.\u5b8c\u6574\u65b0\u805e\u6a19\u984c:\n\n\u5168\u7403\u6700\u9ad8\u9f61\u7522\u5a66\uff01\u5370\u5ea674\u6b72\u5a66\u4eba\u751f\u4e0b\u96d9\u80de\u80ce\n\n4.\u5b8c\u6574\u65b0\u805e\u5167\u6587:\n\n\u5168\u7403\u6700\u9ad8\u9f61\u7522\u5a66\uff01\u5370\u5ea674\u6b72\u5a66\u4eba\u751f\u4e0b\u96d9\u80de\u80ce\n2019-09-06 16:27\n\n019-09-06 16:27\n\u3014\u5373\u6642\u65b0\u805e\uff0f\u7d9c\u5408\u5831\u5c0e\u3015\u5370\u5ea6\u4e00\u540d74\u6b72\u7684\u9ad8\u9f61\u5a66\u5973\u8207\u4e08\u592b\u7d50\u5a5a57\u5e74\uff0c\u9072\u9072\u7121\u6cd5\u61f7\u5b55\uff0c\u53bb\u5e74\n\u958b\u59cb\u5617\u8a66\u4eba\u5de5\u6388\u7cbe\uff0c\u9806\u5229\u5728\u4eca\u5e74\u521d\u6210\u529f\u61f7\u5b55\uff0c\u5979\u65e5\u524d\u7522\u4e0b\u4e00\u5c0d\u96d9\u80de\u80ce\uff0c\u6210\u70ba\u5168\u4e16\u754c\u6700\u9ad8\u9f61\n\u7684\u7522\u5a66\u3002\n\n\u64da\u300a\u93e1\u5831\u300b\u5831\u5c0e\uff0c74\u6b72\u7684\u66fc\u52a0\u4e9e\u746a\uff08Erramatti Mangayamma\uff09\u548c80\u6b72\u7684\u4e08\u592b\u7d50\u5a5a\u4ee5\u4f86\uff0c\u4e00\n\u76f4\u7121\u6cd5\u61f7\u5b55\uff0c\u800c\u5979\u4e5f\u5df2\u904e\u4e86\u66f4\u5e74\u671f\uff0c\u67d0\u5929\u4ed6\u5011\u767c\u73fe\uff0c55\u6b72\u7684\u9130\u5c45\u5229\u7528\u8a66\u7ba1\u6210\u529f\u53d7\u5b55\uff0c\u8b93\u66fc\n\u52a0\u4e9e\u746a\u8e8d\u8e8d\u6b32\u8a66\uff0c\u7d42\u65bc\u5728\u4eca\u5e741\u6708\u61f7\u4e86\u96d9\u80de\u80ce\uff0c\u6700\u5f8c\u5728\u751f\u6b96\u91ab\u5b78\u4e2d\u5fc3\u5256\u8179\u7522\u4e0b\u4e00\u5c0d\u5973\u5b30\u3002\n\nhttps://img.ltn.com.tw/Upload/liveNews/BigPic/600_phpF9RQka.jpg\n\u66fc\u52a0\u4e9e\u746a\u8207\u4e08\u592b\u559c\u8fce\u96d9\u80de\u80ce\u3002\uff08\u5716\u64f7\u81eaPaul Oommen\u63a8\u7279\uff09\n\n\u91ab\u5e2b\u70cf\u746a\u73ca\uff08Umashankar\uff09\u8868\u793a\uff0c\u7576\u6642\u91ab\u9662\u5f97\u77e5\u66fc\u52a0\u4e9e\u746a\u60f3\u5617\u8a66\u4eba\u5de5\u6388\u7cbe\uff0c\u6c7a\u5b9a\u8d0a\u52a9\u5979\u90e8\n\u5206\u8cbb\u7528\uff0c\u52a9\u5979\u5b8c\u6210\u5922\u60f3\uff0c\u5e78\u904b\u7684\u662f\uff0c\u66fc\u52a0\u4e9e\u746a\u5728\u7b2c1\u500b\u7d93\u671f\u5c31\u6210\u529f\u53d7\u5b55\u3002\n\n\u56e0\u5982\u6b64\u9ad8\u9f61\u751f\u7522\u6975\u70ba\u5c11\u898b\uff0c\u6240\u4ee5\u91ab\u9662\u8981\u6c42\u66fc\u52a0\u4e9e\u746a\u5f9e\u61f7\u5b55\u521d\u671f\uff0c\u5c31\u4f4f\u5728\u91ab\u9662\u4ee5\u907f\u514d\u5176\u4ed6\u4f75\n\u767c\u75c7\u3002\u76f8\u95dc\u79d1\u5225\u7684\u91ab\u5e2b\u4e5f\u5168\u5929\u5019\u5f85\u547d\uff0c\u6700\u5f8c\u5728\u9810\u7522\u671f\u5167\u66ff\u5979\u5256\u8179\u3002\u91ab\u751f\u8868\u793a\uff0c\u4e4b\u5f8c\u6703\u7531\u6bcd\n\u4e73\u9280\u884c\u63d0\u4f9b\u6bcd\u4e73\uff0c\u8b93\u7121\u6cd5\u5206\u6ccc\u4e73\u6c41\u7684\u66fc\u52a0\u4e9e\u746a\u4e0d\u7528\u64d4\u5fc3\u54fa\u4e73\u554f\u984c\u3002\n\n5.\u5b8c\u6574\u65b0\u805e\u9023\u7d50 (\u6216\u77ed\u7db2\u5740):\n\nhttps://news.ltn.com.tw/news/world/breakingnews/2907934\n\n6.\u5099\u8a3b:\n\n\u963f\u5a46\u771f\u7684\u751f\u5b50\u5566.....\n\n--\n"}