{"ptt_id": "Sargasso", "post_url": "https://www.ptt.cc/bbs/Gossiping/M.1565022528.A.14E.html", "post_type": "\u554f\u5366", "post_title": "\u4e00\u82b3\u4e8b\u4ef6\u662f\u4e0d\u662f\u8b49\u660e\u7121\u6cd5\u5169\u908a\u8a0e\u597d??", "post_time": "2019-08-06 00:28:46", "post_score": 83, "post_pushes": [{"type": 1, "id": "words2012", "content": ": \u5176\u5be6\u9019\u4e5f\u8981 \u6d88\u8cbb\u8005\u662f\u7406\u6027\u7684"}, {"type": 0, "id": "words2012", "content": ": \u4e0d\u8981\u56e0\u70ba\u7acb\u5834 \u5c31\u53bb\u62b5\u5236\u98f2\u6599\u5e97 \u9019\u5f88\u5947\u602a"}, {"type": 1, "id": "dreamdds", "content": ": \u554f\u67efseafood"}, {"type": 0, "id": "birdy590", "content": ": \u53c8\u6c92\u4eba\u8981\u4ed6\u8868\u614b"}, {"type": 0, "id": "aisitelu", "content": ": \u53f0\u7063\u4eba\u6c11\u662f\u5065\u5fd8\u7684 \u98a8\u982d\u904e\u4e86\u7e7c\u7e8c\u8cb7"}, {"type": 0, "id": "birdy590", "content": ": \u60f3\u6b7b\u7684\u6211\u5011\u5c31\u9001\u4ed6\u4e00\u7a0b \u505a\u597d\u4e8b"}, {"type": 0, "id": "words2012", "content": ": \u62b5\u5236\u98f2\u6599\u5e97 \u662f\u56e0\u70ba\u98df\u5b89\u8207\u597d\u559d \u4f86\u8003\u91cf"}, {"type": 1, "id": "MDdogbear", "content": ": \u6c92\u4e8b\u4e56\u4e56\u4f5c\u751f\u610f \u5e79\u561b\u8868\u614b \u6d3b\u8a72"}, {"type": 0, "id": "stellvia2359", "content": ": \u672c\u4f86\u5c31\u8a72\u62b5\u5236"}, {"type": 0, "id": "words2012", "content": ": \u7528\u653f\u6cbb\u7acb\u5834 \u4f86\u62b5\u5236\u98f2\u6599\u5e97 \u9019\u662f\u932f\u7684"}, {"type": 1, "id": "okah", "content": ": \u4e0d\u6703\u554a\u516b\u65b9\u4e0d\u5c31\u6280\u5de7\u6027\u8aaa\u54e1\u5de5\u8a13\u7576\u5929\u4f11\u606f"}, {"type": 1, "id": "wwwwwwww852", "content": ": \u90a3\u4e00\u82b3\u6709\u597d\u559d\u5230\u4e0d\u7528\u62b5\u5236\u55ce"}, {"type": 0, "id": "Bschord", "content": ": \u4e3b\u52d5vs\u88ab\u52d5 \u9084\u6709\u4ee5\u5f80\u7684\u8a00\u884c"}, {"type": 0, "id": "stellvia2359", "content": ": \u90a3\u4f60\u98f2\u6599\u5e97\u5e79\u561b\u653f\u6cbb\u8868\u614b\uff1f \u67d0\u4eba\u4e0d"}, {"type": 0, "id": "fakejoker", "content": ": \u89ba\u5f97\u6709\u5176\u4ed6\u66f4\u597d\u7684\u9078\u64c7 \u9019\u6a23\u9084\u4e0d\u5920\u7406\u6027"}, {"type": 0, "id": "stellvia2359", "content": ": \u7528\u518d\u6d17\u4e86\uff0c\u6c92\u5c4c\u7528"}, {"type": 0, "id": "fakejoker", "content": ": \uff1f"}, {"type": 1, "id": "Leeheaven", "content": ": \u7d50\u679c\u7da0\u885b\u5175\u53cd\u904e\u982d\u9b25\u81ea\u5df1\u53f0\u7063\u4eba\u52a0\u76df\u5e97"}, {"type": 1, "id": "nk", "content": ": HTC\u65e9\u5c31\u8b49\u660e\u9019\u9ede\u4e86...."}, {"type": 0, "id": "Bschord", "content": ": \u6709\u8166\u7684\u4eba\u6703\u81ea\u5df1\u505a\u5224\u65b7"}, {"type": 1, "id": "words2012", "content": ": \u8868\u614b\u662f\u8b1b\u7d66\u5171\u7522\u9ee8\u807d\u7684 \u9019\u662f\u81ea\u4fdd"}, {"type": 0, "id": "hchs31705", "content": ": \u5169\u908a\u8a0e\u597d\u6700\u5f8c\u90fd\u662f\u56de\u5230\u5176\u4e2d\u4e00\u908a"}, {"type": 1, "id": "windfeather", "content": ": \u4e0d\u8868\u614b\uff0c\u5176\u5be6\u591a\u6578\u4eba\u4e0d\u6703\u53cd\u611f"}, {"type": 0, "id": "words2012", "content": ": \u79d2\u8cb7\u79d2\u9000 \u662f\u6211\u4e00\u76f4\u53cd\u5c0d\u7684"}, {"type": 1, "id": "judasprist", "content": ": \u667a\u969c\u554a \u6839\u672c\u6c92\u4eba\u8981\u4ed6\u5011\u8868\u614b"}, {"type": 1, "id": "momocom", "content": ": \u4e0a\u51b0\u4f10\u8b00"}, {"type": 0, "id": "words2012", "content": ": \u56e0\u70ba\u6797\u9cf3\u71df\u771f\u7684\u54c1\u8cea\u597d"}, {"type": 1, "id": "MisuzuXD", "content": ": \u4e09\u89d2\u5f62\u756b\u8d77\u4f86"}, {"type": 1, "id": "popgsct", "content": ": \u6c92\u4eba\u903c\u9084\u81ea\u5df1\u8dd1\u53bb\u8dea\u8214 \u81ea\u627e\u7684"}, {"type": -1, "id": "forelsket", "content": ": \u6709\u4eba\u903c\u8457\u8868\u614b \u4e0d\u6703\u602a\u4ed6 \u4f46wtf\uff1f\u4e3b\u52d5\u8dea"}, {"type": 1, "id": "gh34163", "content": ": \u6c92\u95dc\u4fc2 \u67ef\u6709\u9f9c\u5b6b\u5b50\u5175\u6cd5 \u4e09\u89d2\u5f62\u756b\u8d77\u4f86"}, {"type": 1, "id": "lili300", "content": ": \u5c31\u8ddf\u4f60\u8aaa\u4e09\u89d2\u5f62\u662f\u4e0d\u7a69\u5b9a\u7684\u60f9"}, {"type": 0, "id": "forelsket", "content": ": \u8214\u6709\u5920\u5641 \u4f59\u6587\u6a02\u5247\u662f\u88ab\u903c\u8457\u8868\u614b\u4e0d\u4e00\u6a23"}, {"type": 0, "id": "KCKCLIN", "content": ": \u67ef\u6587\u54f2\u85cd\u7da0\u90fd\u7121\u6cd5\u8a0e\u597d\u60f9 \u9084\u4e2d\u7f8eXD"}, {"type": 1, "id": "deep5566", "content": ": \u5047\u5982\u90fd\u5225\u78b0\u662f\u6700\u597d \u842c\u4e00\u50cf\u4eca\u5929\u9019\u6a23.."}, {"type": 1, "id": "birdy590", "content": ": \u4e0d\u7528\u79d2\u8cb7\u79d2\u9000\u9019\u9ebc\u9ebb\u7169 \u76f4\u63a5\u4e0d\u8cb7\u5c31\u597d"}, {"type": 0, "id": "deep5566", "content": ": SOP\u53ea\u80fd\u652f\u6301\u4e00\u570b\u5169\u5236 \u6211\u662f\u8001\u95c6\u4e5f\u9019\u6a23\u5e79"}, {"type": 0, "id": "deep5566", "content": ": \u4f60\u4e0d\u9019\u6a23\u8868\u614b \u4e2d\u570b\u4f60\u751f\u610f\u505a\u4e0d\u4e0b\u53bb \u53f0\u7063"}, {"type": 0, "id": "birdy590", "content": ": \u8336\u8216\u591a\u5982\u725b\u6bdb \u6839\u672c\u6c92\u5dee\u4ed6\u4e00\u5bb6"}, {"type": 0, "id": "richard42", "content": ": \u8981\u5148\u770b\u9999\u6e2f\u7e3d\u4ee3\u7406\u8ddf\u53f0\u7063\u7e3d\u90e8\u5408\u7d04\u600e\u7c3d"}, {"type": 0, "id": "forelsket", "content": ": \u79d2\u8cb7\u79d2\u9000\u662f\u5728\u6574\u5e97\u54e1\u5427..."}, {"type": 0, "id": "deep5566", "content": ": \u81f3\u5c11\u662f\u6cd5\u6cbb \u9802\u591a\u88ab\u4e00\u4e9b\u4eba\u62b5\u5236 \u6211\u9084\u80fd\u6d3b"}, {"type": 0, "id": "richard42", "content": ": \u8aaa\u4e0d\u5b9a\u5408\u7d04\u4e0a\u9999\u6e2f\u7e3d\u4ee3\u7406\u4e0d\u7528\u9ce5\u7e3d\u90e8\u963f"}, {"type": 0, "id": "birdy590", "content": ": \u6839\u672c\u6c92\u4eba\u8981\u4ed6\u8868\u614b \u6240\u4ee5\u7b97\u662f\u81ea\u6bba"}, {"type": 1, "id": "words2012", "content": ": \u67ef\u6587\u54f2\u7576\u7e3d\u7d71\u6551\u53f0\u7063\u597d\u4e0d\u597d!!!"}, {"type": 0, "id": "birdy590", "content": ": \u53f0\u7063\u751f\u610f\u6c92\u90a3\u9ebc\u597d\u505a \u8b93\u4f60\u751f\u610f\u5c11\u500b\u5e7e\u6210"}, {"type": 0, "id": "forelsket", "content": ": Coco \u73cd\u716e\u4e39\u9999\u6e2f\u4e5f\u6709\u554a \u4e00\u82b3\u662f\u5728\u6025\u4ec0"}, {"type": 0, "id": "words2012", "content": ": \u6211\u5c31\u4e0d\u53ef\u80fd\u56e0\u70ba\u7acb\u5834 \u53bb\u62b5\u5236\u9910\u98f2\u5e97"}, {"type": 0, "id": "KEYSOLIDER", "content": ": \u79d1\u5e2b\u5085\u4e5f\u662f\u60f3\u9019\u6a23"}, {"type": 0, "id": "heyd", "content": ": \u8b49\u660e\u5546\u4eba\u7121\u7956\u570b \u6709\u5976\u4fbf\u662f\u5a18"}, {"type": 0, "id": "birdy590", "content": ": \u9084\u80fd\u8cfa \u6c92\u4e8b\u90fd\u6709\u958b\u5230\u6536\u6389\u7684"}, {"type": 0, "id": "forelsket", "content": ": \u6c92\u5dee\u53f0\u7063\u4eba\u559d\u4e0d\u8d77\u4f60\u7684\u98f2\u6599"}, {"type": 0, "id": "words2012", "content": ": \u9910\u98f2\u91cd\u9ede \u7d42\u7a76\u662f\u98df\u5b89"}, {"type": 0, "id": "birdy590", "content": ": \u5c11\u4e09\u6210\u4fdd\u8b49\u6b7b\u4e00\u7247 \u6e96\u5099\u63db\u516c\u53f8\u5427"}, {"type": 0, "id": "forelsket", "content": ": \u4e5f\u662f \u53f0\u7063\u54c1\u724c\u4e3b\u52d5\u8dea\u8214 \u5c0d\u67d0\u4e9b\u4eba\u4f86\u8aaa"}, {"type": 1, "id": "sowulo", "content": ": \u98f2\u6599\u5e97\u6eff\u5730\u90fd\u662f \u9019\u5bb6\u6c92\u7279\u5225\u597d\u559d\u4e5f\u6c92\u7279\u5225\u4fbf"}, {"type": 0, "id": "words2012", "content": ": \u516b\u6708\u6211\u8981\u770b\u770b\u53f0\u7063\u6d88\u8cbb\u8005 \u662f\u4e0d\u662f\u7406\u6027\u7684"}, {"type": 0, "id": "sowulo", "content": ": \u5b9c \u8ab0\u501f\u4ed6\u7684\u52c7\u6c23\u8868\u614b\u7684\u5440"}, {"type": 1, "id": "seazure2016", "content": ": \u5947\u602a\u4e86 \u4e00\u82b3\u81ea\u5df1\u8981\u626f\u653f\u6cbb\u7acb\u5834  \u800c\u4e14"}, {"type": 0, "id": "forelsket", "content": ": \u6839\u672c\u7121\u611f \u5475\u5475 \u53f0\u7063\u4eba\u8d85\u53ef\u60b2"}, {"type": 0, "id": "seazure2016", "content": ": \u9084\u662f\u5728\u9999\u6e2f\u9019\u6a23\u7684\u8655\u5883\u4e0b\u70ba\u4e86\u81ea\u5df1\u7684"}, {"type": 0, "id": "seazure2016", "content": ": \u5229\u76ca\u843d\u4e95\u4e0b\u77f3 \u70ba\u4ec0\u9ebc\u8981\u4e0d\u80fd\u553e\u68c4\uff1f"}, {"type": 0, "id": "birdy590", "content": ": \u5c0d\u52a0\u76df\u696d\u8005\u7576\u7136\u5f88\u6b98\u9177 \u4e5f\u6c92\u8fa6\u6cd5"}, {"type": 0, "id": "words2012", "content": ": \u5982\u679c\u4e00\u82b3\u751f\u610f\u4e0b\u6ed1 \u8b49\u660e\u6d88\u8cbb\u8005\u662f\u5f88\u5947\u602a"}, {"type": 1, "id": "borntoeat", "content": ": \u85dd\u4eba\u4e0d\u4e5f\u662f\u55ce\uff1f\uff08\u6c92\u6709\u4eba\u5169\u908a\u8a0e\u597d\u6210\u529f"}, {"type": 0, "id": "borntoeat", "content": ": \u7684\u5427...\uff09"}, {"type": 1, "id": "forelsket", "content": ": \u653f\u6cbb\u8ddf\u7d93\u6fdf\u672c\u4f86\u5c31\u4e0d\u80fd\u5207\u5272"}, {"type": 0, "id": "birdy590", "content": ": \u4e00\u9ede\u4e5f\u4e0d\u5947\u602a \u81f3\u5c11\u5225\u60f3\u518d\u505a\u6211\u7684\u751f\u610f"}, {"type": 0, "id": "forelsket", "content": ": \u6d88\u8cbb\u8005\u54ea\u88e1\u602a"}, {"type": 0, "id": "forelsket", "content": ": \u786c\u5207\u5272\u7684 \u5c0d\u4e16\u9593\u842c\u7269\u4e5f\u7121\u611f\u5427"}, {"type": 1, "id": "words2012", "content": ": \u653f\u6cbb\u6b78\u653f\u6cbb \u98f2\u98df\u6b78\u98f2\u98df \u9019\u662f\u5f88\u57fa\u672c\u7684"}, {"type": 0, "id": "words2012", "content": ": \u9053\u7406 \u5e0c\u671b\u9019\u6b21\u6d88\u8cbb\u8005\u7406\u6027\u9ede \u4e0d\u8981\u62b5\u5236"}, {"type": 0, "id": "forelsket", "content": ": \u85dd\u4eba\u8981\u770b\u662f\u54ea\u7a2e \u88ab\u8feb\uff08\u5b50\u745c\uff09\u4e3b\u52d5\uff08\u8cf4"}, {"type": 0, "id": "birdy590", "content": ": \u90a3\u689d\u8857\u4e0a\u4e03\u516b\u5bb6\u8336\u8216 \u7b49\u8457\u770b\u5b83\u639b"}, {"type": 0, "id": "forelsket", "content": ": \u51a0\u9716\uff09"}, {"type": 1, "id": "thirtyto", "content": ": 4"}, {"type": 1, "id": "KA", "content": ": \u4e00\u76f4\u5728\u90a3\u908a\u8b1b\u4ec0\u9ebc\u653f\u6cbb\u6b63\u78ba\u7684\u5ee2\u8a71\u3002\u7406\u6027\u662f\u9019\u6a23"}, {"type": 0, "id": "forelsket", "content": ": \u9019\u4e0d\u662f\u5f88\u57fa\u672c\u7684\u9053\u7406 \u5efa\u8b70\u770b\u770b\u7d93\u6fdf\u671f\u520a"}, {"type": 0, "id": "KA", "content": ": \u4f7f\u7528\u7684\u55ce\uff1f"}, {"type": 0, "id": "forelsket", "content": ":  \u653f\u6cbb\u8ddf\u7d93\u6fdf\u4e0d\u80fd\u5207\u5272\u662f\u9023\u6210\u4e00\u9ad4\u7684\u9084\u6709"}, {"type": 0, "id": "charmingpink", "content": ": \u53cd\u6b63\u6211\u4e0d\u559d \u7ba1\u4ed6\u4e00\u5e97\u5169\u5236"}, {"type": -1, "id": "melic", "content": ": \u98f2\u6599\u6b78\u98f2\u6599 \u653f\u6cbb\u6b78\u653f\u6cbb\u5566 \u5abd\u7684\u767d\u7661\u5409\u5a03\u5a03"}, {"type": 0, "id": "forelsket", "content": ": \u653f\u6cbb\u7d93\u6fdf\u5b78\u77e5\u9053\u55ce \u7b11\u6b7b \u8b1b\u5ee2\u8a71\u8b1b\u5f97\u982d\u982d"}, {"type": 1, "id": "Custody", "content": ": words2012 \u8a72\u4e0d\u6703\u662f\u4f86\u91e3\u9b5a\u7684\u5427?"}, {"type": 0, "id": "forelsket", "content": ": \u662f\u9053"}, {"type": 0, "id": "KA", "content": ": \u770b\u4e0d\u723d\u9084\u4e0d\u80fd\u4e0d\u8cb7\u5594\uff1f"}, {"type": 0, "id": "forelsket", "content": ": \u4e0d\u53ef\u80fd\u5207\u5272\u7684\u597d\u55ce\u6709\u8b80\u66f8\uff1f"}, {"type": 1, "id": "kps1247", "content": ": \u8ab0\u53eb\u4ed6\u5011\u81ea\u5df1\u8981\u4e3b\u52d5\u767c\u8072 \u81ea\u5df1\u71d2\u7684\u602a\u8ab0"}, {"type": 0, "id": "forelsket", "content": ": \u5ddd\u666e\u767c\u689d\u63a8\u7279\u80a1\u5e02\u5c31\u9707\u76ea\u9084\u5728\u90a3\u908a\u653f\u6cbb\u6b78"}, {"type": 0, "id": "forelsket", "content": ": \u653f\u6cbb \u7d93\u6fdf\u6b78\u7d93\u6fdf \u7b11\u6b7b\u4e86"}, {"type": 1, "id": "tolajan", "content": ": \u4f60\u4ee5\u70ba\u662f\u67ef\u8759\u8760\u5537"}, {"type": 1, "id": "birdy590", "content": ": \u653f\u6cbb\u6b78\u653f\u6cbb \u9019\u8a71\u7559\u8457\u81ea\u5df1\u8ddf\u4e00\u82b3\u8aaa"}, {"type": 1, "id": "illegalmad", "content": ": 4 \u5c0f\u6ce2\u6d6a\u800c\u5df2"}, {"type": 1, "id": "tom50512", "content": ": \u7b49\u4e0b \u6211\u5148\u53bb\u756b\u4e09\u89d2\u5f62\u518d\u544a\u8a34\u4f60"}, {"type": 1, "id": "yujhih", "content": ": \u53c8\u662f\u90a3\u5957\u653f\u6cbb\u6b78\u653f\u6cbb xx\u6b78xx\u7684\u721b\u7406\u8ad6 \u9084\u6c92"}, {"type": 0, "id": "yujhih", "content": ": \u8a8d\u6e05\u6839\u672c\u5206\u4e0d\u958b\u55ce\uff1f"}, {"type": 1, "id": "Kosmosinsel", "content": ": \u81ea\u5df1\u8df3\u51fa\u4f86\u8a0e\u6253\u6c92\u807d\u904e\u9019\u7a2e\u8981\u6c42"}, {"type": 1, "id": "OverInfinity", "content": ": \u5feb\u53bb\u554f\u5e2b\u7236 \u4ed6\u6700\u64c5\u9577\u5169\u908a\u8a0e\u597d"}, {"type": 0, "id": "ginobili62", "content": ": \u672c\u4f86\u5c31\u662f\uff0c\u4f60\u770b\u67ef\u57fa\u72ac\uff0c\u73fe\u5728\u80e1\u8a00\u4e82\u8a9e"}, {"type": 0, "id": "ginobili62", "content": ": \uff0c\u53ea\u5269\u4e0b\u767d\u75f4\u7c89\u7d72\u5728\u652f\u6301\u800c\u5df2"}, {"type": 0, "id": "Kosmosinsel", "content": ": \u653f\u6cbb\u9f9c\u653f\u6cbb \u4e0d\u51c6\u81ea\u7531\u884c"}, {"type": 1, "id": "birdy590", "content": ": \u73fe\u5728\u662f\u7d93\u71df\u8005\u628a\u53f0\u7063\u52a0\u76df\u5e97\u51fa\u8ce3\u4e86"}, {"type": 1, "id": "Error7", "content": ": \u6c92\u5148\u8ddf\u67ef\u5e2b\u7236\u5b78\u7fd2"}, {"type": 0, "id": "Kosmosinsel", "content": ": \u4ee5\u5fb7\u5831\u6028 \u8822\u4eba\u662f\u4f60"}, {"type": 0, "id": "birdy590", "content": ": \u5c0d\u6d88\u8cbb\u8005\u800c\u8a00 \u53f0\u7063\u6709\u5e7e\u5341\u500b\u9023\u9396\u53ef\u9078"}, {"type": 0, "id": "birdy590", "content": ": \u53ea\u8981\u4e00\u90e8\u5206\u4eba\u56e0\u70bakimochi\u4e0d\u8cb7"}, {"type": 0, "id": "birdy590", "content": ": \u54ea\u88e1\u9084\u6709\u4e0d\u6b7b\u7684\u9053\u7406"}, {"type": 1, "id": "awheaton311", "content": ": \u53f0\u7063\u52a0\u76df\u4e3b\u6700\u8667 \u83ab\u540d\u4e2d\u69cd"}, {"type": 1, "id": "seanidiot", "content": ": \u554f\u554f\u4ed6\u8001\u5a46\u9858\u4e0d\u9858\u610f\u8b93\u4ed6\u5169\u908a\u8a0e\u597d\u518d\u8aaa"}, {"type": 0, "id": "awheaton311", "content": ": \u4e5f\u4e0d\u6703\u7279\u5225\u62b5\u5236 \u4e00\u82b3\u672c\u4f86\u5c31\u5c11\u559d\u4e86"}, {"type": -1, "id": "a963", "content": ": \u67d0\u6a13\u662f\u667a\u969c\uff1f"}, {"type": 1, "id": "McFc", "content": ": \u4e8b\u5be6 http://i.imgur.com/IfOAL0U.jpg"}, {"type": 1, "id": "mra2284", "content": ": \u7e3d\u662f\u6709\u4eba\u5b78\u4e0d\u4e56 \u89ba\u5f97\u81ea\u5df1\u6700\u7279\u5225\u53ef\u4ee5\u5016\u514d"}, {"type": 0, "id": "mra2284", "content": ":  \u770b\u770bHTC\u5427"}, {"type": 1, "id": "wwwwwwww852", "content": ": \u53c8\u518d\u653f\u6cbb\u6b78\u653f\u6cbb \u9019\u9ebc\u4e0d\u6562\u9762\u5c0d\u5594 \u771f"}, {"type": 0, "id": "wwwwwwww852", "content": ": \u50cf\u500b\u4e2d\u570b\u4eba"}, {"type": 1, "id": "fu456o4", "content": ": \u7b11\u6b7b \u53ea\u6709\u67ef\u7cde\u90a3\u7a2e\u6c34\u6e96\u7684\u4eba\u624d\u89ba\u5f97\u53ef\u4ee5"}, {"type": 0, "id": "OLafk", "content": ": 1\u6a13\u4f60\u5728\u8b1b\u751a\u9ebc\u6771\u897f"}, {"type": 1, "id": "meowgy", "content": ": \u767d\u5e2b\u7236\u53ef\u4e0d\u9019\u6a23\u8a8d\u70ba"}, {"type": 1, "id": "lkdsa", "content": ": \u53f0\u7063\u4eba\u771f\u7684\u53ef\u60b2\uff0c\u4e2d\u570b\u62b5\u5236\u5c31\u6709\u7528\u53f0\u7063\u4eba\u6839"}, {"type": 0, "id": "lkdsa", "content": ": \u672c\u4e0d\u5718\u7d50\u5e79"}, {"type": 1, "id": "sGuitar", "content": ": \u6c38\u9060\u4e0d\u8981\u53bb\u6aa2\u8a0e\u5e02\u5834\u8ddf\u6d88\u8cbb\u8005\uff0c\u505a\u751f\u610f\u9084\u4e0d"}, {"type": 0, "id": "sGuitar", "content": ": \u61c2\u9019\u500b\u9053\u7406\u554a\uff1f"}, {"type": 0, "id": "sGuitar", "content": ": W\u5927,\u4f60\u7684\u60f3\u6cd5\u7559\u7d66\u81ea\u5df1\u53bb\u81ea\u6170\u5427"}, {"type": 1, "id": "NrQ", "content": ": \u4ed6\u5176\u5be6\u4e0d\u7528\u8868\u614b\u7684\uff0c\u4e5f\u6c92\u4eba\u903c\u4ed6\u5011\u8868\u614b"}, {"type": 0, "id": "cylinptt", "content": ": \u81ea\u4fdd\u662f\u4e09\u5c0f\uff0c\u73fe\u5728\u662f\u4e0d\u8868\u614b\u5c31\u8981\u88ab\u7838\u5e97\u4e86"}, {"type": 0, "id": "cylinptt", "content": ": \u55ce\uff1f\u90a3\u53ea\u6703\u51f8\u986f\u4e2d\u5171\u7d71\u6cbb\u7684\u5340\u57df\u662f\u6c92\u6709\u6cd5"}, {"type": 0, "id": "cylinptt", "content": ": \u6cbb\u7684"}, {"type": 0, "id": "shawncarter", "content": ": 4"}, {"type": 1, "id": "sam731215", "content": ": \u767d\u7661\u624d\u6703\u8aaa\u4ec0\u9ebc\u653f\u6cbb\u6b78\u653f\u6cbb\uff0c\u7f8e\u4e2d\u7d93\u6fdf\u6230"}, {"type": 0, "id": "sam731215", "content": ": \u90fd\u6253\u6210\u9019\u6a23\uff0c\u7121\u77e5\u5c31\u7b97\u4e86\u9023\u65b0\u805e\u90fd\u4e0d\u770b"}, {"type": -1, "id": "yushes920179", "content": ": \u4ec0\u9ebc\u6642\u5019\u5b58\u5728\u904e"}, {"type": -1, "id": "jun1981", "content": ":     \u4e09\u89d2\u5f62\u4f60\u662f\u756b\u4e86\u6c92  \u67ef\u5b78\u4f60\u61c2?"}, {"type": 1, "id": "moike22", "content": ": \u7e3d\u662f\u6709\u4eba\u5b78\u4e0d\u4e56\uff0c\u4e0b\u53bb\u63a2\u89aa\u5427\uff0c\u5e0c\u671b\u652f\u6301\u9999"}, {"type": 0, "id": "moike22", "content": ": \u6e2f\u7684\u52a0\u76df\u4e3b\u5011\u90fd\u80fd\u627e\u5230\u597d\u7684\u54c1\u724c"}, {"type": 0, "id": "victoryexiar", "content": ": \u4eca\u5929\u624d\u770b\u5230\u6709\u4eba\u767c\u5716\uff0c\u524d\u4e00\u79d2\u8aaa\u653f\u6cbb"}, {"type": 0, "id": "victoryexiar", "content": ": \u4e2d\u7acb\u4e0d\u8868\u614b\uff0c\u4e0b\u4e00\u79d2\u652f\u6301\u4e00\u570b\u5169\u5236\uff0c"}, {"type": 0, "id": "victoryexiar", "content": ": \u771f\u7684\u662f\u8af7\u523a"}, {"type": -1, "id": "eas06u4", "content": ": \u6211\u82b1\u9322\u559d\u7cd6\u6c34\u5c31\u662f\u8981\u559d\u723d\u7684\u3002\u6211\u82b1\u9322\u559d\u4e00\u500b"}, {"type": 0, "id": "eas06u4", "content": ": \u4e3b\u52d5\u8214\u5171\u7684\u5e79\u561b"}, {"type": 1, "id": "yzvr", "content": ": \u4e0d\u8981\u56e0\u70ba\u653f\u6cbb\u7acb\u5834\u62b5\u5236\uff1f\u5fb7\u570b\u7d0d\u7cb9\u8868\u793a\uff1f\u6b50\u7f8e"}, {"type": 0, "id": "yzvr", "content": ": \u771f\u662f\u91ce\u883b\uff0c\u9023\u652f\u6301\u7d0d\u7cb9\u90fd\u4e0d\u884c\uff01"}, {"type": -1, "id": "s1492c026", "content": ": \u90fd\u81ea\u5df1\u8868\u614b\u4e86\uff0c\u6d88\u8cbb\u8005\u6709\u903c\u5b83\u55ce\uff1f"}, {"type": 0, "id": "ken0062", "content": ": \u516c\u958b\u652f\u6301\u67d0\u4e00\u908a\u53eb\u5169\u908a\u8a0e\u597dXDDD \u8d85\u597d\u7b11"}, {"type": 1, "id": "JDraxler", "content": ": \u4e00\u82b3\u5f88\u591a\u6587\u9752\u8cb7\u5427\uff0c\u9019\u7fa4\u4eba\u7684\u653f\u6cbb\u7acb\u5834www"}, {"type": 1, "id": "Aurorra", "content": ": \u4e00\u6a13\u932f\u4e82\uff1f\u53e6\u5916\u56de\u6a13\u4e0a\uff0c\u5b83\u4e0d\u662f\u53ea\u633a\u4e00\u908a\uff0c"}, {"type": 0, "id": "Aurorra", "content": ": \u662f\u5fae\u535a\u633a\u4e86\u4f46\u53f0\u7063\u7e3d\u516c\u53f8\u516c\u95dc\u8aaa\u5fae\u535a\u4e0d\u662f\u4ed6"}, {"type": 0, "id": "Aurorra", "content": ": \u5011\u767c\u7684\u6587\u60f3\u7de9\u9830\uff0c\u7d50\u679c\u6b63\u5f0f\u8072\u660e\u7a3f\u90fd\u4e0d\u6562\u767c"}, {"type": 0, "id": "Aurorra", "content": ": \uff0c\u9019\u4e0d\u5c31\u662f\u60f3\u5169\u908a\u8a0e\u597d\u55ce"}, {"type": 1, "id": "adminc", "content": ": \u5e79\u4f60\u5a18\u8214\u652f\u90a3\u5171\u532a\u7684\u7121\u6065\u4e0b\u6d41\u96de\u63b0\u53f0\u7063\u8ce4\u755c"}, {"type": 1, "id": "Innes", "content": ": \u662f"}, {"type": 1, "id": "lmcoming", "content": ": \u8a8d\u771f\u554f\u67ef\u7c89\u53ef\u4ee5\u51fa\u4f86\u6559\u6211\u9019\u500b\u7b49\u908a\u4e09\u89d2\u5f62"}, {"type": 0, "id": "lmcoming", "content": ": \u600e\u9ebc\u756b\u55ce"}, {"type": 0, "id": "kcl0801", "content": ": \u4e0d\u77e5\u9053\u5728\u6025\u4ec0\u9ebc \u9999\u6e2f\u73fe\u5728\u6839\u672c\u6c92\u7a7a\u7ba1\u8868\u614b"}, {"type": 1, "id": "benc8c8c8", "content": ": \u67ef\u7cde\u770b\u5230\u4e09\u89d2\u5c31\u9ad8\u6f6e\u4e86\u597d\u55ce"}, {"type": 0, "id": "kcl0801", "content": ": \u5c31\u9019\u5bb6\u6700\u7334\u6025 \u660e\u660e\u4e5f\u4e0d\u662f\u5f88\u6709\u540d\u963f"}, {"type": 1, "id": "excia", "content": ": \u4e09\u89d2\u5f62\u662f\u79d1\u5b78\u4f60\u6562\u8cea\u7591"}, {"type": 1, "id": "Bonjwa", "content": ": \u662f"}, {"type": 1, "id": "s207072s", "content": ": \u653f\u6cbb\u5c31\u662f\u8ddf\u4e00\u5207\u6709\u95dc\uff0c\u4e0d\u7136\u600e\u9ebc\u641e\u5230\u4ed6\u9700"}, {"type": 0, "id": "s207072s", "content": ": \u8981\u4e00\u82b3\u591a\u8868"}, {"type": 1, "id": "Sinkage", "content": ": \u660e\u5929\u4e09\u89d2\u9ee8\u6176\u4e00\u4eba\u4e00\u676f\u4fc3\u92b7\u554a"}, {"type": 1, "id": "dragon159", "content": ": \u81ea\u5df1\u5148\u653f\u6cbb\u8868\u614b\u7684\u602a\u6d88\u8cbb\u8005\u7528\u653f\u6cbb\u7acb\u5834?"}, {"type": 0, "id": "AmazingRustu", "content": ": \u7576\u7136\u53ef\u4ee5\u62b5\u5236\uff0c\u6210\u9f8d\u5f04\u81ed\u81ea\u5df1\uff0c\u53ef\u4e0d"}, {"type": 0, "id": "AmazingRustu", "content": ": \u662f\u56e0\u70ba\u5077\u751f\u5c0f\u5b69"}, {"type": 1, "id": "Akirasbo", "content": ": \u770b\u6709\u4eba\u5c0d\u7e3d\u7d71\u8ddf\u5c0d\u4e2d\u570b\u7684\u614b\u5ea6\u5c31\u77e5\u9053\u4e86"}, {"type": 1, "id": "casper955033", "content": ": \u4e0d\u8981\u6311\u91c1\u4e0d\u5c31\u597d\u4e86"}, {"type": 1, "id": "k920354496", "content": ": \u7b11\u6b7b\uff0c\u8dea\u8214\u5c31\u8a72\u88ab\u62b5\u5236\u3002"}, {"type": 0, "id": "k920354496", "content": ": \u53f0\u7063\u4e0d\u7f3a\u4f60\u9019\u5bb6\u624b\u6416\u98f2\u6599\u5e97"}, {"type": 0, "id": "eric0912", "content": ": \u67ef\uff1a\u4e0d\u8981\u6311\u91c1 \u4e0d\u8981\u7406\u4ed6"}, {"type": 1, "id": "yzkeroro", "content": ": \u4e0d\u723d\u8b93\u5783\u573e\u8cfa\u6211\u7684\u9322\u6709\u4ec0\u9ebc\u554f\u984c"}, {"type": -1, "id": "aphrodite98", "content": ": \u6c92\u4eba\u8981\u4ed6\u8868\u614b\uff0c\u4f4e\u8abf\u4e0d\u8b1b\u8a71\u4e0d\u5c31\u597d\u4e86"}, {"type": 1, "id": "Kamelie", "content": ": 4"}, {"type": 1, "id": "LZzzz", "content": ": \u4e0d\u8aaa\u8a71\u5c31\u6c92\u4e8b\u4e86\u786c\u662f\u8868\u614b\u62c9\u4ec7\u6068\u5c31\u4e0d\u5c0d\u4e86"}, {"type": 1, "id": "r49", "content": ": \u6b77\u4ee3\u6700\u7206\u70b8\u7684\u8dea\u8214\u54c8\u54c8\u54c8"}, {"type": 1, "id": "bigkiss770", "content": ": \u4e00\u6a13\u79d1\u5b78\u5bb6"}, {"type": 1, "id": "faiya", "content": ": \u505a\u751f\u610f\u7684\u8868\u9054\u7acb\u5834\u5c31\u662f\u627e\u6b7b"}, {"type": -1, "id": "cstbb", "content": ": \u662f \u8981\u8cfa\u652f\u90a3\u9322\u5c31\u76f4\u63a5\u53bb\u652f\u90a3\u8cfa\u4e0d\u7528\u90a3\u9ebc\u8f9b\u82e6"}, {"type": 1, "id": "Swerhin", "content": ": \u6211\u662f\u5728\u505a\u7406\u6027\u9078\u64c7\u554a\uff0c\u7406\u6027\u4e0d\u652f\u6301\u7406\u5ff5\u6240\u4ee5"}, {"type": 0, "id": "Swerhin", "content": ": \u62d2\u559d\uff0c\u8ab0\u77e5\u9053\u54ea\u5929\u6703\u4e0d\u6703\u8b8a\u6210\u7d71\u4e00\u64da\u9ede"}, {"type": 0, "id": "Swerhin", "content": ": \u800c\u4e14\u539f\u7269\u6599\u865f\u7a31\u53f0\u7063\u5929\u7136\u6c34\u679c\u8d77\u5bb6\u7684\uff0c\u5403\u679c"}, {"type": 0, "id": "Swerhin", "content": ": \u5b50\u62dc\u5225\u4eba\u7684\u6a39\u982d\uff0c\u8981\u4e0d\u8981\u81c9\uff1f"}, {"type": 1, "id": "lv256", "content": ": \u554f\u984c\u5728\u52a0\u76df\u4e3b\u4e0d\u662f\u8ddf\u4f60\u4e00\u8d77\u8214\u4e2d\u8cfa\u9322"}, {"type": 0, "id": "laroserose", "content": ": \u5c31\u7e3d\u516c\u53f8\u5bb3\u4e86\u52a0\u76df\u4e3b\u554a\uff0c\u9019\u9ebc\u660e\u986f\u770b\u4e0d"}, {"type": 0, "id": "laroserose", "content": ": \u51fa\u4f86\uff0c\u53cd\u6b63\u4eba\u5bb6\u60f3\u8981\u4e2d\u570b\u5e02\u5834\uff0c\u52a0\u76df\u4e3b"}, {"type": 0, "id": "laroserose", "content": ": \u6b7b\u4e86\u4ed6\u5011\u53c8\u4e0d\u75db"}, {"type": 1, "id": "fashionvino", "content": ": \u4e0d\u8868\u614b\u5c31\u662f\u652f\u6301\u4e00\u570b\u5169\u5236"}, {"type": 1, "id": "Flame705", "content": ": \u4e00\u82b3"}, {"type": -1, "id": "sober921", "content": ": \u5bb6\u88e1\u7684\u667a\u969c\u4e0d\u7528\u7ba1\uff0c\u4ed6\u5011\u4e5f\u6c92\u591a\u611b\u570b\uff0c\u9084"}, {"type": 0, "id": "sober921", "content": ": \u4e0d\u662f\u6436\u8457\u7576\u66ff\u4ee3\u5f79"}, {"type": 1, "id": "stw0975", "content": ": 4"}, {"type": -1, "id": "a0956072892", "content": ": \u7528\u67ef\u5b78\u5bb6\u7684\u4e09\u89d2\u5f62\u5c31\u80fd\u89e3\u6c7a\u4e86"}, {"type": 1, "id": "soxgo", "content": ": \u4e3b\u52d5\u8214\u5171\u8868\u614b\u7684\uff0c\u5c31\u8a72\u6b7b"}, {"type": 0, "id": "soxgo", "content": ": \u4e00\u82b3\u8072\u660e\u7528\u85d0\u8996\u570b\u5bb6\u3001\u5206\u88c2\u570b\u5bb6\uff1f\u6211\u5478\uff01"}, {"type": 0, "id": "soxgo", "content": ": \u6253\u53f0\u7063\u62db\u724c\u8cfa\u4eba\u6c11\u5e63\uff0c\u8e10\u8e0f\u81ea\u5df1\u570b\u5bb6\uff1f\u5e79"}, {"type": 1, "id": "zenuo", "content": ": \u597d\u559d\u7684\u98f2\u54c1\u9019\u9ebc\u591a \u5c11\u8cb7\u4e00\u5bb6\u6c92\u5dee"}, {"type": 1, "id": "dean040510", "content": ": \u67ef\u6587\u54f2 \u548c \u4e00\u82b3\u4e00\u6a23 \u8981\u5168\u90e8\u8a0e\u597d \u60f3\u7528"}, {"type": 0, "id": "dean040510", "content": ": \u667a\u5546187\u7684\u5ee3\u544a\u6b3a\u9a19\u53f0\u7063\u4eba"}, {"type": 1, "id": "scott20144", "content": ": \u6c92\u5dee \u4e0a\u73ed\u65cf\u7167\u8cb7\u4f60\u4fe1\u4e0d\u4fe1"}, {"type": 1, "id": "IAEFFECT", "content": ": \u54c8\u54c8\u4e00\u82b3\u54c8\u54c8"}, {"type": 0, "id": "jb0110", "content": ": \u4f60\u9019\u6a23\u7e3d\u7d50\uff0c\u4e0d\u5c31\u662f\u5728\u6253\u81c9\u67ef\u5e2b\u5085\u55ce"}, {"type": 1, "id": "bery", "content": ": \u5c31\u660e\u986f\u8214\u5171\u72a7\u7272\u53f0\u7063\u6d88\u8cbb\u8005\u554a"}, {"type": 0, "id": "peiring", "content": ": \u80a5\u5b85\u5df2\u7d93\u628a\u516c\u53f8\u4e0b\u5348\u8336\u540d\u55ae\u4e2d\u7684\u4e00\u82b3\u522a\u9664\u4e86"}, {"type": 0, "id": "peiring", "content": ": \uff0c\u5168\u516c\u53f8\u90fd\u6c92\u5f97\u8a02\uff0c\u54c8\u54c8\u54c8"}, {"type": -1, "id": "smallz", "content": ": \u4e0d\u8981\u4e00\u908a\u7f75\u53c8\u53bb\u60f3\u8981\u53bb\u8cfa\u4eba\u5bb6\u9322"}, {"type": 1, "id": "sxscts", "content": ": \u6211\u5148\u8986\u84cb\u4e00\u500b\u4e09\u89d2\u5f62\uff0c\u7d50\u675f\u9019\u56de\u5408"}, {"type": 1, "id": "jevix", "content": ": \u81ea\u627e\u7684\u56c9 \u60e6\u60e6\u4e0d\u5c31\u6c92\u4e8b \u786c\u8981\u81ea\u5df1\u9ede\u706b"}, {"type": 1, "id": "userpeter", "content": ": \u5c0d\uff01"}, {"type": 1, "id": "robertchang", "content": ": \u6aa2\u8a0e\u6d88\u8cbb\u8005\u662f\u6700\u611a\u8822\u7684\u884c\u70ba"}, {"type": -1, "id": "douxid", "content": ": \u4e0a\u6b21\u90a3\u500b\u8aaa\u662f\u4e2d\u570b\u624b\u6a5f\u7684\uff0c\u611f\u89ba\u771f\u53ef\u6190"}, {"type": 1, "id": "HCG10G8bear", "content": ": \u5783\u573e\u7121\u826f\u5546\u4eba"}, {"type": -1, "id": "wuleelee", "content": ": \u4e00\u6a13\u7684\u8166\uff1f"}, {"type": 1, "id": "cuteyy", "content": ": \u767d\u7c89\u5feb\u4f86\u756b\u4e09\u89d2\u5f62\u554a...\u6211\u525b\u98181450\u8981\u4f86\u4e0a\u73ed"}, {"type": 0, "id": "cuteyy", "content": ": \u4e86....\u5169\u908a\u8a0e\u597d..\u6211\u770b\u53ea\u6709\u8a0e\u597d\u4e2d\u5171\u5427"}, {"type": -1, "id": "kenek0612", "content": ": \u62b5\u5236\u5230\u5e95"}, {"type": 0, "id": "samm3320", "content": ": \u62b5\u5236\u672c\u4f86\u5c31\u500b\u4eba\u81ea\u7531\uff0c\u4f60\u8ce3\u8214\u5171\u8336\u6211\u4e0d\u60f3"}, {"type": 0, "id": "samm3320", "content": ": \u559d\u5f88\u7406\u6027\u554a\u3002"}, {"type": 1, "id": "StevenAn", "content": ": 85\u5ea6C\u3001\u5433\u5bf6\u6625,\u5509,\u592a\u591a\u4e86,\u4f46\u53c8\u5065\u5fd8"}, {"type": 0, "id": "mickey1281", "content": ": \u6c92\u4eba\u903c\u5c31\u8214\u7684\u8ddf\u6797\u5fc3\u5982\u4e00\u6a23 \u5641"}, {"type": 1, "id": "hotrain13", "content": ": \u554f\u554f\u67ef\u5b78\u5bb6"}, {"type": -1, "id": "brokeback", "content": ": \u5169\u908a\u8a0e\u597d\u5f88\u7b26\u5408\u67ef\u5b78"}, {"type": 0, "id": "oops66", "content": ": \u67ef: \u4f60484\u4e0d\u6703\u8a71\u4e09\u89d2\u5f62 \u4f86\u6211\u6559\u59b3"}, {"type": 0, "id": "wojciech", "content": ": \u4e0d\u89ba\u5f97\u62b5\u5236\u4e0d\u5408\u7406\u3002\u9019\u4e0d\u53ea\u662f\u652f\u6301\u54ea\u65b9\u9019"}, {"type": 0, "id": "wojciech", "content": ": \u9ebc\u7c21\u55ae\u7684\u8b70\u984c\uff0c\u5c0d\u6e2f\u53f0\u800c\u8a00\uff0c\u4e2d\u570b\u662f\u751f\u5b58"}, {"type": 0, "id": "wojciech", "content": ": \u8ddf\u751f\u6d3b\u65b9\u5f0f\u7684\u5a01\u8105"}, {"type": -1, "id": "as885212", "content": ": \u62b5\u5236\u6709\u4e0d\u540c\u653f\u6cbb\u7acb\u5834\u7684\u98f2\u6599\u5e97 \u5b8c\u5168\u5408\u7406"}, {"type": 0, "id": "as885212", "content": ": \u5e6b\u52a9\u6575\u4eba\u7684\u5e97\u6211\u6191\u4ec0\u9ebc\u652f\u6301"}, {"type": 1, "id": "jeans1020", "content": ": \u9019\u7a2e\u4e8b\u5f9e\u4f86\u5c31\u53ea\u6709\u5169\u908a\u4e0d\u8a0e\u597d"}, {"type": 0, "id": "jeans1020", "content": ": \u4f60\u8981\u5169\u908a\u4e0d\u5f97\u7f6a\u5c31\u662f\u4e0d\u8981\u8868\u614b"}, {"type": 1, "id": "kobe143", "content": ": \u4e00\u65b9\u4f4e\u80fd\u6c92\u8a71\u8aaa"}, {"type": 1, "id": "kilda", "content": ": \u5957\u53e5\u5927\u5bb6\u5f88\u611b\u8aaa\u7684\uff0c\u9019\u662f\u5047\u8b70\u984c"}, {"type": 1, "id": "nt880245", "content": ": \u4e0d\u8981\u8b1b\u8a71\u5c31\u597d\u4e86  \u02c7\u7576\u6c89\u9ed8\u591a\u6578"}, {"type": -1, "id": "miniric", "content": ": word \u4f60\u53bb\u548c\u4e2d\u570b\u8b1b\u653f\u6cbb\u6b78\u653f\u6cbb\uff0c\u904a\u6232\u6b78\u904a"}, {"type": 0, "id": "miniric", "content": ": \u6232\uff0c\u628a\u6211\u9084\u9858\u9084\u4f86"}, {"type": 1, "id": "jympin", "content": ": \u5e2b\u7236\u8aaa\u53ef\u4ee5"}, {"type": 1, "id": "bettybuy", "content": ": \u8aaa\u771f\u7684\uff0c\u53f0\u7063\u98f2\u6599\u5e97\u90a3\u9ebc\u591a\u62b5\u5236\u5f88\u5bb9\u6613\uff0c"}, {"type": 0, "id": "bettybuy", "content": ": \u4e0d\u559d\u771f\u7684\u9084\u597d"}, {"type": 1, "id": "sample", "content": ": \u5171\u82b3\u652f\u90a3\u6c34\u679c\u8336"}, {"type": 1, "id": "harry155007", "content": ": \u5df2\u7d93\u767c\u751f\u591a\u5c11\u4e8b\u60c5\u8b49\u660e\u904e\u4e86"}, {"type": 0, "id": "gwenwoo", "content": ":  \u6e2f\u8b66\u7121\u5dee\u5225\u653b\u64ca\u7fa4\u773e  \u5404\u884c\u5404\u696d\u516c\u6c11\u89ba\u9192"}, {"type": -1, "id": "stanbyby", "content": ": \u63a8\u6587\u7684\u6b78\u6d3e\u771f\u662f\u4e0d\u6562\u9818\u6559"}, {"type": 0, "id": "vig077", "content": ": \u5169\u908a\u8a0e\u597d\u53ea\u6703\u5169\u908a\u5f97\u7f6a"}, {"type": 1, "id": "atten", "content": ": \u653f\u6cbb\u6b78\u653f\u6cbb\uff0c\u4f46\u653f\u5c31\u662f\u773e\u4eba\u4e4b\u4e8b\uff0c\u6240\u4ee5\u9019\u5c31\u662f"}, {"type": 0, "id": "atten", "content": ": \u5927\u5bb6\u7684\u4e8b\uff0c\u6c92\u5728\u5206\u7684"}, {"type": 0, "id": "baddad", "content": ": \u6709\u5728\u653f\u6cbb\u6b78\u653f\u6cbb \uff0c\u6b78\u4f60\u61f6\u53eb"}, {"type": 1, "id": "Nyarlathotep", "content": ": \u53f0\u7063\u4e0d\u7f3a\u98f2\u6599\u5e97\uff0c\u6839\u672c\u4e0d\u9700\u8981\u62b5\u5236\uff0c"}, {"type": 0, "id": "Nyarlathotep", "content": ": \u6c92\u4eba\u652f\u6301\u5c31\u6703\u5012\u4e86"}, {"type": 1, "id": "Ginpunch", "content": ": \u516b\u5366\u677f\u4e0d\u662f\u5f88\u611b\u8aaa\u6211\u5168\u90fd\u8981"}, {"type": 1, "id": "iamkim", "content": ": \u81ea\u7531\u5e02\u5834 \u6d88\u8cbb\u8005\u9078\u64c7\u4e0d\u8cb7\u5c31\u662f\u4e0d\u8cb7 \u5e79\u561b\u786c"}, {"type": 0, "id": "iamkim", "content": ": \u8981\u8cbc\u62b5\u5236\u9019\u6a19\u7c64"}, {"type": 0, "id": "jinyih", "content": ": word\u4f60\u9019\u6a23\u53eb\u505a\u9109\u613f"}, {"type": 0, "id": "jinyih", "content": ": \u6211\u9019\u500b\u4eba\u5f88\u7c21\u55ae \u6703\u8b93\u8214\u5171\u5546\u4eba\u8cfa\u5230\u9322\u5c31\u4e0d\u559d"}, {"type": 0, "id": "jinyih", "content": ": \u52a0\u76df\u4e3b\u662f\u5f88\u53ef\u6190 \u4f46\u52a0\u76df\u9084\u662f\u8981\u8ddf\u7e3d\u516c\u53f8\u8a02\u8ca8"}, {"type": 0, "id": "jinyih", "content": ": \u5e0c\u671b\u52a0\u76df\u4e3b\u4e32\u806f\u8ddf\u7e3d\u516c\u53f8\u6c42\u511f\u9806\u4fbf\u89e3\u7d04"}, {"type": 0, "id": "jinyih", "content": ": \u53f0\u7063\u98f2\u6599\u54c1\u724c\u9019\u9ebc\u591a \u80fd\u89e3\u7d04\u90fd\u662f\u5c0f\u4e8b"}, {"type": 1, "id": "coimbra", "content": ": \u4e0d\u8981\u56e0\u70ba\u7acb\u5834\u62b5\u5236\u6d88\u8cbb\uff0c\u6240\u4ee5\u70ba\u4ec0\u9ebc\u8981\u62b5"}, {"type": 0, "id": "coimbra", "content": ": \u5236\u9ec3\u5b89?\u90a3\u61c9\u8a72\u4e5f\u4e0d\u9700\u8981\u62b5\u5236\u4efb\u4f55\u4eba\u4e86\uff0c\u5c31"}, {"type": 0, "id": "coimbra", "content": ": \u7b97\u4ed6\u662f\u7a2e\u65cf\u6b67\u8996\uff0c\u4ec7\u5973\uff0c\u6b98\u5bb3\u4eba\u6b0a\uff0c\u90a3\u4e5f"}, {"type": 0, "id": "coimbra", "content": ": \u90fd\u653f\u6cbb\u7acb\u5834\u800c\u5df2\u554a\u4e0d\u662f\uff1f\u9084\u662f\u53ef\u4ee5\u8b93\u4ed6\u8cfa\u4f60"}, {"type": 0, "id": "coimbra", "content": ": \u7684\u9322\u7684"}, {"type": 1, "id": "s78036", "content": ": \u4ed6\u600e\u9ebc\u53ef\u80fd\u4e0d\u77e5\u9053\u4ed6\u8aaa\u9019\u4e9b\u6703\u88ab\u7f75...."}, {"type": 0, "id": "ru370737", "content": ": \u5c0d"}], "post_ip": "1.170.10.47", "post_content": "\n\u4e00\u82b3\u4eca\u5929\u7684\u8072\u660e\u81ea\u5df1\u5f15\u706b\u81ea\u711a\n\n\n\u539f\u610f\u61c9\u8a72\u4e5f\u662f\u60f3\u8a0e\u597d\u4e2d\u570b\n\n\n\u6c92\u60f3\u5230\u537b\u60f9\u60f1\u81ea\u5df1\u5bb6\u88e1\u7684\u4eba\n\n\n\u4e0d\u77e5\u9053\u660e\u5929\u516c\u95dc\u8981\u600e\u9ebc\u8655\u7406\n\n\n\u9019\u4ef6\u4e8b\u60c5\u4e0d\u6b63\u4ee3\u8868\u5169\u5cb8\u554f\u984c\u7121\u6cd5\u96d9\u65b9\u8a0e\u597d\n\n\n\u4e00\u5b9a\u8981\u9078\u4e00\u908a\u7ad9\n\n\n\u4ec0\u9ebc\u7b49\u908a\u4e09\u89d2\u5f62\u7684\u95dc\u4fc2\u6839\u672c\u4e0d\u5b58\u5728?\n\n--\n\u62b5\u5236\u9802\u65b0\u6797\u9cf3\u71df\u5c31\u4e0d\u5947\u602a?\n\u203b \u7de8\u8f2f: Sargasso (1.170.10.47 \u81fa\u7063), 08/06/2019 00:30:46\n"}