{"ptt_id": "f17690815", "post_url": "https://www.ptt.cc/bbs/Gossiping/M.1570692485.A.2A9.html", "post_type": "\u554f\u5366", "post_title": "\u6211\u662f\u4e0d\u662f\u88ab\u96fb\u5f71\u9662\u54e1\u5de5\u6574\u554a", "post_time": "2019-10-10 15:28:03", "post_score": 4, "post_pushes": [{"type": 0, "id": "Rrrxddd", "content": ": \u4e8c\u6a13\u662f\u4e0d\u662f\u6b20\u809b\u554a"}, {"type": 0, "id": "cattgirl", "content": ": \u5077\u6478\u5973\u751f"}, {"type": 0, "id": "Friend5566", "content": ": \u4e94\u6a13\u770b\u96fb\u5f71\u90fd\u7559\u5230\u6700\u5f8c\u8ddf\u5de5\u8b80\u751f\u4e92\u809b"}, {"type": 0, "id": "kuo1102", "content": ":  \u54e1\u5de5\u8981\u548c\u4e94\u6a13\u8981\u5e36\u4f60\u53bb\u653e\u6620\u5ba4\u809b\u4ea4"}, {"type": 0, "id": "cattgirl", "content": ": RRR\u53ef\u64a5\u4ed4"}, {"type": 0, "id": "nissyyoyo", "content": ": \u4f60\u60f3\u592a\u591a \u6839\u672c\u6c92\u4eba\u5728\u770b\u4f60"}, {"type": 0, "id": "OyAlbert", "content": ": \u4f60\u62c9\u934a\u6c92\u62c9"}, {"type": 1, "id": "damingli90", "content": ": \u559d\u4ed6\u5011\u7684\u98f2\u6599 \u9806\u4fbf\u5403\u4ed6\u5011\u7684\u7206\u7c73\u82b1"}, {"type": 0, "id": "ArSaBuLu", "content": ": \u524d\u9762\u4ee5\u70ba\u4f60\u662f\u5f8c\u9762\u7684\u5c0f\u5b69 \u5f8c\u9762\u4ee5\u70ba\u4f60\u662f"}, {"type": 0, "id": "rie779", "content": ": \u4e0b\u6b21\u8cb73\u5f35 \u81ea\u5df1\u5750\u4e2d\u9593\u4f4d,\u5c31\u4e0d\u6703\u88ab\u6253\u64fe\u4e86"}, {"type": 1, "id": "rererere147", "content": ": \u4ed6\u5011\u662f\u7fa8\u6155\u4f60\u55ae\u8eab"}, {"type": 1, "id": "tomx", "content": ": \u4e0d\u662f\u770b\u4f60\u55ae\u8eab\uff0c\u662f\u4f60\u8eab\u4e0a\u6709\u81ed\u5473"}, {"type": 0, "id": "ZhouGongJin", "content": ": \u80a5\u4ed4\u5305\u5834\u662f\u57fa\u672c\uff0c\u6c92\u9322\u5305\u5834\u770b\u4ec0\u9ebc\u96fb\u5f71"}, {"type": 0, "id": "em4", "content": ": \u5229\u7528\u4f60\u4f86\u5831\u5fa9\u793e\u6703"}, {"type": 1, "id": "benomy", "content": ": \u653e\u5c41\u8981\u5927\u8072\uff0c\u81ed\u6b7b\u90a3\u7fa4\u72d7\u7537\u5973"}, {"type": 0, "id": "teddybro", "content": ": \u81ed"}], "post_ip": "39.10.135.63", "post_content": "\n\u5982\u984c\u5566\uff0c\u5e79\u5e79\u5e79\u525b\u525b\u770b\u96fb\u5f71\uff0c\u80a5\u5b85\u88ab\u5361\u5728\u5169\u968a\n\n\u60c5\u4fb6\u4e2d\u9593\uff0c\u9019\u6a23\u5c31\u7b97\u4e86\uff0c\u80a5\u5b85\u6211\u8981\u9032\u53bb\u6642\uff0c\u9019\n\n\u5169\u7d44\u4eba\u4e00\u540c\u7528\u4e00\u500b\u602a\u7570\u773c\u795e\u770b\u8457\u80a5\u5b85\uff0c\u9019\u5929\u4e0b\n\n\u9084\u6709\u516c\u7406\u55ce\uff1f\n\n--\n"}