{"ptt_id": "jodojeda", "post_url": "https://www.ptt.cc/bbs/Gossiping/M.1562221774.A.6E8.html", "post_type": "\u65b0\u805e", "post_title": "\u9738\u9053\u7e3d\u7d93\u7406\u786c\u4e0a\u4eba\u59bb\u4e0b\u5c6c \u5168\u88f8\u72c2\u8e6d\u80a1\u6e9d\u5979", "post_time": "2019-07-04 14:29:29", "post_score": 30, "post_pushes": [{"type": 0, "id": "DeepRed1491", "content": ": \u9019\u6a23\u4e0d\u5920\u8a00\u60c5"}, {"type": 1, "id": "anomchen", "content": ": \u6c42\u7167"}, {"type": 0, "id": "WeGoYuSheng", "content": ": \u5e7e\u9053\u9670\u5f71\uff1f"}, {"type": 0, "id": "rttlac", "content": ": \u9738\u9053\u7e3d\u88c1"}, {"type": 1, "id": "chosenone", "content": ": \u4ed6\u5011\u51fa\u5dee\u4f4f\u540c\u4e00\u9593\u623f\uff1f"}, {"type": 0, "id": "mscmobitai", "content": ": \u514d\u9322\u7684\u6700\u8cb4"}, {"type": 0, "id": "snoopy200279", "content": ": \u50f9\u9322\u6c92\u8ac7\u597d"}, {"type": 0, "id": "smalltwo", "content": ": \u8ddf\u4e3b\u7ba1\u51fa\u904a\u540c\u4f4f\u4e00\u9593\u623f\u9593\u4e94\u661f\u7d1a\u98ef\u5e97"}, {"type": 1, "id": "lmf770410", "content": ": SOD"}, {"type": 1, "id": "ghostl40809", "content": ": \u9019\u6a19\u984c\u662f\u5ec9\u50f9\u8a00\u60c5\u5c0f\u8aaa\u770b\u592a\u591a\u55ce"}, {"type": 0, "id": "paulsama", "content": ": \u5287\u900f?"}, {"type": 1, "id": "p95649564", "content": ": \u53b2\u5bb3\u4e86 \u540c\u623f\u9593"}, {"type": 0, "id": "ZhouGongJin", "content": ": \u53f0\u5973\u7684\u6545\u4e8b\u4fe10.1\u6210\u5427"}, {"type": -1, "id": "dklash", "content": ": \u7b2c\u4e00\u6b21\u898b\u4ed6\u9019\u9ebc\u5bb3\u6015\u3001\u7121\u61fc\u7684\u6a21\u6a23  \u8a18\u8005\u4ed6"}, {"type": 0, "id": "dklash", "content": ": \u5abd\u5c0f\u5b78\u570b\u8a9e\u88ab\u6b7b\u7576\u662f\u4e0d\u662f? \u5bb3\u6015\u53c8\u7121\u61fc?"}, {"type": -1, "id": "ymuit", "content": ": \u5df2\u5a5a\u4e0d\u4ee3\u8868\u5e74\u7d00\u5927 \u6709\u7684\u4eba\u525b\u6210\u5e74\u6216\u672a\u6210\u5e74\u7d50"}, {"type": 1, "id": "lovedenmark", "content": ": \u62ff\u4e0d\u51fa\u5a5a\u5916\u60c5\u7684\u8b49\u64da\u5c31GG\u4e86"}, {"type": 0, "id": "ymuit", "content": ": \u5a5a..\u4f55\u6cc1\u6587\u4e2d\u7684\u5973\u540c\u4e8b\u7acb\u5373\u5831\u8b66"}, {"type": 0, "id": "smalltwo", "content": ": \u8a18\u8005\u5927\u4eba:\u53c8\u5bb3\u6015\u53c8\u7121\u61fc\u662f\u4ec0\u9ebc\u6a21\u6a23"}, {"type": 0, "id": "ymuit", "content": ": \u7acb\u5373\u5831\u8b66 \u662f\u6307\u5728\u5916\u570b..\u4e0d\u662f\u56de\u53f0\u7063\u5831\u8b66 \u7b49\u65bc"}, {"type": 0, "id": "ymuit", "content": ": \u5973\u65b9\u771f\u7684\u53d7\u5bb3.."}, {"type": 1, "id": "jeff12280", "content": ": \u51fa\u5dee\u4f4f\u540c\u623f \u55ef\u55ef\u6069"}, {"type": 0, "id": "iam0718", "content": ": \u8d74\u6b7b\u4e4b\u4eba\u55ce  \u5bb3\u6015\u53c8\u7121\u61fc"}, {"type": 0, "id": "andytaso", "content": ": \u6211\u6bd4\u8f03\u4fe1\u7537\u7684\u8aaa\u6cd5,\u98ef\u5e97\u623f\u6709\u9019\u9ebc\u597d\u9032\u51fa?"}, {"type": 0, "id": "etiennechiu", "content": ": \u70ba\u4f55\u8b93\u5c0d\u65b9\u5728\u4f60\u6d17\u6fa1\u6642\u540c\u623f"}, {"type": 0, "id": "ymuit", "content": ": \u6a13\u4e0a..\u554f\u984c\u662f\u7537\u65b9\u63d0\u4e0d\u51fa\u6240\u6709\u7684\u8b49\u64da"}, {"type": 0, "id": "louis0210", "content": ":  https://i.imgur.com/dXdvBrK.jpg"}, {"type": 1, "id": "C8C8DHC", "content": ": \u73fe\u5728\u516c\u53f8\u51fa\u5dee\u90fd\u662f\u7537\u5973\u540c\u4e00\u9593\u55ce\uff1f"}, {"type": 0, "id": "andytaso", "content": ": \u5982\u679c\u5404\u81ea\u6709\u623f\u9593,\u70ba\u4f55\u5973\u6d17\u6fa1\u7537\u7684\u9032\u7684\u4f86"}, {"type": 1, "id": "seemoon2000", "content": ": \u7e3d\u88c1\u7cfb\u5217"}, {"type": -1, "id": "tku9527", "content": ": \u540c\u4e00\u9593\u623f\uff1f"}, {"type": 0, "id": "andytaso", "content": ": \u5176\u5be6\u53bb\u98ef\u5e97\u8abf\u59e6\u8996\u5668\u53ca\u623f\u9580\u5361\u4e5f\u7b97\u8a3c\u660e\u5427"}, {"type": 0, "id": "ymuit", "content": ": \u5176\u5be6\u53e6\u6709\u60c5\u6cc1 \u5169\u9593\u7684\u623f\u9593\u5167\u6709\u5c0f\u9580\u53ef\u4ee5\u6253\u958b"}, {"type": 0, "id": "andytaso", "content": ": \u770b\u8d77\u4f86\u5c31\u662f\u540c\u6642\u5728\u4e00\u623f\u7684\u4e8b\u60c5 \u9019\u53f0\u5973\u4e5f.."}, {"type": 0, "id": "ymuit", "content": ": \u9032\u51fa..\u8981\u770b\u5916\u570b\u8b66\u5bdf\u7684\u5831\u544a\u6703\u77e5\u9053 \u4f55\u6cc1\u7576\u5730"}, {"type": 0, "id": "ymuit", "content": ": \u6709\u5831\u8b66"}, {"type": -1, "id": "linfon00", "content": ": \u5f37\u66b4\u72af\u90fd\u8aaa\u5169\u4eba\u662f\u60c5\u4fb6"}, {"type": 0, "id": "andytaso", "content": ": \u7537\u7684\u53ea\u662f\u62ff\u4e0d\u51fa\u611b\u59b9\u7c21\u8a0a\u804a\u5929\u5167\u5bb9\u800c\u5df2"}, {"type": 1, "id": "hmcedamon", "content": ": \u9738\u9053\u8001\u7e3d"}, {"type": 1, "id": "Leony", "content": ": \u597d\u5947\u5230\u5e95\u600e\u9ebc\u6709\u8fa6\u6cd5\u9032\u53bb\u623f\u9593\u7684\uff1f\u9084\u662f\u4e94\u661f"}, {"type": 0, "id": "ymuit", "content": ": \u6587\u4e2d\u6709\u8aaa\u5728\u7f8e\u570b \u53d7\u5bb3\u5f8c\u99ac\u4e0a\u806f\u7d61\u5916\u4ea4\u8655\u5831\u8b66"}, {"type": 0, "id": "andytaso", "content": ": \u770b\u8d77\u4f86\u611f\u89ba\u6bd4\u8f03\u50cf\u7537\u8aaa\u7684 2\u4eba\u540c\u623f\u5c31\u6709\u9b3c"}, {"type": -1, "id": "bigwhiteeat", "content": ": \u90fd\u662f\u9ad8\u968e\u4e3b\u7ba1\u9084\u6703\u4f4f\u540c\u4e00\u9593?"}, {"type": 0, "id": "hmcedamon", "content": ": \u771f\u7684\u8981\u884c\u623f\u8a18\u9304\u5668\u624d\u53ef\u4ee5"}, {"type": 0, "id": "ymuit", "content": ": \u5982\u679c\u6709\u7f8e\u570b\u8b66\u5bdf\u7684\u5831\u544a \u53ef\u4ee5\u5354\u52a9\u53f0\u7063\u65b9\u9762\u4e86"}, {"type": -1, "id": "laba5566", "content": ": #\u8d8a\u60f3\u8d8a\u4e0d\u5c0d\u52c1"}, {"type": 0, "id": "ymuit", "content": ": \u89e3..\u5831\u5c0e\u5167\u6c92\u6709\u8aaa\u7d30\u7bc0"}, {"type": 0, "id": "andytaso", "content": ": \u800c\u4e14\u5973\u7684\u6709\u8aaa\u5fc3\u52d5\u5347\u8077\u7684\u4e8b,\u6848\u60c5\u4e0d\u55ae\u7d14.."}, {"type": 1, "id": "vQuQv", "content": ": \u9019\u500b\u9f41\u2026\u5475\u5475 \u6211\u60f3\u6c92\u90a3\u9ebc\u55ae\u7d14\u8fa3"}, {"type": 0, "id": "andytaso", "content": ": \u5982\u679c2\u4eba\u5165\u4f4f\u98ef\u5e97\u662f\u540c\u623f\u5c31\u771f\u7684\u597d\u7b11\u4e86"}, {"type": 1, "id": "abobstar", "content": ": \u9019\u660e\u986f\u50f9\u78bc\u8ac7\u4e0d\u650f\u5427"}, {"type": 0, "id": "ganganx", "content": ": \u5973\u65b9\u7336\u8c6b\u4e2d\u7537\u65b9\u5c31\u7334\u6025\u786c\u4e0a\u5427"}, {"type": 0, "id": "wailman", "content": ": \u6a13\u4e0ag\u5927\u7684\u63a8\u6e2c+1"}, {"type": 0, "id": "JokePtt", "content": ": \u623f\u9593\u6c92\u623f\u5361\u662f\u9032\u7684\u53bb\u55ce\uff1f"}, {"type": 1, "id": "databbs", "content": ": \u7a81\u7834\u76f2\u8178"}, {"type": 1, "id": "macocu", "content": ": \u8aaa\u7a7f\u5c31\u7537\u751f\u9577\u7684\u4e0d\u5920\u5e25\uff0c\u7d66\u7684\u689d\u4ef6\u53c8\u5dee"}, {"type": 1, "id": "shala", "content": ": \u54ea\u5bb6\u79d1\u6280\u516c\u53f8\uff1f"}, {"type": 1, "id": "zephyr105", "content": ": \u540c\u4e00\u500b\u623f\u9593\u5427 \u771f\u602a"}, {"type": 0, "id": "crimson11", "content": ": \u50f9\u683c\u6c92\u8ac7\u597d\u5427 \u4e0d\u7136\u600e\u9ebc\u6703\u540c\u4e00\u9593\u53c8\u5831\u8b66"}, {"type": 1, "id": "boss88893", "content": ":              \u51fa\u5dee\u4f4f\u540c\u623f   \u7d50\u6848"}, {"type": 0, "id": "boss88893", "content": ": \u3000\u5728\u6ac3\u53f0\u6642\u82e5\u77e5\u9053\u662f\u540c\u623f \u99ac\u4e0a\u5927\u8072\u547c\u6551"}, {"type": 0, "id": "boss88893", "content": ": \u3000\u3000\u6ac3\u53f0\u4e00\u5b9a\u99ac\u4e0a\u5e6b\u5fd9  \u5c31\u4e0d\u6703\u88ab\u80a1\u6e9d?"}, {"type": 1, "id": "jokopa", "content": ": \u4f4f\u540c\u623f\u5f8c\u8d8a\u60f3\u8d8a\u4e0d\u5c0d\u52c1 \u60f3\u597d\u600e\u9ebc\u767c\u8ca1\u5c31\u544a\u4e86"}, {"type": 1, "id": "MaBumblerQQ", "content": ": \u70ba\u4ec0\u9ebc\u6709\u592b\u4e4b\u5a66\u8b93\u516c\u53f8\u4e3b\u7ba1\u9032\u623f\u9593\u9084\u6d17"}, {"type": 0, "id": "nova27", "content": ": \u540c\u623f\u5f88\u602a \u4f46\u4e00\u5b9a\u4e0d\u53ef\u80fd\u662f\u60c5\u4fb6"}, {"type": 1, "id": "garybawbaw", "content": ": \u50f9\u9322\u6c92\u8ac7\u597d"}, {"type": 1, "id": "coffee112", "content": ": \u540c\u623f\u8036\u2026\u2026"}, {"type": 1, "id": "bala73", "content": ": \u7247\u5b50\u6709\u9019\u7a2e\u7cfb\u5217\u7684 \u51fa\u5deeNTR"}, {"type": 0, "id": "flybirdy", "content": ": \u9738\u9053\u7e3d\u88c1\u7cfb\u5217"}, {"type": 1, "id": "ajan007", "content": ": \u540c\u623f\u55ce?"}, {"type": 1, "id": "francis1n", "content": ": \u51fa\u5dee\u6703\u4f4f\u540c\u4e00\u9593\u623f?"}, {"type": 0, "id": "wate5566", "content": ": \u8a18\u8005\u5e73\u5e38\u90fd\u770b\u9738\u9053\u7e3d\u88c1\u7cfb\u5217?"}, {"type": 1, "id": "chunglee", "content": ": \u5169\u500b\u51fa\u5dee\u4f4f\u540c\u4e00\u9593\u55ce\uff1f\u4e0d\u7136\u6d17\u6fa1\u600e\u9ebc\u88ab\u5168"}, {"type": 0, "id": "chunglee", "content": ": \u88f8\u95d6\u5165\u7684?"}, {"type": 1, "id": "BlackBass", "content": ": 87\u9053\u9670\u5f71"}, {"type": 0, "id": "JOKO58802218", "content": ": \u50f9\u9322\u8ddf\u984f\u8cea\u4e0d\u6b63\u78ba\uff5e"}, {"type": 1, "id": "charlie0112", "content": ": \u53f0\u5973\u7684\u9b91\u9b5a\u6c92\u90a3\u9ebc\u4fbf\u5b9c"}, {"type": 0, "id": "sking", "content": ": \u70ba\u5565\u6703\u4f4f\u540c\u623f\u554a \u4e0d\u662f\u7d66\u4ed6\u6a5f\u6703\u55ce"}, {"type": 1, "id": "astrophy", "content": ": \u5973\u65b9\u8aaa\u6709\u5fc3\u52d5...\u90a3\u5c31\u662f\u5973\u65b9\u9084\u6c92\u6e96\u5099\u5916\u9047"}, {"type": 0, "id": "astrophy", "content": ": \u7d50\u679c\u7537\u65b9\u786c\u4e0a\u5427\uff1f"}, {"type": 0, "id": "littlepogi", "content": ": \u672c\u4f86A\u8981\u4f54B\u4fbf\u5b9c \u53cd\u88abB\u4f54A\u4fbf\u5b9c~"}, {"type": 1, "id": "yha", "content": ": \u5f88\u602a"}, {"type": -1, "id": "aitela", "content": ": \u6d17\u6fa1\u88ab\u4eba\u95d6\u5165\uff1f\u5973\u7684\u6839\u672c\u8aaa\u8b0a"}, {"type": 0, "id": "onsera", "content": ": \u5973\u65b9\u7336\u8c6b\u4e2d\u7537\u65b9\u5c31\u7334\u6025\u786c\u4e0a+1"}, {"type": 1, "id": "nowitzki0207", "content": ": \u4e0d\u7136\u7537\u7684\u4ea4\u5f80\u8b49\u64da\u5462"}, {"type": 0, "id": "nowitzki0207", "content": ": \u4e0d\u904e\u9019\u7a2e\u72c0\u6cc1\u6211\u4e00\u5b9a\u96e2"}, {"type": -1, "id": "voyager520", "content": ": ..."}, {"type": 1, "id": "burza", "content": ": \u9ad8\u7d1a\u53f0\u5973"}, {"type": 1, "id": "yeyun", "content": ": \u7e3d\u800c\u8a00\u4e4b\u5148\u6aa2\u8a0e\u53f0\u5973\u5c31\u5c0d\u4e86"}, {"type": 1, "id": "cs853", "content": ": \u53c8\u5bb3\u6015\u53c8\u7121\u61fc\u662f\u751a\u9ebc\u6771\u897f"}, {"type": 1, "id": "shooter555", "content": ": \u6d17\u6fa1\u88ab\u95d6\u5165?\u3000\u4f4f\u540c\u4e00\u9593\u662f\u5427"}, {"type": 0, "id": "piece1", "content": ": \u9019\u500b\u5287\u60c5\u602a\u602a\u7684.\u4e3b\u7ba1\u771f\u7684\u8981\u4fdd\u8b77\u597d\u81ea\u5df1"}, {"type": 1, "id": "ccucwc", "content": ": \u966a\u4e0a\u53f8\u5ea6\u5047\u9084\u540c\u623f......\u8001\u516c\u7da0\u7da0\u7684"}, {"type": 1, "id": "giantwinter", "content": ": \u771f\u7684\u50f9\u683c\u6c92\u8ac7\u597d"}, {"type": 1, "id": "kuk9527", "content": ": \u5169\u500b\u90fd\u7d93\u7406\u7d1a\u4ee5\u4e0a\u53ea\u958b\u4e00\u9593\u623f\uff0c\u5475\u5475\u2026"}, {"type": 1, "id": "sweety655633", "content": ": \u81fa\u5973\u4e0d\u80fd\u5a36"}, {"type": 0, "id": "sweety655633", "content": ": \u8b1b\u5e7e\u6b21"}, {"type": -1, "id": "dante45678", "content": ": \u6d17\u6fa1\u4e0d\u9396\u623f\u9580\u8ddf\u6d74\u5ba4\u9580\u4e5f\u662f\u5947\u8469"}, {"type": 0, "id": "dante45678", "content": ": \u8a18\u8005\u5148\u641e\u6e05\u695a\u72c0\u6cc1\u518d\u4f86\u5831  \u4f9b\u5565\u5c0f"}, {"type": -1, "id": "no1361", "content": ": \u5641\u5fc3"}, {"type": 0, "id": "Hurricaneger", "content": ": \u5abd\u7684\uff0c\u9019\u7247\u6211\u600e\u9ebc\u597d\u50cf\u770b\u904e\uff1f\uff01"}, {"type": 1, "id": "wassabi", "content": ": \u54c7 \u63a8\u6587\u90fd\u9375\u76e4\u67ef\u5357\u6b38"}, {"type": 1, "id": "EbEbyaya", "content": ": \u516b\u5366\u7248\u7684\u6cd5\u5f8b\u786c\u4e0a\u90fd\u662f\u7121\u7f6a\u554a"}, {"type": -1, "id": "rankg297", "content": ": \u4e0d\u505a\u6b7b\u5c31\u4e0d\u6703\u6b7b"}], "post_ip": "223.136.120.175", "post_content": "\nhttps://udn.com/news/story/7317/3909450\n\n\u9738\u9053\u7e3d\u7d93\u7406\u786c\u4e0a\u4eba\u59bb\u4e0b\u5c6c \u5168\u88f8\u72c2\u8e6d\u80a1\u6e9d\u5979\u54ed\u558a\uff1a\u597d\u5641\u5fc3\n2019-07-04 13:03\u806f\u5408\u5831 \u8a18\u8005\u66fe\u5065\u7950\u2571\u5373\u6642\u5831\u5c0e\n\n\u90b1\u59d3\u79d1\u6280\u516c\u53f8\u7e3d\u7d93\u7406\u524d\u5e745\u6708\u9080\u5df2\u5a5a\u7684\u5973\u7d93\u7406\u5230\u7f8e\u570b\u51fa\u5dee\uff0c\u5165\u4f4f5\u661f\u7d1a\u98ef\u5e97\u6642\u537b\u5168\u88f8\u95d6\u9032\u6d74\n\u5ba4\uff0c\u671d\u5979\u8972\u80f8\u3001\u6293\u6473\u4e0b\u9ad4\u7325\u893b\uff0c\u5973\u5b50\u5c16\u53eb\u54ed\u558a\u4ecd\u6158\u906d\u6027\u4fb5\uff0c\u56de\u60f3\u8d77\u4f86\u4ecd\u75db\u65a5\u300c\u597d\u5641\u5fc3\uff01\u300d\n\u90b1\u537b\u53cd\u63a7\u5979\u662f\u70ba\u5347\u5b98\u624d\u4e0d\u5be6\u6307\u63a7\uff0c\u6cd5\u9662\u4e0d\u63a1\u4fe1\u90b1\u8faf\u8a5e\uff0c\u4f9d\u5f37\u5236\u6027\u4ea4\u7f6a\u5224\u4ed6\u6709\u671f\u5f92\u52114\u5e748\u500b\n\u6708\u3002\n\n\u6aa2\u8b66\u8abf\u67e5\uff0c\u90b1\u7537\u5728\u7576\u5730\u665a\u95938\u9ede\u591a\uff0c\u8d81\u5973\u7d93\u7406\u6dcb\u6d74\u6c96\u6fa1\u6642\uff0c\u812b\u5149\u81ea\u5df1\u8863\u670d\u885d\u8fd1\u6d74\u5ba4\uff0c\u5f37\u62b1\n\u8972\u80f8\u6293\u4e0b\u9ad4\uff0c\u5973\u5b50\u54ac\u4ed6\u864e\u53e3\u9003\u96e2\u53c8\u88ab\u62d6\u4e0a\u6c99\u767c\uff0c\u6700\u5f8c\u5728\u53f0\u7063\u99d0\u5916\u4eba\u54e1\u5354\u540c\u7576\u5730\u8b66\u65b9\u902e\u6355\u90b1\n\uff0c\u5973\u5b50\u98fd\u53d7\u9a5a\u5687\u4e00\u8eab\u72fc\u72fd\u4e0d\u505c\u986b\u6296\uff0c\u6aa2\u65b9\u5075\u7d50\u4f9d\u5f37\u5236\u6027\u4ea4\u7f6a\u5acc\u8d77\u8a34\u90b1\u3002\n\n\u5be9\u7406\u6642\uff0c\u90b1\u8faf\u7a31\u5973\u7d93\u7406\u662f\u6709\u592b\u4e4b\u5a66\uff0c\u4f46\u5f7c\u6b64\u4ecd\u4ee5\u7537\u5973\u670b\u53cb\u95dc\u4fc2\u4ea4\u5f80\uff0c\u4e5f\u66fe\u591a\u6b21\u5171\u9032\u71ed\u5149\u665a\n\u9910\uff0c \u7576\u6642\u5973\u7d93\u7406\u662f\u55ae\u7d14\u966a\u4ed6\u53bb\u7f8e\u570b\u5ea6\u5047\uff0c\u8207\u516c\u53f8\u696d\u52d9\u7121\u95dc\uff0c\u4f46\u671f\u95932\u4eba\u767c\u751f3\u6b21\u56b4\u91cd\u885d\u7a81\n\uff0c\u5c0d\u65b9\u63d0\u51fa\u8981\u5206\u624b\u8cbb\u3001\u6649\u5347\u8077\u4f4d\u7b49\uff0c\u9084\u8aaa\u5728\u6d74\u5ba4\u662f\u5979\u5148\u5931\u63a7\u62c9\u626f\uff0c\u70ba\u4fdd\u8b77\u624d\u62b1\u4f4f\u5979\uff0c\u7d50\u679c\n\u88ab\u53cd\u54ac\u864e\u53e3\u3002\n\n\u90b1\u9084\u8aaa\uff0c\u548c\u5973\u7d93\u7406\u4ea4\u5f803\u500b\u6708\uff0c\u77e5\u9053\u5979\u5df2\u5a5a\u6240\u4ee5\u90fd\u6c92\u50b3\u4efb\u4f55\u66d6\u6627\u8a00\u8a9e\uff0c\u8fd4\u53f0\u5f8c\u5c0d\u65b9\u63d0\u51fa\u8981\n300\u842c\u5143\u8ce0\u511f\uff0c\u4e26\u5728\u516c\u53f8\u53ec\u958b\u6027\u5e73\u6703\u65bd\u58d3\u5c0e\u81f4\u4ed6\u96e2\u8077\uff0c\u7d50\u679c\u81ea\u5df1\u537b\u7a4d\u6975\u722d\u53d6\u4e3b\u7ba1\u8077\u4f4d\uff0c\u8a8d\n\u70ba\u5973\u7d93\u7406\u662f\u4e0d\u6eff\u5206\u624b\uff0c\u4e26\u72f9\u6028\u5831\u5fa9\u63d0\u51fa\u7684\u4e0d\u5be6\u6307\u63a7\u3002\n\n\u5973\u7d93\u7406\u8b49\u7a31\uff0c\u90b1\u8ddf\u5979\u804a\u8077\u6daf\u898f\u5283\uff0c\u756b\u4e86\u4e00\u4e9b\u5927\u9905\u7d66\u5979\uff0c\u9084\u8aaa\u8981\u66ff\u5979\u5347\u8077\uff0c\u81ea\u5df1\u7576\u4e0b\u771f\u7684\u6709\n\u88ab\u8aaa\u52d5\uff0c\u537b\u8981\u6c42\u8981\u522a\u9664\u5f7c\u6b64LINE\u5c0d\u8a71\u7d00\u9304\uff0c\u89ba\u5f97\u5c0d\u65b9\u6839\u672c\u662f\u63d0\u4ea4\u63db\u689d\u4ef6\uff1b\u5728\u98ef\u5e97\u6dcb\u6d74\u6642\uff0c\n\u90b1\u7a81\u7136\u5168\u8eab\u8d64\u88f8\u95d6\u9032\u4f86\uff0c\u81ea\u5df1\u7576\u4e0b\u300c\u5446\u6389\u66f4\u52dd\u65bc\u6050\u61fc\u300d\uff0c\u90b1\u9084\u7528\u53ef\u6015\u7684\u773c\u795e\u6253\u91cf\u5979\u8eab\u9ad4\u3002\n\n\u5979\u8868\u793a\uff0c\u81ea\u5df1\u5c16\u53eb\u6c42\u52a9\uff0c\u90b1\u7528\u4e0b\u9ad4\u9802\u8457\u5979\uff0c\u9084\u7528\u624b\u634f\u4e73\u623f\uff0c\u751a\u81f3\u7528\u624b\u6307\u6473\u3001\u6293\u4e0b\u9ad4\u6027\u4fb5\uff0c\n\u81ea\u5df1\u5f88\u7528\u529b\u54ac\u4ed6\u864e\u53e3\uff0c\u54ac\u5230\u5674\u8840\u624d\u6399\u812b\uff0c\u4f5c\u8b49\u6642\u4ecd\u9918\u60b8\u7336\u5b58\uff0c\u4e0d\u65b7\u5f37\u8abf\u300c\u4ed6\u597d\u5641\u5fc3\u3001\u597d\u5641\n\u5fc3\u300d\uff1b\u5979\u4e5f\u5f37\u8abf\uff0c\u5728\u6848\u767c\u524d\u975e\u5e38\u5c0a\u91cd\u90b1\uff0c\u89ba\u5f972\u4eba\u4ea6\u5e2b\u4ea6\u53cb\uff0c\u8a8d\u70ba\u4ed6\u662f\u597d\u8001\u95c6\u3002\n\n\u5973\u7d93\u7406\u53cb\u4eba\u4e5f\u8aaa\uff0c\u7576\u6642\u807d\u5979\u8b1b\u906d\u5bb3\u904e\u7a0b\uff0c\u5c0d\u65b9\u6574\u500b\u60c5\u7dd2\u5d29\u6f70\uff0c\u8aaa\u5230\u4e00\u534a\u5927\u54ed\uff0c\u4e0d\u65b7\u54ed\u558a\u8aaa\n\u300c\u597d\u53ef\u6015\u3001\u597d\u53ef\u6015\u300d\uff0c\u9084\u8aaa\u90b1\u7528\u4e0b\u9ad4\u78e8\u8e6d\u5979\u80a1\u6e9d\uff0c\u4e26\u8868\u793a\u9019\u662f\u8a8d\u8b58\u5979\uff0c\u7b2c\u4e00\u6b21\u898b\u5979\u9019\u9ebc\u5bb3\n\u6015\u3001\u7121\u61fc\u7684\u6a21\u6a23\u3002\n\n\u6cd5\u9662\u5be9\u914c\u591a\u540d\u8b49\u4eba\u8b49\u8a5e\uff0c\u4e0d\u63a1\u4fe1\u90b1\u8faf\u8a5e\uff0c\u8a8d\u70ba\u4ed6\u548c\u5973\u7d93\u7406\u8eab\u70ba\u4e0a\u53f8\u3001\u4e0b\u5c6c\u95dc\u4fc2\uff0c\u537b\u70ba\u6eff\u8db3\n\u4e00\u5df1\u6027\u617e\uff0c\u4e0d\u9867\u5973\u5b50\u53cd\u5c0d\u4ee5\u5f37\u66b4\u65b9\u5f0f\u6027\u4ea4\uff0c\u9020\u6210\u5979\u8eab\u5fc3\u6975\u5927\u5275\u50b7\u75db\u82e6\uff0c\u4e0d\u50c5\u672a\u70ba\u4e0b\u5c6c\u8868\u7387\n\uff0c\u53cd\u800c\u4e00\u518d\u6307\u8cac\u5973\u5b50\u6709\u76ee\u7684\u3001\u70ba\u5347\u8077\u624d\u548c\u4ed6\u63a5\u89f8\uff0c\u4f9d\u5f37\u5236\u6027\u4ea4\u7f6a\u5224\u4ed6\u6709\u671f\u5f92\u52114\u5e748\u500b\u6708\u3002\n\n==================================\n\n\u70ba\u4ec0\u9ebc\u7e3d\u7d93\u7406\u5168\u88f8\u9084\u9032\u5f97\u53bb\u5973\u7d93\u7406\u623f\u9593???\n\n--\n\u8001\u592a\u59b9 \u82f1\u6587\u4f5c\u5f0a\u4e0d\u8981\u81c9\n\n--\n\u203b \u7de8\u8f2f: jodojeda (223.136.120.175 \u81fa\u7063), 07/04/2019 14:31:24\n\u203b \u7de8\u8f2f: jodojeda (223.136.120.175 \u81fa\u7063), 07/04/2019 14:32:22\n"}