{"ptt_id": "Scion", "post_url": "https://www.ptt.cc/bbs/Gossiping/M.1566263359.A.7A8.html", "post_type": "\u554f\u5366", "post_title": "\u9632\u6c34\u624b\u6a5f\u6389\u5230\u7cde\u6c34\u88e1\u6703\u6488\u51fa\u4f86\u55ce\uff1f", "post_time": "2019-08-20 09:09:17", "post_score": 9, "post_pushes": [{"type": 0, "id": "wtfman", "content": ": \u63db\u99ac\u6876"}, {"type": 1, "id": "tim121507", "content": ": \u4e94\u6a13\u5e6b\u8214\u4e7e\u6de8"}, {"type": 0, "id": "SydLrio", "content": ": \u6a13\u4e0b\u88ab\u4e00\u6a13\u4e2d\u51fa\u5b8c\u6703\u600e\u9ebc\u8655\u7406\uff1f"}, {"type": 0, "id": "kent", "content": ": \u5148\u96e2\u958b\u73fe\u5834 \u5831\u8b66 \u8b66\u5bdf\u6703\u5e6b\u6211\u627e"}, {"type": 1, "id": "flora11883", "content": ": \u6a13\u4e0b\u6703\uff0c\u9806\u4fbf\u9084\u628a\u5c4e\u5403\u5149"}, {"type": 1, "id": "bluesee", "content": ": \u4e00\u76f4\u5c0d\u8457\u5c4e\u8b1b\u8a71\u4f60\u53ef\u4ee5\uff1f"}, {"type": 1, "id": "newways", "content": ": \u5973\u7528\u6a5f 9\u6210\u65b0"}, {"type": 0, "id": "baozi", "content": ": \u4e0d\u6488\u51fa\u4f86\u96e3\u9053\u8981\u6c96\u8d70\u5594?"}, {"type": 0, "id": "VVizZ", "content": ": \u64e6\u4e00\u64e6\u5c31\u597d\u4e86 \u9023\u81ea\u5df1\u7684\u5c4e\u90fd\u6015?"}, {"type": 1, "id": "gn005066", "content": ": \u4e1f\u6389\u5427 \u4e0a\u500b\u6708sony\u624d\u6389\u904e \u76f4\u63a5\u58de"}, {"type": 1, "id": "llaw", "content": ": \u6709\u7576\u904e\u5175\u55ce\uff1f\u9019\u4e0d\u7b97\u4ec0\u9ebc\u5427\uff01"}, {"type": 1, "id": "sorenhuang", "content": ": \u4e00\u6a13\u4e0d\u932f\u54e6~~\u6709\u7b11\u6709\u63a8"}, {"type": 0, "id": "twpost", "content": ": \u67ef\u67ef"}, {"type": 1, "id": "jorden", "content": ": \u6488\u51fa \u64e6\u4e7e \u653e\u9632\u6f6e\u7bb1 \u4e0d\u8981\u958b\u6a5f"}, {"type": 1, "id": "filter666", "content": ": \u4e00\u842c\u6389\u5165\u99ac\u6876\u88e1\uff0c\u4f60\u6703\u6488\u51fa\u4f86\u55ce\uff1f"}], "post_ip": "173.11.166.250", "post_content": "\n\u9019\u4ef6\u4e8b\u767c\u751f\u5728\u5f37\u8005\u6211\u670b\u53cb\u8eab\u4e0a\n\n\u4ed6\u5e38\u5e38\u4e00\u908a\u5927\u4fbf\u4e00\u908a\u73a9\u624b\u6a5f\n\n\u6628\u5929\u5c31\u597d\u6b7b\u4e0d\u6b7b\u624b\u6a5f\u6389\u5230\u99ac\u6876\u88e1\u4e86\n\n\u800c\u4e14\u662f\u6709\u9ede\u70d9\u8cfd\u7684\u5927\u4fbf\n\n\u5f8c\u4f86\u9084\u662f\u6488\u51fa\u4f86\u4e86\u4f46\u73fe\u5728\u4e0d\u77e5\u9053\u600e\u9ebc\u8fa6\n\n\u4f60\u5011\u6703\u600e\u9ebc\u8655\u7406\uff1f\n\n\n--\n"}