{"ptt_id": "lofan", "post_url": "https://www.ptt.cc/bbs/Gossiping/M.1564024555.A.684.html", "post_type": "\u554f\u5366", "post_title": "\u4e2d\u570b\u73fe\u5728\u662f\u541b\u4e3b\u5c08\u5236\u8ecd\u570b\u4e3b\u7fa9\u9084\u6cd5\u897f\u65af\u4e3b\u7fa9", "post_time": "2019-07-25 11:15:53", "post_score": 16, "post_pushes": [{"type": 1, "id": "eric999", "content": ": \u6cd5\u897f\u65af\u554a\uff0c\u65e9\u8a0e\u8ad6\u904e\u4e86"}, {"type": 0, "id": "EXIONG", "content": ": \u5e1d\u5236 \u4e0d\u51c6\u6709\u7570\u8b70"}, {"type": -1, "id": "flavorBZ", "content": ": \u62bd\u7159\u4e3b\u7fa9"}, {"type": 0, "id": "jzxc56788", "content": ": 99999999999999"}, {"type": 0, "id": "johnko64665", "content": ": \u4e2d\u570b\u5f0f\u793e\u6703\u4e3b\u7fa9"}, {"type": 0, "id": "eric999", "content": ": \u73fe\u5728\u5c24\u5176\u50cf\u7d0d\u7cb9\u5fb7\u570b\u3002"}, {"type": 0, "id": "kehey", "content": ": \u7dad\u5c3c\u6bcf\u5929\u723d\u5e79"}, {"type": 1, "id": "Ericz7000", "content": ": \u6cd5\u897f\u65af"}, {"type": 0, "id": "goodtaste", "content": ": \u5c31\u5de6\u6d3e\u6cd5\u897f\u65af"}, {"type": 0, "id": "kilof", "content": ": \u6cd5\u897f\u65af \u4e0d\u7528\u61f7\u7591\u4e86"}, {"type": 1, "id": "skullno2", "content": ": \u53f0\u7063 \u63a0\u596a\u5f0f\u8d70\u79c1\u653f\u6cbb\u4e3b\u7fa9"}, {"type": 0, "id": "johnko64665", "content": ": \u4e7e\u8106\u7a31 \u4e2d\u570b\u5f0f\u9ee8\u6559\u4e3b\u7fa9"}, {"type": 0, "id": "eric999", "content": ": \u4e2d\u83ef\u6c11\u65cf\u7684\u5049\u5927\u5fa9\u8208\u2026"}, {"type": 0, "id": "Dirgo", "content": ": \u820a\u6709\u7684\u5f88\u96e3\u5957,\u5c0d\u4eba\u6c11\u7684\u63a7\u5236\u529b\u524d\u6240\u672a\u6709\u7684\u5927."}, {"type": 0, "id": "eric999", "content": ": \u7b11\uff0c\u6a13\u4e0a\u6709\u4e94\u6bdb\u5728\u7121\u9650\u4e0a\u7db1\u56c9\u2026"}, {"type": 1, "id": "color3258", "content": ": \u4ed6\u5011\u4e2d\u570b\u5171\u7522\u9ee8\u662f\u5f9e\u5de6\u6d3e\u8f49\u4f86\u7684\u5440"}, {"type": 1, "id": "koflll", "content": ": \u73fe\u4ee3\u7248\u7684\u7d0d\u7cb9"}, {"type": 1, "id": "chenyeart", "content": ": \u5177\u6709\u6cd5\u897f\u65af\u4e3b\u7fa9\u7279\u8272\u7684\u4e2d\u570b\u5f0f\u541b\u4e3b\u5c08\u5236"}, {"type": 1, "id": "Handway", "content": ": \u541b\u4e3b\u6cd5\u897f\u65af"}, {"type": 1, "id": "lusifa2007", "content": ": \u6cd5\u897f\u65af\u52a0\u570b\u5bb6\u8cc7\u672c\u4e3b\u7fa9"}, {"type": 1, "id": "s3e4a5n6", "content": ": \u6a13\u6a13\u4e0a\u6b63\u89e3"}, {"type": 0, "id": "MK250", "content": ": \u5730\u7403\u6bd2\u7624\u5f0f"}, {"type": 0, "id": "yakiko01", "content": ": \u6b98\u570b\u9023\u7e3d\u7d71\u90fd\u6c92\u6709,\u6bd4\u4fc4\u7f85\u65af\u9084\u4e0d\u5982"}, {"type": 1, "id": "peasuka", "content": ": \u7d0d\u7cb9"}, {"type": 1, "id": "god2", "content": ": \u534a\u5217\u5be7\u5316"}, {"type": 0, "id": "woods0598", "content": ": \u6c92\u7a7a \u66a8\u7e8c\u95dc\u4fc2\u570b\u5b89\u5c40"}, {"type": 0, "id": "gay7788", "content": ": \u7dad\u6ce5\u5e1d\u570b"}, {"type": 1, "id": "orange22", "content": ": \u570b\u5bb6\u8cc7\u672c\u4e3b\u7fa9\u7684\u6cd5\u897f\u65af\u653f\u6b0a"}, {"type": 1, "id": "corta4", "content": ": \u6cd5\u897f\u65af"}, {"type": 1, "id": "Leika", "content": ": \u4e00\u9ee8\u6975\u6b0a\u5c08\u5236"}, {"type": 1, "id": "flushwing", "content": ": \u6cd5\u897f\u65af\u6975\u6b0a"}, {"type": 1, "id": "bullace", "content": ": \u4e2d\u570b\u7279\u8272\u6c11\u4e3b\u5171\u548c\u9ad4\u5236"}, {"type": 0, "id": "gwenwoo", "content": ":  \u4e94\u6bdb\u7684\u65e5\u5e38  \u7956\u570b\u7684\u5584\u610f  \u9999\u6e2f\u52a0\u6cb9"}, {"type": 1, "id": "TWkiller", "content": ": \u53f2\u4e0a\u6700\u5927\u7684\u6cd5\u897f\u65af\u653f\u6b0a"}], "post_ip": "42.77.253.84", "post_content": "\n\u96d6\u7136\u4e2d\u570b\u73fe\u5728\u5b98\u65b9\u7684\u653f\u6cbb\u9ad4\u5236\u662f\u5171\u7522\u4e3b\u7fa9\u3001\u4e2d\u570b\u7279\u8272\u793e\u6703\u4e3b\u7fa9\n\n\u4f46\u5728\u8001\u9127\u4e0a\u53f0\u5f8c\u65e9\u5c31\u958b\u653e\u79c1\u6709\u8ca1\u7522 \u65e9\u5df2\u4e0d\u662f\u5171\u7522\u4e3b\u7fa9\n\n\u800c\u4e2d\u570b\u5409\u5c3c\u4fc2\u6578\u5c07\u8fd150 \u7b97\u8ca7\u5bcc\u5dee\u8ddd\u8d85\u5927\u7684\u570b\u5bb6 \u53cd\u89c0\u53f0\u7063\u5f9e\u4f86\u6c92\u8d85\u904e35\n\n\u6240\u4ee5\u4e5f\u4e0d\u662f\u793e\u6703\u4e3b\u7fa9\n\n\n\n\u53cd\u800c\u5982\u679c\u8aaa\u662f\u541b\u4e3b\u5c08\u5236\u5408\u7406 \u56e0\u70ba\u73fe\u5728\u525b\u6709\u4e00\u4f4d\u7fd2\u7687\u5e1d\u767b\u57fa\u3001\u7368\u652c\u5927\u6b0a\n\n\u8981\u8aaa\u8ecd\u570b\u4e3b\u7fa9\u4e5f\u5408\u7406 \u56e0\u70ba\u6574\u5929\u60f3\u8981\u809b\u5468\u908a\u570b\u5bb6\u3001\u52d5\u4e0d\u52d5\u5c31\u653e\u8a71\u6b66\u529b\u5a01\u8105\n\n\u8981\u8aaa\u662f\u6cd5\u897f\u65af\u4e3b\u7fa9\u66f4\u5408\u7406 \u570b\u5bb6\u63a7\u5236\u4e00\u5207\u6c11\u71df\u4f01\u696d\u3001\u63a7\u5236\u5a92\u9ad4\u3001\u5851\u9020\u9818\u8896\u5d07\u62dc\n\n\u6709\u6c92\u6709\u4e2d\u570b\u73fe\u5728\u7684\u653f\u6cbb\u9ad4\u5236\u662f\u54ea\u7a2e\u7684\u516b\u5366?\n\n--\n"}